{
"type": "FeatureCollection",
"name": "assemblyAreas",
"crs": { "type": "name", "properties": { "name": "urn:ogc:def:crs:OGC:1.3:CRS84" } },
"features": [
{"type":"Feature","properties":{"ILCE":"ÇEŞME","KAPINO":null,"ENLEM":38.359739740428999,"ACIKLAMA":"3509-024-01","ILCEID":1001,"MAHALLE":"ÜNİVERSİTE","MAHALLEID":null,"ADI":"1 NO LU AFET VE ACİL DURUM TOPLANMA ALANI","BOYLAM":26.309635854610001,"YOL":"4261/1 Sk.","Area":null},"geometry":{"type":"Point","coordinates":[26.309635854610001,38.359739740428999]}},
{"type":"Feature","properties":{"ILCE":"BAYRAKLI","KAPINO":null,"ENLEM":38.475945216893003,"ACIKLAMA":"3530-018-08","ILCEID":11,"MAHALLE":"OSMANGAZİ","MAHALLEID":null,"ADI":"1 NO LU AFET VE ACİL DURUM TOPLANMA ALANI","BOYLAM":27.185345692106001,"YOL":"592/15 Sk.","Area":null},"geometry":{"type":"Point","coordinates":[27.185345692106001,38.475945216893003]}},
{"type":"Feature","properties":{"ILCE":"MENEMEN","KAPINO":null,"ENLEM":38.628269642504002,"ACIKLAMA":"3522-050-01","ILCEID":17,"MAHALLE":"MUSTAFA KEMAL ATATÜRK","MAHALLEID":null,"ADI":"1 NO LU AFET VE ACİL DURUM TOPLANMA ALANI","BOYLAM":26.926994996725998,"YOL":"GAZİLER Cd.","Area":null},"geometry":{"type":"Point","coordinates":[26.926994996725998,38.628269642504002]}},
{"type":"Feature","properties":{"ILCE":"MENEMEN","KAPINO":null,"ENLEM":38.613661641089003,"ACIKLAMA":"3522-010-01","ILCEID":17,"MAHALLE":"AYVACIK","MAHALLEID":null,"ADI":"1 NO LU AFET VE ACİL DURUM TOPLANMA ALANI","BOYLAM":27.185946271298999,"YOL":"AYVACIK KümeEvleri","Area":null},"geometry":{"type":"Point","coordinates":[27.185946271298999,38.613661641089003]}},
{"type":"Feature","properties":{"ILCE":"KINIK","KAPINO":null,"ENLEM":39.044441364998001,"ACIKLAMA":"3518-020-01","ILCEID":996,"MAHALLE":"KALEMKÖY","MAHALLEID":null,"ADI":"1 NO LU AFET VE ACİL DURUM TOPLANMA ALANI","BOYLAM":27.501204154956,"YOL":"29 EKİM Cd.","Area":null},"geometry":{"type":"Point","coordinates":[27.501204154956,39.044441364998001]}},
{"type":"Feature","properties":{"ILCE":"BAYRAKLI","KAPINO":null,"ENLEM":38.471997435581002,"ACIKLAMA":"3530-010-01","ILCEID":11,"MAHALLE":"75. YIL","MAHALLEID":null,"ADI":"1 NO LU AFET VE ACİL DURUM TOPLANMA ALANI","BOYLAM":27.154296601551,"YOL":"1609/12 Sk.","Area":null},"geometry":{"type":"Point","coordinates":[27.154296601551,38.471997435581002]}},
{"type":"Feature","properties":{"ILCE":"BAYRAKLI","KAPINO":null,"ENLEM":38.461429859010003,"ACIKLAMA":"3530-004-01","ILCEID":11,"MAHALLE":"BAYRAKLI","MAHALLEID":null,"ADI":"1 NO LU AFET VE ACİL DURUM TOPLANMA ALANI","BOYLAM":27.168662459436,"YOL":"1898/2 Sk.","Area":null},"geometry":{"type":"Point","coordinates":[27.168662459436,38.461429859010003]}},
{"type":"Feature","properties":{"ILCE":"BAYRAKLI","KAPINO":null,"ENLEM":38.46522700509,"ACIKLAMA":"3530-013-01","ILCEID":11,"MAHALLE":"MANAVKUYU","MAHALLEID":null,"ADI":"1 NO LU AFET VE ACİL DURUM TOPLANMA ALANI","BOYLAM":27.194765581365001,"YOL":"DUMLUPINAR Cd.","Area":null},"geometry":{"type":"Point","coordinates":[27.194765581365001,38.46522700509]}},
{"type":"Feature","properties":{"ILCE":"ÇİĞLİ","KAPINO":null,"ENLEM":38.494252973057002,"ACIKLAMA":"3510-023-01","ILCEID":16,"MAHALLE":"SASALI MERKEZ","MAHALLEID":null,"ADI":"1 NO LU AFET VE ACİL DURUM TOPLANMA ALANI","BOYLAM":26.946667796092001,"YOL":"39 Sk.","Area":null},"geometry":{"type":"Point","coordinates":[26.946667796092001,38.494252973057002]}},
{"type":"Feature","properties":{"ILCE":"MENEMEN","KAPINO":null,"ENLEM":38.619454140724997,"ACIKLAMA":"3522-022-01","ILCEID":17,"MAHALLE":"GÖKTEPE","MAHALLEID":null,"ADI":"1 NO LU AFET VE ACİL DURUM TOPLANMA ALANI","BOYLAM":27.152504644503999,"YOL":"2636 Sk.","Area":null},"geometry":{"type":"Point","coordinates":[27.152504644503999,38.619454140724997]}},
{"type":"Feature","properties":{"ILCE":"KINIK","KAPINO":null,"ENLEM":39.016924849554997,"ACIKLAMA":"3518-011-01","ILCEID":996,"MAHALLE":"ÇANKÖY","MAHALLEID":null,"ADI":"1 NO LU AFET VE ACİL DURUM TOPLANMA ALANI","BOYLAM":27.435947710771998,"YOL":"SERİN KUYU KümeEvleri","Area":null},"geometry":{"type":"Point","coordinates":[27.435947710771998,39.016924849554997]}},
{"type":"Feature","properties":{"ILCE":"MENEMEN","KAPINO":null,"ENLEM":38.649339884481002,"ACIKLAMA":"3522-030-01","ILCEID":17,"MAHALLE":"GÖRECE","MAHALLEID":null,"ADI":"1 NO LU AFET VE ACİL DURUM TOPLANMA ALANI","BOYLAM":27.164954005329001,"YOL":"910 Sk.","Area":null},"geometry":{"type":"Point","coordinates":[27.164954005329001,38.649339884481002]}},
{"type":"Feature","properties":{"ILCE":"MENDERES","KAPINO":null,"ENLEM":38.253342172883002,"ACIKLAMA":"3521-006-01","ILCEID":13,"MAHALLE":"BARBAROS","MAHALLEID":null,"ADI":"1 NO LU AFET VE ACİL DURUM TOPLANMA ALANI","BOYLAM":27.122861637517001,"YOL":"321 Sk.","Area":null},"geometry":{"type":"Point","coordinates":[27.122861637517001,38.253342172883002]}},
{"type":"Feature","properties":{"ILCE":"KINIK","KAPINO":null,"ENLEM":39.101779432816997,"ACIKLAMA":"3518-014-01","ILCEID":996,"MAHALLE":"DÜNDARLI","MAHALLEID":null,"ADI":"1 NO LU AFET VE ACİL DURUM TOPLANMA ALANI","BOYLAM":27.304412670720001,"YOL":"YAYAKENT Cd.","Area":null},"geometry":{"type":"Point","coordinates":[27.304412670720001,39.101779432816997]}},
{"type":"Feature","properties":{"ILCE":"MENDERES","KAPINO":null,"ENLEM":38.249382283723001,"ACIKLAMA":"3521-003-01","ILCEID":13,"MAHALLE":"ALTINTEPE","MAHALLEID":null,"ADI":"1 NO LU AFET VE ACİL DURUM TOPLANMA ALANI","BOYLAM":27.140875269327001,"YOL":"9504 Sk.","Area":null},"geometry":{"type":"Point","coordinates":[27.140875269327001,38.249382283723001]}},
{"type":"Feature","properties":{"ILCE":"MENDERES","KAPINO":null,"ENLEM":38.136594626074,"ACIKLAMA":"3521-013-01","ILCEID":13,"MAHALLE":"ÇİLEME","MAHALLEID":null,"ADI":"1 NO LU AFET VE ACİL DURUM TOPLANMA ALANI","BOYLAM":27.194937789238999,"YOL":"KARAKUYU YOLU Cd.","Area":null},"geometry":{"type":"Point","coordinates":[27.194937789238999,38.136594626074]}},
{"type":"Feature","properties":{"ILCE":"MENEMEN","KAPINO":null,"ENLEM":38.700592487468001,"ACIKLAMA":"3522-033-01","ILCEID":17,"MAHALLE":"HATUNDERE","MAHALLEID":null,"ADI":"1 NO LU AFET VE ACİL DURUM TOPLANMA ALANI","BOYLAM":27.043789744744,"YOL":"6107 Sk.","Area":null},"geometry":{"type":"Point","coordinates":[27.043789744744,38.700592487468001]}},
{"type":"Feature","properties":{"ILCE":"ÇEŞME","KAPINO":null,"ENLEM":38.318896910846,"ACIKLAMA":"3509-018-01","ILCEID":1001,"MAHALLE":"MUSALLA","MAHALLEID":null,"ADI":"1 NO LU AFET VE ACİL DURUM TOPLANMA ALANI","BOYLAM":26.308273376475999,"YOL":"1049 Sk.","Area":null},"geometry":{"type":"Point","coordinates":[26.308273376475999,38.318896910846]}},
{"type":"Feature","properties":{"ILCE":"MENEMEN","KAPINO":null,"ENLEM":38.656323431745001,"ACIKLAMA":"3522-036-01","ILCEID":17,"MAHALLE":"İĞNEDERE","MAHALLEID":null,"ADI":"1 NO LU AFET VE ACİL DURUM TOPLANMA ALANI","BOYLAM":27.159446104347001,"YOL":"İĞNEDERE KümeEvleri","Area":null},"geometry":{"type":"Point","coordinates":[27.159446104347001,38.656323431745001]}},
{"type":"Feature","properties":{"ILCE":"MENEMEN","KAPINO":null,"ENLEM":38.637053142490998,"ACIKLAMA":"3522-052-01","ILCEID":17,"MAHALLE":"SÜLEYMANLI","MAHALLEID":null,"ADI":"1 NO LU AFET VE ACİL DURUM TOPLANMA ALANI","BOYLAM":27.178955088285001,"YOL":"920 Sk.","Area":null},"geometry":{"type":"Point","coordinates":[27.178955088285001,38.637053142490998]}},
{"type":"Feature","properties":{"ILCE":"BAYINDIR","KAPINO":null,"ENLEM":38.191912386161,"ACIKLAMA":"3504-035-01","ILCEID":7,"MAHALLE":"CUMHURİYET","MAHALLEID":null,"ADI":"1 NO LU AFET VE ACİL DURUM TOPLANMA ALANI","BOYLAM":27.552198094748,"YOL":"KAZIM DİRİK Cd.","Area":null},"geometry":{"type":"Point","coordinates":[27.552198094748,38.191912386161]}},
{"type":"Feature","properties":{"ILCE":"BAYINDIR","KAPINO":null,"ENLEM":38.24506889888,"ACIKLAMA":"3504-002-01","ILCEID":7,"MAHALLE":"ALANKÖY","MAHALLEID":null,"ADI":"1 NO LU AFET VE ACİL DURUM TOPLANMA ALANI","BOYLAM":27.779270012112999,"YOL":"TERS DERE Sk.","Area":null},"geometry":{"type":"Point","coordinates":[27.779270012112999,38.24506889888]}},
{"type":"Feature","properties":{"ILCE":"MENDERES","KAPINO":null,"ENLEM":38.052700154702002,"ACIKLAMA":"3521-041-01","ILCEID":13,"MAHALLE":"ORTA","MAHALLEID":null,"ADI":"1 NO LU AFET VE ACİL DURUM TOPLANMA ALANI","BOYLAM":27.052288047645,"YOL":"1150/1 Sk.","Area":null},"geometry":{"type":"Point","coordinates":[27.052288047645,38.052700154702002]}},
{"type":"Feature","properties":{"ILCE":"KINIK","KAPINO":null,"ENLEM":39.032391422406,"ACIKLAMA":"3518-036-01","ILCEID":996,"MAHALLE":"YAYLAKÖY","MAHALLEID":null,"ADI":"1 NO LU AFET VE ACİL DURUM TOPLANMA ALANI","BOYLAM":27.513562393480999,"YOL":"UYGAR Sk.","Area":null},"geometry":{"type":"Point","coordinates":[27.513562393480999,39.032391422406]}},
{"type":"Feature","properties":{"ILCE":"BAYINDIR","KAPINO":null,"ENLEM":38.200228143579999,"ACIKLAMA":"3504-015-01","ILCEID":7,"MAHALLE":"ÇİFTÇİGEDİĞİ","MAHALLEID":null,"ADI":"1 NO LU AFET VE ACİL DURUM TOPLANMA ALANI","BOYLAM":27.50289664516,"YOL":"ÇİFTÇİGEDİĞİ KümeEvleri","Area":null},"geometry":{"type":"Point","coordinates":[27.50289664516,38.200228143579999]}},
{"type":"Feature","properties":{"ILCE":"MENDERES","KAPINO":null,"ENLEM":38.242978648395997,"ACIKLAMA":"3521-039-01","ILCEID":13,"MAHALLE":"OĞLANANASI ATATÜRK","MAHALLEID":null,"ADI":"1 NO LU AFET VE ACİL DURUM TOPLANMA ALANI","BOYLAM":27.214850232709001,"YOL":"İKİNCİ İNÖNÜ ZAFERİ Cd.","Area":null},"geometry":{"type":"Point","coordinates":[27.214850232709001,38.242978648395997]}},
{"type":"Feature","properties":{"ILCE":"GÜZELBAHÇE","KAPINO":null,"ENLEM":38.333336358163997,"ACIKLAMA":"3514-005-01","ILCEID":1,"MAHALLE":"KÜÇÜKKAYA","MAHALLEID":null,"ADI":"1 NO LU AFET VE ACİL DURUM TOPLANMA ALANI","BOYLAM":26.896409095239001,"YOL":"ESKİ KÜÇÜKKAYA Sk.","Area":null},"geometry":{"type":"Point","coordinates":[26.896409095239001,38.333336358163997]}},
{"type":"Feature","properties":{"ILCE":"ÇEŞME","KAPINO":null,"ENLEM":38.312128957159999,"ACIKLAMA":"3509-009-01","ILCEID":1001,"MAHALLE":"ÇAKABEY","MAHALLEID":null,"ADI":"1 NO LU AFET VE ACİL DURUM TOPLANMA ALANI","BOYLAM":26.336291603959001,"YOL":"2250 Sk.","Area":null},"geometry":{"type":"Point","coordinates":[26.336291603959001,38.312128957159999]}},
{"type":"Feature","properties":{"ILCE":"ÇEŞME","KAPINO":null,"ENLEM":38.335582829960998,"ACIKLAMA":"3509-025-01","ILCEID":1001,"MAHALLE":"YALI","MAHALLEID":null,"ADI":"1 NO LU AFET VE ACİL DURUM TOPLANMA ALANI","BOYLAM":26.432453634729999,"YOL":"6267 Sk.","Area":null},"geometry":{"type":"Point","coordinates":[26.432453634729999,38.335582829960998]}},
{"type":"Feature","properties":{"ILCE":"BAYINDIR","KAPINO":null,"ENLEM":38.198002461252003,"ACIKLAMA":"3504-007-01","ILCEID":7,"MAHALLE":"BURUNCUK","MAHALLEID":null,"ADI":"1 NO LU AFET VE ACİL DURUM TOPLANMA ALANI","BOYLAM":27.714511151551999,"YOL":"BURUNCUK KümeEvleri","Area":null},"geometry":{"type":"Point","coordinates":[27.714511151551999,38.198002461252003]}},
{"type":"Feature","properties":{"ILCE":"KINIK","KAPINO":null,"ENLEM":39.076065622830001,"ACIKLAMA":"3518-032-01","ILCEID":996,"MAHALLE":"SUCAHLI","MAHALLEID":null,"ADI":"1 NO LU AFET VE ACİL DURUM TOPLANMA ALANI","BOYLAM":27.287010626394,"YOL":"YAYAKENT YOLU Sk.","Area":null},"geometry":{"type":"Point","coordinates":[27.287010626394,39.076065622830001]}},
{"type":"Feature","properties":{"ILCE":"BAYINDIR","KAPINO":null,"ENLEM":38.222814239820003,"ACIKLAMA":"3504-024-01","ILCEID":7,"MAHALLE":"BIYIKLAR","MAHALLEID":null,"ADI":"1 NO LU AFET VE ACİL DURUM TOPLANMA ALANI","BOYLAM":27.652450471161998,"YOL":"DÖNEME Myd.","Area":null},"geometry":{"type":"Point","coordinates":[27.652450471161998,38.222814239820003]}},
{"type":"Feature","properties":{"ILCE":"BEYDAĞ","KAPINO":null,"ENLEM":38.117150382321,"ACIKLAMA":"3506-019-01","ILCEID":993,"MAHALLE":"SARIKAYA","MAHALLEID":null,"ADI":"1 NO LU AFET VE ACİL DURUM TOPLANMA ALANI","BOYLAM":28.178166365709998,"YOL":"UYGAR KümeEvleri","Area":null},"geometry":{"type":"Point","coordinates":[28.178166365709998,38.117150382321]}},
{"type":"Feature","properties":{"ILCE":"BEYDAĞ","KAPINO":null,"ENLEM":38.085167281018002,"ACIKLAMA":"3506-004-01","ILCEID":993,"MAHALLE":"ATATÜRK","MAHALLEID":null,"ADI":"1 NO LU AFET VE ACİL DURUM TOPLANMA ALANI","BOYLAM":28.216001468742999,"YOL":"NAZİLLİ Cd.","Area":null},"geometry":{"type":"Point","coordinates":[28.216001468742999,38.085167281018002]}},
{"type":"Feature","properties":{"ILCE":"MENDERES","KAPINO":null,"ENLEM":38.292019971734,"ACIKLAMA":"3521-004-01","ILCEID":13,"MAHALLE":"ATA","MAHALLEID":null,"ADI":"1 NO LU AFET VE ACİL DURUM TOPLANMA ALANI","BOYLAM":27.131444598272001,"YOL":"5101 Sk.","Area":null},"geometry":{"type":"Point","coordinates":[27.131444598272001,38.292019971734]}},
{"type":"Feature","properties":{"ILCE":"ÇEŞME","KAPINO":null,"ENLEM":38.335557433066,"ACIKLAMA":"3509-001-01","ILCEID":1001,"MAHALLE":"16 EYLÜL","MAHALLEID":null,"ADI":"1 NO LU AFET VE ACİL DURUM TOPLANMA ALANI","BOYLAM":26.303370291492001,"YOL":"3011 Sk.","Area":null},"geometry":{"type":"Point","coordinates":[26.303370291492001,38.335557433066]}},
{"type":"Feature","properties":{"ILCE":"BEYDAĞ","KAPINO":null,"ENLEM":38.063244038051998,"ACIKLAMA":"3506-010-01","ILCEID":993,"MAHALLE":"ÇOMAKLAR","MAHALLEID":null,"ADI":"1 NO LU AFET VE ACİL DURUM TOPLANMA ALANI","BOYLAM":28.249963467023001,"YOL":"ÇOMAKLAR KümeEvleri","Area":null},"geometry":{"type":"Point","coordinates":[28.249963467023001,38.063244038051998]}},
{"type":"Feature","properties":{"ILCE":"ÇEŞME","KAPINO":null,"ENLEM":38.376092499598997,"ACIKLAMA":"3509-014-01","ILCEID":1001,"MAHALLE":"ILDIR","MAHALLEID":null,"ADI":"1 NO LU AFET VE ACİL DURUM TOPLANMA ALANI","BOYLAM":26.488570455041,"YOL":"37208 Sk.","Area":null},"geometry":{"type":"Point","coordinates":[26.488570455041,38.376092499598997]}},
{"type":"Feature","properties":{"ILCE":"ÇEŞME","KAPINO":null,"ENLEM":38.315643513463002,"ACIKLAMA":"3509-004-01","ILCEID":1001,"MAHALLE":"ALTINYUNUS","MAHALLEID":null,"ADI":"1 NO LU AFET VE ACİL DURUM TOPLANMA ALANI","BOYLAM":26.342170969984998,"YOL":"3436/1 Sk.","Area":null},"geometry":{"type":"Point","coordinates":[26.342170969984998,38.315643513463002]}},
{"type":"Feature","properties":{"ILCE":"ÇEŞME","KAPINO":null,"ENLEM":38.314380775987999,"ACIKLAMA":"3509-018-11","ILCEID":1001,"MAHALLE":"MUSALLA","MAHALLEID":null,"ADI":"1 NO LU AFET VE ACİL DURUM TOPLANMA ALANI","BOYLAM":26.303965778946001,"YOL":"1066 Sk.","Area":null},"geometry":{"type":"Point","coordinates":[26.303965778946001,38.314380775987999]}},
{"type":"Feature","properties":{"ILCE":"BAYINDIR","KAPINO":null,"ENLEM":38.223282022404,"ACIKLAMA":"3504-008-01","ILCEID":7,"MAHALLE":"CAMİİ","MAHALLEID":null,"ADI":"1 NO LU AFET VE ACİL DURUM TOPLANMA ALANI","BOYLAM":27.646525500325001,"YOL":"PAMUK PAZARI Sk.","Area":null},"geometry":{"type":"Point","coordinates":[27.646525500325001,38.223282022404]}},
{"type":"Feature","properties":{"ILCE":"MENEMEN","KAPINO":null,"ENLEM":38.649641450564999,"ACIKLAMA":"3522-021-01","ILCEID":17,"MAHALLE":"DOĞA","MAHALLEID":null,"ADI":"1 NO LU AFET VE ACİL DURUM TOPLANMA ALANI","BOYLAM":27.091704578761,"YOL":"600 Sk.","Area":null},"geometry":{"type":"Point","coordinates":[27.091704578761,38.649641450564999]}},
{"type":"Feature","properties":{"ILCE":"BEYDAĞ","KAPINO":null,"ENLEM":38.085000540529002,"ACIKLAMA":"3506-017-01","ILCEID":993,"MAHALLE":"MUTAFLAR","MAHALLEID":null,"ADI":"1 NO LU AFET VE ACİL DURUM TOPLANMA ALANI","BOYLAM":28.26228008216,"YOL":"YUKARI KümeEvleri","Area":null},"geometry":{"type":"Point","coordinates":[28.26228008216,38.085000540529002]}},
{"type":"Feature","properties":{"ILCE":"MENEMEN","KAPINO":null,"ENLEM":38.614147738286,"ACIKLAMA":"3522-048-01","ILCEID":17,"MAHALLE":"MERMERLİ","MAHALLEID":null,"ADI":"1 NO LU AFET VE ACİL DURUM TOPLANMA ALANI","BOYLAM":27.067334209096,"YOL":"1402 Sk.","Area":null},"geometry":{"type":"Point","coordinates":[27.067334209096,38.614147738286]}},
{"type":"Feature","properties":{"ILCE":"MENEMEN","KAPINO":null,"ENLEM":38.588618736793002,"ACIKLAMA":"3522-035-01","ILCEID":17,"MAHALLE":"IRMAK","MAHALLEID":null,"ADI":"1 NO LU AFET VE ACİL DURUM TOPLANMA ALANI","BOYLAM":27.080659401578998,"YOL":"CUMHURİYET Cd.","Area":null},"geometry":{"type":"Point","coordinates":[27.080659401578998,38.588618736793002]}},
{"type":"Feature","properties":{"ILCE":"MENDERES","KAPINO":"39","ENLEM":38.256627868305003,"ACIKLAMA":"3521-002-01","ILCEID":13,"MAHALLE":"AKÇAKÖY","MAHALLEID":null,"ADI":"1 NO LU AFET VE ACİL DURUM TOPLANMA ALANI","BOYLAM":27.101983421993001,"YOL":"AKÇAKÖY Sk.","Area":null},"geometry":{"type":"Point","coordinates":[27.101983421993001,38.256627868305003]}},
{"type":"Feature","properties":{"ILCE":"MENEMEN","KAPINO":null,"ENLEM":38.581999598616001,"ACIKLAMA":"3522-004-01","ILCEID":17,"MAHALLE":"85.YIL CUMHURİYET","MAHALLEID":null,"ADI":"1 NO LU AFET VE ACİL DURUM TOPLANMA ALANI","BOYLAM":26.978054697150998,"YOL":"4139/1 Sk.","Area":null},"geometry":{"type":"Point","coordinates":[26.978054697150998,38.581999598616001]}},
{"type":"Feature","properties":{"ILCE":"MENEMEN","KAPINO":null,"ENLEM":38.622346024944001,"ACIKLAMA":"3522-063-01","ILCEID":17,"MAHALLE":"YAYLA","MAHALLEID":null,"ADI":"1 NO LU AFET VE ACİL DURUM TOPLANMA ALANI","BOYLAM":27.136695777659,"YOL":"ÇINARLI KUYU Cd.","Area":null},"geometry":{"type":"Point","coordinates":[27.136695777659,38.622346024944001]}},
{"type":"Feature","properties":{"ILCE":"KINIK","KAPINO":null,"ENLEM":39.037360121071998,"ACIKLAMA":"3518-028-01","ILCEID":996,"MAHALLE":"MUSACALI","MAHALLEID":null,"ADI":"1 NO LU AFET VE ACİL DURUM TOPLANMA ALANI","BOYLAM":27.238886730766001,"YOL":"MİMOZA Cd.","Area":null},"geometry":{"type":"Point","coordinates":[27.238886730766001,39.037360121071998]}},
{"type":"Feature","properties":{"ILCE":"MENDERES","KAPINO":null,"ENLEM":38.184307864148998,"ACIKLAMA":"3521-045-01","ILCEID":13,"MAHALLE":"TEKELİ ATATÜRK","MAHALLEID":null,"ADI":"1 NO LU AFET VE ACİL DURUM TOPLANMA ALANI","BOYLAM":27.186097194022999,"YOL":"9028/6 Sk.","Area":null},"geometry":{"type":"Point","coordinates":[27.186097194022999,38.184307864148998]}},
{"type":"Feature","properties":{"ILCE":"MENDERES","KAPINO":null,"ENLEM":38.261109713445002,"ACIKLAMA":"3521-032-01","ILCEID":13,"MAHALLE":"KEMALPAŞA","MAHALLEID":null,"ADI":"1 NO LU AFET VE ACİL DURUM TOPLANMA ALANI","BOYLAM":27.130071366066002,"YOL":"ATATÜRK Cd.","Area":null},"geometry":{"type":"Point","coordinates":[27.130071366066002,38.261109713445002]}},
{"type":"Feature","properties":{"ILCE":"ÇİĞLİ","KAPINO":null,"ENLEM":38.49921143988,"ACIKLAMA":"3510-012-01","ILCEID":16,"MAHALLE":"EVKA-2","MAHALLEID":null,"ADI":"1 NO LU AFET VE ACİL DURUM TOPLANMA ALANI","BOYLAM":27.085836192628001,"YOL":"6853 Sk.","Area":null},"geometry":{"type":"Point","coordinates":[27.085836192628001,38.49921143988]}},
{"type":"Feature","properties":{"ILCE":"MENEMEN","KAPINO":null,"ENLEM":38.636835168335999,"ACIKLAMA":"3522-012-01","ILCEID":17,"MAHALLE":"BELEN","MAHALLEID":null,"ADI":"1 NO LU AFET VE ACİL DURUM TOPLANMA ALANI","BOYLAM":27.100409667217999,"YOL":"BELEN CUMHURİYET Cd.","Area":null},"geometry":{"type":"Point","coordinates":[27.100409667217999,38.636835168335999]}},
{"type":"Feature","properties":{"ILCE":"BEYDAĞ","KAPINO":null,"ENLEM":38.078987684302,"ACIKLAMA":"3506-003-01","ILCEID":993,"MAHALLE":"ALAKEÇİLİ","MAHALLEID":null,"ADI":"1 NO LU AFET VE ACİL DURUM TOPLANMA ALANI","BOYLAM":28.189281439624001,"YOL":"BAŞAK KümeEvleri","Area":null},"geometry":{"type":"Point","coordinates":[28.189281439624001,38.078987684302]}},
{"type":"Feature","properties":{"ILCE":"ÇEŞME","KAPINO":null,"ENLEM":38.288541347398997,"ACIKLAMA":"3509-002-01","ILCEID":1001,"MAHALLE":"ALAÇATI","MAHALLEID":null,"ADI":"1 NO LU AFET VE ACİL DURUM TOPLANMA ALANI","BOYLAM":26.383047680695999,"YOL":"İNÖNÜ Cd.","Area":null},"geometry":{"type":"Point","coordinates":[26.383047680695999,38.288541347398997]}},
{"type":"Feature","properties":{"ILCE":"KINIK","KAPINO":null,"ENLEM":39.086353195731,"ACIKLAMA":"3518-003-01","ILCEID":996,"MAHALLE":"AŞAĞI","MAHALLEID":null,"ADI":"1 NO LU AFET VE ACİL DURUM TOPLANMA ALANI","BOYLAM":27.382276850185999,"YOL":"CUMHURİYET Cd.","Area":null},"geometry":{"type":"Point","coordinates":[27.382276850185999,39.086353195731]}},
{"type":"Feature","properties":{"ILCE":"BEYDAĞ","KAPINO":null,"ENLEM":38.083818240107,"ACIKLAMA":"3506-007-02","ILCEID":993,"MAHALLE":"CUMHURİYET","MAHALLEID":null,"ADI":"1 NO LU AFET VE ACİL DURUM TOPLANMA ALANI","BOYLAM":28.20587349801,"YOL":"ÇAYAĞZI Sk.","Area":null},"geometry":{"type":"Point","coordinates":[28.20587349801,38.083818240107]}},
{"type":"Feature","properties":{"ILCE":"BAYINDIR","KAPINO":null,"ENLEM":38.201240079686997,"ACIKLAMA":"3504-053-01","ILCEID":7,"MAHALLE":"YAKACIK","MAHALLEID":null,"ADI":"1 NO LU AFET VE ACİL DURUM TOPLANMA ALANI","BOYLAM":27.701164541168001,"YOL":"ŞİRİNKIR Sk.","Area":null},"geometry":{"type":"Point","coordinates":[27.701164541168001,38.201240079686997]}},
{"type":"Feature","properties":{"ILCE":"MENEMEN","KAPINO":null,"ENLEM":38.614323830695,"ACIKLAMA":"3522-061-01","ILCEID":17,"MAHALLE":"YAHŞELLİ","MAHALLEID":null,"ADI":"1 NO LU AFET VE ACİL DURUM TOPLANMA ALANI","BOYLAM":27.112038365640998,"YOL":"6335/1 Sk.","Area":null},"geometry":{"type":"Point","coordinates":[27.112038365640998,38.614323830695]}},
{"type":"Feature","properties":{"ILCE":"MENDERES","KAPINO":null,"ENLEM":38.222145666381998,"ACIKLAMA":"3521-047-01","ILCEID":13,"MAHALLE":"YENİKÖY","MAHALLEID":null,"ADI":"1 NO LU AFET VE ACİL DURUM TOPLANMA ALANI","BOYLAM":27.056407614051999,"YOL":"7969 Sk.","Area":null},"geometry":{"type":"Point","coordinates":[27.056407614051999,38.222145666381998]}},
{"type":"Feature","properties":{"ILCE":"MENEMEN","KAPINO":null,"ENLEM":38.612571797218003,"ACIKLAMA":"3522-028-01","ILCEID":17,"MAHALLE":"GÖKTEPE","MAHALLEID":null,"ADI":"1 NO LU AFET VE ACİL DURUM TOPLANMA ALANI","BOYLAM":27.16311542271,"YOL":"930 Sk.","Area":null},"geometry":{"type":"Point","coordinates":[27.16311542271,38.612571797218003]}},
{"type":"Feature","properties":{"ILCE":"BEYDAĞ","KAPINO":null,"ENLEM":38.123734031559998,"ACIKLAMA":"3506-005-01","ILCEID":993,"MAHALLE":"BAKIRKÖY","MAHALLEID":null,"ADI":"1 NO LU AFET VE ACİL DURUM TOPLANMA ALANI","BOYLAM":28.253868661315,"YOL":"TUNA KümeEvleri","Area":null},"geometry":{"type":"Point","coordinates":[28.253868661315,38.123734031559998]}},
{"type":"Feature","properties":{"ILCE":"BEYDAĞ","KAPINO":null,"ENLEM":38.143818725519999,"ACIKLAMA":"3506-015-01","ILCEID":993,"MAHALLE":"KURUDERE","MAHALLEID":null,"ADI":"1 NO LU AFET VE ACİL DURUM TOPLANMA ALANI","BOYLAM":28.245328520655001,"YOL":"DOĞA KümeEvleri","Area":null},"geometry":{"type":"Point","coordinates":[28.245328520655001,38.143818725519999]}},
{"type":"Feature","properties":{"ILCE":"MENDERES","KAPINO":null,"ENLEM":38.021164296206003,"ACIKLAMA":"3521-014-01","ILCEID":13,"MAHALLE":"ÇUKURALTI","MAHALLEID":null,"ADI":"1 NO LU AFET VE ACİL DURUM TOPLANMA ALANI","BOYLAM":27.096442400712,"YOL":"MUSTAFA KEMAL PAŞA Blv.","Area":null},"geometry":{"type":"Point","coordinates":[27.096442400712,38.021164296206003]}},
{"type":"Feature","properties":{"ILCE":"MENEMEN","KAPINO":null,"ENLEM":38.685186594081998,"ACIKLAMA":"3522-065-01","ILCEID":17,"MAHALLE":"YILDIRIM","MAHALLEID":null,"ADI":"1 NO LU AFET VE ACİL DURUM TOPLANMA ALANI","BOYLAM":27.034978758282001,"YOL":"22 Sk.","Area":null},"geometry":{"type":"Point","coordinates":[27.034978758282001,38.685186594081998]}},
{"type":"Feature","properties":{"ILCE":"MENEMEN","KAPINO":null,"ENLEM":38.638018908546996,"ACIKLAMA":"3522-034-01","ILCEID":17,"MAHALLE":"HAYKIRAN","MAHALLEID":null,"ADI":"1 NO LU AFET VE ACİL DURUM TOPLANMA ALANI","BOYLAM":27.110088368671999,"YOL":"800 Sk.","Area":null},"geometry":{"type":"Point","coordinates":[27.110088368671999,38.638018908546996]}},
{"type":"Feature","properties":{"ILCE":"BAYINDIR","KAPINO":null,"ENLEM":38.200430568704,"ACIKLAMA":"3504-019-01","ILCEID":7,"MAHALLE":"ELİFLİ","MAHALLEID":null,"ADI":"1 NO LU AFET VE ACİL DURUM TOPLANMA ALANI","BOYLAM":27.579800556014,"YOL":"ELİFLİ KümeEvleri","Area":null},"geometry":{"type":"Point","coordinates":[27.579800556014,38.200430568704]}},
{"type":"Feature","properties":{"ILCE":"MENEMEN","KAPINO":null,"ENLEM":38.580299254124,"ACIKLAMA":"3522-037-01","ILCEID":17,"MAHALLE":"İNCİRLİ PINAR","MAHALLEID":null,"ADI":"1 NO LU AFET VE ACİL DURUM TOPLANMA ALANI","BOYLAM":27.083695661461,"YOL":"117/1 Sk.","Area":null},"geometry":{"type":"Point","coordinates":[27.083695661461,38.580299254124]}},
{"type":"Feature","properties":{"ILCE":"GÜZELBAHÇE","KAPINO":null,"ENLEM":38.316275503680998,"ACIKLAMA":"3514-008-01","ILCEID":1,"MAHALLE":"PAYAMLI","MAHALLEID":null,"ADI":"1 NO LU AFET VE ACİL DURUM TOPLANMA ALANI","BOYLAM":26.923370554624999,"YOL":"GAZİ Cd.","Area":null},"geometry":{"type":"Point","coordinates":[26.923370554624999,38.316275503680998]}},
{"type":"Feature","properties":{"ILCE":"BAYINDIR","KAPINO":null,"ENLEM":38.268792707046003,"ACIKLAMA":"3504-029-01","ILCEID":7,"MAHALLE":"HİSARLIK","MAHALLEID":null,"ADI":"1 NO LU AFET VE ACİL DURUM TOPLANMA ALANI","BOYLAM":27.652756170393999,"YOL":"HİSARLIK B KümeEvleri","Area":null},"geometry":{"type":"Point","coordinates":[27.652756170393999,38.268792707046003]}},
{"type":"Feature","properties":{"ILCE":"MENDERES","KAPINO":null,"ENLEM":38.215031656916999,"ACIKLAMA":"3521-007-01","ILCEID":13,"MAHALLE":"BULGURCA","MAHALLEID":null,"ADI":"1 NO LU AFET VE ACİL DURUM TOPLANMA ALANI","BOYLAM":27.229141016639002,"YOL":"ATAM Blv.","Area":null},"geometry":{"type":"Point","coordinates":[27.229141016639002,38.215031656916999]}},
{"type":"Feature","properties":{"ILCE":"ÇEŞME","KAPINO":null,"ENLEM":38.327604295084001,"ACIKLAMA":"3509-021-01","ILCEID":1001,"MAHALLE":"SAKARYA","MAHALLEID":null,"ADI":"1 NO LU AFET VE ACİL DURUM TOPLANMA ALANI","BOYLAM":26.310531768688001,"YOL":"3104 Sk.","Area":null},"geometry":{"type":"Point","coordinates":[26.310531768688001,38.327604295084001]}},
{"type":"Feature","properties":{"ILCE":"ÇEŞME","KAPINO":null,"ENLEM":38.326392312304002,"ACIKLAMA":"3509-016-01","ILCEID":1001,"MAHALLE":"İSMET İNÖNÜ","MAHALLEID":null,"ADI":"1 NO LU AFET VE ACİL DURUM TOPLANMA ALANI","BOYLAM":26.312130359531,"YOL":"2051 Sk.","Area":null},"geometry":{"type":"Point","coordinates":[26.312130359531,38.326392312304002]}},
{"type":"Feature","properties":{"ILCE":"BAYINDIR","KAPINO":null,"ENLEM":38.242776928502003,"ACIKLAMA":"3504-011-01","ILCEID":7,"MAHALLE":"ÇENİKLER","MAHALLEID":null,"ADI":"1 NO LU AFET VE ACİL DURUM TOPLANMA ALANI","BOYLAM":27.732320862354001,"YOL":"HAŞMET ÖZBEY Sk.","Area":null},"geometry":{"type":"Point","coordinates":[27.732320862354001,38.242776928502003]}},
{"type":"Feature","properties":{"ILCE":"MENEMEN","KAPINO":null,"ENLEM":38.561384959087,"ACIKLAMA":"3522-026-01","ILCEID":17,"MAHALLE":"GAZİ","MAHALLEID":null,"ADI":"1 NO LU AFET VE ACİL DURUM TOPLANMA ALANI","BOYLAM":27.061221575916001,"YOL":"7751 Sk.","Area":null},"geometry":{"type":"Point","coordinates":[27.061221575916001,38.561384959087]}},
{"type":"Feature","properties":{"ILCE":"BAYINDIR","KAPINO":null,"ENLEM":38.225517702757998,"ACIKLAMA":"3504-052-01","ILCEID":7,"MAHALLE":"TURAN","MAHALLEID":null,"ADI":"1 NO LU AFET VE ACİL DURUM TOPLANMA ALANI","BOYLAM":27.678934466582,"YOL":"BAŞÖĞRETMEN ATATÜRK Sk.","Area":null},"geometry":{"type":"Point","coordinates":[27.678934466582,38.225517702757998]}},
{"type":"Feature","properties":{"ILCE":"MENDERES","KAPINO":null,"ENLEM":38.031339893178,"ACIKLAMA":"3521-023-01","ILCEID":13,"MAHALLE":"GÖLOVA","MAHALLEID":null,"ADI":"1 NO LU AFET VE ACİL DURUM TOPLANMA ALANI","BOYLAM":27.242316261917001,"YOL":"GÖLOVA Sk.","Area":null},"geometry":{"type":"Point","coordinates":[27.242316261917001,38.031339893178]}},
{"type":"Feature","properties":{"ILCE":"MENDERES","KAPINO":null,"ENLEM":38.091417108511997,"ACIKLAMA":"3521-005-01","ILCEID":13,"MAHALLE":"ATAKÖY","MAHALLEID":null,"ADI":"1 NO LU AFET VE ACİL DURUM TOPLANMA ALANI","BOYLAM":27.167128861569999,"YOL":"5603 Sk.","Area":null},"geometry":{"type":"Point","coordinates":[27.167128861569999,38.091417108511997]}},
{"type":"Feature","properties":{"ILCE":"MENEMEN","KAPINO":null,"ENLEM":38.620376287234002,"ACIKLAMA":"3522-017-01","ILCEID":17,"MAHALLE":"ÇALTI","MAHALLEID":null,"ADI":"1 NO LU AFET VE ACİL DURUM TOPLANMA ALANI","BOYLAM":27.227777785360001,"YOL":"ÇALTI KümeEvleri","Area":null},"geometry":{"type":"Point","coordinates":[27.227777785360001,38.620376287234002]}},
{"type":"Feature","properties":{"ILCE":"MENEMEN","KAPINO":null,"ENLEM":38.592893410739997,"ACIKLAMA":"3522-023-01","ILCEID":17,"MAHALLE":"KAZIMPAŞA","MAHALLEID":null,"ADI":"1 NO LU AFET VE ACİL DURUM TOPLANMA ALANI","BOYLAM":27.07163112333,"YOL":"1212 Sk.","Area":null},"geometry":{"type":"Point","coordinates":[27.07163112333,38.592893410739997]}},
{"type":"Feature","properties":{"ILCE":"BAYINDIR","KAPINO":null,"ENLEM":38.248203141013001,"ACIKLAMA":"3504-010-01","ILCEID":7,"MAHALLE":"ÇAMLIBEL","MAHALLEID":null,"ADI":"1 NO LU AFET VE ACİL DURUM TOPLANMA ALANI","BOYLAM":27.5840061641,"YOL":"ÇAMLIBEL KümeEvleri","Area":null},"geometry":{"type":"Point","coordinates":[27.5840061641,38.248203141013001]}},
{"type":"Feature","properties":{"ILCE":"MENDERES","KAPINO":"40","ENLEM":38.255667478755001,"ACIKLAMA":"3521-034-03","ILCEID":13,"MAHALLE":"KEMALPAŞA","MAHALLEID":null,"ADI":"1 NO LU AFET VE ACİL DURUM TOPLANMA ALANI","BOYLAM":27.135972205367999,"YOL":"İNÖNÜ Cd.","Area":null},"geometry":{"type":"Point","coordinates":[27.135972205367999,38.255667478755001]}},
{"type":"Feature","properties":{"ILCE":"KINIK","KAPINO":null,"ENLEM":39.123654385336998,"ACIKLAMA":"3518-017-01","ILCEID":996,"MAHALLE":"HAMZAHOCALI","MAHALLEID":null,"ADI":"1 NO LU AFET VE ACİL DURUM TOPLANMA ALANI","BOYLAM":27.462954565057,"YOL":"KANAL Sk.","Area":null},"geometry":{"type":"Point","coordinates":[27.462954565057,39.123654385336998]}},
{"type":"Feature","properties":{"ILCE":"BAYINDIR","KAPINO":null,"ENLEM":38.225214181270999,"ACIKLAMA":"3504-050-01","ILCEID":7,"MAHALLE":"SÖĞÜTÖREN","MAHALLEID":null,"ADI":"1 NO LU AFET VE ACİL DURUM TOPLANMA ALANI","BOYLAM":27.574296651973999,"YOL":"KÖY İÇİ KümeEvleri","Area":null},"geometry":{"type":"Point","coordinates":[27.574296651973999,38.225214181270999]}},
{"type":"Feature","properties":{"ILCE":"BAYINDIR","KAPINO":null,"ENLEM":38.283346794956998,"ACIKLAMA":"3504-049-01","ILCEID":7,"MAHALLE":"SARIYURT","MAHALLEID":null,"ADI":"1 NO LU AFET VE ACİL DURUM TOPLANMA ALANI","BOYLAM":27.713180651942999,"YOL":"SARIYURT KümeEvleri","Area":null},"geometry":{"type":"Point","coordinates":[27.713180651942999,38.283346794956998]}},
{"type":"Feature","properties":{"ILCE":"BAYRAKLI","KAPINO":null,"ENLEM":38.490256038932998,"ACIKLAMA":"3530-012-01","ILCEID":11,"MAHALLE":"KÖRFEZ","MAHALLEID":null,"ADI":"1 NO LU AFET VE ACİL DURUM TOPLANMA ALANI","BOYLAM":27.132495684098,"YOL":"7382/1 Sk.","Area":null},"geometry":{"type":"Point","coordinates":[27.132495684098,38.490256038932998]}},
{"type":"Feature","properties":{"ILCE":"MENDERES","KAPINO":"37-39","ENLEM":38.259492184743003,"ACIKLAMA":"3521-011-01","ILCEID":13,"MAHALLE":"ÇATALCA","MAHALLEID":null,"ADI":"1 NO LU AFET VE ACİL DURUM TOPLANMA ALANI","BOYLAM":27.069797070818002,"YOL":"7419 Sk.","Area":null},"geometry":{"type":"Point","coordinates":[27.069797070818002,38.259492184743003]}},
{"type":"Feature","properties":{"ILCE":"KINIK","KAPINO":null,"ENLEM":39.087527381396001,"ACIKLAMA":"3518-037-01","ILCEID":996,"MAHALLE":"YENİ","MAHALLEID":null,"ADI":"1 NO LU AFET VE ACİL DURUM TOPLANMA ALANI","BOYLAM":27.37972876189,"YOL":"ŞEHİT HALİL BALYA Cd.","Area":null},"geometry":{"type":"Point","coordinates":[27.37972876189,39.087527381396001]}},
{"type":"Feature","properties":{"ILCE":"MENEMEN","KAPINO":null,"ENLEM":38.606323946219,"ACIKLAMA":"3522-041-01","ILCEID":17,"MAHALLE":"KARAORMAN","MAHALLEID":null,"ADI":"1 NO LU AFET VE ACİL DURUM TOPLANMA ALANI","BOYLAM":27.231527518734001,"YOL":"KARAORMAN KümeEvleri","Area":null},"geometry":{"type":"Point","coordinates":[27.231527518734001,38.606323946219]}},
{"type":"Feature","properties":{"ILCE":"BEYDAĞ","KAPINO":null,"ENLEM":38.073042039211998,"ACIKLAMA":"3506-018-01","ILCEID":993,"MAHALLE":"PALAMUTÇUK","MAHALLEID":null,"ADI":"1 NO LU AFET VE ACİL DURUM TOPLANMA ALANI","BOYLAM":28.275798367741999,"YOL":"ÇAĞLAR KümeEvleri","Area":null},"geometry":{"type":"Point","coordinates":[28.275798367741999,38.073042039211998]}},
{"type":"Feature","properties":{"ILCE":"MENDERES","KAPINO":"93","ENLEM":38.143615197350002,"ACIKLAMA":"3521-043-01","ILCEID":13,"MAHALLE":"SANCAKLI","MAHALLEID":null,"ADI":"1 NO LU AFET VE ACİL DURUM TOPLANMA ALANI","BOYLAM":27.169617852489001,"YOL":"AŞAĞI SANCAKLI Cd.","Area":null},"geometry":{"type":"Point","coordinates":[27.169617852489001,38.143615197350002]}},
{"type":"Feature","properties":{"ILCE":"BEYDAĞ","KAPINO":null,"ENLEM":38.129675622294997,"ACIKLAMA":"3506-014-01","ILCEID":993,"MAHALLE":"KARAOBA","MAHALLEID":null,"ADI":"1 NO LU AFET VE ACİL DURUM TOPLANMA ALANI","BOYLAM":28.247130976116999,"YOL":"KULLAR KümeEvleri","Area":null},"geometry":{"type":"Point","coordinates":[28.247130976116999,38.129675622294997]}},
{"type":"Feature","properties":{"ILCE":"BAYINDIR","KAPINO":null,"ENLEM":38.216650524555,"ACIKLAMA":"3504-048-02","ILCEID":7,"MAHALLE":"SADIKPAŞA","MAHALLEID":null,"ADI":"1 NO LU AFET VE ACİL DURUM TOPLANMA ALANI","BOYLAM":27.644387800669001,"YOL":"AĞUSTOSLU Sk.","Area":null},"geometry":{"type":"Point","coordinates":[27.644387800669001,38.216650524555]}},
{"type":"Feature","properties":{"ILCE":"BAYINDIR","KAPINO":null,"ENLEM":38.205817864636998,"ACIKLAMA":"3504-037-01","ILCEID":7,"MAHALLE":"KIZILCAOVA","MAHALLEID":null,"ADI":"1 NO LU AFET VE ACİL DURUM TOPLANMA ALANI","BOYLAM":27.512858310630001,"YOL":"KIZILCAOVA ATATÜRK Sk.","Area":null},"geometry":{"type":"Point","coordinates":[27.512858310630001,38.205817864636998]}},
{"type":"Feature","properties":{"ILCE":"BAYINDIR","KAPINO":null,"ENLEM":38.223149267305999,"ACIKLAMA":"3504-055-01","ILCEID":7,"MAHALLE":"YENİ","MAHALLEID":null,"ADI":"1 NO LU AFET VE ACİL DURUM TOPLANMA ALANI","BOYLAM":27.641662679883002,"YOL":"ER Myd.","Area":null},"geometry":{"type":"Point","coordinates":[27.641662679883002,38.223149267305999]}},
{"type":"Feature","properties":{"ILCE":"BAYINDIR","KAPINO":null,"ENLEM":38.229630679859,"ACIKLAMA":"3504-034-01","ILCEID":7,"MAHALLE":"KARAPINAR","MAHALLEID":null,"ADI":"1 NO LU AFET VE ACİL DURUM TOPLANMA ALANI","BOYLAM":27.750044831353001,"YOL":"KARAPINAR KümeEvleri","Area":null},"geometry":{"type":"Point","coordinates":[27.750044831353001,38.229630679859]}},
{"type":"Feature","properties":{"ILCE":"BEYDAĞ","KAPINO":null,"ENLEM":38.066757921337,"ACIKLAMA":"3506-022-01","ILCEID":993,"MAHALLE":"YENİYURT","MAHALLEID":null,"ADI":"1 NO LU AFET VE ACİL DURUM TOPLANMA ALANI","BOYLAM":28.220266186132001,"YOL":"ZAFER","Area":null},"geometry":{"type":"Point","coordinates":[28.220266186132001,38.066757921337]}},
{"type":"Feature","properties":{"ILCE":"BEYDAĞ","KAPINO":null,"ENLEM":38.091688253160001,"ACIKLAMA":"3506-021-01","ILCEID":993,"MAHALLE":"YAĞCILAR","MAHALLEID":null,"ADI":"1 NO LU AFET VE ACİL DURUM TOPLANMA ALANI","BOYLAM":28.153576027941,"YOL":"YASEMİN KümeEvleri","Area":null},"geometry":{"type":"Point","coordinates":[28.153576027941,38.091688253160001]}},
{"type":"Feature","properties":{"ILCE":"MENDERES","KAPINO":null,"ENLEM":37.993944093012999,"ACIKLAMA":"3521-001-01","ILCEID":13,"MAHALLE":"AHMETBEYLİ","MAHALLEID":null,"ADI":"1 NO LU AFET VE ACİL DURUM TOPLANMA ALANI","BOYLAM":27.235449902677001,"YOL":"4116 Sk.","Area":null},"geometry":{"type":"Point","coordinates":[27.235449902677001,37.993944093012999]}},
{"type":"Feature","properties":{"ILCE":"ÇEŞME","KAPINO":null,"ENLEM":38.317781708238002,"ACIKLAMA":"3509-020-01","ILCEID":1001,"MAHALLE":"REİSDERE","MAHALLEID":null,"ADI":"1 NO LU AFET VE ACİL DURUM TOPLANMA ALANI","BOYLAM":26.415488781065001,"YOL":"6002/2 Sk.","Area":null},"geometry":{"type":"Point","coordinates":[26.415488781065001,38.317781708238002]}},
{"type":"Feature","properties":{"ILCE":"MENDERES","KAPINO":null,"ENLEM":38.264765738496003,"ACIKLAMA":"3521-021-01","ILCEID":13,"MAHALLE":"GAZİPAŞA","MAHALLEID":null,"ADI":"1 NO LU AFET VE ACİL DURUM TOPLANMA ALANI","BOYLAM":27.141272208496002,"YOL":"19 MAYIS Cd.","Area":null},"geometry":{"type":"Point","coordinates":[27.141272208496002,38.264765738496003]}},
{"type":"Feature","properties":{"ILCE":"MENDERES","KAPINO":"2","ENLEM":38.245961394550001,"ACIKLAMA":"3521-018-01","ILCEID":13,"MAHALLE":"DEREKÖY","MAHALLEID":null,"ADI":"1 NO LU AFET VE ACİL DURUM TOPLANMA ALANI","BOYLAM":27.113034085513,"YOL":"DEREKÖY Cd.","Area":null},"geometry":{"type":"Point","coordinates":[27.113034085513,38.245961394550001]}},
{"type":"Feature","properties":{"ILCE":"BEYDAĞ","KAPINO":null,"ENLEM":38.103035903901997,"ACIKLAMA":"3506-016-01","ILCEID":993,"MAHALLE":"MENDERES","MAHALLEID":null,"ADI":"1 NO LU AFET VE ACİL DURUM TOPLANMA ALANI","BOYLAM":28.205331667658001,"YOL":"MENDERES KümeEvleri","Area":null},"geometry":{"type":"Point","coordinates":[28.205331667658001,38.103035903901997]}},
{"type":"Feature","properties":{"ILCE":"BAYINDIR","KAPINO":null,"ENLEM":38.167642522245004,"ACIKLAMA":"3504-057-01","ILCEID":7,"MAHALLE":"YEŞİLOVA","MAHALLEID":null,"ADI":"1 NO LU AFET VE ACİL DURUM TOPLANMA ALANI","BOYLAM":27.562033743794998,"YOL":"ORTA","Area":null},"geometry":{"type":"Point","coordinates":[27.562033743794998,38.167642522245004]}},
{"type":"Feature","properties":{"ILCE":"BEYDAĞ","KAPINO":null,"ENLEM":38.063987360222001,"ACIKLAMA":"3506-020-01","ILCEID":993,"MAHALLE":"TABAKLAR","MAHALLEID":null,"ADI":"1 NO LU AFET VE ACİL DURUM TOPLANMA ALANI","BOYLAM":28.228162575431998,"YOL":"TABAKLAR KümeEvleri","Area":null},"geometry":{"type":"Point","coordinates":[28.228162575431998,38.063987360222001]}},
{"type":"Feature","properties":{"ILCE":"TORBALI","KAPINO":null,"ENLEM":38.266610756479999,"ACIKLAMA":"3528-047-01","ILCEID":9,"MAHALLE":"SAİPLER","MAHALLEID":null,"ADI":"1 NO LU AFET VE ACİL DURUM TOPLANMA ALANI","BOYLAM":27.368995972282001,"YOL":"SAİPLER KümeEvleri","Area":null},"geometry":{"type":"Point","coordinates":[27.368995972282001,38.266610756479999]}},
{"type":"Feature","properties":{"ILCE":"KARŞIYAKA","KAPINO":null,"ENLEM":38.461597814040999,"ACIKLAMA":"3516-006-01","ILCEID":20,"MAHALLE":"BAHRİYE ÜÇOK","MAHALLEID":null,"ADI":"1 NO LU AFET VE ACİL DURUM TOPLANMA ALANI","BOYLAM":27.108195039961998,"YOL":"GİRNE Blv.","Area":null},"geometry":{"type":"Point","coordinates":[27.108195039961998,38.461597814040999]}},
{"type":"Feature","properties":{"ILCE":"BERGAMA","KAPINO":null,"ENLEM":39.174163202057997,"ACIKLAMA":"3505-074-01","ILCEID":999,"MAHALLE":"KAPUKAYA","MAHALLEID":null,"ADI":"1 NO LU AFET VE ACİL DURUM TOPLANMA ALANI","BOYLAM":27.144854061970001,"YOL":"KAPIKAYA KümeEvleri","Area":null},"geometry":{"type":"Point","coordinates":[27.144854061970001,39.174163202057997]}},
{"type":"Feature","properties":{"ILCE":"TİRE","KAPINO":null,"ENLEM":38.058734948797003,"ACIKLAMA":"3527-035-01","ILCEID":997,"MAHALLE":"EĞRİDERE","MAHALLEID":null,"ADI":"1 NO LU AFET VE ACİL DURUM TOPLANMA ALANI","BOYLAM":27.899561401576001,"YOL":"ŞEHİT ASTSUBAY TEVFİK TURSUN Sk.","Area":null},"geometry":{"type":"Point","coordinates":[27.899561401576001,38.058734948797003]}},
{"type":"Feature","properties":{"ILCE":"TİRE","KAPINO":null,"ENLEM":38.067825070386,"ACIKLAMA":"3527-070-01","ILCEID":997,"MAHALLE":"OSMANCIK","MAHALLEID":null,"ADI":"1 NO LU AFET VE ACİL DURUM TOPLANMA ALANI","BOYLAM":27.890368162592999,"YOL":"AKASYA Sk.","Area":null},"geometry":{"type":"Point","coordinates":[27.890368162592999,38.067825070386]}},
{"type":"Feature","properties":{"ILCE":"TİRE","KAPINO":null,"ENLEM":38.082320962981001,"ACIKLAMA":"3527-033-01","ILCEID":997,"MAHALLE":"DUMLUPINAR","MAHALLEID":null,"ADI":"1 NO LU AFET VE ACİL DURUM TOPLANMA ALANI","BOYLAM":27.726282142639999,"YOL":"YAVUKLUOĞLU Sk.","Area":null},"geometry":{"type":"Point","coordinates":[27.726282142639999,38.082320962981001]}},
{"type":"Feature","properties":{"ILCE":"TİRE","KAPINO":null,"ENLEM":38.122843050088001,"ACIKLAMA":"3527-004-01","ILCEID":997,"MAHALLE":"AKKOYUNLU","MAHALLEID":null,"ADI":"1 NO LU AFET VE ACİL DURUM TOPLANMA ALANI","BOYLAM":27.655248154993,"YOL":"CAMİLİ KümeEvleri","Area":null},"geometry":{"type":"Point","coordinates":[27.655248154993,38.122843050088001]}},
{"type":"Feature","properties":{"ILCE":"URLA","KAPINO":null,"ENLEM":38.335372834200001,"ACIKLAMA":"3529-034-01","ILCEID":18,"MAHALLE":"YENİKENT","MAHALLEID":null,"ADI":"1 NO LU AFET VE ACİL DURUM TOPLANMA ALANI","BOYLAM":26.781932985396999,"YOL":"KIRMIZI Sk.","Area":null},"geometry":{"type":"Point","coordinates":[26.781932985396999,38.335372834200001]}},
{"type":"Feature","properties":{"ILCE":"KARŞIYAKA","KAPINO":null,"ENLEM":38.467679800797001,"ACIKLAMA":"3516-025-01","ILCEID":20,"MAHALLE":"YALI","MAHALLEID":null,"ADI":"1 NO LU AFET VE ACİL DURUM TOPLANMA ALANI","BOYLAM":27.095309761612,"YOL":"6415/1 Sk.","Area":null},"geometry":{"type":"Point","coordinates":[27.095309761612,38.467679800797001]}},
{"type":"Feature","properties":{"ILCE":"ÖDEMİŞ","KAPINO":null,"ENLEM":38.078649755531998,"ACIKLAMA":"3524-006-01","ILCEID":998,"MAHALLE":"BADEMLİ","MAHALLEID":null,"ADI":"1 NO LU AFET VE ACİL DURUM TOPLANMA ALANI","BOYLAM":28.056759501689999,"YOL":"YENİKAHVE Sk.","Area":null},"geometry":{"type":"Point","coordinates":[28.056759501689999,38.078649755531998]}},
{"type":"Feature","properties":{"ILCE":"TİRE","KAPINO":null,"ENLEM":37.999611361531002,"ACIKLAMA":"3527-005-01","ILCEID":997,"MAHALLE":"AKMESCİT","MAHALLEID":null,"ADI":"1 NO LU AFET VE ACİL DURUM TOPLANMA ALANI","BOYLAM":27.704927967983,"YOL":"KUZYAKA Sk.","Area":null},"geometry":{"type":"Point","coordinates":[27.704927967983,37.999611361531002]}},
{"type":"Feature","properties":{"ILCE":"KONAK","KAPINO":null,"ENLEM":38.402279864771998,"ACIKLAMA":"3520-040-01","ILCEID":21,"MAHALLE":"GÜNEŞLİ","MAHALLEID":null,"ADI":"1 NO LU AFET VE ACİL DURUM TOPLANMA ALANI","BOYLAM":27.127002696470999,"YOL":"520/2 Sk.","Area":null},"geometry":{"type":"Point","coordinates":[27.127002696470999,38.402279864771998]}},
{"type":"Feature","properties":{"ILCE":"BERGAMA","KAPINO":null,"ENLEM":39.050260006473003,"ACIKLAMA":"3505-045-01","ILCEID":999,"MAHALLE":"EĞRİGÖL","MAHALLEID":null,"ADI":"1 NO LU AFET VE ACİL DURUM TOPLANMA ALANI","BOYLAM":27.122238001671999,"YOL":"EĞRİGÖL Sk.","Area":null},"geometry":{"type":"Point","coordinates":[27.122238001671999,39.050260006473003]}},
{"type":"Feature","properties":{"ILCE":"KARABAĞLAR","KAPINO":null,"ENLEM":38.392376878063999,"ACIKLAMA":"3531-031-01","ILCEID":19,"MAHALLE":"GÜLYAKA","MAHALLEID":null,"ADI":"1 NO LU AFET VE ACİL DURUM TOPLANMA ALANI","BOYLAM":27.118599394332001,"YOL":"SAİM ÇIKRIKÇI Cd.","Area":null},"geometry":{"type":"Point","coordinates":[27.118599394332001,38.392376878063999]}},
{"type":"Feature","properties":{"ILCE":"BUCA","KAPINO":null,"ENLEM":38.393468009027004,"ACIKLAMA":"3508-010-01","ILCEID":8,"MAHALLE":"ADATEPE","MAHALLEID":null,"ADI":"1 NO LU AFET VE ACİL DURUM TOPLANMA ALANI","BOYLAM":27.191729456240999,"YOL":"1251 Sk.","Area":null},"geometry":{"type":"Point","coordinates":[27.191729456240999,38.393468009027004]}},
{"type":"Feature","properties":{"ILCE":"TİRE","KAPINO":null,"ENLEM":38.084463819398003,"ACIKLAMA":"3527-079-01","ILCEID":997,"MAHALLE":"İBNİ MELEK","MAHALLEID":null,"ADI":"1 NO LU AFET VE ACİL DURUM TOPLANMA ALANI","BOYLAM":27.721413954462999,"YOL":"SELÇUK Cd.","Area":null},"geometry":{"type":"Point","coordinates":[27.721413954462999,38.084463819398003]}},
{"type":"Feature","properties":{"ILCE":"TİRE","KAPINO":null,"ENLEM":38.124829891201003,"ACIKLAMA":"3527-083-01","ILCEID":997,"MAHALLE":"YEĞENLİ","MAHALLEID":null,"ADI":"1 NO LU AFET VE ACİL DURUM TOPLANMA ALANI","BOYLAM":27.925431082210999,"YOL":"YEĞENLİ ATATÜRK Myd.","Area":null},"geometry":{"type":"Point","coordinates":[27.925431082210999,38.124829891201003]}},
{"type":"Feature","properties":{"ILCE":"KİRAZ","KAPINO":null,"ENLEM":38.245979293430999,"ACIKLAMA":"3519-009-01","ILCEID":994,"MAHALLE":"CERİTLER","MAHALLEID":null,"ADI":"1 NO LU AFET VE ACİL DURUM TOPLANMA ALANI","BOYLAM":28.203700692405,"YOL":"KOCACERİTLER KümeEvleri","Area":null},"geometry":{"type":"Point","coordinates":[28.203700692405,38.245979293430999]}},
{"type":"Feature","properties":{"ILCE":"KARABURUN","KAPINO":null,"ENLEM":38.623317670196997,"ACIKLAMA":"3515-012-01","ILCEID":1000,"MAHALLE":"SAİP","MAHALLEID":null,"ADI":"1 NO LU AFET VE ACİL DURUM TOPLANMA ALANI","BOYLAM":26.519624457643001,"YOL":"3222 Sk.","Area":null},"geometry":{"type":"Point","coordinates":[26.519624457643001,38.623317670196997]}},
{"type":"Feature","properties":{"ILCE":"KİRAZ","KAPINO":null,"ENLEM":38.184916113215998,"ACIKLAMA":"3519-046-01","ILCEID":994,"MAHALLE":"TEKBIÇAKLAR","MAHALLEID":null,"ADI":"1 NO LU AFET VE ACİL DURUM TOPLANMA ALANI","BOYLAM":28.318498780551,"YOL":"TEKBIÇAKLAR KümeEvleri","Area":null},"geometry":{"type":"Point","coordinates":[28.318498780551,38.184916113215998]}},
{"type":"Feature","properties":{"ILCE":"KEMALPAŞA","KAPINO":null,"ENLEM":38.472031241322,"ACIKLAMA":"3517-011-01","ILCEID":6,"MAHALLE":"ULUCAK CUMHURİYET","MAHALLEID":null,"ADI":"1 NO LU AFET VE ACİL DURUM TOPLANMA ALANI","BOYLAM":27.355375448065001,"YOL":"77 Sk.","Area":null},"geometry":{"type":"Point","coordinates":[27.355375448065001,38.472031241322]}},
{"type":"Feature","properties":{"ILCE":"KİRAZ","KAPINO":null,"ENLEM":38.249113708792002,"ACIKLAMA":"3519-043-01","ILCEID":994,"MAHALLE":"SULUDERE","MAHALLEID":null,"ADI":"1 NO LU AFET VE ACİL DURUM TOPLANMA ALANI","BOYLAM":28.233140474205001,"YOL":"SULUDERE KümeEvleri","Area":null},"geometry":{"type":"Point","coordinates":[28.233140474205001,38.249113708792002]}},
{"type":"Feature","properties":{"ILCE":"KİRAZ","KAPINO":null,"ENLEM":38.137270787627003,"ACIKLAMA":"3519-031-01","ILCEID":994,"MAHALLE":"MAVİDERE","MAHALLEID":null,"ADI":"1 NO LU AFET VE ACİL DURUM TOPLANMA ALANI","BOYLAM":28.338969369084001,"YOL":"MAVİDERE KümeEvleri","Area":null},"geometry":{"type":"Point","coordinates":[28.338969369084001,38.137270787627003]}},
{"type":"Feature","properties":{"ILCE":"KARABAĞLAR","KAPINO":null,"ENLEM":38.378262088006998,"ACIKLAMA":"3531-033-01","ILCEID":19,"MAHALLE":"LİMONTEPE","MAHALLEID":null,"ADI":"1 NO LU AFET VE ACİL DURUM TOPLANMA ALANI","BOYLAM":27.099929995661999,"YOL":"9693 Sk.","Area":null},"geometry":{"type":"Point","coordinates":[27.099929995661999,38.378262088006998]}},
{"type":"Feature","properties":{"ILCE":"BERGAMA","KAPINO":null,"ENLEM":39.349571413404,"ACIKLAMA":"3505-065-01","ILCEID":999,"MAHALLE":"İKİZLER","MAHALLEID":null,"ADI":"1 NO LU AFET VE ACİL DURUM TOPLANMA ALANI","BOYLAM":27.309948297177002,"YOL":"İKİZLER KümeEvleri","Area":null},"geometry":{"type":"Point","coordinates":[27.309948297177002,39.349571413404]}},
{"type":"Feature","properties":{"ILCE":"BERGAMA","KAPINO":null,"ENLEM":39.217832098675999,"ACIKLAMA":"3505-102-01","ILCEID":999,"MAHALLE":"PAŞAKÖY","MAHALLEID":null,"ADI":"1 NO LU AFET VE ACİL DURUM TOPLANMA ALANI","BOYLAM":27.304884538134001,"YOL":"PAŞAKÖY KümeEvleri","Area":null},"geometry":{"type":"Point","coordinates":[27.304884538134001,39.217832098675999]}},
{"type":"Feature","properties":{"ILCE":"KİRAZ","KAPINO":null,"ENLEM":38.190582842650002,"ACIKLAMA":"3519-054-01","ILCEID":994,"MAHALLE":"YENİKÖY","MAHALLEID":null,"ADI":"1 NO LU AFET VE ACİL DURUM TOPLANMA ALANI","BOYLAM":28.261550378995999,"YOL":"YENİKÖY KümeEvleri","Area":null},"geometry":{"type":"Point","coordinates":[28.261550378995999,38.190582842650002]}},
{"type":"Feature","properties":{"ILCE":"KARABAĞLAR","KAPINO":null,"ENLEM":38.398702242090998,"ACIKLAMA":"3531-042-01","ILCEID":19,"MAHALLE":"REİS","MAHALLEID":null,"ADI":"1 NO LU AFET VE ACİL DURUM TOPLANMA ALANI","BOYLAM":27.117003477226,"YOL":"9165/1 Sk.","Area":null},"geometry":{"type":"Point","coordinates":[27.117003477226,38.398702242090998]}},
{"type":"Feature","properties":{"ILCE":"KARABAĞLAR","KAPINO":null,"ENLEM":38.386353713158996,"ACIKLAMA":"3531-013-01","ILCEID":19,"MAHALLE":"BOZYAKA","MAHALLEID":null,"ADI":"1 NO LU AFET VE ACİL DURUM TOPLANMA ALANI","BOYLAM":27.123985253326001,"YOL":"5714/1 Sk.","Area":null},"geometry":{"type":"Point","coordinates":[27.123985253326001,38.386353713158996]}},
{"type":"Feature","properties":{"ILCE":"KARABAĞLAR","KAPINO":null,"ENLEM":38.359794238619003,"ACIKLAMA":"3531-014-01","ILCEID":19,"MAHALLE":"CENNETÇEŞME","MAHALLEID":null,"ADI":"1 NO LU AFET VE ACİL DURUM TOPLANMA ALANI","BOYLAM":27.088823055001001,"YOL":"3994 Sk.","Area":null},"geometry":{"type":"Point","coordinates":[27.088823055001001,38.359794238619003]}},
{"type":"Feature","properties":{"ILCE":"BERGAMA","KAPINO":null,"ENLEM":39.235185251741001,"ACIKLAMA":"3505-076-01","ILCEID":999,"MAHALLE":"KAPLAN (YUKARIBEY BUCAĞI)","MAHALLEID":null,"ADI":"1 NO LU AFET VE ACİL DURUM TOPLANMA ALANI","BOYLAM":26.958473506975999,"YOL":"KAPLAN (YUKARIBEY BUCAĞI) KümeEvleri","Area":null},"geometry":{"type":"Point","coordinates":[26.958473506975999,39.235185251741001]}},
{"type":"Feature","properties":{"ILCE":"BERGAMA","KAPINO":null,"ENLEM":38.950874036870999,"ACIKLAMA":"3505-115-01","ILCEID":999,"MAHALLE":"TAVUKÇUKURU","MAHALLEID":null,"ADI":"1 NO LU AFET VE ACİL DURUM TOPLANMA ALANI","BOYLAM":27.265574729512,"YOL":"TAVUKÇUKURU MERKEZ KümeEvleri","Area":null},"geometry":{"type":"Point","coordinates":[27.265574729512,38.950874036870999]}},
{"type":"Feature","properties":{"ILCE":"BERGAMA","KAPINO":null,"ENLEM":39.191860323363997,"ACIKLAMA":"3505-018-01","ILCEID":999,"MAHALLE":"AZİZİYE","MAHALLEID":null,"ADI":"1 NO LU AFET VE ACİL DURUM TOPLANMA ALANI","BOYLAM":27.335418704070999,"YOL":"AYASPAŞA Cd.","Area":null},"geometry":{"type":"Point","coordinates":[27.335418704070999,39.191860323363997]}},
{"type":"Feature","properties":{"ILCE":"BERGAMA","KAPINO":null,"ENLEM":38.953210144661,"ACIKLAMA":"3505-020-01","ILCEID":999,"MAHALLE":"BALABAN","MAHALLEID":null,"ADI":"1 NO LU AFET VE ACİL DURUM TOPLANMA ALANI","BOYLAM":27.201974493788001,"YOL":"BALABAN KümeEvleri","Area":null},"geometry":{"type":"Point","coordinates":[27.201974493788001,38.953210144661]}},
{"type":"Feature","properties":{"ILCE":"ÇİĞLİ","KAPINO":null,"ENLEM":38.508526759115,"ACIKLAMA":"3510-018-01","ILCEID":16,"MAHALLE":"İZKENT","MAHALLEID":null,"ADI":"1 NO LU AFET VE ACİL DURUM TOPLANMA ALANI","BOYLAM":27.064711203400002,"YOL":"8831 Sk.","Area":null},"geometry":{"type":"Point","coordinates":[27.064711203400002,38.508526759115]}},
{"type":"Feature","properties":{"ILCE":"TİRE","KAPINO":null,"ENLEM":38.086071478424003,"ACIKLAMA":"3527-032-01","ILCEID":997,"MAHALLE":"İSTİKLAL","MAHALLEID":null,"ADI":"1 NO LU AFET VE ACİL DURUM TOPLANMA ALANI","BOYLAM":27.749724526213999,"YOL":"KANLIKAVAK Sk.","Area":null},"geometry":{"type":"Point","coordinates":[27.749724526213999,38.086071478424003]}},
{"type":"Feature","properties":{"ILCE":"KİRAZ","KAPINO":null,"ENLEM":38.240653933034999,"ACIKLAMA":"3519-006-01","ILCEID":994,"MAHALLE":"AYDOĞDU","MAHALLEID":null,"ADI":"1 NO LU AFET VE ACİL DURUM TOPLANMA ALANI","BOYLAM":28.251593996659999,"YOL":"AYDOĞDU KümeEvleri","Area":null},"geometry":{"type":"Point","coordinates":[28.251593996659999,38.240653933034999]}},
{"type":"Feature","properties":{"ILCE":"ÇİĞLİ","KAPINO":null,"ENLEM":38.537703377432003,"ACIKLAMA":"3510-008-01","ILCEID":16,"MAHALLE":"CUMHURİYET","MAHALLEID":null,"ADI":"1 NO LU AFET VE ACİL DURUM TOPLANMA ALANI","BOYLAM":27.052802204323999,"YOL":"MİMAR SİNAN Cd.","Area":null},"geometry":{"type":"Point","coordinates":[27.052802204323999,38.537703377432003]}},
{"type":"Feature","properties":{"ILCE":"URLA","KAPINO":null,"ENLEM":38.320129535909999,"ACIKLAMA":"3529-020-01","ILCEID":18,"MAHALLE":"NAİPLİ","MAHALLEID":null,"ADI":"1 NO LU AFET VE ACİL DURUM TOPLANMA ALANI","BOYLAM":26.769140280773001,"YOL":"SARGIN Sk.","Area":null},"geometry":{"type":"Point","coordinates":[26.769140280773001,38.320129535909999]}},
{"type":"Feature","properties":{"ILCE":"KONAK","KAPINO":null,"ENLEM":38.419749230737999,"ACIKLAMA":"3520-020-01","ILCEID":21,"MAHALLE":"HUZUR","MAHALLEID":null,"ADI":"1 NO LU AFET VE ACİL DURUM TOPLANMA ALANI","BOYLAM":27.17086193007,"YOL":"BOĞAZİÇİ Cd.","Area":null},"geometry":{"type":"Point","coordinates":[27.17086193007,38.419749230737999]}},
{"type":"Feature","properties":{"ILCE":"BERGAMA","KAPINO":null,"ENLEM":39.091241065363,"ACIKLAMA":"3505-117-01","ILCEID":999,"MAHALLE":"TEPEKÖY","MAHALLEID":null,"ADI":"1 NO LU AFET VE ACİL DURUM TOPLANMA ALANI","BOYLAM":27.106187668492002,"YOL":"MERKEZ KümeEvleri","Area":null},"geometry":{"type":"Point","coordinates":[27.106187668492002,39.091241065363]}},
{"type":"Feature","properties":{"ILCE":"TİRE","KAPINO":null,"ENLEM":38.085643982931998,"ACIKLAMA":"3527-052-01","ILCEID":997,"MAHALLE":"KARACA ALİ","MAHALLEID":null,"ADI":"1 NO LU AFET VE ACİL DURUM TOPLANMA ALANI","BOYLAM":27.756851120499,"YOL":"KARACAALİ Cd.","Area":null},"geometry":{"type":"Point","coordinates":[27.756851120499,38.085643982931998]}},
{"type":"Feature","properties":{"ILCE":"TİRE","KAPINO":null,"ENLEM":38.098578606285997,"ACIKLAMA":"3527-087-01","ILCEID":997,"MAHALLE":"YENİOBA","MAHALLEID":null,"ADI":"1 NO LU AFET VE ACİL DURUM TOPLANMA ALANI","BOYLAM":27.579024218834999,"YOL":"BAYAR Sk.","Area":null},"geometry":{"type":"Point","coordinates":[27.579024218834999,38.098578606285997]}},
{"type":"Feature","properties":{"ILCE":"URLA","KAPINO":null,"ENLEM":38.322356731962003,"ACIKLAMA":"3529-005-01","ILCEID":18,"MAHALLE":"BARBAROS","MAHALLEID":null,"ADI":"1 NO LU AFET VE ACİL DURUM TOPLANMA ALANI","BOYLAM":26.578196117887,"YOL":"BARBAROS Cd.","Area":null},"geometry":{"type":"Point","coordinates":[26.578196117887,38.322356731962003]}},
{"type":"Feature","properties":{"ILCE":"FOÇA","KAPINO":null,"ENLEM":38.745106003090001,"ACIKLAMA":"3512-004-01","ILCEID":4,"MAHALLE":"FEVZİ ÇAKMAK","MAHALLEID":null,"ADI":"1 NO LU AFET VE ACİL DURUM TOPLANMA ALANI","BOYLAM":26.831703077952,"YOL":"ALİ STAİR Cd.","Area":null},"geometry":{"type":"Point","coordinates":[26.831703077952,38.745106003090001]}},
{"type":"Feature","properties":{"ILCE":"KEMALPAŞA","KAPINO":null,"ENLEM":38.338285274171,"ACIKLAMA":"3517-016-01","ILCEID":6,"MAHALLE":"DEREKÖY","MAHALLEID":null,"ADI":"1 NO LU AFET VE ACİL DURUM TOPLANMA ALANI","BOYLAM":27.455475207372999,"YOL":"DEREKÖY YOLU KümeEvleri","Area":null},"geometry":{"type":"Point","coordinates":[27.455475207372999,38.338285274171]}},
{"type":"Feature","properties":{"ILCE":"BUCA","KAPINO":null,"ENLEM":38.387850656721,"ACIKLAMA":"3508-041-01","ILCEID":8,"MAHALLE":"EFELER","MAHALLEID":null,"ADI":"1 NO LU AFET VE ACİL DURUM TOPLANMA ALANI","BOYLAM":27.161302638475,"YOL":"330 Sk.","Area":null},"geometry":{"type":"Point","coordinates":[27.161302638475,38.387850656721]}},
{"type":"Feature","properties":{"ILCE":"KEMALPAŞA","KAPINO":null,"ENLEM":38.418505470789,"ACIKLAMA":"3517-035-01","ILCEID":6,"MAHALLE":"ÖRNEKKÖY","MAHALLEID":null,"ADI":"1 NO LU AFET VE ACİL DURUM TOPLANMA ALANI","BOYLAM":27.471611167713998,"YOL":"1057/1 Sk.","Area":null},"geometry":{"type":"Point","coordinates":[27.471611167713998,38.418505470789]}},
{"type":"Feature","properties":{"ILCE":"TORBALI","KAPINO":null,"ENLEM":38.118196360704999,"ACIKLAMA":"3528-035-01","ILCEID":9,"MAHALLE":"KIRBAŞ","MAHALLEID":null,"ADI":"1 NO LU AFET VE ACİL DURUM TOPLANMA ALANI","BOYLAM":27.445948399774998,"YOL":"86. YIL CUMHURİYET Cd.","Area":null},"geometry":{"type":"Point","coordinates":[27.445948399774998,38.118196360704999]}},
{"type":"Feature","properties":{"ILCE":"KARŞIYAKA","KAPINO":null,"ENLEM":38.542436414306998,"ACIKLAMA":"3516-026-01","ILCEID":20,"MAHALLE":"YAMANLAR","MAHALLEID":null,"ADI":"1 NO LU AFET VE ACİL DURUM TOPLANMA ALANI","BOYLAM":27.132667255914999,"YOL":"YAMANLAR KümeEvleri","Area":null},"geometry":{"type":"Point","coordinates":[27.132667255914999,38.542436414306998]}},
{"type":"Feature","properties":{"ILCE":"KEMALPAŞA","KAPINO":null,"ENLEM":38.321873759943998,"ACIKLAMA":"3517-008-01","ILCEID":6,"MAHALLE":"BAYRAMLI","MAHALLEID":null,"ADI":"1 NO LU AFET VE ACİL DURUM TOPLANMA ALANI","BOYLAM":27.537314386816,"YOL":"BAYRAMLI YOLU KümeEvleri","Area":null},"geometry":{"type":"Point","coordinates":[27.537314386816,38.321873759943998]}},
{"type":"Feature","properties":{"ILCE":"KARŞIYAKA","KAPINO":null,"ENLEM":38.466335769703001,"ACIKLAMA":"3516-013-01","ILCEID":20,"MAHALLE":"GONCALAR","MAHALLEID":null,"ADI":"1 NO LU AFET VE ACİL DURUM TOPLANMA ALANI","BOYLAM":27.107873168419999,"YOL":"6038 Sk.","Area":null},"geometry":{"type":"Point","coordinates":[27.107873168419999,38.466335769703001]}},
{"type":"Feature","properties":{"ILCE":"KEMALPAŞA","KAPINO":null,"ENLEM":38.439449890986999,"ACIKLAMA":"3517-029-01","ILCEID":6,"MAHALLE":"KIZILÜZÜM","MAHALLEID":null,"ADI":"1 NO LU AFET VE ACİL DURUM TOPLANMA ALANI","BOYLAM":27.367381009351,"YOL":"KIZILÜZÜM KÖY YOLU KümeEvleri","Area":null},"geometry":{"type":"Point","coordinates":[27.367381009351,38.439449890986999]}},
{"type":"Feature","properties":{"ILCE":"KONAK","KAPINO":null,"ENLEM":38.434499849862,"ACIKLAMA":"3520-100-02","ILCEID":21,"MAHALLE":"EGE","MAHALLEID":null,"ADI":"1 NO LU AFET VE ACİL DURUM TOPLANMA ALANI","BOYLAM":27.155047679670002,"YOL":"İŞÇİLER Cd.","Area":null},"geometry":{"type":"Point","coordinates":[27.155047679670002,38.434499849862]}},
{"type":"Feature","properties":{"ILCE":"TİRE","KAPINO":null,"ENLEM":38.018299449182997,"ACIKLAMA":"3527-081-01","ILCEID":997,"MAHALLE":"ÜZÜMLER","MAHALLEID":null,"ADI":"1 NO LU AFET VE ACİL DURUM TOPLANMA ALANI","BOYLAM":27.514060228386999,"YOL":"SELVİLİ Sk.","Area":null},"geometry":{"type":"Point","coordinates":[27.514060228386999,38.018299449182997]}},
{"type":"Feature","properties":{"ILCE":"KEMALPAŞA","KAPINO":null,"ENLEM":38.405508808188998,"ACIKLAMA":"3517-023-01","ILCEID":6,"MAHALLE":"ARMUTLU HÜRRİYET","MAHALLEID":null,"ADI":"1 NO LU AFET VE ACİL DURUM TOPLANMA ALANI","BOYLAM":27.536627612126999,"YOL":"ALİ FEHMİ Cd.","Area":null},"geometry":{"type":"Point","coordinates":[27.536627612126999,38.405508808188998]}},
{"type":"Feature","properties":{"ILCE":"KARABAĞLAR","KAPINO":null,"ENLEM":38.387832715519998,"ACIKLAMA":"3531-035-01","ILCEID":19,"MAHALLE":"MALİYECİLER","MAHALLEID":null,"ADI":"1 NO LU AFET VE ACİL DURUM TOPLANMA ALANI","BOYLAM":27.093445771521999,"YOL":"52/1 Sk.","Area":null},"geometry":{"type":"Point","coordinates":[27.093445771521999,38.387832715519998]}},
{"type":"Feature","properties":{"ILCE":"KARABAĞLAR","KAPINO":null,"ENLEM":38.394401284307001,"ACIKLAMA":"3531-002-01","ILCEID":19,"MAHALLE":"ADNAN SÜVARİ","MAHALLEID":null,"ADI":"1 NO LU AFET VE ACİL DURUM TOPLANMA ALANI","BOYLAM":27.096457866045998,"YOL":"108/24 Sk.","Area":null},"geometry":{"type":"Point","coordinates":[27.096457866045998,38.394401284307001]}},
{"type":"Feature","properties":{"ILCE":"URLA","KAPINO":null,"ENLEM":38.321239562069998,"ACIKLAMA":"3529-032-01","ILCEID":18,"MAHALLE":"YENİ","MAHALLEID":null,"ADI":"1 NO LU AFET VE ACİL DURUM TOPLANMA ALANI","BOYLAM":26.765143807451,"YOL":"ARSALI Sk.","Area":null},"geometry":{"type":"Point","coordinates":[26.765143807451,38.321239562069998]}},
{"type":"Feature","properties":{"ILCE":"BERGAMA","KAPINO":null,"ENLEM":38.964889901614001,"ACIKLAMA":"3505-060-01","ILCEID":999,"MAHALLE":"HACILAR (İSMAİLLİ BUCAĞI)","MAHALLEID":null,"ADI":"1 NO LU AFET VE ACİL DURUM TOPLANMA ALANI","BOYLAM":27.240941417361999,"YOL":"HACILAR (İSMAİLLİ BUCAĞI) KümeEvleri","Area":null},"geometry":{"type":"Point","coordinates":[27.240941417361999,38.964889901614001]}},
{"type":"Feature","properties":{"ILCE":"ÖDEMİŞ","KAPINO":null,"ENLEM":38.13787821695,"ACIKLAMA":"3524-095-01","ILCEID":998,"MAHALLE":"YEŞİLKÖY","MAHALLEID":null,"ADI":"1 NO LU AFET VE ACİL DURUM TOPLANMA ALANI","BOYLAM":28.172458623360999,"YOL":"YEŞİLKÖY KümeEvleri","Area":null},"geometry":{"type":"Point","coordinates":[28.172458623360999,38.13787821695]}},
{"type":"Feature","properties":{"ILCE":"TİRE","KAPINO":null,"ENLEM":37.984422484375997,"ACIKLAMA":"3527-078-01","ILCEID":997,"MAHALLE":"TOPARLAR","MAHALLEID":null,"ADI":"1 NO LU AFET VE ACİL DURUM TOPLANMA ALANI","BOYLAM":27.747159158908001,"YOL":"YURT Sk.","Area":null},"geometry":{"type":"Point","coordinates":[27.747159158908001,37.984422484375997]}},
{"type":"Feature","properties":{"ILCE":"KİRAZ","KAPINO":null,"ENLEM":38.230642644824997,"ACIKLAMA":"3519-010-01","ILCEID":994,"MAHALLE":"CEVİZLİ","MAHALLEID":null,"ADI":"1 NO LU AFET VE ACİL DURUM TOPLANMA ALANI","BOYLAM":28.458015861307,"YOL":"CEVİZLİ KümeEvleri","Area":null},"geometry":{"type":"Point","coordinates":[28.458015861307,38.230642644824997]}},
{"type":"Feature","properties":{"ILCE":"KONAK","KAPINO":null,"ENLEM":38.419513860567001,"ACIKLAMA":"3520-113-01","ILCEID":21,"MAHALLE":"ZEYTİNLİK","MAHALLEID":null,"ADI":"1 NO LU AFET VE ACİL DURUM TOPLANMA ALANI","BOYLAM":27.163201579702999,"YOL":"1140 Sk.","Area":null},"geometry":{"type":"Point","coordinates":[27.163201579702999,38.419513860567001]}},
{"type":"Feature","properties":{"ILCE":"MENEMEN","KAPINO":null,"ENLEM":38.604464606858997,"ACIKLAMA":"3522-058-01","ILCEID":17,"MAHALLE":"UĞUR MUMCU","MAHALLEID":null,"ADI":"1 NO LU AFET VE ACİL DURUM TOPLANMA ALANI","BOYLAM":27.080900771942002,"YOL":"1252 Sk.","Area":null},"geometry":{"type":"Point","coordinates":[27.080900771942002,38.604464606858997]}},
{"type":"Feature","properties":{"ILCE":"KARABAĞLAR","KAPINO":null,"ENLEM":38.388245851404001,"ACIKLAMA":"3531-041-01","ILCEID":19,"MAHALLE":"REFET BELE","MAHALLEID":null,"ADI":"1 NO LU AFET VE ACİL DURUM TOPLANMA ALANI","BOYLAM":27.113245738867999,"YOL":"9156 Sk.","Area":null},"geometry":{"type":"Point","coordinates":[27.113245738867999,38.388245851404001]}},
{"type":"Feature","properties":{"ILCE":"KARABAĞLAR","KAPINO":null,"ENLEM":38.380992353655998,"ACIKLAMA":"3531-011-01","ILCEID":19,"MAHALLE":"BARIŞ","MAHALLEID":null,"ADI":"1 NO LU AFET VE ACİL DURUM TOPLANMA ALANI","BOYLAM":27.123580250852001,"YOL":"ŞEHİT PİLOT VOLKAN KOÇYİĞİT Blv.","Area":null},"geometry":{"type":"Point","coordinates":[27.123580250852001,38.380992353655998]}},
{"type":"Feature","properties":{"ILCE":"KEMALPAŞA","KAPINO":null,"ENLEM":38.439857754739997,"ACIKLAMA":"3517-020-01","ILCEID":6,"MAHALLE":"HALİLBEYLİ","MAHALLEID":null,"ADI":"1 NO LU AFET VE ACİL DURUM TOPLANMA ALANI","BOYLAM":27.666864254023,"YOL":"MUSTAFA KEMAL ATATÜRK Cd.","Area":null},"geometry":{"type":"Point","coordinates":[27.666864254023,38.439857754739997]}},
{"type":"Feature","properties":{"ILCE":"ÖDEMİŞ","KAPINO":null,"ENLEM":38.256190556222997,"ACIKLAMA":"3524-059-01","ILCEID":998,"MAHALLE":"KÖSELER","MAHALLEID":null,"ADI":"1 NO LU AFET VE ACİL DURUM TOPLANMA ALANI","BOYLAM":27.887974024438002,"YOL":"KÖSELER KümeEvleri","Area":null},"geometry":{"type":"Point","coordinates":[27.887974024438002,38.256190556222997]}},
{"type":"Feature","properties":{"ILCE":"DİKİLİ","KAPINO":null,"ENLEM":39.076633640986998,"ACIKLAMA":"3511-003-01","ILCEID":995,"MAHALLE":"CUMHURİYET","MAHALLEID":null,"ADI":"1 NO LU AFET VE ACİL DURUM TOPLANMA ALANI","BOYLAM":26.890410385254,"YOL":"304 Sk.","Area":null},"geometry":{"type":"Point","coordinates":[26.890410385254,39.076633640986998]}},
{"type":"Feature","properties":{"ILCE":"KEMALPAŞA","KAPINO":null,"ENLEM":38.414537946986002,"ACIKLAMA":"3517-037-01","ILCEID":6,"MAHALLE":"SARILAR","MAHALLEID":null,"ADI":"1 NO LU AFET VE ACİL DURUM TOPLANMA ALANI","BOYLAM":27.656489560328001,"YOL":"SAZ MAH. YOLU KümeEvleri","Area":null},"geometry":{"type":"Point","coordinates":[27.656489560328001,38.414537946986002]}},
{"type":"Feature","properties":{"ILCE":"KARABAĞLAR","KAPINO":null,"ENLEM":38.381862799788003,"ACIKLAMA":"3531-003-01","ILCEID":19,"MAHALLE":"ALİ FUAT CEBESOY","MAHALLEID":null,"ADI":"1 NO LU AFET VE ACİL DURUM TOPLANMA ALANI","BOYLAM":27.110888099732001,"YOL":"9125/24 Sk.","Area":null},"geometry":{"type":"Point","coordinates":[27.110888099732001,38.381862799788003]}},
{"type":"Feature","properties":{"ILCE":"ÖDEMİŞ","KAPINO":null,"ENLEM":38.23515935388,"ACIKLAMA":"3524-003-01","ILCEID":998,"MAHALLE":"ANAFARTALAR","MAHALLEID":null,"ADI":"1 NO LU AFET VE ACİL DURUM TOPLANMA ALANI","BOYLAM":27.977902717119999,"YOL":"SAĞLIK Cd.","Area":null},"geometry":{"type":"Point","coordinates":[27.977902717119999,38.23515935388]}},
{"type":"Feature","properties":{"ILCE":"URLA","KAPINO":null,"ENLEM":38.323480552908002,"ACIKLAMA":"3529-027-01","ILCEID":18,"MAHALLE":"TORASAN","MAHALLEID":null,"ADI":"1 NO LU AFET VE ACİL DURUM TOPLANMA ALANI","BOYLAM":26.709331337618,"YOL":"566 Sk.","Area":null},"geometry":{"type":"Point","coordinates":[26.709331337618,38.323480552908002]}},
{"type":"Feature","properties":{"ILCE":"KEMALPAŞA","KAPINO":null,"ENLEM":38.385601425692997,"ACIKLAMA":"3517-049-01","ILCEID":6,"MAHALLE":"YUKARIKIZILCA MERKEZ","MAHALLEID":null,"ADI":"1 NO LU AFET VE ACİL DURUM TOPLANMA ALANI","BOYLAM":27.498468045799999,"YOL":"YUKARIKIZILCA BELEDİYE Cd.","Area":null},"geometry":{"type":"Point","coordinates":[27.498468045799999,38.385601425692997]}},
{"type":"Feature","properties":{"ILCE":"KİRAZ","KAPINO":null,"ENLEM":38.255179899329001,"ACIKLAMA":"3519-012-01","ILCEID":994,"MAHALLE":"ÇANAKÇI","MAHALLEID":null,"ADI":"1 NO LU AFET VE ACİL DURUM TOPLANMA ALANI","BOYLAM":28.249019067928,"YOL":"ÇANAKÇI KümeEvleri","Area":null},"geometry":{"type":"Point","coordinates":[28.249019067928,38.255179899329001]}},
{"type":"Feature","properties":{"ILCE":"KARABURUN","KAPINO":null,"ENLEM":38.542805022541998,"ACIKLAMA":"3515-003-01","ILCEID":1000,"MAHALLE":"EĞLENHOCA","MAHALLEID":null,"ADI":"1 NO LU AFET VE ACİL DURUM TOPLANMA ALANI","BOYLAM":26.569062837969,"YOL":"EĞLENHOCA KümeEvleri","Area":null},"geometry":{"type":"Point","coordinates":[26.569062837969,38.542805022541998]}},
{"type":"Feature","properties":{"ILCE":"URLA","KAPINO":null,"ENLEM":38.328934601665999,"ACIKLAMA":"3529-024-01","ILCEID":18,"MAHALLE":"RÜSTEM","MAHALLEID":null,"ADI":"1 NO LU AFET VE ACİL DURUM TOPLANMA ALANI","BOYLAM":26.761980144146001,"YOL":"FENERLİLER Sk.","Area":null},"geometry":{"type":"Point","coordinates":[26.761980144146001,38.328934601665999]}},
{"type":"Feature","properties":{"ILCE":"KİRAZ","KAPINO":null,"ENLEM":38.257909448981998,"ACIKLAMA":"3519-038-02","ILCEID":994,"MAHALLE":"SAÇLI","MAHALLEID":null,"ADI":"1 NO LU AFET VE ACİL DURUM TOPLANMA ALANI","BOYLAM":28.174904617103,"YOL":"TÜTÜZLER KümeEvleri","Area":null},"geometry":{"type":"Point","coordinates":[28.174904617103,38.257909448981998]}},
{"type":"Feature","properties":{"ILCE":"KEMALPAŞA","KAPINO":null,"ENLEM":38.409266893879,"ACIKLAMA":"3517-017-01","ILCEID":6,"MAHALLE":"ÖREN EGEMEN","MAHALLEID":null,"ADI":"1 NO LU AFET VE ACİL DURUM TOPLANMA ALANI","BOYLAM":27.597502720009999,"YOL":"GAZİ MUSTAFA KEMAL Cd.","Area":null},"geometry":{"type":"Point","coordinates":[27.597502720009999,38.409266893879]}},
{"type":"Feature","properties":{"ILCE":"KARABAĞLAR","KAPINO":null,"ENLEM":38.388212173412001,"ACIKLAMA":"3531-020-01","ILCEID":19,"MAHALLE":"ESENTEPE","MAHALLEID":null,"ADI":"1 NO LU AFET VE ACİL DURUM TOPLANMA ALANI","BOYLAM":27.075021769195999,"YOL":"46/24 Sk.","Area":null},"geometry":{"type":"Point","coordinates":[27.075021769195999,38.388212173412001]}},
{"type":"Feature","properties":{"ILCE":"BERGAMA","KAPINO":null,"ENLEM":39.018058134881002,"ACIKLAMA":"3505-089-01","ILCEID":999,"MAHALLE":"KURFALLI","MAHALLEID":null,"ADI":"1 NO LU AFET VE ACİL DURUM TOPLANMA ALANI","BOYLAM":27.072456499575001,"YOL":"İZMİR ÇANAKKALE YOLU Cd.","Area":null},"geometry":{"type":"Point","coordinates":[27.072456499575001,39.018058134881002]}},
{"type":"Feature","properties":{"ILCE":"BAYINDIR","KAPINO":null,"ENLEM":38.204342700837998,"ACIKLAMA":"3504-059-01","ILCEID":7,"MAHALLE":"ZEYTİNOVA","MAHALLEID":null,"ADI":"1 NO LU AFET VE ACİL DURUM TOPLANMA ALANI","BOYLAM":27.728973540752001,"YOL":"EĞREK Cd.","Area":null},"geometry":{"type":"Point","coordinates":[27.728973540752001,38.204342700837998]}},
{"type":"Feature","properties":{"ILCE":"BUCA","KAPINO":null,"ENLEM":38.371870843880998,"ACIKLAMA":"3508-022-01","ILCEID":8,"MAHALLE":"GÖKSU","MAHALLEID":null,"ADI":"1 NO LU AFET VE ACİL DURUM TOPLANMA ALANI","BOYLAM":27.143804021164001,"YOL":"638 Sk.","Area":null},"geometry":{"type":"Point","coordinates":[27.143804021164001,38.371870843880998]}},
{"type":"Feature","properties":{"ILCE":"TİRE","KAPINO":null,"ENLEM":38.098121766327999,"ACIKLAMA":"3527-043-01","ILCEID":997,"MAHALLE":"HÜRRİYET","MAHALLEID":null,"ADI":"1 NO LU AFET VE ACİL DURUM TOPLANMA ALANI","BOYLAM":27.725186441843,"YOL":"MALTEPE Cd.","Area":null},"geometry":{"type":"Point","coordinates":[27.725186441843,38.098121766327999]}},
{"type":"Feature","properties":{"ILCE":"KEMALPAŞA","KAPINO":null,"ENLEM":38.412814590177,"ACIKLAMA":"3517-026-01","ILCEID":6,"MAHALLE":"BAĞYURDU KAZIMPAŞA","MAHALLEID":null,"ADI":"1 NO LU AFET VE ACİL DURUM TOPLANMA ALANI","BOYLAM":27.628326507741001,"YOL":"DEVECİ ÖMER Sk.","Area":null},"geometry":{"type":"Point","coordinates":[27.628326507741001,38.412814590177]}},
{"type":"Feature","properties":{"ILCE":"KİRAZ","KAPINO":null,"ENLEM":38.214088647280001,"ACIKLAMA":"3519-030-01","ILCEID":994,"MAHALLE":"KİBAR","MAHALLEID":null,"ADI":"1 NO LU AFET VE ACİL DURUM TOPLANMA ALANI","BOYLAM":28.413984940138,"YOL":"KİBAR KümeEvleri","Area":null},"geometry":{"type":"Point","coordinates":[28.413984940138,38.214088647280001]}},
{"type":"Feature","properties":{"ILCE":"KİRAZ","KAPINO":null,"ENLEM":38.237856167433002,"ACIKLAMA":"3519-019-01","ILCEID":994,"MAHALLE":"GEDİK","MAHALLEID":null,"ADI":"1 NO LU AFET VE ACİL DURUM TOPLANMA ALANI","BOYLAM":28.150915083116999,"YOL":"MERKEZ KümeEvleri","Area":null},"geometry":{"type":"Point","coordinates":[28.150915083116999,38.237856167433002]}},
{"type":"Feature","properties":{"ILCE":"KİRAZ","KAPINO":null,"ENLEM":38.208457241552999,"ACIKLAMA":"3519-004-01","ILCEID":994,"MAHALLE":"ARKACILAR","MAHALLEID":null,"ADI":"1 NO LU AFET VE ACİL DURUM TOPLANMA ALANI","BOYLAM":28.206146908032999,"YOL":"ARKACILAR KümeEvleri","Area":null},"geometry":{"type":"Point","coordinates":[28.206146908032999,38.208457241552999]}},
{"type":"Feature","properties":{"ILCE":"KİRAZ","KAPINO":null,"ENLEM":38.250124722373997,"ACIKLAMA":"3519-025-01","ILCEID":994,"MAHALLE":"KARABAĞ","MAHALLEID":null,"ADI":"1 NO LU AFET VE ACİL DURUM TOPLANMA ALANI","BOYLAM":28.174732967554998,"YOL":"SEKİ KümeEvleri","Area":null},"geometry":{"type":"Point","coordinates":[28.174732967554998,38.250124722373997]}},
{"type":"Feature","properties":{"ILCE":"KİRAZ","KAPINO":null,"ENLEM":38.234687713699998,"ACIKLAMA":"3519-027-01","ILCEID":994,"MAHALLE":"KARABURÇ","MAHALLEID":null,"ADI":"1 NO LU AFET VE ACİL DURUM TOPLANMA ALANI","BOYLAM":28.300860588222999,"YOL":"KARABURÇ KümeEvleri","Area":null},"geometry":{"type":"Point","coordinates":[28.300860588222999,38.234687713699998]}},
{"type":"Feature","properties":{"ILCE":"KİRAZ","KAPINO":null,"ENLEM":38.184228841572001,"ACIKLAMA":"3519-042-01","ILCEID":994,"MAHALLE":"SOLAKLAR","MAHALLEID":null,"ADI":"1 NO LU AFET VE ACİL DURUM TOPLANMA ALANI","BOYLAM":28.346527734902999,"YOL":"SOLAKLAR KümeEvleri","Area":null},"geometry":{"type":"Point","coordinates":[28.346527734902999,38.184228841572001]}},
{"type":"Feature","properties":{"ILCE":"KONAK","KAPINO":null,"ENLEM":38.415033418077002,"ACIKLAMA":"3520-108-01","ILCEID":21,"MAHALLE":"AKARCALI","MAHALLEID":null,"ADI":"1 NO LU AFET VE ACİL DURUM TOPLANMA ALANI","BOYLAM":27.154747306585001,"YOL":"1109 Sk.","Area":null},"geometry":{"type":"Point","coordinates":[27.154747306585001,38.415033418077002]}},
{"type":"Feature","properties":{"ILCE":"KİRAZ","KAPINO":null,"ENLEM":38.217966157170999,"ACIKLAMA":"3519-022-01","ILCEID":994,"MAHALLE":"İĞDELİ","MAHALLEID":null,"ADI":"1 NO LU AFET VE ACİL DURUM TOPLANMA ALANI","BOYLAM":28.380167798748001,"YOL":"İĞDELİ KümeEvleri","Area":null},"geometry":{"type":"Point","coordinates":[28.380167798748001,38.217966157170999]}},
{"type":"Feature","properties":{"ILCE":"KONAK","KAPINO":null,"ENLEM":38.439390841242002,"ACIKLAMA":"3520-100-01","ILCEID":21,"MAHALLE":"UMURBEY","MAHALLEID":null,"ADI":"1 NO LU AFET VE ACİL DURUM TOPLANMA ALANI","BOYLAM":27.148191979318,"YOL":"LİMAN Cd.","Area":null},"geometry":{"type":"Point","coordinates":[27.148191979318,38.439390841242002]}},
{"type":"Feature","properties":{"ILCE":"KARABAĞLAR","KAPINO":null,"ENLEM":38.387064308509999,"ACIKLAMA":"3531-048-01","ILCEID":19,"MAHALLE":"TAHSİN YAZICI","MAHALLEID":null,"ADI":"1 NO LU AFET VE ACİL DURUM TOPLANMA ALANI","BOYLAM":27.107095466318999,"YOL":"9301 Sk.","Area":null},"geometry":{"type":"Point","coordinates":[27.107095466318999,38.387064308509999]}},
{"type":"Feature","properties":{"ILCE":"BERGAMA","KAPINO":null,"ENLEM":39.064056232836002,"ACIKLAMA":"3505-113-01","ILCEID":999,"MAHALLE":"SÜLEYMANLI","MAHALLEID":null,"ADI":"1 NO LU AFET VE ACİL DURUM TOPLANMA ALANI","BOYLAM":27.065332505798001,"YOL":"SÜLEYMANLI KümeEvleri","Area":null},"geometry":{"type":"Point","coordinates":[27.065332505798001,39.064056232836002]}},
{"type":"Feature","properties":{"ILCE":"TİRE","KAPINO":null,"ENLEM":38.150082140932,"ACIKLAMA":"3527-056-01","ILCEID":997,"MAHALLE":"KIZILCAHAVLU","MAHALLEID":null,"ADI":"1 NO LU AFET VE ACİL DURUM TOPLANMA ALANI","BOYLAM":27.887565146888999,"YOL":"KIZILCAHAVLU DEMOKRASİ","Area":null},"geometry":{"type":"Point","coordinates":[27.887565146888999,38.150082140932]}},
{"type":"Feature","properties":{"ILCE":"KONAK","KAPINO":null,"ENLEM":38.427717439247999,"ACIKLAMA":"3520-075-01","ILCEID":21,"MAHALLE":"MİMAR SİNAN","MAHALLEID":null,"ADI":"1 NO LU AFET VE ACİL DURUM TOPLANMA ALANI","BOYLAM":27.141765458259002,"YOL":"MONTRÖ Myd.","Area":null},"geometry":{"type":"Point","coordinates":[27.141765458259002,38.427717439247999]}},
{"type":"Feature","properties":{"ILCE":"BUCA","KAPINO":null,"ENLEM":38.391071406225997,"ACIKLAMA":"3508-025-01","ILCEID":8,"MAHALLE":"İNKILAP","MAHALLEID":null,"ADI":"1 NO LU AFET VE ACİL DURUM TOPLANMA ALANI","BOYLAM":27.148664127273999,"YOL":"504 Sk.","Area":null},"geometry":{"type":"Point","coordinates":[27.148664127273999,38.391071406225997]}},
{"type":"Feature","properties":{"ILCE":"BUCA","KAPINO":null,"ENLEM":38.374461496995004,"ACIKLAMA":"3508-020-01","ILCEID":8,"MAHALLE":"FIRAT","MAHALLEID":null,"ADI":"1 NO LU AFET VE ACİL DURUM TOPLANMA ALANI","BOYLAM":27.148202817603998,"YOL":"288/32 Sk.","Area":null},"geometry":{"type":"Point","coordinates":[27.148202817603998,38.374461496995004]}},
{"type":"Feature","properties":{"ILCE":"BUCA","KAPINO":null,"ENLEM":38.368741775293998,"ACIKLAMA":"3508-015-01","ILCEID":8,"MAHALLE":"ÇAMLIPINAR","MAHALLEID":null,"ADI":"1 NO LU AFET VE ACİL DURUM TOPLANMA ALANI","BOYLAM":27.163158749954,"YOL":"254 Sk.","Area":null},"geometry":{"type":"Point","coordinates":[27.163158749954,38.368741775293998]}},
{"type":"Feature","properties":{"ILCE":"BUCA","KAPINO":null,"ENLEM":38.384486776815997,"ACIKLAMA":"3508-019-01","ILCEID":8,"MAHALLE":"EFELER","MAHALLEID":null,"ADI":"1 NO LU AFET VE ACİL DURUM TOPLANMA ALANI","BOYLAM":27.155584203067001,"YOL":"303/2 Sk.","Area":null},"geometry":{"type":"Point","coordinates":[27.155584203067001,38.384486776815997]}},
{"type":"Feature","properties":{"ILCE":"ÖDEMİŞ","KAPINO":null,"ENLEM":38.225787573161,"ACIKLAMA":"3524-077-01","ILCEID":998,"MAHALLE":"SEKİKÖY","MAHALLEID":null,"ADI":"1 NO LU AFET VE ACİL DURUM TOPLANMA ALANI","BOYLAM":27.853255727779999,"YOL":"SEKİKÖY KümeEvleri","Area":null},"geometry":{"type":"Point","coordinates":[27.853255727779999,38.225787573161]}},
{"type":"Feature","properties":{"ILCE":"TİRE","KAPINO":null,"ENLEM":38.089452341973001,"ACIKLAMA":"3527-049-01","ILCEID":997,"MAHALLE":"İPEKÇİLER","MAHALLEID":null,"ADI":"1 NO LU AFET VE ACİL DURUM TOPLANMA ALANI","BOYLAM":27.738926001747,"YOL":"CELAL BAYAR","Area":null},"geometry":{"type":"Point","coordinates":[27.738926001747,38.089452341973001]}},
{"type":"Feature","properties":{"ILCE":"SELÇUK","KAPINO":null,"ENLEM":38.012543031485997,"ACIKLAMA":"3526-004-01","ILCEID":10,"MAHALLE":"BARUTÇU","MAHALLEID":null,"ADI":"1 NO LU AFET VE ACİL DURUM TOPLANMA ALANI","BOYLAM":27.326773260833999,"YOL":"105 Sk.","Area":null},"geometry":{"type":"Point","coordinates":[27.326773260833999,38.012543031485997]}},
{"type":"Feature","properties":{"ILCE":"KARABURUN","KAPINO":null,"ENLEM":38.564350788376998,"ACIKLAMA":"3515-008-01","ILCEID":1000,"MAHALLE":"KÜÇÜKBAHÇE","MAHALLEID":null,"ADI":"1 NO LU AFET VE ACİL DURUM TOPLANMA ALANI","BOYLAM":26.373713121346,"YOL":"KÜÇÜKBAHÇE DENİZGİREN KümeEvleri","Area":null},"geometry":{"type":"Point","coordinates":[26.373713121346,38.564350788376998]}},
{"type":"Feature","properties":{"ILCE":"KARABAĞLAR","KAPINO":null,"ENLEM":38.371357715323001,"ACIKLAMA":"3531-017-01","ILCEID":19,"MAHALLE":"DEVRİM","MAHALLEID":null,"ADI":"1 NO LU AFET VE ACİL DURUM TOPLANMA ALANI","BOYLAM":27.110770100911999,"YOL":"3771/5 Sk.","Area":null},"geometry":{"type":"Point","coordinates":[27.110770100911999,38.371357715323001]}},
{"type":"Feature","properties":{"ILCE":"KARABAĞLAR","KAPINO":null,"ENLEM":38.394535799010001,"ACIKLAMA":"3531-053-01","ILCEID":19,"MAHALLE":"ÜÇKUYULAR","MAHALLEID":null,"ADI":"1 NO LU AFET VE ACİL DURUM TOPLANMA ALANI","BOYLAM":27.072908188277001,"YOL":"12/1 Sk.","Area":null},"geometry":{"type":"Point","coordinates":[27.072908188277001,38.394535799010001]}},
{"type":"Feature","properties":{"ILCE":"BERGAMA","KAPINO":null,"ENLEM":39.301235834935,"ACIKLAMA":"3505-082-01","ILCEID":999,"MAHALLE":"KIRANLI","MAHALLEID":null,"ADI":"1 NO LU AFET VE ACİL DURUM TOPLANMA ALANI","BOYLAM":27.158114616228001,"YOL":"KIRANLI KümeEvleri","Area":null},"geometry":{"type":"Point","coordinates":[27.158114616228001,39.301235834935]}},
{"type":"Feature","properties":{"ILCE":"KİRAZ","KAPINO":null,"ENLEM":38.121877338018002,"ACIKLAMA":"3519-049-01","ILCEID":994,"MAHALLE":"UMURLU","MAHALLEID":null,"ADI":"1 NO LU AFET VE ACİL DURUM TOPLANMA ALANI","BOYLAM":28.436386771199999,"YOL":"UMURLU KümeEvleri","Area":null},"geometry":{"type":"Point","coordinates":[28.436386771199999,38.121877338018002]}},
{"type":"Feature","properties":{"ILCE":"URLA","KAPINO":null,"ENLEM":38.3090103097,"ACIKLAMA":"3529-014-01","ILCEID":18,"MAHALLE":"İÇMELER","MAHALLEID":null,"ADI":"1 NO LU AFET VE ACİL DURUM TOPLANMA ALANI","BOYLAM":26.682251917472001,"YOL":"1050 Sk.","Area":null},"geometry":{"type":"Point","coordinates":[26.682251917472001,38.3090103097]}},
{"type":"Feature","properties":{"ILCE":"URLA","KAPINO":null,"ENLEM":38.343091364281001,"ACIKLAMA":"3529-016-01","ILCEID":18,"MAHALLE":"KADIOVACIK","MAHALLEID":null,"ADI":"1 NO LU AFET VE ACİL DURUM TOPLANMA ALANI","BOYLAM":26.552299482125999,"YOL":"KEMAL TUĞRUL Cd.","Area":null},"geometry":{"type":"Point","coordinates":[26.552299482125999,38.343091364281001]}},
{"type":"Feature","properties":{"ILCE":"TİRE","KAPINO":null,"ENLEM":38.020237344587997,"ACIKLAMA":"3527-017-01","ILCEID":997,"MAHALLE":"BÜYÜKKÖMÜRCÜ","MAHALLEID":null,"ADI":"1 NO LU AFET VE ACİL DURUM TOPLANMA ALANI","BOYLAM":27.759347001679998,"YOL":"BÜYÜKKÖMÜRCÜ CUMHURİYET KümeEvleri","Area":null},"geometry":{"type":"Point","coordinates":[27.759347001679998,38.020237344587997]}},
{"type":"Feature","properties":{"ILCE":"TİRE","KAPINO":null,"ENLEM":38.08796525588,"ACIKLAMA":"3527-023-01","ILCEID":997,"MAHALLE":"ÇOBANKÖY","MAHALLEID":null,"ADI":"1 NO LU AFET VE ACİL DURUM TOPLANMA ALANI","BOYLAM":27.890794602092999,"YOL":"ÇOBAN MERKEZ KümeEvleri","Area":null},"geometry":{"type":"Point","coordinates":[27.890794602092999,38.08796525588]}},
{"type":"Feature","properties":{"ILCE":"KARABAĞLAR","KAPINO":null,"ENLEM":38.390735013602999,"ACIKLAMA":"3531-026-01","ILCEID":19,"MAHALLE":"GÜLYAKA","MAHALLEID":null,"ADI":"1 NO LU AFET VE ACİL DURUM TOPLANMA ALANI","BOYLAM":27.122603915172999,"YOL":"2992 Sk.","Area":null},"geometry":{"type":"Point","coordinates":[27.122603915172999,38.390735013602999]}},
{"type":"Feature","properties":{"ILCE":"KARŞIYAKA","KAPINO":null,"ENLEM":38.491717157766999,"ACIKLAMA":"3516-018-01","ILCEID":20,"MAHALLE":"MUSTAFA KEMAL","MAHALLEID":null,"ADI":"1 NO LU AFET VE ACİL DURUM TOPLANMA ALANI","BOYLAM":27.091382986119001,"YOL":"ŞEHİT PİLOT ÜSTEĞMEN OSMAN ONUR ÖZKAYA Cd.","Area":null},"geometry":{"type":"Point","coordinates":[27.091382986119001,38.491717157766999]}},
{"type":"Feature","properties":{"ILCE":"TORBALI","KAPINO":null,"ENLEM":38.149808484203,"ACIKLAMA":"3528-051-01","ILCEID":9,"MAHALLE":"TEPEKÖY","MAHALLEID":null,"ADI":"1 NO LU AFET VE ACİL DURUM TOPLANMA ALANI","BOYLAM":27.361598665603001,"YOL":"TEPEKÖY ATATÜRK Myd.","Area":null},"geometry":{"type":"Point","coordinates":[27.361598665603001,38.149808484203]}},
{"type":"Feature","properties":{"ILCE":"TİRE","KAPINO":null,"ENLEM":38.122347386172997,"ACIKLAMA":"3527-039-01","ILCEID":997,"MAHALLE":"GÖKÇEN","MAHALLEID":null,"ADI":"1 NO LU AFET VE ACİL DURUM TOPLANMA ALANI","BOYLAM":27.868383465362999,"YOL":"GAZİ ATATÜRK Cd.","Area":null},"geometry":{"type":"Point","coordinates":[27.868383465362999,38.122347386172997]}},
{"type":"Feature","properties":{"ILCE":"KEMALPAŞA","KAPINO":null,"ENLEM":38.384133854232999,"ACIKLAMA":"3517-033-01","ILCEID":6,"MAHALLE":"NAZARKÖY","MAHALLEID":null,"ADI":"1 NO LU AFET VE ACİL DURUM TOPLANMA ALANI","BOYLAM":27.443072661011001,"YOL":"SAVANDA KURUDERE YOLU KümeEvleri","Area":null},"geometry":{"type":"Point","coordinates":[27.443072661011001,38.384133854232999]}},
{"type":"Feature","properties":{"ILCE":"KONAK","KAPINO":null,"ENLEM":38.413932187819,"ACIKLAMA":"3520-036-01","ILCEID":21,"MAHALLE":"FERAHLI","MAHALLEID":null,"ADI":"1 NO LU AFET VE ACİL DURUM TOPLANMA ALANI","BOYLAM":27.161506441456002,"YOL":"1163 Sk.","Area":null},"geometry":{"type":"Point","coordinates":[27.161506441456002,38.413932187819]}},
{"type":"Feature","properties":{"ILCE":"KARŞIYAKA","KAPINO":null,"ENLEM":38.461463408714998,"ACIKLAMA":"3516-004-01","ILCEID":20,"MAHALLE":"BAHARİYE","MAHALLEID":null,"ADI":"1 NO LU AFET VE ACİL DURUM TOPLANMA ALANI","BOYLAM":27.117057014675002,"YOL":"HİDAYET ERZEYBEK Cd.","Area":null},"geometry":{"type":"Point","coordinates":[27.117057014675002,38.461463408714998]}},
{"type":"Feature","properties":{"ILCE":"TORBALI","KAPINO":null,"ENLEM":38.171893540004,"ACIKLAMA":"3528-050-01","ILCEID":9,"MAHALLE":"TAŞKESİK","MAHALLEID":null,"ADI":"1 NO LU AFET VE ACİL DURUM TOPLANMA ALANI","BOYLAM":27.445218757283001,"YOL":"6370 Sk.","Area":null},"geometry":{"type":"Point","coordinates":[27.445218757283001,38.171893540004]}},
{"type":"Feature","properties":{"ILCE":"TORBALI","KAPINO":null,"ENLEM":38.249045633362002,"ACIKLAMA":"3528-017-01","ILCEID":9,"MAHALLE":"DAĞTEKE","MAHALLEID":null,"ADI":"1 NO LU AFET VE ACİL DURUM TOPLANMA ALANI","BOYLAM":27.509333837362,"YOL":"6233 Sk.","Area":null},"geometry":{"type":"Point","coordinates":[27.509333837362,38.249045633362002]}},
{"type":"Feature","properties":{"ILCE":"KARABAĞLAR","KAPINO":null,"ENLEM":38.392072066292002,"ACIKLAMA":"3531-024-01","ILCEID":19,"MAHALLE":"GENERAL ASIM GÜNDÜZ","MAHALLEID":null,"ADI":"1 NO LU AFET VE ACİL DURUM TOPLANMA ALANI","BOYLAM":27.131755564374998,"YOL":"5716 Sk.","Area":null},"geometry":{"type":"Point","coordinates":[27.131755564374998,38.392072066292002]}},
{"type":"Feature","properties":{"ILCE":"BERGAMA","KAPINO":null,"ENLEM":39.285891447125003,"ACIKLAMA":"3505-096-01","ILCEID":999,"MAHALLE":"OKÇULAR","MAHALLEID":null,"ADI":"1 NO LU AFET VE ACİL DURUM TOPLANMA ALANI","BOYLAM":26.966241055413999,"YOL":"OKÇULAR KümeEvleri","Area":null},"geometry":{"type":"Point","coordinates":[26.966241055413999,39.285891447125003]}},
{"type":"Feature","properties":{"ILCE":"BERGAMA","KAPINO":null,"ENLEM":38.935620284659002,"ACIKLAMA":"3505-085-01","ILCEID":999,"MAHALLE":"KOCAHALİLLER","MAHALLEID":null,"ADI":"1 NO LU AFET VE ACİL DURUM TOPLANMA ALANI","BOYLAM":27.285358633232001,"YOL":"KOCAHALİLLER KümeEvleri","Area":null},"geometry":{"type":"Point","coordinates":[27.285358633232001,38.935620284659002]}},
{"type":"Feature","properties":{"ILCE":"BERGAMA","KAPINO":null,"ENLEM":39.191627458227003,"ACIKLAMA":"3505-048-01","ILCEID":999,"MAHALLE":"FERİZLER","MAHALLEID":null,"ADI":"1 NO LU AFET VE ACİL DURUM TOPLANMA ALANI","BOYLAM":27.297074027943001,"YOL":"FERİZLER KümeEvleri","Area":null},"geometry":{"type":"Point","coordinates":[27.297074027943001,39.191627458227003]}},
{"type":"Feature","properties":{"ILCE":"KONAK","KAPINO":null,"ENLEM":38.400816855991003,"ACIKLAMA":"3520-038-01","ILCEID":21,"MAHALLE":"GÖZTEPE","MAHALLEID":null,"ADI":"1 NO LU AFET VE ACİL DURUM TOPLANMA ALANI","BOYLAM":27.093829303435001,"YOL":"103/1 Sk.","Area":null},"geometry":{"type":"Point","coordinates":[27.093829303435001,38.400816855991003]}},
{"type":"Feature","properties":{"ILCE":"BEYDAĞ","KAPINO":null,"ENLEM":38.103441191073998,"ACIKLAMA":"3506-024-01","ILCEID":993,"MAHALLE":"YUKARIAKTEPE","MAHALLEID":null,"ADI":"1 NO LU AFET VE ACİL DURUM TOPLANMA ALANI","BOYLAM":28.261035517711999,"YOL":"EKİN KümeEvleri","Area":null},"geometry":{"type":"Point","coordinates":[28.261035517711999,38.103441191073998]}},
{"type":"Feature","properties":{"ILCE":"BEYDAĞ","KAPINO":null,"ENLEM":38.108709120374002,"ACIKLAMA":"3506-023-01","ILCEID":993,"MAHALLE":"YEŞİLTEPE","MAHALLEID":null,"ADI":"1 NO LU AFET VE ACİL DURUM TOPLANMA ALANI","BOYLAM":28.291719836129001,"YOL":"DERİN KümeEvleri","Area":null},"geometry":{"type":"Point","coordinates":[28.291719836129001,38.108709120374002]}},
{"type":"Feature","properties":{"ILCE":"KARABAĞLAR","KAPINO":null,"ENLEM":38.396730430664,"ACIKLAMA":"3531-022-01","ILCEID":19,"MAHALLE":"FAHRETTİN ALTAY","MAHALLEID":null,"ADI":"1 NO LU AFET VE ACİL DURUM TOPLANMA ALANI","BOYLAM":27.064539734204001,"YOL":"MİTHATPAŞA Cd.","Area":null},"geometry":{"type":"Point","coordinates":[27.064539734204001,38.396730430664]}},
{"type":"Feature","properties":{"ILCE":"DİKİLİ","KAPINO":null,"ENLEM":39.002118337219002,"ACIKLAMA":"3511-008-01","ILCEID":995,"MAHALLE":"DEMİRTAŞ","MAHALLEID":null,"ADI":"1 NO LU AFET VE ACİL DURUM TOPLANMA ALANI","BOYLAM":26.944483591325,"YOL":"DEMİRTAŞ VATAN Cd.","Area":null},"geometry":{"type":"Point","coordinates":[26.944483591325,39.002118337219002]}},
{"type":"Feature","properties":{"ILCE":"BERGAMA","KAPINO":null,"ENLEM":39.098768276685,"ACIKLAMA":"3505-103-01","ILCEID":999,"MAHALLE":"PINARKÖY","MAHALLEID":null,"ADI":"1 NO LU AFET VE ACİL DURUM TOPLANMA ALANI","BOYLAM":27.053058715176999,"YOL":"TEPE KümeEvleri","Area":null},"geometry":{"type":"Point","coordinates":[27.053058715176999,39.098768276685]}},
{"type":"Feature","properties":{"ILCE":"BERGAMA","KAPINO":null,"ENLEM":39.269016121119002,"ACIKLAMA":"3505-094-01","ILCEID":999,"MAHALLE":"MURATLAR","MAHALLEID":null,"ADI":"1 NO LU AFET VE ACİL DURUM TOPLANMA ALANI","BOYLAM":27.450280943508002,"YOL":"MURATLAR KümeEvleri","Area":null},"geometry":{"type":"Point","coordinates":[27.450280943508002,39.269016121119002]}},
{"type":"Feature","properties":{"ILCE":"BERGAMA","KAPINO":null,"ENLEM":39.304689560009002,"ACIKLAMA":"3505-037-01","ILCEID":999,"MAHALLE":"ÇOBANLAR","MAHALLEID":null,"ADI":"1 NO LU AFET VE ACİL DURUM TOPLANMA ALANI","BOYLAM":27.240683339016002,"YOL":"ÇOBANLAR KümeEvleri","Area":null},"geometry":{"type":"Point","coordinates":[27.240683339016002,39.304689560009002]}},
{"type":"Feature","properties":{"ILCE":"BERGAMA","KAPINO":null,"ENLEM":39.121445283123997,"ACIKLAMA":"3505-069-01","ILCEID":999,"MAHALLE":"İSLAMSARAY","MAHALLEID":null,"ADI":"1 NO LU AFET VE ACİL DURUM TOPLANMA ALANI","BOYLAM":27.185215841491001,"YOL":"KINIK Cd.","Area":null},"geometry":{"type":"Point","coordinates":[27.185215841491001,39.121445283123997]}},
{"type":"Feature","properties":{"ILCE":"BERGAMA","KAPINO":null,"ENLEM":39.196150787424003,"ACIKLAMA":"3505-042-01","ILCEID":999,"MAHALLE":"DOĞANCI","MAHALLEID":null,"ADI":"1 NO LU AFET VE ACİL DURUM TOPLANMA ALANI","BOYLAM":27.301193873487001,"YOL":"DOĞANCI MERKEZ KümeEvleri","Area":null},"geometry":{"type":"Point","coordinates":[27.301193873487001,39.196150787424003]}},
{"type":"Feature","properties":{"ILCE":"TİRE","KAPINO":null,"ENLEM":38.099125548228002,"ACIKLAMA":"3527-072-01","ILCEID":997,"MAHALLE":"PEŞREFLİ","MAHALLEID":null,"ADI":"1 NO LU AFET VE ACİL DURUM TOPLANMA ALANI","BOYLAM":27.852166944754,"YOL":"DERYA Sk.","Area":null},"geometry":{"type":"Point","coordinates":[27.852166944754,38.099125548228002]}},
{"type":"Feature","properties":{"ILCE":"KONAK","KAPINO":null,"ENLEM":38.405575676364002,"ACIKLAMA":"3520-067-01","ILCEID":21,"MAHALLE":"LALE","MAHALLEID":null,"ADI":"1 NO LU AFET VE ACİL DURUM TOPLANMA ALANI","BOYLAM":27.150659656377002,"YOL":"3589/1 Sk.","Area":null},"geometry":{"type":"Point","coordinates":[27.150659656377002,38.405575676364002]}},
{"type":"Feature","properties":{"ILCE":"KONAK","KAPINO":null,"ENLEM":38.429852239242997,"ACIKLAMA":"3520-066-01","ILCEID":21,"MAHALLE":"KÜLTÜR","MAHALLEID":null,"ADI":"1 NO LU AFET VE ACİL DURUM TOPLANMA ALANI","BOYLAM":27.141035897434001,"YOL":"VASIF ÇINAR Blv.","Area":null},"geometry":{"type":"Point","coordinates":[27.141035897434001,38.429852239242997]}},
{"type":"Feature","properties":{"ILCE":"KEMALPAŞA","KAPINO":null,"ENLEM":38.416521833620997,"ACIKLAMA":"3517-039-01","ILCEID":6,"MAHALLE":"SİNANCILAR","MAHALLEID":null,"ADI":"1 NO LU AFET VE ACİL DURUM TOPLANMA ALANI","BOYLAM":27.663656384277999,"YOL":"SİNANCILAR KÖY YOLU KümeEvleri","Area":null},"geometry":{"type":"Point","coordinates":[27.663656384277999,38.416521833620997]}},
{"type":"Feature","properties":{"ILCE":"KİRAZ","KAPINO":null,"ENLEM":38.224574333771997,"ACIKLAMA":"3519-003-01","ILCEID":994,"MAHALLE":"ALTINOLUK","MAHALLEID":null,"ADI":"1 NO LU AFET VE ACİL DURUM TOPLANMA ALANI","BOYLAM":28.355019514197998,"YOL":"ALTINOLUK KümeEvleri","Area":null},"geometry":{"type":"Point","coordinates":[28.355019514197998,38.224574333771997]}},
{"type":"Feature","properties":{"ILCE":"BUCA","KAPINO":null,"ENLEM":38.356543840387999,"ACIKLAMA":"3508-001-01","ILCEID":8,"MAHALLE":"29 EKİM","MAHALLEID":null,"ADI":"1 NO LU AFET VE ACİL DURUM TOPLANMA ALANI","BOYLAM":27.234161852530999,"YOL":"ATATÜRK Cd.","Area":null},"geometry":{"type":"Point","coordinates":[27.234161852530999,38.356543840387999]}},
{"type":"Feature","properties":{"ILCE":"KINIK","KAPINO":null,"ENLEM":39.086265678672,"ACIKLAMA":"3518-035-01","ILCEID":996,"MAHALLE":"YAYAKENT","MAHALLEID":null,"ADI":"1 NO LU AFET VE ACİL DURUM TOPLANMA ALANI","BOYLAM":27.307915645356001,"YOL":"YAYAKENT CUMHURİYET Myd.","Area":null},"geometry":{"type":"Point","coordinates":[27.307915645356001,39.086265678672]}},
{"type":"Feature","properties":{"ILCE":"TORBALI","KAPINO":null,"ENLEM":38.158633154701,"ACIKLAMA":"3528-056-01","ILCEID":9,"MAHALLE":"YEDİ EYLÜL","MAHALLEID":null,"ADI":"1 NO LU AFET VE ACİL DURUM TOPLANMA ALANI","BOYLAM":27.363722950221,"YOL":"AYDIN Cd.","Area":null},"geometry":{"type":"Point","coordinates":[27.363722950221,38.158633154701]}},
{"type":"Feature","properties":{"ILCE":"URLA","KAPINO":null,"ENLEM":38.352942448485997,"ACIKLAMA":"3529-002-01","ILCEID":18,"MAHALLE":"ATATÜRK","MAHALLEID":null,"ADI":"1 NO LU AFET VE ACİL DURUM TOPLANMA ALANI","BOYLAM":26.780076874923999,"YOL":"2172 Sk.","Area":null},"geometry":{"type":"Point","coordinates":[26.780076874923999,38.352942448485997]}},
{"type":"Feature","properties":{"ILCE":"KEMALPAŞA","KAPINO":null,"ENLEM":38.422540160696997,"ACIKLAMA":"3517-040-01","ILCEID":6,"MAHALLE":"SOĞUKPINAR","MAHALLEID":null,"ADI":"1 NO LU AFET VE ACİL DURUM TOPLANMA ALANI","BOYLAM":27.430713041358,"YOL":"256 Sk.","Area":null},"geometry":{"type":"Point","coordinates":[27.430713041358,38.422540160696997]}},
{"type":"Feature","properties":{"ILCE":"KEMALPAŞA","KAPINO":null,"ENLEM":38.427473979292003,"ACIKLAMA":"3517-007-01","ILCEID":6,"MAHALLE":"ATATÜRK","MAHALLEID":null,"ADI":"1 NO LU AFET VE ACİL DURUM TOPLANMA ALANI","BOYLAM":27.416229176666999,"YOL":"ATATÜRK Blv.","Area":null},"geometry":{"type":"Point","coordinates":[27.416229176666999,38.427473979292003]}},
{"type":"Feature","properties":{"ILCE":"BERGAMA","KAPINO":null,"ENLEM":39.078183112308999,"ACIKLAMA":"3505-112-01","ILCEID":999,"MAHALLE":"SİNDEL","MAHALLEID":null,"ADI":"1 NO LU AFET VE ACİL DURUM TOPLANMA ALANI","BOYLAM":27.199656860464,"YOL":"SİNDEL KümeEvleri","Area":null},"geometry":{"type":"Point","coordinates":[27.199656860464,39.078183112308999]}},
{"type":"Feature","properties":{"ILCE":"BERGAMA","KAPINO":null,"ENLEM":39.016857809596999,"ACIKLAMA":"3505-109-01","ILCEID":999,"MAHALLE":"SARIDERE","MAHALLEID":null,"ADI":"1 NO LU AFET VE ACİL DURUM TOPLANMA ALANI","BOYLAM":27.096703553922001,"YOL":"SARIDERE","Area":null},"geometry":{"type":"Point","coordinates":[27.096703553922001,39.016857809596999]}},
{"type":"Feature","properties":{"ILCE":"BUCA","KAPINO":null,"ENLEM":38.379726614752002,"ACIKLAMA":"3508-038-01","ILCEID":8,"MAHALLE":"SEYHAN","MAHALLEID":null,"ADI":"1 NO LU AFET VE ACİL DURUM TOPLANMA ALANI","BOYLAM":27.143010078025,"YOL":"605 Sk.","Area":null},"geometry":{"type":"Point","coordinates":[27.143010078025,38.379726614752002]}},
{"type":"Feature","properties":{"ILCE":"BUCA","KAPINO":null,"ENLEM":38.395502878590001,"ACIKLAMA":"3508-047-01","ILCEID":8,"MAHALLE":"YİĞİTLER","MAHALLEID":null,"ADI":"1 NO LU AFET VE ACİL DURUM TOPLANMA ALANI","BOYLAM":27.153138022113001,"YOL":"368/2 Sk.","Area":null},"geometry":{"type":"Point","coordinates":[27.153138022113001,38.395502878590001]}},
{"type":"Feature","properties":{"ILCE":"KINIK","KAPINO":null,"ENLEM":39.085399674479,"ACIKLAMA":"3518-034-01","ILCEID":996,"MAHALLE":"AŞAĞI","MAHALLEID":null,"ADI":"1 NO LU AFET VE ACİL DURUM TOPLANMA ALANI","BOYLAM":27.382893756904,"YOL":"GAZİ PAŞA Cd.","Area":null},"geometry":{"type":"Point","coordinates":[27.382893756904,39.085399674479]}},
{"type":"Feature","properties":{"ILCE":"TİRE","KAPINO":null,"ENLEM":38.087190392750003,"ACIKLAMA":"3527-014-01","ILCEID":997,"MAHALLE":"BOYNUYOĞUN","MAHALLEID":null,"ADI":"1 NO LU AFET VE ACİL DURUM TOPLANMA ALANI","BOYLAM":27.783336458482999,"YOL":"1. CUMHURİYET Sk.","Area":null},"geometry":{"type":"Point","coordinates":[27.783336458482999,38.087190392750003]}},
{"type":"Feature","properties":{"ILCE":"BERGAMA","KAPINO":null,"ENLEM":39.297117939106997,"ACIKLAMA":"3505-119-01","ILCEID":999,"MAHALLE":"TIRMANLAR","MAHALLEID":null,"ADI":"1 NO LU AFET VE ACİL DURUM TOPLANMA ALANI","BOYLAM":27.277075390507001,"YOL":"TIRMANLAR","Area":null},"geometry":{"type":"Point","coordinates":[27.277075390507001,39.297117939106997]}},
{"type":"Feature","properties":{"ILCE":"TORBALI","KAPINO":null,"ENLEM":38.243509611141,"ACIKLAMA":"3528-028-01","ILCEID":9,"MAHALLE":"İSTİKLAL","MAHALLEID":null,"ADI":"1 NO LU AFET VE ACİL DURUM TOPLANMA ALANI","BOYLAM":27.319895737921001,"YOL":"ORKİDE Sk.","Area":null},"geometry":{"type":"Point","coordinates":[27.319895737921001,38.243509611141]}},
{"type":"Feature","properties":{"ILCE":"KEMALPAŞA","KAPINO":null,"ENLEM":38.327361463043999,"ACIKLAMA":"3517-019-01","ILCEID":6,"MAHALLE":"GÖKYAKA","MAHALLEID":null,"ADI":"1 NO LU AFET VE ACİL DURUM TOPLANMA ALANI","BOYLAM":27.461783749,"YOL":"GÖKYAKA YOLU KümeEvleri","Area":null},"geometry":{"type":"Point","coordinates":[27.461783749,38.327361463043999]}},
{"type":"Feature","properties":{"ILCE":"KONAK","KAPINO":null,"ENLEM":38.429793418644998,"ACIKLAMA":"3520-055-01","ILCEID":21,"MAHALLE":"KAHRAMANLAR","MAHALLEID":null,"ADI":"1 NO LU AFET VE ACİL DURUM TOPLANMA ALANI","BOYLAM":27.152183102654998,"YOL":"NEVZAT GÜZELIRMAK Sk.","Area":null},"geometry":{"type":"Point","coordinates":[27.152183102654998,38.429793418644998]}},
{"type":"Feature","properties":{"ILCE":"KİRAZ","KAPINO":null,"ENLEM":38.295338600544,"ACIKLAMA":"3519-017-01","ILCEID":994,"MAHALLE":"DOKUZLAR","MAHALLEID":null,"ADI":"1 NO LU AFET VE ACİL DURUM TOPLANMA ALANI","BOYLAM":28.147825111433001,"YOL":"DOKUZLAR KümeEvleri","Area":null},"geometry":{"type":"Point","coordinates":[28.147825111433001,38.295338600544]}},
{"type":"Feature","properties":{"ILCE":"KONAK","KAPINO":null,"ENLEM":38.422976940170003,"ACIKLAMA":"3520-006-01","ILCEID":21,"MAHALLE":"AKDENİZ","MAHALLEID":null,"ADI":"1 NO LU AFET VE ACİL DURUM TOPLANMA ALANI","BOYLAM":27.134888316636999,"YOL":"NECATİBEY Blv.","Area":null},"geometry":{"type":"Point","coordinates":[27.134888316636999,38.422976940170003]}},
{"type":"Feature","properties":{"ILCE":"KONAK","KAPINO":null,"ENLEM":38.398058974354001,"ACIKLAMA":"3520-043-01","ILCEID":21,"MAHALLE":"GÜZELYALI","MAHALLEID":null,"ADI":"1 NO LU AFET VE ACİL DURUM TOPLANMA ALANI","BOYLAM":27.083250728587998,"YOL":"MİTHATPAŞA Cd.","Area":null},"geometry":{"type":"Point","coordinates":[27.083250728587998,38.398058974354001]}},
{"type":"Feature","properties":{"ILCE":"KINIK","KAPINO":null,"ENLEM":39.109342182835,"ACIKLAMA":"3518-004-01","ILCEID":996,"MAHALLE":"AZİZİYE","MAHALLEID":null,"ADI":"1 NO LU AFET VE ACİL DURUM TOPLANMA ALANI","BOYLAM":27.485003582455999,"YOL":"DEDELİ Sk.","Area":null},"geometry":{"type":"Point","coordinates":[27.485003582455999,39.109342182835]}},
{"type":"Feature","properties":{"ILCE":"KARŞIYAKA","KAPINO":null,"ENLEM":38.471174203060997,"ACIKLAMA":"3516-010-01","ILCEID":20,"MAHALLE":"DEMİRKÖPRÜ","MAHALLEID":null,"ADI":"1 NO LU AFET VE ACİL DURUM TOPLANMA ALANI","BOYLAM":27.099354506727,"YOL":"ORDU Blv.","Area":null},"geometry":{"type":"Point","coordinates":[27.099354506727,38.471174203060997]}},
{"type":"Feature","properties":{"ILCE":"KARŞIYAKA","KAPINO":null,"ENLEM":38.474769215961999,"ACIKLAMA":"3516-022-01","ILCEID":20,"MAHALLE":"ŞEMİKLER","MAHALLEID":null,"ADI":"1 NO LU AFET VE ACİL DURUM TOPLANMA ALANI","BOYLAM":27.091468845316999,"YOL":"6294 Sk.","Area":null},"geometry":{"type":"Point","coordinates":[27.091468845316999,38.474769215961999]}},
{"type":"Feature","properties":{"ILCE":"DİKİLİ","KAPINO":null,"ENLEM":39.032260492813002,"ACIKLAMA":"3511-028-01","ILCEID":995,"MAHALLE":"YAHŞİBEY","MAHALLEID":null,"ADI":"1 NO LU AFET VE ACİL DURUM TOPLANMA ALANI","BOYLAM":26.840371416499,"YOL":"YAHŞİBEY 5 Sk.","Area":null},"geometry":{"type":"Point","coordinates":[26.840371416499,39.032260492813002]}},
{"type":"Feature","properties":{"ILCE":"ÇİĞLİ","KAPINO":null,"ENLEM":38.494236318365999,"ACIKLAMA":"3510-022-01","ILCEID":16,"MAHALLE":"ŞİRİNTEPE","MAHALLEID":null,"ADI":"1 NO LU AFET VE ACİL DURUM TOPLANMA ALANI","BOYLAM":27.077392649115001,"YOL":"6840 Sk.","Area":null},"geometry":{"type":"Point","coordinates":[27.077392649115001,38.494236318365999]}},
{"type":"Feature","properties":{"ILCE":"TORBALI","KAPINO":null,"ENLEM":38.158616268456001,"ACIKLAMA":"3528-011-01","ILCEID":9,"MAHALLE":"CUMHURİYET","MAHALLEID":null,"ADI":"1 NO LU AFET VE ACİL DURUM TOPLANMA ALANI","BOYLAM":27.349700432203001,"YOL":"3548 Sk.","Area":null},"geometry":{"type":"Point","coordinates":[27.349700432203001,38.158616268456001]}},
{"type":"Feature","properties":{"ILCE":"KEMALPAŞA","KAPINO":null,"ENLEM":38.423321866833,"ACIKLAMA":"3517-031-01","ILCEID":6,"MAHALLE":"SOĞUKPINAR","MAHALLEID":null,"ADI":"1 NO LU AFET VE ACİL DURUM TOPLANMA ALANI","BOYLAM":27.433835115872999,"YOL":"İNÖNÜ Cd.","Area":null},"geometry":{"type":"Point","coordinates":[27.433835115872999,38.423321866833]}},
{"type":"Feature","properties":{"ILCE":"BERGAMA","KAPINO":null,"ENLEM":38.969294337146998,"ACIKLAMA":"3505-099-01","ILCEID":999,"MAHALLE":"ÖKSÜZLER","MAHALLEID":null,"ADI":"1 NO LU AFET VE ACİL DURUM TOPLANMA ALANI","BOYLAM":27.254330932346999,"YOL":"ÖKSÜZLER KümeEvleri","Area":null},"geometry":{"type":"Point","coordinates":[27.254330932346999,38.969294337146998]}},
{"type":"Feature","properties":{"ILCE":"TORBALI","KAPINO":null,"ENLEM":38.239506994503998,"ACIKLAMA":"3528-007-01","ILCEID":9,"MAHALLE":"FEVZİ ÇAKMAK","MAHALLEID":null,"ADI":"1 NO LU AFET VE ACİL DURUM TOPLANMA ALANI","BOYLAM":27.281089739359,"YOL":"BARIŞ MANÇO Cd.","Area":null},"geometry":{"type":"Point","coordinates":[27.281089739359,38.239506994503998]}},
{"type":"Feature","properties":{"ILCE":"BERGAMA","KAPINO":null,"ENLEM":39.221954882677998,"ACIKLAMA":"3505-054-01","ILCEID":999,"MAHALLE":"GÖÇBEYLİ","MAHALLEID":null,"ADI":"1 NO LU AFET VE ACİL DURUM TOPLANMA ALANI","BOYLAM":27.404190163203001,"YOL":"GAZİ ATATÜRK Myd.","Area":null},"geometry":{"type":"Point","coordinates":[27.404190163203001,39.221954882677998]}},
{"type":"Feature","properties":{"ILCE":"BERGAMA","KAPINO":null,"ENLEM":39.318900707422003,"ACIKLAMA":"3505-032-01","ILCEID":999,"MAHALLE":"ÇAMAVLU","MAHALLEID":null,"ADI":"1 NO LU AFET VE ACİL DURUM TOPLANMA ALANI","BOYLAM":27.140691038280998,"YOL":"ÇAMAVLU KümeEvleri","Area":null},"geometry":{"type":"Point","coordinates":[27.140691038280998,39.318900707422003]}},
{"type":"Feature","properties":{"ILCE":"BERGAMA","KAPINO":null,"ENLEM":39.220757807814998,"ACIKLAMA":"3505-091-01","ILCEID":999,"MAHALLE":"MAHMUDİYE","MAHALLEID":null,"ADI":"1 NO LU AFET VE ACİL DURUM TOPLANMA ALANI","BOYLAM":27.219569236426,"YOL":"MAHMUDİYE","Area":null},"geometry":{"type":"Point","coordinates":[27.219569236426,39.220757807814998]}},
{"type":"Feature","properties":{"ILCE":"BUCA","KAPINO":null,"ENLEM":38.300659229083003,"ACIKLAMA":"3508-017-01","ILCEID":8,"MAHALLE":"DOĞANCILAR","MAHALLEID":null,"ADI":"1 NO LU AFET VE ACİL DURUM TOPLANMA ALANI","BOYLAM":27.340591465814999,"YOL":"6003 Sk.","Area":null},"geometry":{"type":"Point","coordinates":[27.340591465814999,38.300659229083003]}},
{"type":"Feature","properties":{"ILCE":"BUCA","KAPINO":null,"ENLEM":38.370836244456001,"ACIKLAMA":"3508-044-01","ILCEID":8,"MAHALLE":"YEŞİLBAĞLAR","MAHALLEID":null,"ADI":"1 NO LU AFET VE ACİL DURUM TOPLANMA ALANI","BOYLAM":27.147312334765001,"YOL":"637/35 Sk.","Area":null},"geometry":{"type":"Point","coordinates":[27.147312334765001,38.370836244456001]}},
{"type":"Feature","properties":{"ILCE":"DİKİLİ","KAPINO":null,"ENLEM":39.027059847388998,"ACIKLAMA":"3511-001-01","ILCEID":995,"MAHALLE":"BADEMLİ","MAHALLEID":null,"ADI":"1 NO LU AFET VE ACİL DURUM TOPLANMA ALANI","BOYLAM":26.821746256832,"YOL":"BADEMLİ 11 Sk.","Area":null},"geometry":{"type":"Point","coordinates":[26.821746256832,39.027059847388998]}},
{"type":"Feature","properties":{"ILCE":"BERGAMA","KAPINO":null,"ENLEM":39.252601409143999,"ACIKLAMA":"3505-034-01","ILCEID":999,"MAHALLE":"ÇAMOBA","MAHALLEID":null,"ADI":"1 NO LU AFET VE ACİL DURUM TOPLANMA ALANI","BOYLAM":27.393976308468002,"YOL":"ÇAMOBA","Area":null},"geometry":{"type":"Point","coordinates":[27.393976308468002,39.252601409143999]}},
{"type":"Feature","properties":{"ILCE":"BAYINDIR","KAPINO":null,"ENLEM":38.321874003628999,"ACIKLAMA":"3504-038-01","ILCEID":7,"MAHALLE":"KIZILKEÇİLİ","MAHALLEID":null,"ADI":"1 NO LU AFET VE ACİL DURUM TOPLANMA ALANI","BOYLAM":27.790771150973001,"YOL":"KIZILKEÇİLİ KümeEvleri","Area":null},"geometry":{"type":"Point","coordinates":[27.790771150973001,38.321874003628999]}},
{"type":"Feature","properties":{"ILCE":"BAYINDIR","KAPINO":null,"ENLEM":38.194764590870001,"ACIKLAMA":"3504-032-01","ILCEID":7,"MAHALLE":"KARAHALİLLİ","MAHALLEID":null,"ADI":"1 NO LU AFET VE ACİL DURUM TOPLANMA ALANI","BOYLAM":27.614990970815001,"YOL":"2.ÇAYIR KümeEvleri","Area":null},"geometry":{"type":"Point","coordinates":[27.614990970815001,38.194764590870001]}},
{"type":"Feature","properties":{"ILCE":"BAYINDIR","KAPINO":null,"ENLEM":38.252685637204003,"ACIKLAMA":"3504-031-01","ILCEID":7,"MAHALLE":"KABAAĞAÇ","MAHALLEID":null,"ADI":"1 NO LU AFET VE ACİL DURUM TOPLANMA ALANI","BOYLAM":27.751632656139002,"YOL":"KABAAĞAÇ KümeEvleri","Area":null},"geometry":{"type":"Point","coordinates":[27.751632656139002,38.252685637204003]}},
{"type":"Feature","properties":{"ILCE":"TİRE","KAPINO":null,"ENLEM":38.097260565120997,"ACIKLAMA":"3527-038-01","ILCEID":997,"MAHALLE":"FATİH","MAHALLEID":null,"ADI":"1 NO LU AFET VE ACİL DURUM TOPLANMA ALANI","BOYLAM":27.722128740201999,"YOL":"SAİM FALAKALI Cd.","Area":null},"geometry":{"type":"Point","coordinates":[27.722128740201999,38.097260565120997]}},
{"type":"Feature","properties":{"ILCE":"TİRE","KAPINO":null,"ENLEM":38.057578483942002,"ACIKLAMA":"3527-024-01","ILCEID":997,"MAHALLE":"ÇUKURKÖY","MAHALLEID":null,"ADI":"1 NO LU AFET VE ACİL DURUM TOPLANMA ALANI","BOYLAM":27.698092304982001,"YOL":"ÇUKURKÖY MERKEZ KümeEvleri","Area":null},"geometry":{"type":"Point","coordinates":[27.698092304982001,38.057578483942002]}},
{"type":"Feature","properties":{"ILCE":"KEMALPAŞA","KAPINO":null,"ENLEM":38.429499512645997,"ACIKLAMA":"3517-013-01","ILCEID":6,"MAHALLE":"ÇINARKÖY","MAHALLEID":null,"ADI":"1 NO LU AFET VE ACİL DURUM TOPLANMA ALANI","BOYLAM":27.401959892335,"YOL":"EŞREFİ RUMİ Cd.","Area":null},"geometry":{"type":"Point","coordinates":[27.401959892335,38.429499512645997]}},
{"type":"Feature","properties":{"ILCE":"TORBALI","KAPINO":null,"ENLEM":38.245405594959998,"ACIKLAMA":"3528-019-01","ILCEID":9,"MAHALLE":"DİRMİL","MAHALLEID":null,"ADI":"1 NO LU AFET VE ACİL DURUM TOPLANMA ALANI","BOYLAM":27.422473621658,"YOL":"GAZİ","Area":null},"geometry":{"type":"Point","coordinates":[27.422473621658,38.245405594959998]}},
{"type":"Feature","properties":{"ILCE":"BAYINDIR","KAPINO":null,"ENLEM":38.165955551419998,"ACIKLAMA":"3504-051-01","ILCEID":7,"MAHALLE":"TOKATBAŞI","MAHALLEID":null,"ADI":"1 NO LU AFET VE ACİL DURUM TOPLANMA ALANI","BOYLAM":27.619067952706001,"YOL":"EĞİTİM Sk.","Area":null},"geometry":{"type":"Point","coordinates":[27.619067952706001,38.165955551419998]}},
{"type":"Feature","properties":{"ILCE":"URLA","KAPINO":null,"ENLEM":38.365430293156003,"ACIKLAMA":"3529-019-01","ILCEID":18,"MAHALLE":"M.FEVZİ ÇAKMAK","MAHALLEID":null,"ADI":"1 NO LU AFET VE ACİL DURUM TOPLANMA ALANI","BOYLAM":26.837864756373001,"YOL":"4108 Sk.","Area":null},"geometry":{"type":"Point","coordinates":[26.837864756373001,38.365430293156003]}},
{"type":"Feature","properties":{"ILCE":"BUCA","KAPINO":null,"ENLEM":38.383662630313999,"ACIKLAMA":"3508-002-01","ILCEID":8,"MAHALLE":"ADATEPE","MAHALLEID":null,"ADI":"1 NO LU AFET VE ACİL DURUM TOPLANMA ALANI","BOYLAM":27.181032876509001,"YOL":"ERDEM Cd.","Area":null},"geometry":{"type":"Point","coordinates":[27.181032876509001,38.383662630313999]}},
{"type":"Feature","properties":{"ILCE":"TİRE","KAPINO":null,"ENLEM":38.033470019470997,"ACIKLAMA":"3527-082-01","ILCEID":997,"MAHALLE":"YAMANDERE","MAHALLEID":null,"ADI":"1 NO LU AFET VE ACİL DURUM TOPLANMA ALANI","BOYLAM":27.817708875061001,"YOL":"NİYAZİ BOZKURT KümeEvleri","Area":null},"geometry":{"type":"Point","coordinates":[27.817708875061001,38.033470019470997]}},
{"type":"Feature","properties":{"ILCE":"TİRE","KAPINO":null,"ENLEM":38.001953272819001,"ACIKLAMA":"3527-034-01","ILCEID":997,"MAHALLE":"DÜNDARLI","MAHALLEID":null,"ADI":"1 NO LU AFET VE ACİL DURUM TOPLANMA ALANI","BOYLAM":27.778193475929999,"YOL":"DÜNDARLI PINAR Sk.","Area":null},"geometry":{"type":"Point","coordinates":[27.778193475929999,38.001953272819001]}},
{"type":"Feature","properties":{"ILCE":"BUCA","KAPINO":null,"ENLEM":38.397100486836997,"ACIKLAMA":"3508-024-01","ILCEID":8,"MAHALLE":"HÜRRİYET","MAHALLEID":null,"ADI":"1 NO LU AFET VE ACİL DURUM TOPLANMA ALANI","BOYLAM":27.145477668706999,"YOL":"489 Sk.","Area":null},"geometry":{"type":"Point","coordinates":[27.145477668706999,38.397100486836997]}},
{"type":"Feature","properties":{"ILCE":"BUCA","KAPINO":null,"ENLEM":38.364418148299997,"ACIKLAMA":"3508-030-01","ILCEID":8,"MAHALLE":"KAYNAKLAR MERKEZ","MAHALLEID":null,"ADI":"1 NO LU AFET VE ACİL DURUM TOPLANMA ALANI","BOYLAM":27.280939331047001,"YOL":"ATATÜRK Cd.","Area":null},"geometry":{"type":"Point","coordinates":[27.280939331047001,38.364418148299997]}},
{"type":"Feature","properties":{"ILCE":"BUCA","KAPINO":null,"ENLEM":38.391769393474,"ACIKLAMA":"3508-021-01","ILCEID":8,"MAHALLE":"GAZİLER","MAHALLEID":null,"ADI":"1 NO LU AFET VE ACİL DURUM TOPLANMA ALANI","BOYLAM":27.181408370305,"YOL":"1084 Sk.","Area":null},"geometry":{"type":"Point","coordinates":[27.181408370305,38.391769393474]}},
{"type":"Feature","properties":{"ILCE":"KINIK","KAPINO":null,"ENLEM":39.027302150517997,"ACIKLAMA":"3518-027-01","ILCEID":996,"MAHALLE":"MISTIKLAR","MAHALLEID":null,"ADI":"1 NO LU AFET VE ACİL DURUM TOPLANMA ALANI","BOYLAM":27.383368603615999,"YOL":"KEMAL ATATÜRK KümeEvleri","Area":null},"geometry":{"type":"Point","coordinates":[27.383368603615999,39.027302150517997]}},
{"type":"Feature","properties":{"ILCE":"KINIK","KAPINO":null,"ENLEM":39.040863309799001,"ACIKLAMA":"3518-025-01","ILCEID":996,"MAHALLE":"KODUKBURUN","MAHALLEID":null,"ADI":"1 NO LU AFET VE ACİL DURUM TOPLANMA ALANI","BOYLAM":27.346063256533998,"YOL":"GODUKLU KümeEvleri","Area":null},"geometry":{"type":"Point","coordinates":[27.346063256533998,39.040863309799001]}},
{"type":"Feature","properties":{"ILCE":"BUCA","KAPINO":null,"ENLEM":38.380079889809998,"ACIKLAMA":"3508-004-01","ILCEID":8,"MAHALLE":"ATATÜRK","MAHALLEID":null,"ADI":"1 NO LU AFET VE ACİL DURUM TOPLANMA ALANI","BOYLAM":27.179208989492999,"YOL":"207 Sk.","Area":null},"geometry":{"type":"Point","coordinates":[27.179208989492999,38.380079889809998]}},
{"type":"Feature","properties":{"ILCE":"ÇEŞME","KAPINO":null,"ENLEM":38.274759150412997,"ACIKLAMA":"3509-017-01","ILCEID":1001,"MAHALLE":"KARAKÖY","MAHALLEID":null,"ADI":"1 NO LU AFET VE ACİL DURUM TOPLANMA ALANI","BOYLAM":26.484552713087002,"YOL":"KARAKÖY GAZİ MUSTAFA KEMAL Cd.","Area":null},"geometry":{"type":"Point","coordinates":[26.484552713087002,38.274759150412997]}},
{"type":"Feature","properties":{"ILCE":"TORBALI","KAPINO":null,"ENLEM":38.166292638157003,"ACIKLAMA":"3528-029-01","ILCEID":9,"MAHALLE":"KAPLANCIK","MAHALLEID":null,"ADI":"1 NO LU AFET VE ACİL DURUM TOPLANMA ALANI","BOYLAM":27.294071685256,"YOL":"6300 Sk.","Area":null},"geometry":{"type":"Point","coordinates":[27.294071685256,38.166292638157003]}},
{"type":"Feature","properties":{"ILCE":"TORBALI","KAPINO":null,"ENLEM":38.137122223967999,"ACIKLAMA":"3528-015-01","ILCEID":9,"MAHALLE":"ÇAYBAŞI","MAHALLEID":null,"ADI":"1 NO LU AFET VE ACİL DURUM TOPLANMA ALANI","BOYLAM":27.377895705774002,"YOL":"MENDERES Cd.","Area":null},"geometry":{"type":"Point","coordinates":[27.377895705774002,38.137122223967999]}},
{"type":"Feature","properties":{"ILCE":"TORBALI","KAPINO":null,"ENLEM":38.245607661209,"ACIKLAMA":"3528-027-01","ILCEID":9,"MAHALLE":"İNÖNÜ","MAHALLEID":null,"ADI":"1 NO LU AFET VE ACİL DURUM TOPLANMA ALANI","BOYLAM":27.265833401123,"YOL":"185/1 Sk.","Area":null},"geometry":{"type":"Point","coordinates":[27.265833401123,38.245607661209]}},
{"type":"Feature","properties":{"ILCE":"TORBALI","KAPINO":null,"ENLEM":38.087431772930998,"ACIKLAMA":"3528-053-01","ILCEID":9,"MAHALLE":"TULUM","MAHALLEID":null,"ADI":"1 NO LU AFET VE ACİL DURUM TOPLANMA ALANI","BOYLAM":27.432001032138,"YOL":"6398 Sk.","Area":null},"geometry":{"type":"Point","coordinates":[27.432001032138,38.087431772930998]}},
{"type":"Feature","properties":{"ILCE":"KARABAĞLAR","KAPINO":null,"ENLEM":38.368691274897998,"ACIKLAMA":"3531-007-01","ILCEID":19,"MAHALLE":"AYDIN","MAHALLEID":null,"ADI":"1 NO LU AFET VE ACİL DURUM TOPLANMA ALANI","BOYLAM":27.134287596501999,"YOL":"4274 Sk.","Area":null},"geometry":{"type":"Point","coordinates":[27.134287596501999,38.368691274897998]}},
{"type":"Feature","properties":{"ILCE":"BERGAMA","KAPINO":null,"ENLEM":38.943998594500997,"ACIKLAMA":"3505-086-01","ILCEID":999,"MAHALLE":"KOCAKÖY","MAHALLEID":null,"ADI":"1 NO LU AFET VE ACİL DURUM TOPLANMA ALANI","BOYLAM":27.295872827343,"YOL":"KOCAKÖY KümeEvleri","Area":null},"geometry":{"type":"Point","coordinates":[27.295872827343,38.943998594500997]}},
{"type":"Feature","properties":{"ILCE":"BUCA","KAPINO":null,"ENLEM":38.286849682576999,"ACIKLAMA":"3508-028-01","ILCEID":8,"MAHALLE":"KARACAAĞAÇ","MAHALLEID":null,"ADI":"1 NO LU AFET VE ACİL DURUM TOPLANMA ALANI","BOYLAM":27.282656063901001,"YOL":"4016 Sk.","Area":null},"geometry":{"type":"Point","coordinates":[27.282656063901001,38.286849682576999]}},
{"type":"Feature","properties":{"ILCE":"TİRE","KAPINO":null,"ENLEM":38.094059361630002,"ACIKLAMA":"3527-007-01","ILCEID":997,"MAHALLE":"ALACALI","MAHALLEID":null,"ADI":"1 NO LU AFET VE ACİL DURUM TOPLANMA ALANI","BOYLAM":27.600290012910001,"YOL":"ALACALI ATATÜRK Sk.","Area":null},"geometry":{"type":"Point","coordinates":[27.600290012910001,38.094059361630002]}},
{"type":"Feature","properties":{"ILCE":"KARŞIYAKA","KAPINO":null,"ENLEM":38.470040230930003,"ACIKLAMA":"3516-009-01","ILCEID":20,"MAHALLE":"DEDEBAŞI","MAHALLEID":null,"ADI":"1 NO LU AFET VE ACİL DURUM TOPLANMA ALANI","BOYLAM":27.107583484982001,"YOL":"6053/4 Sk.","Area":null},"geometry":{"type":"Point","coordinates":[27.107583484982001,38.470040230930003]}},
{"type":"Feature","properties":{"ILCE":"TORBALI","KAPINO":null,"ENLEM":38.110329180927998,"ACIKLAMA":"3528-005-01","ILCEID":9,"MAHALLE":"ATALAN","MAHALLEID":null,"ADI":"1 NO LU AFET VE ACİL DURUM TOPLANMA ALANI","BOYLAM":27.470195459397001,"YOL":"TİRE Cd.","Area":null},"geometry":{"type":"Point","coordinates":[27.470195459397001,38.110329180927998]}},
{"type":"Feature","properties":{"ILCE":"KONAK","KAPINO":null,"ENLEM":38.416302789851997,"ACIKLAMA":"3520-078-01","ILCEID":21,"MAHALLE":"MURAT","MAHALLEID":null,"ADI":"1 NO LU AFET VE ACİL DURUM TOPLANMA ALANI","BOYLAM":27.181118652009001,"YOL":"2499 Sk.","Area":null},"geometry":{"type":"Point","coordinates":[27.181118652009001,38.416302789851997]}},
{"type":"Feature","properties":{"ILCE":"TİRE","KAPINO":null,"ENLEM":38.050974091409003,"ACIKLAMA":"3527-003-01","ILCEID":997,"MAHALLE":"AKÇAŞEHİR","MAHALLEID":null,"ADI":"1 NO LU AFET VE ACİL DURUM TOPLANMA ALANI","BOYLAM":27.631335151056,"YOL":"ÇEŞMELİ Sk.","Area":null},"geometry":{"type":"Point","coordinates":[27.631335151056,38.050974091409003]}},
{"type":"Feature","properties":{"ILCE":"DİKİLİ","KAPINO":null,"ENLEM":39.181980679953,"ACIKLAMA":"3511-024-01","ILCEID":995,"MAHALLE":"SALİHLER","MAHALLEID":null,"ADI":"1 NO LU AFET VE ACİL DURUM TOPLANMA ALANI","BOYLAM":26.849726643392,"YOL":"SALİHLER VATAN Cd.","Area":null},"geometry":{"type":"Point","coordinates":[26.849726643392,39.181980679953]}},
{"type":"Feature","properties":{"ILCE":"BERGAMA","KAPINO":null,"ENLEM":39.273135584240997,"ACIKLAMA":"3505-104-01","ILCEID":999,"MAHALLE":"PİRVELİLER","MAHALLEID":null,"ADI":"1 NO LU AFET VE ACİL DURUM TOPLANMA ALANI","BOYLAM":27.246777343832001,"YOL":"PİREVELİLER KümeEvleri","Area":null},"geometry":{"type":"Point","coordinates":[27.246777343832001,39.273135584240997]}},
{"type":"Feature","properties":{"ILCE":"KEMALPAŞA","KAPINO":null,"ENLEM":38.483185171312002,"ACIKLAMA":"3517-032-01","ILCEID":6,"MAHALLE":"ULUCAK MUSTAFA KEMAL ATATÜRK","MAHALLEID":null,"ADI":"1 NO LU AFET VE ACİL DURUM TOPLANMA ALANI","BOYLAM":27.357338797021999,"YOL":"MUSTAFA İSMET İNÖNÜ Cd.","Area":null},"geometry":{"type":"Point","coordinates":[27.357338797021999,38.483185171312002]}},
{"type":"Feature","properties":{"ILCE":"BERGAMA","KAPINO":null,"ENLEM":39.185241225035,"ACIKLAMA":"3505-027-01","ILCEID":999,"MAHALLE":"BÖLCEK","MAHALLEID":null,"ADI":"1 NO LU AFET VE ACİL DURUM TOPLANMA ALANI","BOYLAM":27.425905285218999,"YOL":"BİLGE","Area":null},"geometry":{"type":"Point","coordinates":[27.425905285218999,39.185241225035]}},
{"type":"Feature","properties":{"ILCE":"KİRAZ","KAPINO":null,"ENLEM":38.23251336573,"ACIKLAMA":"3519-023-01","ILCEID":994,"MAHALLE":"İSTİKLAL","MAHALLEID":null,"ADI":"1 NO LU AFET VE ACİL DURUM TOPLANMA ALANI","BOYLAM":28.208367732764,"YOL":"ŞÜKRÜ HOCA Sk.","Area":null},"geometry":{"type":"Point","coordinates":[28.208367732764,38.23251336573]}},
{"type":"Feature","properties":{"ILCE":"KONAK","KAPINO":null,"ENLEM":38.403978209245999,"ACIKLAMA":"3520-085-01","ILCEID":21,"MAHALLE":"PİRİ REİS","MAHALLEID":null,"ADI":"1 NO LU AFET VE ACİL DURUM TOPLANMA ALANI","BOYLAM":27.114181798488001,"YOL":"285/2 Sk.","Area":null},"geometry":{"type":"Point","coordinates":[27.114181798488001,38.403978209245999]}},
{"type":"Feature","properties":{"ILCE":"KİRAZ","KAPINO":null,"ENLEM":38.282808354838998,"ACIKLAMA":"3519-040-01","ILCEID":994,"MAHALLE":"SARISU","MAHALLEID":null,"ADI":"1 NO LU AFET VE ACİL DURUM TOPLANMA ALANI","BOYLAM":28.316567464439999,"YOL":"SARISU KümeEvleri","Area":null},"geometry":{"type":"Point","coordinates":[28.316567464439999,38.282808354838998]}},
{"type":"Feature","properties":{"ILCE":"KONAK","KAPINO":null,"ENLEM":38.410838561136003,"ACIKLAMA":"3520-087-01","ILCEID":21,"MAHALLE":"SAYGI","MAHALLEID":null,"ADI":"1 NO LU AFET VE ACİL DURUM TOPLANMA ALANI","BOYLAM":27.176151234856999,"YOL":"2657 Sk.","Area":null},"geometry":{"type":"Point","coordinates":[27.176151234856999,38.410838561136003]}},
{"type":"Feature","properties":{"ILCE":"KARABAĞLAR","KAPINO":null,"ENLEM":38.384878854516003,"ACIKLAMA":"3531-050-01","ILCEID":19,"MAHALLE":"UĞUR MUMCU","MAHALLEID":null,"ADI":"1 NO LU AFET VE ACİL DURUM TOPLANMA ALANI","BOYLAM":27.125039358696998,"YOL":"4193 Sk.","Area":null},"geometry":{"type":"Point","coordinates":[27.125039358696998,38.384878854516003]}},
{"type":"Feature","properties":{"ILCE":"KARABAĞLAR","KAPINO":null,"ENLEM":38.377506193921,"ACIKLAMA":"3531-027-01","ILCEID":19,"MAHALLE":"GÜNALTAY","MAHALLEID":null,"ADI":"1 NO LU AFET VE ACİL DURUM TOPLANMA ALANI","BOYLAM":27.112223840523999,"YOL":"4726 Sk.","Area":null},"geometry":{"type":"Point","coordinates":[27.112223840523999,38.377506193921]}},
{"type":"Feature","properties":{"ILCE":"KARABURUN","KAPINO":null,"ENLEM":38.570658977770997,"ACIKLAMA":"3515-013-01","ILCEID":1000,"MAHALLE":"SALMAN","MAHALLEID":null,"ADI":"1 NO LU AFET VE ACİL DURUM TOPLANMA ALANI","BOYLAM":26.368477463375999,"YOL":"SALMAN DENİZGİREN KümeEvleri","Area":null},"geometry":{"type":"Point","coordinates":[26.368477463375999,38.570658977770997]}},
{"type":"Feature","properties":{"ILCE":"KARABURUN","KAPINO":null,"ENLEM":38.550088419863002,"ACIKLAMA":"3515-005-01","ILCEID":1000,"MAHALLE":"İNECİK","MAHALLEID":null,"ADI":"1 NO LU AFET VE ACİL DURUM TOPLANMA ALANI","BOYLAM":26.565329208158001,"YOL":"4001 Sk.","Area":null},"geometry":{"type":"Point","coordinates":[26.565329208158001,38.550088419863002]}},
{"type":"Feature","properties":{"ILCE":"TİRE","KAPINO":null,"ENLEM":38.08898263239,"ACIKLAMA":"3527-085-01","ILCEID":997,"MAHALLE":"YENİ","MAHALLEID":null,"ADI":"1 NO LU AFET VE ACİL DURUM TOPLANMA ALANI","BOYLAM":27.731992526917001,"YOL":"TİRE CUMHURİYET Myd.","Area":null},"geometry":{"type":"Point","coordinates":[27.731992526917001,38.08898263239]}},
{"type":"Feature","properties":{"ILCE":"TİRE","KAPINO":null,"ENLEM":38.124021358847997,"ACIKLAMA":"3527-086-01","ILCEID":997,"MAHALLE":"YENİÇİFTLİK","MAHALLEID":null,"ADI":"1 NO LU AFET VE ACİL DURUM TOPLANMA ALANI","BOYLAM":27.503932092717999,"YOL":"MUSTAFA KEMAL ATATÜRK Sk.","Area":null},"geometry":{"type":"Point","coordinates":[27.503932092717999,38.124021358847997]}},
{"type":"Feature","properties":{"ILCE":"KONAK","KAPINO":null,"ENLEM":38.406012830262,"ACIKLAMA":"3520-013-01","ILCEID":21,"MAHALLE":"KILIÇ REİS","MAHALLEID":null,"ADI":"1 NO LU AFET VE ACİL DURUM TOPLANMA ALANI","BOYLAM":27.120994571941001,"YOL":"İNÖNÜ Cd.","Area":null},"geometry":{"type":"Point","coordinates":[27.120994571941001,38.406012830262]}},
{"type":"Feature","properties":{"ILCE":"BERGAMA","KAPINO":null,"ENLEM":39.031727336505,"ACIKLAMA":"3505-010-01","ILCEID":999,"MAHALLE":"AŞAĞIKIRIKLAR","MAHALLEID":null,"ADI":"1 NO LU AFET VE ACİL DURUM TOPLANMA ALANI","BOYLAM":27.045248278639999,"YOL":"AŞAĞIKIRIKLAR","Area":null},"geometry":{"type":"Point","coordinates":[27.045248278639999,39.031727336505]}},
{"type":"Feature","properties":{"ILCE":"BUCA","KAPINO":null,"ENLEM":38.317294466419,"ACIKLAMA":"3508-031-01","ILCEID":8,"MAHALLE":"KIRKLAR","MAHALLEID":null,"ADI":"1 NO LU AFET VE ACİL DURUM TOPLANMA ALANI","BOYLAM":27.320592988331001,"YOL":"MİMAR SİNAN Myd.","Area":null},"geometry":{"type":"Point","coordinates":[27.320592988331001,38.317294466419]}},
{"type":"Feature","properties":{"ILCE":"BUCA","KAPINO":null,"ENLEM":38.402145363290003,"ACIKLAMA":"3508-012-01","ILCEID":8,"MAHALLE":"ÇALDIRAN","MAHALLEID":null,"ADI":"1 NO LU AFET VE ACİL DURUM TOPLANMA ALANI","BOYLAM":27.149597512688999,"YOL":"433 Sk.","Area":null},"geometry":{"type":"Point","coordinates":[27.149597512688999,38.402145363290003]}},
{"type":"Feature","properties":{"ILCE":"TORBALI","KAPINO":null,"ENLEM":38.159999777487997,"ACIKLAMA":"3528-022-01","ILCEID":9,"MAHALLE":"ERTUĞRUL","MAHALLEID":null,"ADI":"1 NO LU AFET VE ACİL DURUM TOPLANMA ALANI","BOYLAM":27.355204295124999,"YOL":"NECATİ DOĞANOĞLU Sk.","Area":null},"geometry":{"type":"Point","coordinates":[27.355204295124999,38.159999777487997]}},
{"type":"Feature","properties":{"ILCE":"URLA","KAPINO":null,"ENLEM":38.239809516557997,"ACIKLAMA":"3529-036-01","ILCEID":18,"MAHALLE":"ZEYTİNELİ","MAHALLEID":null,"ADI":"1 NO LU AFET VE ACİL DURUM TOPLANMA ALANI","BOYLAM":26.504175719485001,"YOL":"CUMHURİYET Cd.","Area":null},"geometry":{"type":"Point","coordinates":[26.504175719485001,38.239809516557997]}},
{"type":"Feature","properties":{"ILCE":"TORBALI","KAPINO":null,"ENLEM":38.234686795803,"ACIKLAMA":"3528-055-01","ILCEID":9,"MAHALLE":"YAZIBAŞI","MAHALLEID":null,"ADI":"1 NO LU AFET VE ACİL DURUM TOPLANMA ALANI","BOYLAM":27.319820650815998,"YOL":"NAMIK KEMAL Cd.","Area":null},"geometry":{"type":"Point","coordinates":[27.319820650815998,38.234686795803]}},
{"type":"Feature","properties":{"ILCE":"KEMALPAŞA","KAPINO":null,"ENLEM":38.416151988298999,"ACIKLAMA":"3517-050-01","ILCEID":6,"MAHALLE":"ZEAMET","MAHALLEID":null,"ADI":"1 NO LU AFET VE ACİL DURUM TOPLANMA ALANI","BOYLAM":27.691122069416,"YOL":"ZEAMET YOLU KümeEvleri","Area":null},"geometry":{"type":"Point","coordinates":[27.691122069416,38.416151988298999]}},
{"type":"Feature","properties":{"ILCE":"BUCA","KAPINO":null,"ENLEM":38.399383370869003,"ACIKLAMA":"3508-039-01","ILCEID":8,"MAHALLE":"ŞİRİNKAPI","MAHALLEID":null,"ADI":"1 NO LU AFET VE ACİL DURUM TOPLANMA ALANI","BOYLAM":27.179820497720002,"YOL":"1060 Sk.","Area":null},"geometry":{"type":"Point","coordinates":[27.179820497720002,38.399383370869003]}},
{"type":"Feature","properties":{"ILCE":"TİRE","KAPINO":null,"ENLEM":38.017363364937999,"ACIKLAMA":"3527-062-01","ILCEID":997,"MAHALLE":"KÜÇÜKKALE","MAHALLEID":null,"ADI":"1 NO LU AFET VE ACİL DURUM TOPLANMA ALANI","BOYLAM":27.526666548382,"YOL":"DUTLUK Sk.","Area":null},"geometry":{"type":"Point","coordinates":[27.526666548382,38.017363364937999]}},
{"type":"Feature","properties":{"ILCE":"KARABURUN","KAPINO":null,"ENLEM":38.506141930136003,"ACIKLAMA":"3515-010-01","ILCEID":1000,"MAHALLE":"MORDOĞAN","MAHALLEID":null,"ADI":"1 NO LU AFET VE ACİL DURUM TOPLANMA ALANI","BOYLAM":26.621247704085999,"YOL":"İNÖNÜ Cd.","Area":null},"geometry":{"type":"Point","coordinates":[26.621247704085999,38.506141930136003]}},
{"type":"Feature","properties":{"ILCE":"KARABAĞLAR","KAPINO":null,"ENLEM":38.392761549378001,"ACIKLAMA":"3531-040-01","ILCEID":19,"MAHALLE":"POLİGON","MAHALLEID":null,"ADI":"1 NO LU AFET VE ACİL DURUM TOPLANMA ALANI","BOYLAM":27.082714298479001,"YOL":"123/1 Sk.","Area":null},"geometry":{"type":"Point","coordinates":[27.082714298479001,38.392761549378001]}},
{"type":"Feature","properties":{"ILCE":"DİKİLİ","KAPINO":null,"ENLEM":39.062669026624,"ACIKLAMA":"3511-011-01","ILCEID":995,"MAHALLE":"GAZİPAŞA","MAHALLEID":null,"ADI":"1 NO LU AFET VE ACİL DURUM TOPLANMA ALANI","BOYLAM":26.879998125477002,"YOL":"57 Sk.","Area":null},"geometry":{"type":"Point","coordinates":[26.879998125477002,39.062669026624]}},
{"type":"Feature","properties":{"ILCE":"KARŞIYAKA","KAPINO":null,"ENLEM":38.458161770086001,"ACIKLAMA":"3516-024-01","ILCEID":20,"MAHALLE":"BAHARİYE","MAHALLEID":null,"ADI":"1 NO LU AFET VE ACİL DURUM TOPLANMA ALANI","BOYLAM":27.116660055326001,"YOL":"1716 Sk.","Area":null},"geometry":{"type":"Point","coordinates":[27.116660055326001,38.458161770086001]}},
{"type":"Feature","properties":{"ILCE":"TİRE","KAPINO":null,"ENLEM":37.981088618012002,"ACIKLAMA":"3527-030-01","ILCEID":997,"MAHALLE":"DİBEKÇİ","MAHALLEID":null,"ADI":"1 NO LU AFET VE ACİL DURUM TOPLANMA ALANI","BOYLAM":27.814181865569001,"YOL":"MERKEZ KümeEvleri","Area":null},"geometry":{"type":"Point","coordinates":[27.814181865569001,37.981088618012002]}},
{"type":"Feature","properties":{"ILCE":"KİRAZ","KAPINO":null,"ENLEM":38.195372263286998,"ACIKLAMA":"3519-048-01","ILCEID":994,"MAHALLE":"UMURCALI","MAHALLEID":null,"ADI":"1 NO LU AFET VE ACİL DURUM TOPLANMA ALANI","BOYLAM":28.247130885007,"YOL":"UMURCALI KümeEvleri","Area":null},"geometry":{"type":"Point","coordinates":[28.247130885007,38.195372263286998]}},
{"type":"Feature","properties":{"ILCE":"TORBALI","KAPINO":null,"ENLEM":38.152086456424001,"ACIKLAMA":"3528-037-01","ILCEID":9,"MAHALLE":"MURATBEY","MAHALLEID":null,"ADI":"1 NO LU AFET VE ACİL DURUM TOPLANMA ALANI","BOYLAM":27.353552075463998,"YOL":"DOĞAN BURSALIOĞLU Cd.","Area":null},"geometry":{"type":"Point","coordinates":[27.353552075463998,38.152086456424001]}},
{"type":"Feature","properties":{"ILCE":"TORBALI","KAPINO":null,"ENLEM":38.285300259495003,"ACIKLAMA":"3528-012-01","ILCEID":9,"MAHALLE":"ÇAKIRBEYLİ","MAHALLEID":null,"ADI":"1 NO LU AFET VE ACİL DURUM TOPLANMA ALANI","BOYLAM":27.379472597957001,"YOL":"BURHAN BEY Cd.","Area":null},"geometry":{"type":"Point","coordinates":[27.379472597957001,38.285300259495003]}},
{"type":"Feature","properties":{"ILCE":"TİRE","KAPINO":null,"ENLEM":38.085684070154002,"ACIKLAMA":"3527-019-01","ILCEID":997,"MAHALLE":"CUMHURİYET","MAHALLEID":null,"ADI":"1 NO LU AFET VE ACİL DURUM TOPLANMA ALANI","BOYLAM":27.731151663593,"YOL":"YANIKKONAK Cd.","Area":null},"geometry":{"type":"Point","coordinates":[27.731151663593,38.085684070154002]}},
{"type":"Feature","properties":{"ILCE":"ÖDEMİŞ","KAPINO":null,"ENLEM":38.109333575530002,"ACIKLAMA":"3524-075-01","ILCEID":998,"MAHALLE":"OVAKENT","MAHALLEID":null,"ADI":"1 NO LU AFET VE ACİL DURUM TOPLANMA ALANI","BOYLAM":28.019208715832001,"YOL":"AÇELYA Sk.","Area":null},"geometry":{"type":"Point","coordinates":[28.019208715832001,38.109333575530002]}},
{"type":"Feature","properties":{"ILCE":"TİRE","KAPINO":null,"ENLEM":38.125389911193999,"ACIKLAMA":"3527-076-01","ILCEID":997,"MAHALLE":"TOKİ","MAHALLEID":null,"ADI":"1 NO LU AFET VE ACİL DURUM TOPLANMA ALANI","BOYLAM":27.729837327672001,"YOL":"TOKİ TOPLU KONUT ALANI KümeEvleri","Area":null},"geometry":{"type":"Point","coordinates":[27.729837327672001,38.125389911193999]}},
{"type":"Feature","properties":{"ILCE":"TİRE","KAPINO":null,"ENLEM":38.110952148278002,"ACIKLAMA":"3527-055-01","ILCEID":997,"MAHALLE":"KIRTEPE","MAHALLEID":null,"ADI":"1 NO LU AFET VE ACİL DURUM TOPLANMA ALANI","BOYLAM":27.887444505832999,"YOL":"KÖY MEYDANI Sk.","Area":null},"geometry":{"type":"Point","coordinates":[27.887444505832999,38.110952148278002]}},
{"type":"Feature","properties":{"ILCE":"TİRE","KAPINO":null,"ENLEM":38.086522200028,"ACIKLAMA":"3527-050-01","ILCEID":997,"MAHALLE":"İSTİKLAL","MAHALLEID":null,"ADI":"1 NO LU AFET VE ACİL DURUM TOPLANMA ALANI","BOYLAM":27.749488492324001,"YOL":"KANLIKAVAK Sk.","Area":null},"geometry":{"type":"Point","coordinates":[27.749488492324001,38.086522200028]}},
{"type":"Feature","properties":{"ILCE":"TİRE","KAPINO":null,"ENLEM":38.029586766533001,"ACIKLAMA":"3527-084-01","ILCEID":997,"MAHALLE":"YEMİŞLER","MAHALLEID":null,"ADI":"1 NO LU AFET VE ACİL DURUM TOPLANMA ALANI","BOYLAM":27.680246359643,"YOL":"YEMİŞLER YAYLA KümeEvleri","Area":null},"geometry":{"type":"Point","coordinates":[27.680246359643,38.029586766533001]}},
{"type":"Feature","properties":{"ILCE":"TİRE","KAPINO":null,"ENLEM":38.047987630053001,"ACIKLAMA":"3527-016-01","ILCEID":997,"MAHALLE":"BÜYÜKKEMERDERE","MAHALLEID":null,"ADI":"1 NO LU AFET VE ACİL DURUM TOPLANMA ALANI","BOYLAM":27.789627606860002,"YOL":"BÜYÜKKEMERDERE TİRE Sk.","Area":null},"geometry":{"type":"Point","coordinates":[27.789627606860002,38.047987630053001]}},
{"type":"Feature","properties":{"ILCE":"BAYINDIR","KAPINO":null,"ENLEM":38.301467725130003,"ACIKLAMA":"3504-046-01","ILCEID":7,"MAHALLE":"OSMANLAR","MAHALLEID":null,"ADI":"1 NO LU AFET VE ACİL DURUM TOPLANMA ALANI","BOYLAM":27.559029474911998,"YOL":"KESTANELİK Sk.","Area":null},"geometry":{"type":"Point","coordinates":[27.559029474911998,38.301467725130003]}},
{"type":"Feature","properties":{"ILCE":"KARABAĞLAR","KAPINO":null,"ENLEM":38.403297192674003,"ACIKLAMA":"3531-009-01","ILCEID":19,"MAHALLE":"BAHÇELİEVLER","MAHALLEID":null,"ADI":"1 NO LU AFET VE ACİL DURUM TOPLANMA ALANI","BOYLAM":27.117368248049001,"YOL":"GAZETECİ HASAN TAHSİN Cd.","Area":null},"geometry":{"type":"Point","coordinates":[27.117368248049001,38.403297192674003]}},
{"type":"Feature","properties":{"ILCE":"KEMALPAŞA","KAPINO":null,"ENLEM":38.440626692411001,"ACIKLAMA":"3517-036-01","ILCEID":6,"MAHALLE":"SARIÇALI","MAHALLEID":null,"ADI":"1 NO LU AFET VE ACİL DURUM TOPLANMA ALANI","BOYLAM":27.695048766039001,"YOL":"SARIÇALI YOLU KümeEvleri","Area":null},"geometry":{"type":"Point","coordinates":[27.695048766039001,38.440626692411001]}},
{"type":"Feature","properties":{"ILCE":"BERGAMA","KAPINO":null,"ENLEM":38.907073141985002,"ACIKLAMA":"3505-012-01","ILCEID":999,"MAHALLE":"ATÇILAR","MAHALLEID":null,"ADI":"1 NO LU AFET VE ACİL DURUM TOPLANMA ALANI","BOYLAM":27.198798853654999,"YOL":"ATÇILAR","Area":null},"geometry":{"type":"Point","coordinates":[27.198798853654999,38.907073141985002]}},
{"type":"Feature","properties":{"ILCE":"URLA","KAPINO":null,"ENLEM":38.297446510736997,"ACIKLAMA":"3529-022-01","ILCEID":18,"MAHALLE":"OVACIK","MAHALLEID":null,"ADI":"1 NO LU AFET VE ACİL DURUM TOPLANMA ALANI","BOYLAM":26.805972229933001,"YOL":"OVACIK Cd.","Area":null},"geometry":{"type":"Point","coordinates":[26.805972229933001,38.297446510736997]}},
{"type":"Feature","properties":{"ILCE":"KİRAZ","KAPINO":null,"ENLEM":38.182959582388001,"ACIKLAMA":"3519-005-01","ILCEID":994,"MAHALLE":"AVUNDURUK","MAHALLEID":null,"ADI":"1 NO LU AFET VE ACİL DURUM TOPLANMA ALANI","BOYLAM":28.270991720630001,"YOL":"AVUNDURUK KümeEvleri","Area":null},"geometry":{"type":"Point","coordinates":[28.270991720630001,38.182959582388001]}},
{"type":"Feature","properties":{"ILCE":"TİRE","KAPINO":null,"ENLEM":38.100730631224998,"ACIKLAMA":"3527-010-01","ILCEID":997,"MAHALLE":"ATATÜRK","MAHALLEID":null,"ADI":"1 NO LU AFET VE ACİL DURUM TOPLANMA ALANI","BOYLAM":27.72785790468,"YOL":"HIZIR Sk.","Area":null},"geometry":{"type":"Point","coordinates":[27.72785790468,38.100730631224998]}},
{"type":"Feature","properties":{"ILCE":"TİRE","KAPINO":null,"ENLEM":37.997687907897003,"ACIKLAMA":"3527-013-01","ILCEID":997,"MAHALLE":"BAŞKÖY","MAHALLEID":null,"ADI":"1 NO LU AFET VE ACİL DURUM TOPLANMA ALANI","BOYLAM":27.659252864104001,"YOL":"BAŞKÖY ATATÜRK Myd.","Area":null},"geometry":{"type":"Point","coordinates":[27.659252864104001,37.997687907897003]}},
{"type":"Feature","properties":{"ILCE":"TİRE","KAPINO":null,"ENLEM":38.125374037104002,"ACIKLAMA":"3527-053-01","ILCEID":997,"MAHALLE":"KARATEKE","MAHALLEID":null,"ADI":"1 NO LU AFET VE ACİL DURUM TOPLANMA ALANI","BOYLAM":27.677967688574999,"YOL":"İBRAHİM ÖZTÜRK Sk.","Area":null},"geometry":{"type":"Point","coordinates":[27.677967688574999,38.125374037104002]}},
{"type":"Feature","properties":{"ILCE":"MENEMEN","KAPINO":null,"ENLEM":38.583068908257999,"ACIKLAMA":"3522-027-01","ILCEID":17,"MAHALLE":"GAZİ MUSTAFA KEMAL","MAHALLEID":null,"ADI":"1 NO LU AFET VE ACİL DURUM TOPLANMA ALANI","BOYLAM":26.970823495586,"YOL":"4120 Sk.","Area":null},"geometry":{"type":"Point","coordinates":[26.970823495586,38.583068908257999]}},
{"type":"Feature","properties":{"ILCE":"TİRE","KAPINO":null,"ENLEM":38.002409771086,"ACIKLAMA":"3527-025-01","ILCEID":997,"MAHALLE":"DAĞDERE","MAHALLEID":null,"ADI":"1 NO LU AFET VE ACİL DURUM TOPLANMA ALANI","BOYLAM":27.75095980299,"YOL":"ORTA Sk.","Area":null},"geometry":{"type":"Point","coordinates":[27.75095980299,38.002409771086]}},
{"type":"Feature","properties":{"ILCE":"URLA","KAPINO":null,"ENLEM":38.300073439963001,"ACIKLAMA":"3529-018-01","ILCEID":18,"MAHALLE":"KUŞÇULAR","MAHALLEID":null,"ADI":"1 NO LU AFET VE ACİL DURUM TOPLANMA ALANI","BOYLAM":26.751071706182,"YOL":"KUŞÇULAR Cd.","Area":null},"geometry":{"type":"Point","coordinates":[26.751071706182,38.300073439963001]}},
{"type":"Feature","properties":{"ILCE":"URLA","KAPINO":null,"ENLEM":38.386790610532003,"ACIKLAMA":"3529-010-01","ILCEID":18,"MAHALLE":"DENİZLİ","MAHALLEID":null,"ADI":"1 NO LU AFET VE ACİL DURUM TOPLANMA ALANI","BOYLAM":26.748834600685001,"YOL":"93 Sk.","Area":null},"geometry":{"type":"Point","coordinates":[26.748834600685001,38.386790610532003]}},
{"type":"Feature","properties":{"ILCE":"BUCA","KAPINO":null,"ENLEM":38.309617085215002,"ACIKLAMA":"3508-007-01","ILCEID":8,"MAHALLE":"BELENBAŞI","MAHALLEID":null,"ADI":"1 NO LU AFET VE ACİL DURUM TOPLANMA ALANI","BOYLAM":27.277248720187998,"YOL":"3007 Sk.","Area":null},"geometry":{"type":"Point","coordinates":[27.277248720187998,38.309617085215002]}},
{"type":"Feature","properties":{"ILCE":"BUCA","KAPINO":null,"ENLEM":38.403541063418999,"ACIKLAMA":"3508-040-01","ILCEID":8,"MAHALLE":"UFUK","MAHALLEID":null,"ADI":"1 NO LU AFET VE ACİL DURUM TOPLANMA ALANI","BOYLAM":27.163351809544,"YOL":"848/5 Sk.","Area":null},"geometry":{"type":"Point","coordinates":[27.163351809544,38.403541063418999]}},
{"type":"Feature","properties":{"ILCE":"KARABURUN","KAPINO":null,"ENLEM":38.614046541096997,"ACIKLAMA":"3515-001-01","ILCEID":1000,"MAHALLE":"ANBARSEKİ","MAHALLEID":null,"ADI":"1 NO LU AFET VE ACİL DURUM TOPLANMA ALANI","BOYLAM":26.523658497267999,"YOL":"ANBARSEKİ KümeEvleri","Area":null},"geometry":{"type":"Point","coordinates":[26.523658497267999,38.614046541096997]}},
{"type":"Feature","properties":{"ILCE":"KARABAĞLAR","KAPINO":null,"ENLEM":38.397781514118002,"ACIKLAMA":"3531-012-01","ILCEID":19,"MAHALLE":"BASIN SİTESİ","MAHALLEID":null,"ADI":"1 NO LU AFET VE ACİL DURUM TOPLANMA ALANI","BOYLAM":27.096801181343999,"YOL":"175 Sk.","Area":null},"geometry":{"type":"Point","coordinates":[27.096801181343999,38.397781514118002]}},
{"type":"Feature","properties":{"ILCE":"DİKİLİ","KAPINO":null,"ENLEM":39.062123388210999,"ACIKLAMA":"3511-025-01","ILCEID":995,"MAHALLE":"SALİMBEY","MAHALLEID":null,"ADI":"1 NO LU AFET VE ACİL DURUM TOPLANMA ALANI","BOYLAM":26.886891370293,"YOL":"114/1 Sk.","Area":null},"geometry":{"type":"Point","coordinates":[26.886891370293,39.062123388210999]}},
{"type":"Feature","properties":{"ILCE":"FOÇA","KAPINO":null,"ENLEM":38.669307998106,"ACIKLAMA":"3512-005-02","ILCEID":4,"MAHALLE":"FEVZİPAŞA","MAHALLEID":null,"ADI":"1 NO LU AFET VE ACİL DURUM TOPLANMA ALANI","BOYLAM":26.756800214558002,"YOL":"180 Sk.","Area":null},"geometry":{"type":"Point","coordinates":[26.756800214558002,38.669307998106]}},
{"type":"Feature","properties":{"ILCE":"BERGAMA","KAPINO":null,"ENLEM":38.970195014395998,"ACIKLAMA":"3505-138-01","ILCEID":999,"MAHALLE":"ZEYTİNDAĞ","MAHALLEID":null,"ADI":"1 NO LU AFET VE ACİL DURUM TOPLANMA ALANI","BOYLAM":27.071169129611999,"YOL":"LİSE Cd.","Area":null},"geometry":{"type":"Point","coordinates":[27.071169129611999,38.970195014395998]}},
{"type":"Feature","properties":{"ILCE":"BERGAMA","KAPINO":null,"ENLEM":39.121545134469002,"ACIKLAMA":"3505-120-01","ILCEID":999,"MAHALLE":"TİYELTİ","MAHALLEID":null,"ADI":"1 NO LU AFET VE ACİL DURUM TOPLANMA ALANI","BOYLAM":27.156312496022,"YOL":"TİYELTİ MERKEZ Sk.","Area":null},"geometry":{"type":"Point","coordinates":[27.156312496022,39.121545134469002]}},
{"type":"Feature","properties":{"ILCE":"BERGAMA","KAPINO":null,"ENLEM":39.184243017676003,"ACIKLAMA":"3505-066-01","ILCEID":999,"MAHALLE":"İNCECİKLER","MAHALLEID":null,"ADI":"1 NO LU AFET VE ACİL DURUM TOPLANMA ALANI","BOYLAM":27.152364193484001,"YOL":"KOZAK BERGAMA YOLU Cd.","Area":null},"geometry":{"type":"Point","coordinates":[27.152364193484001,39.184243017676003]}},
{"type":"Feature","properties":{"ILCE":"KONAK","KAPINO":null,"ENLEM":38.410519046982998,"ACIKLAMA":"3520-019-01","ILCEID":21,"MAHALLE":"BARBAROS","MAHALLEID":null,"ADI":"1 NO LU AFET VE ACİL DURUM TOPLANMA ALANI","BOYLAM":27.123987894637999,"YOL":"350/2 Sk.","Area":null},"geometry":{"type":"Point","coordinates":[27.123987894637999,38.410519046982998]}},
{"type":"Feature","properties":{"ILCE":"TİRE","KAPINO":null,"ENLEM":38.178907940683999,"ACIKLAMA":"3527-031-01","ILCEID":997,"MAHALLE":"DOYRANLI","MAHALLEID":null,"ADI":"1 NO LU AFET VE ACİL DURUM TOPLANMA ALANI","BOYLAM":27.822892001315999,"YOL":"DOYRANLI İNÖNÜ Sk.","Area":null},"geometry":{"type":"Point","coordinates":[27.822892001315999,38.178907940683999]}},
{"type":"Feature","properties":{"ILCE":"KARABAĞLAR","KAPINO":null,"ENLEM":38.380710624955,"ACIKLAMA":"3531-006-01","ILCEID":19,"MAHALLE":"AŞIK VEYSEL","MAHALLEID":null,"ADI":"1 NO LU AFET VE ACİL DURUM TOPLANMA ALANI","BOYLAM":27.139308646416001,"YOL":"5848 Sk.","Area":null},"geometry":{"type":"Point","coordinates":[27.139308646416001,38.380710624955]}},
{"type":"Feature","properties":{"ILCE":"TİRE","KAPINO":null,"ENLEM":38.098567313963997,"ACIKLAMA":"3527-058-01","ILCEID":997,"MAHALLE":"KOCAALİLER","MAHALLEID":null,"ADI":"1 NO LU AFET VE ACİL DURUM TOPLANMA ALANI","BOYLAM":27.915520407515,"YOL":"KARŞI KümeEvleri","Area":null},"geometry":{"type":"Point","coordinates":[27.915520407515,38.098567313963997]}},
{"type":"Feature","properties":{"ILCE":"TİRE","KAPINO":null,"ENLEM":38.095031555123001,"ACIKLAMA":"3527-002-01","ILCEID":997,"MAHALLE":"ADNAN MENDERES","MAHALLEID":null,"ADI":"1 NO LU AFET VE ACİL DURUM TOPLANMA ALANI","BOYLAM":27.744390966804001,"YOL":"FAİK TOKLUOĞLU Blv.","Area":null},"geometry":{"type":"Point","coordinates":[27.744390966804001,38.095031555123001]}},
{"type":"Feature","properties":{"ILCE":"TİRE","KAPINO":null,"ENLEM":38.057982751308003,"ACIKLAMA":"3527-041-01","ILCEID":997,"MAHALLE":"HASANÇAVUŞLAR","MAHALLEID":null,"ADI":"1 NO LU AFET VE ACİL DURUM TOPLANMA ALANI","BOYLAM":27.523780442745998,"YOL":"UYSAL KümeEvleri","Area":null},"geometry":{"type":"Point","coordinates":[27.523780442745998,38.057982751308003]}},
{"type":"Feature","properties":{"ILCE":"DİKİLİ","KAPINO":null,"ENLEM":38.936738186261003,"ACIKLAMA":"3511-005-01","ILCEID":995,"MAHALLE":"ÇANDARLI","MAHALLEID":null,"ADI":"1 NO LU AFET VE ACİL DURUM TOPLANMA ALANI","BOYLAM":26.932832248867999,"YOL":"KARA HALİL PAŞA Cd.","Area":null},"geometry":{"type":"Point","coordinates":[26.932832248867999,38.936738186261003]}},
{"type":"Feature","properties":{"ILCE":"DİKİLİ","KAPINO":null,"ENLEM":39.133130325308002,"ACIKLAMA":"3511-004-01","ILCEID":995,"MAHALLE":"ÇAĞLAN","MAHALLEID":null,"ADI":"1 NO LU AFET VE ACİL DURUM TOPLANMA ALANI","BOYLAM":27.012975915666001,"YOL":"ÇAĞLAN 3 Sk.","Area":null},"geometry":{"type":"Point","coordinates":[27.012975915666001,39.133130325308002]}},
{"type":"Feature","properties":{"ILCE":"TİRE","KAPINO":null,"ENLEM":38.069575446175001,"ACIKLAMA":"3527-051-01","ILCEID":997,"MAHALLE":"KAPLAN","MAHALLEID":null,"ADI":"1 NO LU AFET VE ACİL DURUM TOPLANMA ALANI","BOYLAM":27.723966086053,"YOL":"KAPLAN ATATÜRK Sk.","Area":null},"geometry":{"type":"Point","coordinates":[27.723966086053,38.069575446175001]}},
{"type":"Feature","properties":{"ILCE":"DİKİLİ","KAPINO":null,"ENLEM":39.118748236203999,"ACIKLAMA":"3511-026-01","ILCEID":995,"MAHALLE":"SAMANLIKKÖY","MAHALLEID":null,"ADI":"1 NO LU AFET VE ACİL DURUM TOPLANMA ALANI","BOYLAM":27.015980000947,"YOL":"SAMANLIK CUMHURİYET Cd.","Area":null},"geometry":{"type":"Point","coordinates":[27.015980000947,39.118748236203999]}},
{"type":"Feature","properties":{"ILCE":"BERGAMA","KAPINO":null,"ENLEM":39.269414797464997,"ACIKLAMA":"3505-126-01","ILCEID":999,"MAHALLE":"YALNIZDAM","MAHALLEID":null,"ADI":"1 NO LU AFET VE ACİL DURUM TOPLANMA ALANI","BOYLAM":27.438178873359,"YOL":"YALNIZDAM KümeEvleri","Area":null},"geometry":{"type":"Point","coordinates":[27.438178873359,39.269414797464997]}},
{"type":"Feature","properties":{"ILCE":"BERGAMA","KAPINO":null,"ENLEM":39.189631820198997,"ACIKLAMA":"3505-016-01","ILCEID":999,"MAHALLE":"AYASKENT","MAHALLEID":null,"ADI":"1 NO LU AFET VE ACİL DURUM TOPLANMA ALANI","BOYLAM":27.334667692955001,"YOL":"EĞİTİM Cd.","Area":null},"geometry":{"type":"Point","coordinates":[27.334667692955001,39.189631820198997]}},
{"type":"Feature","properties":{"ILCE":"BERGAMA","KAPINO":null,"ENLEM":39.022726063703999,"ACIKLAMA":"3505-028-01","ILCEID":999,"MAHALLE":"CEVAPLI","MAHALLEID":null,"ADI":"1 NO LU AFET VE ACİL DURUM TOPLANMA ALANI","BOYLAM":27.156484328905002,"YOL":"CEVAPLI KümeEvleri","Area":null},"geometry":{"type":"Point","coordinates":[27.156484328905002,39.022726063703999]}},
{"type":"Feature","properties":{"ILCE":"URLA","KAPINO":null,"ENLEM":38.363287285486003,"ACIKLAMA":"3529-026-01","ILCEID":18,"MAHALLE":"ŞİRİNKENT","MAHALLEID":null,"ADI":"1 NO LU AFET VE ACİL DURUM TOPLANMA ALANI","BOYLAM":26.842812069880999,"YOL":"4249 Sk.","Area":null},"geometry":{"type":"Point","coordinates":[26.842812069880999,38.363287285486003]}},
{"type":"Feature","properties":{"ILCE":"BERGAMA","KAPINO":null,"ENLEM":39.252468163364,"ACIKLAMA":"3505-133-01","ILCEID":999,"MAHALLE":"YUKARIBEY","MAHALLEID":null,"ADI":"1 NO LU AFET VE ACİL DURUM TOPLANMA ALANI","BOYLAM":27.091252915495001,"YOL":"KOCA KümeEvleri","Area":null},"geometry":{"type":"Point","coordinates":[27.091252915495001,39.252468163364]}},
{"type":"Feature","properties":{"ILCE":"DİKİLİ","KAPINO":null,"ENLEM":38.989177209216002,"ACIKLAMA":"3511-007-01","ILCEID":995,"MAHALLE":"DELİKTAŞ","MAHALLEID":null,"ADI":"1 NO LU AFET VE ACİL DURUM TOPLANMA ALANI","BOYLAM":26.927489220624999,"YOL":"DELİKTAŞ ATATÜRK Myd.","Area":null},"geometry":{"type":"Point","coordinates":[26.927489220624999,38.989177209216002]}},
{"type":"Feature","properties":{"ILCE":"BERGAMA","KAPINO":null,"ENLEM":39.168540553608999,"ACIKLAMA":"3505-073-01","ILCEID":999,"MAHALLE":"KALEARDI","MAHALLEID":null,"ADI":"1 NO LU AFET VE ACİL DURUM TOPLANMA ALANI","BOYLAM":27.192275299630001,"YOL":"KALEARDI KümeEvleri","Area":null},"geometry":{"type":"Point","coordinates":[27.192275299630001,39.168540553608999]}},
{"type":"Feature","properties":{"ILCE":"DİKİLİ","KAPINO":null,"ENLEM":39.168806383872003,"ACIKLAMA":"3511-012-01","ILCEID":995,"MAHALLE":"GÖKÇEAĞIL","MAHALLEID":null,"ADI":"1 NO LU AFET VE ACİL DURUM TOPLANMA ALANI","BOYLAM":26.874617447378998,"YOL":"GÖKÇEAĞIL CUMHURİYET Cd.","Area":null},"geometry":{"type":"Point","coordinates":[26.874617447378998,39.168806383872003]}},
{"type":"Feature","properties":{"ILCE":"BERGAMA","KAPINO":null,"ENLEM":39.098909942014998,"ACIKLAMA":"3505-047-01","ILCEID":999,"MAHALLE":"FATİH","MAHALLEID":null,"ADI":"1 NO LU AFET VE ACİL DURUM TOPLANMA ALANI","BOYLAM":27.165893340027999,"YOL":"308 Sk.","Area":null},"geometry":{"type":"Point","coordinates":[27.165893340027999,39.098909942014998]}},
{"type":"Feature","properties":{"ILCE":"KINIK","KAPINO":null,"ENLEM":39.085980575482999,"ACIKLAMA":"3518-024-01","ILCEID":996,"MAHALLE":"KOCAÖMER","MAHALLEID":null,"ADI":"1 NO LU AFET VE ACİL DURUM TOPLANMA ALANI","BOYLAM":27.424192870689001,"YOL":"MEDENİYET Cd.","Area":null},"geometry":{"type":"Point","coordinates":[27.424192870689001,39.085980575482999]}},
{"type":"Feature","properties":{"ILCE":"KEMALPAŞA","KAPINO":null,"ENLEM":38.407787180071999,"ACIKLAMA":"3517-003-02","ILCEID":6,"MAHALLE":"ARMUTLU 85.YIL CUMHURİYET","MAHALLEID":null,"ADI":"1 NO LU AFET VE ACİL DURUM TOPLANMA ALANI","BOYLAM":27.529214019592001,"YOL":"GENÇLİK Cd.","Area":null},"geometry":{"type":"Point","coordinates":[27.529214019592001,38.407787180071999]}},
{"type":"Feature","properties":{"ILCE":"TİRE","KAPINO":null,"ENLEM":38.088732465409997,"ACIKLAMA":"3527-046-01","ILCEID":997,"MAHALLE":"İBNİ MELEK","MAHALLEID":null,"ADI":"1 NO LU AFET VE ACİL DURUM TOPLANMA ALANI","BOYLAM":27.722150210681001,"YOL":"TURGUT ÖZAL Blv.","Area":null},"geometry":{"type":"Point","coordinates":[27.722150210681001,38.088732465409997]}},
{"type":"Feature","properties":{"ILCE":"URLA","KAPINO":null,"ENLEM":38.283669826134997,"ACIKLAMA":"3529-037-01","ILCEID":18,"MAHALLE":"ZEYTİNLER","MAHALLEID":null,"ADI":"1 NO LU AFET VE ACİL DURUM TOPLANMA ALANI","BOYLAM":26.561504885685999,"YOL":"MUSTAFA ERCAN Sk.","Area":null},"geometry":{"type":"Point","coordinates":[26.561504885685999,38.283669826134997]}},
{"type":"Feature","properties":{"ILCE":"URLA","KAPINO":null,"ENLEM":38.283408746299997,"ACIKLAMA":"3529-028-01","ILCEID":18,"MAHALLE":"UZUNKUYU","MAHALLEID":null,"ADI":"1 NO LU AFET VE ACİL DURUM TOPLANMA ALANI","BOYLAM":26.552589268308999,"YOL":"KIZIL ÇAM KümeEvleri","Area":null},"geometry":{"type":"Point","coordinates":[26.552589268308999,38.283408746299997]}},
{"type":"Feature","properties":{"ILCE":"KEMALPAŞA","KAPINO":null,"ENLEM":38.401557120870002,"ACIKLAMA":"3517-014-01","ILCEID":6,"MAHALLE":"ÇİNİLİKÖY","MAHALLEID":null,"ADI":"1 NO LU AFET VE ACİL DURUM TOPLANMA ALANI","BOYLAM":27.451312338045,"YOL":"4101 Sk.","Area":null},"geometry":{"type":"Point","coordinates":[27.451312338045,38.401557120870002]}},
{"type":"Feature","properties":{"ILCE":"KARABAĞLAR","KAPINO":null,"ENLEM":38.384144031398002,"ACIKLAMA":"3531-046-01","ILCEID":19,"MAHALLE":"SEVGİ","MAHALLEID":null,"ADI":"1 NO LU AFET VE ACİL DURUM TOPLANMA ALANI","BOYLAM":27.115431735241,"YOL":"SEVGİ Blv.","Area":null},"geometry":{"type":"Point","coordinates":[27.115431735241,38.384144031398002]}},
{"type":"Feature","properties":{"ILCE":"BERGAMA","KAPINO":null,"ENLEM":39.125889887494999,"ACIKLAMA":"3505-123-01","ILCEID":999,"MAHALLE":"ULUCAMİİ","MAHALLEID":null,"ADI":"1 NO LU AFET VE ACİL DURUM TOPLANMA ALANI","BOYLAM":27.18043079588,"YOL":"İTTİHAT TERAKKİ Cd.","Area":null},"geometry":{"type":"Point","coordinates":[27.18043079588,39.125889887494999]}},
{"type":"Feature","properties":{"ILCE":"BERGAMA","KAPINO":null,"ENLEM":39.321756097746999,"ACIKLAMA":"3505-083-01","ILCEID":999,"MAHALLE":"KIRCALAR","MAHALLEID":null,"ADI":"1 NO LU AFET VE ACİL DURUM TOPLANMA ALANI","BOYLAM":27.336512817094999,"YOL":"KIRCALAR MERKEZ KümeEvleri","Area":null},"geometry":{"type":"Point","coordinates":[27.336512817094999,39.321756097746999]}},
{"type":"Feature","properties":{"ILCE":"KİRAZ","KAPINO":null,"ENLEM":38.232024575560999,"ACIKLAMA":"3519-011-01","ILCEID":994,"MAHALLE":"İSTİKLAL","MAHALLEID":null,"ADI":"1 NO LU AFET VE ACİL DURUM TOPLANMA ALANI","BOYLAM":28.217197523475999,"YOL":"ATATÜRK Cd.","Area":null},"geometry":{"type":"Point","coordinates":[28.217197523475999,38.232024575560999]}},
{"type":"Feature","properties":{"ILCE":"URLA","KAPINO":null,"ENLEM":38.304135605915,"ACIKLAMA":"3529-006-01","ILCEID":18,"MAHALLE":"BİRGİ","MAHALLEID":null,"ADI":"1 NO LU AFET VE ACİL DURUM TOPLANMA ALANI","BOYLAM":26.555502094798001,"YOL":"KÖYİÇİ Cd.","Area":null},"geometry":{"type":"Point","coordinates":[26.555502094798001,38.304135605915]}},
{"type":"Feature","properties":{"ILCE":"TORBALI","KAPINO":null,"ENLEM":38.131801515028997,"ACIKLAMA":"3528-038-01","ILCEID":9,"MAHALLE":"MUSTAFA KEMAL ATATÜRK","MAHALLEID":null,"ADI":"1 NO LU AFET VE ACİL DURUM TOPLANMA ALANI","BOYLAM":27.376897937595,"YOL":"7018 Sk.","Area":null},"geometry":{"type":"Point","coordinates":[27.376897937595,38.131801515028997]}},
{"type":"Feature","properties":{"ILCE":"BEYDAĞ","KAPINO":null,"ENLEM":38.116137453618002,"ACIKLAMA":"3506-025-01","ILCEID":993,"MAHALLE":"YUKARITOSUNLAR","MAHALLEID":null,"ADI":"1 NO LU AFET VE ACİL DURUM TOPLANMA ALANI","BOYLAM":28.158725809993999,"YOL":"GÜVEN KümeEvleri","Area":null},"geometry":{"type":"Point","coordinates":[28.158725809993999,38.116137453618002]}},
{"type":"Feature","properties":{"ILCE":"DİKİLİ","KAPINO":null,"ENLEM":39.185041126709002,"ACIKLAMA":"3511-006-01","ILCEID":995,"MAHALLE":"ÇUKURALANI","MAHALLEID":null,"ADI":"1 NO LU AFET VE ACİL DURUM TOPLANMA ALANI","BOYLAM":26.939333445900001,"YOL":"ÇUKURALANI 6 Sk.","Area":null},"geometry":{"type":"Point","coordinates":[26.939333445900001,39.185041126709002]}},
{"type":"Feature","properties":{"ILCE":"DİKİLİ","KAPINO":null,"ENLEM":38.957548248320997,"ACIKLAMA":"3511-029-01","ILCEID":995,"MAHALLE":"YAYLAYURT","MAHALLEID":null,"ADI":"1 NO LU AFET VE ACİL DURUM TOPLANMA ALANI","BOYLAM":26.920579940442,"YOL":"YAYLAYURT CUMHURİYET Cd.","Area":null},"geometry":{"type":"Point","coordinates":[26.920579940442,38.957548248320997]}},
{"type":"Feature","properties":{"ILCE":"BERGAMA","KAPINO":null,"ENLEM":39.354018204261997,"ACIKLAMA":"3505-097-01","ILCEID":999,"MAHALLE":"ORUŞLAR","MAHALLEID":null,"ADI":"1 NO LU AFET VE ACİL DURUM TOPLANMA ALANI","BOYLAM":27.326856854837001,"YOL":"ORUŞLAR KümeEvleri","Area":null},"geometry":{"type":"Point","coordinates":[27.326856854837001,39.354018204261997]}},
{"type":"Feature","properties":{"ILCE":"BERGAMA","KAPINO":null,"ENLEM":39.155164052738002,"ACIKLAMA":"3505-062-01","ILCEID":999,"MAHALLE":"HAMZALISÜLEYMANİYE","MAHALLEID":null,"ADI":"1 NO LU AFET VE ACİL DURUM TOPLANMA ALANI","BOYLAM":27.200858350586,"YOL":"HAMZALISÜLEYMANİYE KümeEvleri","Area":null},"geometry":{"type":"Point","coordinates":[27.200858350586,39.155164052738002]}},
{"type":"Feature","properties":{"ILCE":"BERGAMA","KAPINO":null,"ENLEM":39.308940012218997,"ACIKLAMA":"3505-002-01","ILCEID":999,"MAHALLE":"AKÇENGER","MAHALLEID":null,"ADI":"1 NO LU AFET VE ACİL DURUM TOPLANMA ALANI","BOYLAM":27.293297293153,"YOL":"AKÇENGER KümeEvleri","Area":null},"geometry":{"type":"Point","coordinates":[27.293297293153,39.308940012218997]}},
{"type":"Feature","properties":{"ILCE":"BERGAMA","KAPINO":null,"ENLEM":39.180850180561997,"ACIKLAMA":"3505-137-01","ILCEID":999,"MAHALLE":"ZAĞNOZ","MAHALLEID":null,"ADI":"1 NO LU AFET VE ACİL DURUM TOPLANMA ALANI","BOYLAM":27.347027267939001,"YOL":"ZAĞNOZ MERKEZ KümeEvleri","Area":null},"geometry":{"type":"Point","coordinates":[27.347027267939001,39.180850180561997]}},
{"type":"Feature","properties":{"ILCE":"URLA","KAPINO":null,"ENLEM":38.228643520646003,"ACIKLAMA":"3529-009-01","ILCEID":18,"MAHALLE":"DEMİRCİLİ","MAHALLEID":null,"ADI":"1 NO LU AFET VE ACİL DURUM TOPLANMA ALANI","BOYLAM":26.686870802028,"YOL":"10001 Sk.","Area":null},"geometry":{"type":"Point","coordinates":[26.686870802028,38.228643520646003]}},
{"type":"Feature","properties":{"ILCE":"URLA","KAPINO":null,"ENLEM":38.323240734673,"ACIKLAMA":"3529-031-01","ILCEID":18,"MAHALLE":"YELALTI","MAHALLEID":null,"ADI":"1 NO LU AFET VE ACİL DURUM TOPLANMA ALANI","BOYLAM":26.768822435082001,"YOL":"ÇİLİNGİR ÇEŞME Sk.","Area":null},"geometry":{"type":"Point","coordinates":[26.768822435082001,38.323240734673]}},
{"type":"Feature","properties":{"ILCE":"SEFERİHİSAR","KAPINO":null,"ENLEM":38.162352807261001,"ACIKLAMA":"3525-018-02","ILCEID":12,"MAHALLE":"AKARCA","MAHALLEID":null,"ADI":"1 NO LU AFET VE ACİL DURUM TOPLANMA ALANI","BOYLAM":26.826900297177001,"YOL":"1008 Sk.","Area":null},"geometry":{"type":"Point","coordinates":[26.826900297177001,38.162352807261001]}},
{"type":"Feature","properties":{"ILCE":"ÇİĞLİ","KAPINO":null,"ENLEM":38.494454630330999,"ACIKLAMA":"3510-020-01","ILCEID":16,"MAHALLE":"ŞİRİNTEPE","MAHALLEID":null,"ADI":"1 NO LU AFET VE ACİL DURUM TOPLANMA ALANI","BOYLAM":27.065655360423001,"YOL":"DERE Cd.","Area":null},"geometry":{"type":"Point","coordinates":[27.065655360423001,38.494454630330999]}},
{"type":"Feature","properties":{"ILCE":"KEMALPAŞA","KAPINO":null,"ENLEM":38.465353340781,"ACIKLAMA":"3517-012-01","ILCEID":6,"MAHALLE":"ÇAMBEL","MAHALLEID":null,"ADI":"1 NO LU AFET VE ACİL DURUM TOPLANMA ALANI","BOYLAM":27.518978668906001,"YOL":"ÇAMBEL MAH. YOLU KümeEvleri","Area":null},"geometry":{"type":"Point","coordinates":[27.518978668906001,38.465353340781]}},
{"type":"Feature","properties":{"ILCE":"KEMALPAŞA","KAPINO":null,"ENLEM":38.481152778632001,"ACIKLAMA":"3517-005-01","ILCEID":6,"MAHALLE":"ANSIZCA","MAHALLEID":null,"ADI":"1 NO LU AFET VE ACİL DURUM TOPLANMA ALANI","BOYLAM":27.403805158928002,"YOL":"ANSIZCA KÖY YOLU KümeEvleri","Area":null},"geometry":{"type":"Point","coordinates":[27.403805158928002,38.481152778632001]}},
{"type":"Feature","properties":{"ILCE":"KEMALPAŞA","KAPINO":null,"ENLEM":38.317294607553997,"ACIKLAMA":"3517-010-01","ILCEID":6,"MAHALLE":"CUMALI","MAHALLEID":null,"ADI":"1 NO LU AFET VE ACİL DURUM TOPLANMA ALANI","BOYLAM":27.461161495728,"YOL":"CUMALI YOLU KümeEvleri","Area":null},"geometry":{"type":"Point","coordinates":[27.461161495728,38.317294607553997]}},
{"type":"Feature","properties":{"ILCE":"BERGAMA","KAPINO":null,"ENLEM":39.252135766301002,"ACIKLAMA":"3505-053-01","ILCEID":999,"MAHALLE":"GÖBELLER","MAHALLEID":null,"ADI":"1 NO LU AFET VE ACİL DURUM TOPLANMA ALANI","BOYLAM":27.020528767094,"YOL":"GÖBELLER KümeEvleri","Area":null},"geometry":{"type":"Point","coordinates":[27.020528767094,39.252135766301002]}},
{"type":"Feature","properties":{"ILCE":"BERGAMA","KAPINO":null,"ENLEM":38.974766033194001,"ACIKLAMA":"3505-087-01","ILCEID":999,"MAHALLE":"KOYUNELİ","MAHALLEID":null,"ADI":"1 NO LU AFET VE ACİL DURUM TOPLANMA ALANI","BOYLAM":27.175538732707999,"YOL":"KOYUNELİ KümeEvleri","Area":null},"geometry":{"type":"Point","coordinates":[27.175538732707999,38.974766033194001]}},
{"type":"Feature","properties":{"ILCE":"KONAK","KAPINO":null,"ENLEM":38.420728466786002,"ACIKLAMA":"3520-008-01","ILCEID":21,"MAHALLE":"AKINCI","MAHALLEID":null,"ADI":"1 NO LU AFET VE ACİL DURUM TOPLANMA ALANI","BOYLAM":27.141572351981001,"YOL":"1300 Sk.","Area":null},"geometry":{"type":"Point","coordinates":[27.141572351981001,38.420728466786002]}},
{"type":"Feature","properties":{"ILCE":"KONAK","KAPINO":null,"ENLEM":38.442172375802002,"ACIKLAMA":"3520-025-01","ILCEID":21,"MAHALLE":"ÇINARLI","MAHALLEID":null,"ADI":"1 NO LU AFET VE ACİL DURUM TOPLANMA ALANI","BOYLAM":27.178887021750999,"YOL":"1561 Sk.","Area":null},"geometry":{"type":"Point","coordinates":[27.178887021750999,38.442172375802002]}},
{"type":"Feature","properties":{"ILCE":"KONAK","KAPINO":null,"ENLEM":38.402548897198997,"ACIKLAMA":"3520-079-01","ILCEID":21,"MAHALLE":"MURAT REİS","MAHALLEID":null,"ADI":"1 NO LU AFET VE ACİL DURUM TOPLANMA ALANI","BOYLAM":27.110759319288999,"YOL":"251 Sk.","Area":null},"geometry":{"type":"Point","coordinates":[27.110759319288999,38.402548897198997]}},
{"type":"Feature","properties":{"ILCE":"KİRAZ","KAPINO":null,"ENLEM":38.259291152833001,"ACIKLAMA":"3519-008-01","ILCEID":994,"MAHALLE":"BAŞARAN","MAHALLEID":null,"ADI":"1 NO LU AFET VE ACİL DURUM TOPLANMA ALANI","BOYLAM":28.273995674782,"YOL":"BAŞARAN KümeEvleri","Area":null},"geometry":{"type":"Point","coordinates":[28.273995674782,38.259291152833001]}},
{"type":"Feature","properties":{"ILCE":"KONAK","KAPINO":null,"ENLEM":38.416554918456001,"ACIKLAMA":"3520-061-01","ILCEID":21,"MAHALLE":"KONAK","MAHALLEID":null,"ADI":"1 NO LU AFET VE ACİL DURUM TOPLANMA ALANI","BOYLAM":27.127109960142,"YOL":"HALİL RIFATPAŞA Cd.","Area":null},"geometry":{"type":"Point","coordinates":[27.127109960142,38.416554918456001]}},
{"type":"Feature","properties":{"ILCE":"BUCA","KAPINO":null,"ENLEM":38.381980608550997,"ACIKLAMA":"3508-032-01","ILCEID":8,"MAHALLE":"KOZAĞAÇ","MAHALLEID":null,"ADI":"1 NO LU AFET VE ACİL DURUM TOPLANMA ALANI","BOYLAM":27.174338119058,"YOL":"221 Sk.","Area":null},"geometry":{"type":"Point","coordinates":[27.174338119058,38.381980608550997]}},
{"type":"Feature","properties":{"ILCE":"BERGAMA","KAPINO":null,"ENLEM":39.277587336678003,"ACIKLAMA":"3505-129-01","ILCEID":999,"MAHALLE":"YENİLER","MAHALLEID":null,"ADI":"1 NO LU AFET VE ACİL DURUM TOPLANMA ALANI","BOYLAM":27.360845777363998,"YOL":"YENİLER MERKEZ KümeEvleri","Area":null},"geometry":{"type":"Point","coordinates":[27.360845777363998,39.277587336678003]}},
{"type":"Feature","properties":{"ILCE":"BERGAMA","KAPINO":null,"ENLEM":39.216302802000001,"ACIKLAMA":"3505-107-01","ILCEID":999,"MAHALLE":"SARICALAR","MAHALLEID":null,"ADI":"1 NO LU AFET VE ACİL DURUM TOPLANMA ALANI","BOYLAM":27.447191142438001,"YOL":"SARICALAR KümeEvleri","Area":null},"geometry":{"type":"Point","coordinates":[27.447191142438001,39.216302802]}},
{"type":"Feature","properties":{"ILCE":"BERGAMA","KAPINO":null,"ENLEM":39.249809417677,"ACIKLAMA":"3505-007-01","ILCEID":999,"MAHALLE":"AŞAĞIBEY","MAHALLEID":null,"ADI":"1 NO LU AFET VE ACİL DURUM TOPLANMA ALANI","BOYLAM":26.966112375240002,"YOL":"ABDULGANİ KümeEvleri","Area":null},"geometry":{"type":"Point","coordinates":[26.966112375240002,39.249809417677]}},
{"type":"Feature","properties":{"ILCE":"BERGAMA","KAPINO":null,"ENLEM":39.245821830338997,"ACIKLAMA":"3505-064-01","ILCEID":999,"MAHALLE":"ILGINCABER","MAHALLEID":null,"ADI":"1 NO LU AFET VE ACİL DURUM TOPLANMA ALANI","BOYLAM":27.455688290299001,"YOL":"ILGINCABER KümeEvleri","Area":null},"geometry":{"type":"Point","coordinates":[27.455688290299001,39.245821830338997]}},
{"type":"Feature","properties":{"ILCE":"BERGAMA","KAPINO":null,"ENLEM":39.121278826244001,"ACIKLAMA":"3505-090-01","ILCEID":999,"MAHALLE":"KURTULUŞ","MAHALLEID":null,"ADI":"1 NO LU AFET VE ACİL DURUM TOPLANMA ALANI","BOYLAM":27.197854349867001,"YOL":"İBRAHİM ATLAN Sk.","Area":null},"geometry":{"type":"Point","coordinates":[27.197854349867001,39.121278826244001]}},
{"type":"Feature","properties":{"ILCE":"BERGAMA","KAPINO":null,"ENLEM":39.317772073061001,"ACIKLAMA":"3505-078-01","ILCEID":999,"MAHALLE":"KARALAR","MAHALLEID":null,"ADI":"1 NO LU AFET VE ACİL DURUM TOPLANMA ALANI","BOYLAM":27.322222082284,"YOL":"KARALAR MERKEZ KümeEvleri","Area":null},"geometry":{"type":"Point","coordinates":[27.322222082284,39.317772073061001]}},
{"type":"Feature","properties":{"ILCE":"BERGAMA","KAPINO":null,"ENLEM":39.046260614486002,"ACIKLAMA":"3505-077-01","ILCEID":999,"MAHALLE":"KARAHIDIRLI","MAHALLEID":null,"ADI":"1 NO LU AFET VE ACİL DURUM TOPLANMA ALANI","BOYLAM":27.155883476025998,"YOL":"KARAHIDIRLI KümeEvleri","Area":null},"geometry":{"type":"Point","coordinates":[27.155883476025998,39.046260614486002]}},
{"type":"Feature","properties":{"ILCE":"BERGAMA","KAPINO":null,"ENLEM":39.071453308019002,"ACIKLAMA":"3505-080-01","ILCEID":999,"MAHALLE":"KAŞIKÇI","MAHALLEID":null,"ADI":"1 NO LU AFET VE ACİL DURUM TOPLANMA ALANI","BOYLAM":27.231671564582999,"YOL":"KAŞIKÇI KümeEvleri","Area":null},"geometry":{"type":"Point","coordinates":[27.231671564582999,39.071453308019002]}},
{"type":"Feature","properties":{"ILCE":"KİRAZ","KAPINO":null,"ENLEM":38.159376419661001,"ACIKLAMA":"3519-041-01","ILCEID":994,"MAHALLE":"SIRIMLI","MAHALLEID":null,"ADI":"1 NO LU AFET VE ACİL DURUM TOPLANMA ALANI","BOYLAM":28.327553910753,"YOL":"SIRIMLI KümeEvleri","Area":null},"geometry":{"type":"Point","coordinates":[28.327553910753,38.159376419661001]}},
{"type":"Feature","properties":{"ILCE":"BERGAMA","KAPINO":null,"ENLEM":39.238011000029999,"ACIKLAMA":"3505-031-01","ILCEID":999,"MAHALLE":"ÇALTIKORU","MAHALLEID":null,"ADI":"1 NO LU AFET VE ACİL DURUM TOPLANMA ALANI","BOYLAM":27.323724249537001,"YOL":"ÇALTIKORU KümeEvleri","Area":null},"geometry":{"type":"Point","coordinates":[27.323724249537001,39.238011000029999]}},
{"type":"Feature","properties":{"ILCE":"BERGAMA","KAPINO":null,"ENLEM":39.331515929094998,"ACIKLAMA":"3505-061-01","ILCEID":999,"MAHALLE":"HALİLAĞALAR","MAHALLEID":null,"ADI":"1 NO LU AFET VE ACİL DURUM TOPLANMA ALANI","BOYLAM":27.30411186936,"YOL":"HALİLAĞALAR KümeEvleri","Area":null},"geometry":{"type":"Point","coordinates":[27.30411186936,39.331515929094998]}},
{"type":"Feature","properties":{"ILCE":"DİKİLİ","KAPINO":null,"ENLEM":39.076133915318003,"ACIKLAMA":"3511-014-01","ILCEID":995,"MAHALLE":"İSMETPAŞA","MAHALLEID":null,"ADI":"1 NO LU AFET VE ACİL DURUM TOPLANMA ALANI","BOYLAM":26.893757766831001,"YOL":"101 Sk.","Area":null},"geometry":{"type":"Point","coordinates":[26.893757766831001,39.076133915318003]}},
{"type":"Feature","properties":{"ILCE":"KONAK","KAPINO":null,"ENLEM":38.407601830190004,"ACIKLAMA":"3520-001-01","ILCEID":21,"MAHALLE":"19 MAYIS","MAHALLEID":null,"ADI":"1 NO LU AFET VE ACİL DURUM TOPLANMA ALANI","BOYLAM":27.143106590053002,"YOL":"700 Sk.","Area":null},"geometry":{"type":"Point","coordinates":[27.143106590053002,38.407601830190004]}},
{"type":"Feature","properties":{"ILCE":"BAYINDIR","KAPINO":null,"ENLEM":38.222378052682998,"ACIKLAMA":"3504-040-01","ILCEID":7,"MAHALLE":"KURT","MAHALLEID":null,"ADI":"1 NO LU AFET VE ACİL DURUM TOPLANMA ALANI","BOYLAM":27.648842918732999,"YOL":"CUMHURİYET Myd.","Area":null},"geometry":{"type":"Point","coordinates":[27.648842918732999,38.222378052682998]}},
{"type":"Feature","properties":{"ILCE":"BERGAMA","KAPINO":null,"ENLEM":39.126705530998997,"ACIKLAMA":"3505-111-01","ILCEID":999,"MAHALLE":"SELÇUK","MAHALLEID":null,"ADI":"1 NO LU AFET VE ACİL DURUM TOPLANMA ALANI","BOYLAM":27.177190701551002,"YOL":"KOZAK Cd.","Area":null},"geometry":{"type":"Point","coordinates":[27.177190701551002,39.126705530998997]}},
{"type":"Feature","properties":{"ILCE":"DİKİLİ","KAPINO":null,"ENLEM":39.129335202671001,"ACIKLAMA":"3511-015-01","ILCEID":995,"MAHALLE":"KABAKUM","MAHALLEID":null,"ADI":"1 NO LU AFET VE ACİL DURUM TOPLANMA ALANI","BOYLAM":26.89066778059,"YOL":"KABAKUM VATAN Sk.","Area":null},"geometry":{"type":"Point","coordinates":[26.89066778059,39.129335202671001]}},
{"type":"Feature","properties":{"ILCE":"TİRE","KAPINO":null,"ENLEM":38.020630213924001,"ACIKLAMA":"3527-006-01","ILCEID":997,"MAHALLE":"AKYURT","MAHALLEID":null,"ADI":"1 NO LU AFET VE ACİL DURUM TOPLANMA ALANI","BOYLAM":27.600936535241999,"YOL":"AKYURT VATAN Sk.","Area":null},"geometry":{"type":"Point","coordinates":[27.600936535241999,38.020630213924001]}},
{"type":"Feature","properties":{"ILCE":"TİRE","KAPINO":null,"ENLEM":38.090547948480001,"ACIKLAMA":"3527-060-01","ILCEID":997,"MAHALLE":"KURTULUŞ","MAHALLEID":null,"ADI":"1 NO LU AFET VE ACİL DURUM TOPLANMA ALANI","BOYLAM":27.735008653465002,"YOL":"YENİPARK Sk.","Area":null},"geometry":{"type":"Point","coordinates":[27.735008653465002,38.090547948480001]}},
{"type":"Feature","properties":{"ILCE":"KEMALPAŞA","KAPINO":null,"ENLEM":38.482351632395002,"ACIKLAMA":"3517-024-01","ILCEID":6,"MAHALLE":"ULUCAK İSTİKLAL","MAHALLEID":null,"ADI":"1 NO LU AFET VE ACİL DURUM TOPLANMA ALANI","BOYLAM":27.363604407575,"YOL":"9135 Sk.","Area":null},"geometry":{"type":"Point","coordinates":[27.363604407575,38.482351632395002]}},
{"type":"Feature","properties":{"ILCE":"KEMALPAŞA","KAPINO":null,"ENLEM":38.459229069487002,"ACIKLAMA":"3517-041-01","ILCEID":6,"MAHALLE":"SÜTÇÜLER","MAHALLEID":null,"ADI":"1 NO LU AFET VE ACİL DURUM TOPLANMA ALANI","BOYLAM":27.449745842731001,"YOL":"AKEVLER Cd.","Area":null},"geometry":{"type":"Point","coordinates":[27.449745842731001,38.459229069487002]}},
{"type":"Feature","properties":{"ILCE":"ÇEŞME","KAPINO":null,"ENLEM":38.321194879863,"ACIKLAMA":"3509-006-01","ILCEID":1001,"MAHALLE":"BOYALIK","MAHALLEID":null,"ADI":"1 NO LU AFET VE ACİL DURUM TOPLANMA ALANI","BOYLAM":26.331954476692001,"YOL":"3211 Sk.","Area":null},"geometry":{"type":"Point","coordinates":[26.331954476692001,38.321194879863]}},
{"type":"Feature","properties":{"ILCE":"BAYINDIR","KAPINO":null,"ENLEM":38.169396897395004,"ACIKLAMA":"3504-028-01","ILCEID":7,"MAHALLE":"HAVUZBAŞI","MAHALLEID":null,"ADI":"1 NO LU AFET VE ACİL DURUM TOPLANMA ALANI","BOYLAM":27.469680384402999,"YOL":"HAVUZBAŞI KÖYİÇİ KümeEvleri","Area":null},"geometry":{"type":"Point","coordinates":[27.469680384402999,38.169396897395004]}},
{"type":"Feature","properties":{"ILCE":"BAYINDIR","KAPINO":null,"ENLEM":38.250275927225999,"ACIKLAMA":"3504-017-01","ILCEID":7,"MAHALLE":"DEREKÖY","MAHALLEID":null,"ADI":"1 NO LU AFET VE ACİL DURUM TOPLANMA ALANI","BOYLAM":27.680415000492001,"YOL":"ILICA Sk.","Area":null},"geometry":{"type":"Point","coordinates":[27.680415000492001,38.250275927225999]}},
{"type":"Feature","properties":{"ILCE":"MENEMEN","KAPINO":null,"ENLEM":38.544886583721002,"ACIKLAMA":"3522-001-01","ILCEID":17,"MAHALLE":"9 EYLÜL","MAHALLEID":null,"ADI":"1 NO LU AFET VE ACİL DURUM TOPLANMA ALANI","BOYLAM":27.036108205818,"YOL":"7. Cd.","Area":null},"geometry":{"type":"Point","coordinates":[27.036108205818,38.544886583721002]}},
{"type":"Feature","properties":{"ILCE":"DİKİLİ","KAPINO":null,"ENLEM":39.104296498197002,"ACIKLAMA":"3511-019-01","ILCEID":995,"MAHALLE":"KIZILÇUKUR","MAHALLEID":null,"ADI":"1 NO LU AFET VE ACİL DURUM TOPLANMA ALANI","BOYLAM":26.919420967876999,"YOL":"KIZILÇUKUR CUMHURİYET Cd.","Area":null},"geometry":{"type":"Point","coordinates":[26.919420967876999,39.104296498197002]}},
{"type":"Feature","properties":{"ILCE":"GÜZELBAHÇE","KAPINO":null,"ENLEM":38.338267831816999,"ACIKLAMA":"3514-012-01","ILCEID":1,"MAHALLE":"YELKİ","MAHALLEID":null,"ADI":"1 NO LU AFET VE ACİL DURUM TOPLANMA ALANI","BOYLAM":26.867315311390001,"YOL":"2330 Sk.","Area":null},"geometry":{"type":"Point","coordinates":[26.867315311390001,38.338267831816999]}},
{"type":"Feature","properties":{"ILCE":"ÇEŞME","KAPINO":null,"ENLEM":38.286755942018999,"ACIKLAMA":"3509-003-01","ILCEID":1001,"MAHALLE":"ÇİFTLİK","MAHALLEID":null,"ADI":"1 NO LU AFET VE ACİL DURUM TOPLANMA ALANI","BOYLAM":26.274944475367999,"YOL":"135/1 Sk.","Area":null},"geometry":{"type":"Point","coordinates":[26.274944475367999,38.286755942018999]}},
{"type":"Feature","properties":{"ILCE":"MENEMEN","KAPINO":null,"ENLEM":38.577000951564997,"ACIKLAMA":"3522-044-01","ILCEID":17,"MAHALLE":"KEMAL ATATÜRK","MAHALLEID":null,"ADI":"1 NO LU AFET VE ACİL DURUM TOPLANMA ALANI","BOYLAM":27.070665560218,"YOL":"7509/2 Sk.","Area":null},"geometry":{"type":"Point","coordinates":[27.070665560218,38.577000951564997]}},
{"type":"Feature","properties":{"ILCE":"BAYRAKLI","KAPINO":null,"ENLEM":38.480749369291999,"ACIKLAMA":"3530-017-01","ILCEID":11,"MAHALLE":"ORG.NAFİZ GÜRMAN","MAHALLEID":null,"ADI":"1 NO LU AFET VE ACİL DURUM TOPLANMA ALANI","BOYLAM":27.137023246546999,"YOL":"7170 Sk.","Area":null},"geometry":{"type":"Point","coordinates":[27.137023246546999,38.480749369291999]}},
{"type":"Feature","properties":{"ILCE":"BAYRAKLI","KAPINO":null,"ENLEM":38.46833503797,"ACIKLAMA":"3530-009-01","ILCEID":11,"MAHALLE":"EMEK","MAHALLEID":null,"ADI":"1 NO LU AFET VE ACİL DURUM TOPLANMA ALANI","BOYLAM":27.118741421879999,"YOL":"ŞEHİT ASTEĞMEN MESUT UZLU Sk.","Area":null},"geometry":{"type":"Point","coordinates":[27.118741421879999,38.46833503797]}},
{"type":"Feature","properties":{"ILCE":"ÇEŞME","KAPINO":null,"ENLEM":38.319338922644,"ACIKLAMA":"3509-005-01","ILCEID":1001,"MAHALLE":"ARDIÇ","MAHALLEID":null,"ADI":"1 NO LU AFET VE ACİL DURUM TOPLANMA ALANI","BOYLAM":26.389173757746001,"YOL":"5491 Sk.","Area":null},"geometry":{"type":"Point","coordinates":[26.389173757746001,38.319338922644]}},
{"type":"Feature","properties":{"ILCE":"TORBALI","KAPINO":null,"ENLEM":38.249450008955002,"ACIKLAMA":"3528-041-01","ILCEID":9,"MAHALLE":"ORMANKÖY","MAHALLEID":null,"ADI":"1 NO LU AFET VE ACİL DURUM TOPLANMA ALANI","BOYLAM":27.456376567185,"YOL":"6330 Sk.","Area":null},"geometry":{"type":"Point","coordinates":[27.456376567185,38.249450008955002]}},
{"type":"Feature","properties":{"ILCE":"GÜZELBAHÇE","KAPINO":null,"ENLEM":38.341015363213003,"ACIKLAMA":"3514-007-01","ILCEID":1,"MAHALLE":"MUSTAFA KEMAL PAŞA","MAHALLEID":null,"ADI":"1 NO LU AFET VE ACİL DURUM TOPLANMA ALANI","BOYLAM":26.870901402045,"YOL":"ŞEHİT İLHAMİ YILMAZ Cd.","Area":null},"geometry":{"type":"Point","coordinates":[26.870901402045,38.341015363213003]}},
{"type":"Feature","properties":{"ILCE":"BAYRAKLI","KAPINO":null,"ENLEM":38.470023493836003,"ACIKLAMA":"3530-003-01","ILCEID":11,"MAHALLE":"ALPASLAN","MAHALLEID":null,"ADI":"1 NO LU AFET VE ACİL DURUM TOPLANMA ALANI","BOYLAM":27.167503736408001,"YOL":"1620/6 Sk.","Area":null},"geometry":{"type":"Point","coordinates":[27.167503736408001,38.470023493836003]}},
{"type":"Feature","properties":{"ILCE":"TİRE","KAPINO":null,"ENLEM":38.068540608151999,"ACIKLAMA":"3527-059-01","ILCEID":997,"MAHALLE":"KURŞAK","MAHALLEID":null,"ADI":"1 NO LU AFET VE ACİL DURUM TOPLANMA ALANI","BOYLAM":27.566558761877999,"YOL":"KURŞAK EĞREK Myd.","Area":null},"geometry":{"type":"Point","coordinates":[27.566558761877999,38.068540608151999]}},
{"type":"Feature","properties":{"ILCE":"ÖDEMİŞ","KAPINO":null,"ENLEM":38.338302680456998,"ACIKLAMA":"3524-083-01","ILCEID":998,"MAHALLE":"TEKKE","MAHALLEID":null,"ADI":"1 NO LU AFET VE ACİL DURUM TOPLANMA ALANI","BOYLAM":28.063539719379001,"YOL":"ELMABAĞ KümeEvleri","Area":null},"geometry":{"type":"Point","coordinates":[28.063539719379001,38.338302680456998]}},
{"type":"Feature","properties":{"ILCE":"TORBALI","KAPINO":null,"ENLEM":38.080000348900001,"ACIKLAMA":"3528-002-01","ILCEID":9,"MAHALLE":"AHMETLİ","MAHALLEID":null,"ADI":"1 NO LU AFET VE ACİL DURUM TOPLANMA ALANI","BOYLAM":27.374494773496998,"YOL":"6101/2 Sk.","Area":null},"geometry":{"type":"Point","coordinates":[27.374494773496998,38.080000348900001]}},
{"type":"Feature","properties":{"ILCE":"TORBALI","KAPINO":null,"ENLEM":38.147209820425999,"ACIKLAMA":"3528-057-01","ILCEID":9,"MAHALLE":"YEMİŞLİK","MAHALLEID":null,"ADI":"1 NO LU AFET VE ACİL DURUM TOPLANMA ALANI","BOYLAM":27.369602341124001,"YOL":"6010 Sk.","Area":null},"geometry":{"type":"Point","coordinates":[27.369602341124001,38.147209820425999]}},
{"type":"Feature","properties":{"ILCE":"GAZİEMİR","KAPINO":null,"ENLEM":38.301669412582001,"ACIKLAMA":"3513-011-01","ILCEID":15,"MAHALLE":"HÜRRİYET","MAHALLEID":null,"ADI":"1 NO LU AFET VE ACİL DURUM TOPLANMA ALANI","BOYLAM":27.180775522882001,"YOL":"ÇAMLIK Cd.","Area":null},"geometry":{"type":"Point","coordinates":[27.180775522882001,38.301669412582001]}},
{"type":"Feature","properties":{"ILCE":"MENEMEN","KAPINO":null,"ENLEM":38.611121369448,"ACIKLAMA":"3522-015-01","ILCEID":17,"MAHALLE":"CAMİİKEBİR","MAHALLEID":null,"ADI":"1 NO LU AFET VE ACİL DURUM TOPLANMA ALANI","BOYLAM":27.065276970166,"YOL":"ZİYA GÖKALP Cd.","Area":null},"geometry":{"type":"Point","coordinates":[27.065276970166,38.611121369448]}},
{"type":"Feature","properties":{"ILCE":"MENEMEN","KAPINO":null,"ENLEM":38.561507636888997,"ACIKLAMA":"3522-002-01","ILCEID":17,"MAHALLE":"30 AĞUSTOS","MAHALLEID":null,"ADI":"1 NO LU AFET VE ACİL DURUM TOPLANMA ALANI","BOYLAM":27.046912061495998,"YOL":"7104 Sk.","Area":null},"geometry":{"type":"Point","coordinates":[27.046912061495998,38.561507636888997]}},
{"type":"Feature","properties":{"ILCE":"MENDERES","KAPINO":null,"ENLEM":38.277821248804003,"ACIKLAMA":"3521-020-01","ILCEID":13,"MAHALLE":"EFEMÇUKURU","MAHALLEID":null,"ADI":"1 NO LU AFET VE ACİL DURUM TOPLANMA ALANI","BOYLAM":26.972293867689999,"YOL":"EFEMÇUKURU","Area":null},"geometry":{"type":"Point","coordinates":[26.972293867689999,38.277821248804003]}},
{"type":"Feature","properties":{"ILCE":"MENDERES","KAPINO":null,"ENLEM":38.251876205519999,"ACIKLAMA":"3521-038-01","ILCEID":13,"MAHALLE":"MİTHATPAŞA","MAHALLEID":null,"ADI":"1 NO LU AFET VE ACİL DURUM TOPLANMA ALANI","BOYLAM":27.138160883274999,"YOL":"553 Sk.","Area":null},"geometry":{"type":"Point","coordinates":[27.138160883274999,38.251876205519999]}},
{"type":"Feature","properties":{"ILCE":"TORBALI","KAPINO":null,"ENLEM":38.271117222203003,"ACIKLAMA":"3528-009-01","ILCEID":9,"MAHALLE":"BOZKÖY","MAHALLEID":null,"ADI":"1 NO LU AFET VE ACİL DURUM TOPLANMA ALANI","BOYLAM":27.365611034174002,"YOL":"6165 Sk.","Area":null},"geometry":{"type":"Point","coordinates":[27.365611034174002,38.271117222203003]}},
{"type":"Feature","properties":{"ILCE":"KARŞIYAKA","KAPINO":null,"ENLEM":38.4949585078,"ACIKLAMA":"3516-016-01","ILCEID":20,"MAHALLE":"LATİFE HANIM","MAHALLEID":null,"ADI":"1 NO LU AFET VE ACİL DURUM TOPLANMA ALANI","BOYLAM":27.117303719719001,"YOL":"7447/13 Sk.","Area":null},"geometry":{"type":"Point","coordinates":[27.117303719719001,38.4949585078]}},
{"type":"Feature","properties":{"ILCE":"KİRAZ","KAPINO":null,"ENLEM":38.267782421002998,"ACIKLAMA":"3519-037-01","ILCEID":994,"MAHALLE":"PINARBAŞI","MAHALLEID":null,"ADI":"1 NO LU AFET VE ACİL DURUM TOPLANMA ALANI","BOYLAM":28.218549300237999,"YOL":"PINARBAŞI KümeEvleri","Area":null},"geometry":{"type":"Point","coordinates":[28.218549300237999,38.267782421002998]}},
{"type":"Feature","properties":{"ILCE":"TORBALI","KAPINO":null,"ENLEM":38.197141968148003,"ACIKLAMA":"3528-034-01","ILCEID":9,"MAHALLE":"KAZIM KARABEKİR","MAHALLEID":null,"ADI":"1 NO LU AFET VE ACİL DURUM TOPLANMA ALANI","BOYLAM":27.235385197265,"YOL":"29 EKİM CUMHURİYET Myd.","Area":null},"geometry":{"type":"Point","coordinates":[27.235385197265,38.197141968148003]}},
{"type":"Feature","properties":{"ILCE":"KARŞIYAKA","KAPINO":null,"ENLEM":38.463740034536997,"ACIKLAMA":"3516-023-01","ILCEID":20,"MAHALLE":"TERSANE","MAHALLEID":null,"ADI":"1 NO LU AFET VE ACİL DURUM TOPLANMA ALANI","BOYLAM":27.128182758445998,"YOL":"1664 Sk.","Area":null},"geometry":{"type":"Point","coordinates":[27.128182758445998,38.463740034536997]}},
{"type":"Feature","properties":{"ILCE":"ÇEŞME","KAPINO":null,"ENLEM":38.280886077322002,"ACIKLAMA":"3509-022-01","ILCEID":1001,"MAHALLE":"ŞEHİT MEHMET","MAHALLEID":null,"ADI":"1 NO LU AFET VE ACİL DURUM TOPLANMA ALANI","BOYLAM":26.250064440607002,"YOL":"336 Sk.","Area":null},"geometry":{"type":"Point","coordinates":[26.250064440607002,38.280886077322002]}},
{"type":"Feature","properties":{"ILCE":"KARŞIYAKA","KAPINO":null,"ENLEM":38.472148576332998,"ACIKLAMA":"3516-012-01","ILCEID":20,"MAHALLE":"FİKRİ ALTAY","MAHALLEID":null,"ADI":"1 NO LU AFET VE ACİL DURUM TOPLANMA ALANI","BOYLAM":27.103173951706001,"YOL":"6184/3 Sk.","Area":null},"geometry":{"type":"Point","coordinates":[27.103173951706001,38.472148576332998]}},
{"type":"Feature","properties":{"ILCE":"KARŞIYAKA","KAPINO":null,"ENLEM":38.460068825255,"ACIKLAMA":"3516-007-01","ILCEID":20,"MAHALLE":"BOSTANLI","MAHALLEID":null,"ADI":"1 NO LU AFET VE ACİL DURUM TOPLANMA ALANI","BOYLAM":27.101081859657999,"YOL":"CENGİZ KOCATOROS Sk.","Area":null},"geometry":{"type":"Point","coordinates":[27.101081859657999,38.460068825255]}},
{"type":"Feature","properties":{"ILCE":"URLA","KAPINO":null,"ENLEM":38.332435744691999,"ACIKLAMA":"3529-033-01","ILCEID":18,"MAHALLE":"YENİCE","MAHALLEID":null,"ADI":"1 NO LU AFET VE ACİL DURUM TOPLANMA ALANI","BOYLAM":26.791143650113,"YOL":"AKDENİZ Sk.","Area":null},"geometry":{"type":"Point","coordinates":[26.791143650113,38.332435744691999]}},
{"type":"Feature","properties":{"ILCE":"ÇEŞME","KAPINO":null,"ENLEM":38.317731254046002,"ACIKLAMA":"3509-013-01","ILCEID":1001,"MAHALLE":"GERMİYAN","MAHALLEID":null,"ADI":"1 NO LU AFET VE ACİL DURUM TOPLANMA ALANI","BOYLAM":26.460273399958002,"YOL":"ÖREN KümeEvleri","Area":null},"geometry":{"type":"Point","coordinates":[26.460273399958002,38.317731254046002]}},
{"type":"Feature","properties":{"ILCE":"KARŞIYAKA","KAPINO":null,"ENLEM":38.453876965576001,"ACIKLAMA":"3516-001-01","ILCEID":20,"MAHALLE":"AKSOY","MAHALLEID":null,"ADI":"1 NO LU AFET VE ACİL DURUM TOPLANMA ALANI","BOYLAM":27.106623286436999,"YOL":"1751 Sk.","Area":null},"geometry":{"type":"Point","coordinates":[27.106623286436999,38.453876965576001]}},
{"type":"Feature","properties":{"ILCE":"BUCA","KAPINO":null,"ENLEM":38.358159056364002,"ACIKLAMA":"3508-037-01","ILCEID":8,"MAHALLE":"MUSTAFA KEMAL","MAHALLEID":null,"ADI":"1 NO LU AFET VE ACİL DURUM TOPLANMA ALANI","BOYLAM":27.150520262040999,"YOL":"694/47 Sk.","Area":null},"geometry":{"type":"Point","coordinates":[27.150520262040999,38.358159056364002]}},
{"type":"Feature","properties":{"ILCE":"BUCA","KAPINO":null,"ENLEM":38.399202617127997,"ACIKLAMA":"3508-005-01","ILCEID":8,"MAHALLE":"AYDOĞDU","MAHALLEID":null,"ADI":"1 NO LU AFET VE ACİL DURUM TOPLANMA ALANI","BOYLAM":27.200709437623001,"YOL":"1250 Sk.","Area":null},"geometry":{"type":"Point","coordinates":[27.200709437623001,38.399202617127997]}},
{"type":"Feature","properties":{"ILCE":"MENEMEN","KAPINO":null,"ENLEM":38.588097743513998,"ACIKLAMA":"3522-067-01","ILCEID":17,"MAHALLE":"ZEYTİNLİK","MAHALLEID":null,"ADI":"1 NO LU AFET VE ACİL DURUM TOPLANMA ALANI","BOYLAM":27.075583347020999,"YOL":"9021/1 Sk.","Area":null},"geometry":{"type":"Point","coordinates":[27.075583347020999,38.588097743513998]}},
{"type":"Feature","properties":{"ILCE":"MENEMEN","KAPINO":null,"ENLEM":38.654563910442,"ACIKLAMA":"3522-062-01","ILCEID":17,"MAHALLE":"YANIKKÖY","MAHALLEID":null,"ADI":"1 NO LU AFET VE ACİL DURUM TOPLANMA ALANI","BOYLAM":27.081694615581998,"YOL":"NEHİR Sk.","Area":null},"geometry":{"type":"Point","coordinates":[27.081694615581998,38.654563910442]}},
{"type":"Feature","properties":{"ILCE":"KONAK","KAPINO":null,"ENLEM":38.438155547008002,"ACIKLAMA":"3520-073-01","ILCEID":21,"MAHALLE":"MERSİNLİ","MAHALLEID":null,"ADI":"1 NO LU AFET VE ACİL DURUM TOPLANMA ALANI","BOYLAM":27.176762729545,"YOL":"2807 Sk.","Area":null},"geometry":{"type":"Point","coordinates":[27.176762729545,38.438155547008002]}},
{"type":"Feature","properties":{"ILCE":"TORBALI","KAPINO":null,"ENLEM":38.265608218604001,"ACIKLAMA":"3528-061-01","ILCEID":9,"MAHALLE":"YEŞİLKÖY","MAHALLEID":null,"ADI":"1 NO LU AFET VE ACİL DURUM TOPLANMA ALANI","BOYLAM":27.244601108255999,"YOL":"6423/8 Sk.","Area":null},"geometry":{"type":"Point","coordinates":[27.244601108255999,38.265608218604001]}},
{"type":"Feature","properties":{"ILCE":"TORBALI","KAPINO":null,"ENLEM":38.239665105767997,"ACIKLAMA":"3528-031-01","ILCEID":9,"MAHALLE":"GAZİ MUSTAFA KEMAL","MAHALLEID":null,"ADI":"1 NO LU AFET VE ACİL DURUM TOPLANMA ALANI","BOYLAM":27.390555503725,"YOL":"MUSTAFA KEMAL ATATÜRK Cd.","Area":null},"geometry":{"type":"Point","coordinates":[27.390555503725,38.239665105767997]}},
{"type":"Feature","properties":{"ILCE":"ÇİĞLİ","KAPINO":null,"ENLEM":38.503304620355998,"ACIKLAMA":"3510-026-01","ILCEID":16,"MAHALLE":"YAKAKENT","MAHALLEID":null,"ADI":"1 NO LU AFET VE ACİL DURUM TOPLANMA ALANI","BOYLAM":27.077371176023,"YOL":"8087/11 Sk.","Area":null},"geometry":{"type":"Point","coordinates":[27.077371176023,38.503304620355998]}},
{"type":"Feature","properties":{"ILCE":"TORBALI","KAPINO":null,"ENLEM":38.281190405308998,"ACIKLAMA":"3528-018-01","ILCEID":9,"MAHALLE":"DEMİRCİ","MAHALLEID":null,"ADI":"1 NO LU AFET VE ACİL DURUM TOPLANMA ALANI","BOYLAM":27.286089283519001,"YOL":"6254 Sk.","Area":null},"geometry":{"type":"Point","coordinates":[27.286089283519001,38.281190405308998]}},
{"type":"Feature","properties":{"ILCE":"TORBALI","KAPINO":null,"ENLEM":38.212233135736,"ACIKLAMA":"3528-042-01","ILCEID":9,"MAHALLE":"ORTAKÖY","MAHALLEID":null,"ADI":"1 NO LU AFET VE ACİL DURUM TOPLANMA ALANI","BOYLAM":27.368915594314998,"YOL":"CAMİ ÖNÜ Sk.","Area":null},"geometry":{"type":"Point","coordinates":[27.368915594314998,38.212233135736]}},
{"type":"Feature","properties":{"ILCE":"TORBALI","KAPINO":null,"ENLEM":38.146809044727,"ACIKLAMA":"3528-033-01","ILCEID":9,"MAHALLE":"KARŞIYAKA","MAHALLEID":null,"ADI":"1 NO LU AFET VE ACİL DURUM TOPLANMA ALANI","BOYLAM":27.371329675662999,"YOL":"BEKİR SAKARYA Cd.","Area":null},"geometry":{"type":"Point","coordinates":[27.371329675662999,38.146809044727]}},
{"type":"Feature","properties":{"ILCE":"MENEMEN","KAPINO":null,"ENLEM":38.579434223351001,"ACIKLAMA":"3522-038-01","ILCEID":17,"MAHALLE":"İNÖNÜ","MAHALLEID":null,"ADI":"1 NO LU AFET VE ACİL DURUM TOPLANMA ALANI","BOYLAM":26.980935379841998,"YOL":"4137 Sk.","Area":null},"geometry":{"type":"Point","coordinates":[26.980935379841998,38.579434223351001]}},
{"type":"Feature","properties":{"ILCE":"MENEMEN","KAPINO":null,"ENLEM":38.685167746082001,"ACIKLAMA":"3522-024-01","ILCEID":17,"MAHALLE":"FATİH","MAHALLEID":null,"ADI":"1 NO LU AFET VE ACİL DURUM TOPLANMA ALANI","BOYLAM":27.030588003777002,"YOL":"MAREŞAL FEVZİ ÇAKMAK Cd.","Area":null},"geometry":{"type":"Point","coordinates":[27.030588003777002,38.685167746082001]}},
{"type":"Feature","properties":{"ILCE":"MENEMEN","KAPINO":null,"ENLEM":38.598393990060998,"ACIKLAMA":"3522-060-01","ILCEID":17,"MAHALLE":"VİLLAKENT","MAHALLEID":null,"ADI":"1 NO LU AFET VE ACİL DURUM TOPLANMA ALANI","BOYLAM":26.923091113399,"YOL":"5151 Sk.","Area":null},"geometry":{"type":"Point","coordinates":[26.923091113399,38.598393990060998]}},
{"type":"Feature","properties":{"ILCE":"MENEMEN","KAPINO":null,"ENLEM":38.619695187558001,"ACIKLAMA":"3522-011-01","ILCEID":17,"MAHALLE":"BAĞCILAR","MAHALLEID":null,"ADI":"1 NO LU AFET VE ACİL DURUM TOPLANMA ALANI","BOYLAM":27.200965216349001,"YOL":"BAĞCILAR KümeEvleri","Area":null},"geometry":{"type":"Point","coordinates":[27.200965216349001,38.619695187558001]}},
{"type":"Feature","properties":{"ILCE":"MENEMEN","KAPINO":null,"ENLEM":38.662993258470003,"ACIKLAMA":"3522-054-01","ILCEID":17,"MAHALLE":"TELEKLER","MAHALLEID":null,"ADI":"1 NO LU AFET VE ACİL DURUM TOPLANMA ALANI","BOYLAM":27.216027013582,"YOL":"TELEKLER KümeEvleri","Area":null},"geometry":{"type":"Point","coordinates":[27.216027013582,38.662993258470003]}},
{"type":"Feature","properties":{"ILCE":"TORBALI","KAPINO":null,"ENLEM":38.165078022396997,"ACIKLAMA":"3528-003-01","ILCEID":9,"MAHALLE":"ALPKENT","MAHALLEID":null,"ADI":"1 NO LU AFET VE ACİL DURUM TOPLANMA ALANI","BOYLAM":27.354989711293001,"YOL":"1022 Sk.","Area":null},"geometry":{"type":"Point","coordinates":[27.354989711293001,38.165078022396997]}},
{"type":"Feature","properties":{"ILCE":"MENDERES","KAPINO":null,"ENLEM":38.263148350035998,"ACIKLAMA":"3521-022-01","ILCEID":13,"MAHALLE":"GÖLCÜKLER","MAHALLEID":null,"ADI":"1 NO LU AFET VE ACİL DURUM TOPLANMA ALANI","BOYLAM":27.137130901296999,"YOL":"779/2 Sk.","Area":null},"geometry":{"type":"Point","coordinates":[27.137130901296999,38.263148350035998]}},
{"type":"Feature","properties":{"ILCE":"MENDERES","KAPINO":null,"ENLEM":38.277518271403999,"ACIKLAMA":"3521-035-01","ILCEID":13,"MAHALLE":"KISIK","MAHALLEID":null,"ADI":"1 NO LU AFET VE ACİL DURUM TOPLANMA ALANI","BOYLAM":27.186139954270999,"YOL":"7709 Sk.","Area":null},"geometry":{"type":"Point","coordinates":[27.186139954270999,38.277518271403999]}},
{"type":"Feature","properties":{"ILCE":"MENDERES","KAPINO":"95","ENLEM":38.071081546298998,"ACIKLAMA":"3521-009-01","ILCEID":13,"MAHALLE":"ÇAKALTEPE","MAHALLEID":null,"ADI":"1 NO LU AFET VE ACİL DURUM TOPLANMA ALANI","BOYLAM":27.211073984841999,"YOL":"ÇAKALTEPE KümeEvleri","Area":null},"geometry":{"type":"Point","coordinates":[27.211073984841999,38.071081546298998]}},
{"type":"Feature","properties":{"ILCE":"KARABAĞLAR","KAPINO":null,"ENLEM":38.393266089626998,"ACIKLAMA":"3531-021-01","ILCEID":19,"MAHALLE":"ESENYALI","MAHALLEID":null,"ADI":"1 NO LU AFET VE ACİL DURUM TOPLANMA ALANI","BOYLAM":27.089280312494999,"YOL":"52/72 Sk.","Area":null},"geometry":{"type":"Point","coordinates":[27.089280312494999,38.393266089626998]}},
{"type":"Feature","properties":{"ILCE":"GAZİEMİR","KAPINO":null,"ENLEM":38.307327091231002,"ACIKLAMA":"3513-008-01","ILCEID":15,"MAHALLE":"FATİH","MAHALLEID":null,"ADI":"1 NO LU AFET VE ACİL DURUM TOPLANMA ALANI","BOYLAM":27.175711528198001,"YOL":"ÇAMLIK Cd.","Area":null},"geometry":{"type":"Point","coordinates":[27.175711528198001,38.307327091231002]}},
{"type":"Feature","properties":{"ILCE":"MENEMEN","KAPINO":null,"ENLEM":38.713410526895998,"ACIKLAMA":"3522-055-01","ILCEID":17,"MAHALLE":"TURGUTLAR","MAHALLEID":null,"ADI":"1 NO LU AFET VE ACİL DURUM TOPLANMA ALANI","BOYLAM":27.163532332188002,"YOL":"TURGUTLAR KümeEvleri","Area":null},"geometry":{"type":"Point","coordinates":[27.163532332188002,38.713410526895998]}},
{"type":"Feature","properties":{"ILCE":"MENEMEN","KAPINO":null,"ENLEM":38.628926516903,"ACIKLAMA":"3522-003-01","ILCEID":17,"MAHALLE":"75.YIL CUMHURİYET","MAHALLEID":null,"ADI":"1 NO LU AFET VE ACİL DURUM TOPLANMA ALANI","BOYLAM":26.909018919592999,"YOL":"ZEKERİYA TOKSUZ Cd.","Area":null},"geometry":{"type":"Point","coordinates":[26.909018919592999,38.628926516903]}},
{"type":"Feature","properties":{"ILCE":"ÇİĞLİ","KAPINO":null,"ENLEM":38.500233686401003,"ACIKLAMA":"3510-009-01","ILCEID":16,"MAHALLE":"ÇAĞDAŞ","MAHALLEID":null,"ADI":"1 NO LU AFET VE ACİL DURUM TOPLANMA ALANI","BOYLAM":27.064005800164001,"YOL":"8818 Sk.","Area":null},"geometry":{"type":"Point","coordinates":[27.064005800164001,38.500233686401003]}},
{"type":"Feature","properties":{"ILCE":"KINIK","KAPINO":null,"ENLEM":39.063270266623,"ACIKLAMA":"3518-007-01","ILCEID":996,"MAHALLE":"BALABAN","MAHALLEID":null,"ADI":"1 NO LU AFET VE ACİL DURUM TOPLANMA ALANI","BOYLAM":27.261972347836998,"YOL":"ATEŞ Sk.","Area":null},"geometry":{"type":"Point","coordinates":[27.261972347836998,39.063270266623]}},
{"type":"Feature","properties":{"ILCE":"KINIK","KAPINO":null,"ENLEM":39.060866038541,"ACIKLAMA":"3518-006-01","ILCEID":996,"MAHALLE":"BAĞALAN","MAHALLEID":null,"ADI":"1 NO LU AFET VE ACİL DURUM TOPLANMA ALANI","BOYLAM":27.422863884668999,"YOL":"ÜÇARMUT KümeEvleri","Area":null},"geometry":{"type":"Point","coordinates":[27.422863884668999,39.060866038541]}},
{"type":"Feature","properties":{"ILCE":"ÇİĞLİ","KAPINO":null,"ENLEM":38.535001088676999,"ACIKLAMA":"3510-016-01","ILCEID":16,"MAHALLE":"HARMANDALI GAZİ MUSTAFA KEMAL ATATÜRK","MAHALLEID":null,"ADI":"1 NO LU AFET VE ACİL DURUM TOPLANMA ALANI","BOYLAM":27.050506249447999,"YOL":"9 EYLÜL Cd.","Area":null},"geometry":{"type":"Point","coordinates":[27.050506249447999,38.535001088676999]}},
{"type":"Feature","properties":{"ILCE":"BUCA","KAPINO":null,"ENLEM":38.371416660622998,"ACIKLAMA":"3508-045-01","ILCEID":8,"MAHALLE":"YILDIZ","MAHALLEID":null,"ADI":"1 NO LU AFET VE ACİL DURUM TOPLANMA ALANI","BOYLAM":27.173479834180998,"YOL":"242/26 Sk.","Area":null},"geometry":{"type":"Point","coordinates":[27.173479834180998,38.371416660622998]}},
{"type":"Feature","properties":{"ILCE":"ÇİĞLİ","KAPINO":null,"ENLEM":38.511381124712003,"ACIKLAMA":"3510-007-01","ILCEID":16,"MAHALLE":"BALATÇIK","MAHALLEID":null,"ADI":"1 NO LU AFET VE ACİL DURUM TOPLANMA ALANI","BOYLAM":27.039316169666002,"YOL":"8788/11 Sk.","Area":null},"geometry":{"type":"Point","coordinates":[27.039316169666002,38.511381124712003]}},
{"type":"Feature","properties":{"ILCE":"ÇEŞME","KAPINO":null,"ENLEM":38.294709483927001,"ACIKLAMA":"3509-002-11","ILCEID":1001,"MAHALLE":"ALAÇATI","MAHALLEID":null,"ADI":"1 NO LU AFET VE ACİL DURUM TOPLANMA ALANI","BOYLAM":26.381856774359999,"YOL":"16096 Sk.","Area":null},"geometry":{"type":"Point","coordinates":[26.381856774359999,38.294709483927001]}},
{"type":"Feature","properties":{"ILCE":"GÜZELBAHÇE","KAPINO":null,"ENLEM":38.355706356204003,"ACIKLAMA":"3514-004-01","ILCEID":1,"MAHALLE":"KAHRAMANDERE","MAHALLEID":null,"ADI":"1 NO LU AFET VE ACİL DURUM TOPLANMA ALANI","BOYLAM":26.881152727802,"YOL":"900 Sk.","Area":null},"geometry":{"type":"Point","coordinates":[26.881152727802,38.355706356204003]}},
{"type":"Feature","properties":{"ILCE":"ÇEŞME","KAPINO":null,"ENLEM":38.317638593566002,"ACIKLAMA":"3509-023-01","ILCEID":1001,"MAHALLE":"ŞİFNE","MAHALLEID":null,"ADI":"1 NO LU AFET VE ACİL DURUM TOPLANMA ALANI","BOYLAM":26.402681297649,"YOL":"6448 Sk.","Area":null},"geometry":{"type":"Point","coordinates":[26.402681297649,38.317638593566002]}},
{"type":"Feature","properties":{"ILCE":"ÇEŞME","KAPINO":null,"ENLEM":38.349357647810997,"ACIKLAMA":"3509-008-01","ILCEID":1001,"MAHALLE":"CUMHURİYET","MAHALLEID":null,"ADI":"1 NO LU AFET VE ACİL DURUM TOPLANMA ALANI","BOYLAM":26.304078365012,"YOL":"4527 Sk.","Area":null},"geometry":{"type":"Point","coordinates":[26.304078365012,38.349357647810997]}},
{"type":"Feature","properties":{"ILCE":"KINIK","KAPINO":null,"ENLEM":38.998733741994002,"ACIKLAMA":"3518-001-01","ILCEID":996,"MAHALLE":"ARPADERE","MAHALLEID":null,"ADI":"1 NO LU AFET VE ACİL DURUM TOPLANMA ALANI","BOYLAM":27.462016004765001,"YOL":"ARKADAŞ KümeEvleri","Area":null},"geometry":{"type":"Point","coordinates":[27.462016004765001,38.998733741994002]}},
{"type":"Feature","properties":{"ILCE":"KINIK","KAPINO":null,"ENLEM":39.029583817361001,"ACIKLAMA":"3518-015-01","ILCEID":996,"MAHALLE":"ELMADERE","MAHALLEID":null,"ADI":"1 NO LU AFET VE ACİL DURUM TOPLANMA ALANI","BOYLAM":27.48504528914,"YOL":"GÖLCÜK KümeEvleri","Area":null},"geometry":{"type":"Point","coordinates":[27.48504528914,39.029583817361001]}},
{"type":"Feature","properties":{"ILCE":"BORNOVA","KAPINO":null,"ENLEM":38.433230868560003,"ACIKLAMA":"3507-016-01","ILCEID":2,"MAHALLE":"GAZİ OSMAN PAŞA","MAHALLEID":null,"ADI":"1 NO LU AFET VE ACİL DURUM TOPLANMA ALANI","BOYLAM":27.196610985686998,"YOL":"5460 Sk.","Area":null},"geometry":{"type":"Point","coordinates":[27.196610985686998,38.433230868560003]}},
{"type":"Feature","properties":{"ILCE":"BORNOVA","KAPINO":null,"ENLEM":38.485183799478001,"ACIKLAMA":"3507-001-01","ILCEID":2,"MAHALLE":"ATATÜRK","MAHALLEID":null,"ADI":"1 NO LU AFET VE ACİL DURUM TOPLANMA ALANI","BOYLAM":27.199915363550002,"YOL":"954 Sk.","Area":null},"geometry":{"type":"Point","coordinates":[27.199915363550002,38.485183799478001]}},
{"type":"Feature","properties":{"ILCE":"KEMALPAŞA","KAPINO":null,"ENLEM":38.341499771092003,"ACIKLAMA":"3517-042-01","ILCEID":6,"MAHALLE":"VİŞNELİ","MAHALLEID":null,"ADI":"1 NO LU AFET VE ACİL DURUM TOPLANMA ALANI","BOYLAM":27.398301520166001,"YOL":"4004 Sk.","Area":null},"geometry":{"type":"Point","coordinates":[27.398301520166001,38.341499771092003]}},
{"type":"Feature","properties":{"ILCE":"KEMALPAŞA","KAPINO":null,"ENLEM":38.397319479135,"ACIKLAMA":"3517-006-01","ILCEID":6,"MAHALLE":"AŞAĞIKIZILCA","MAHALLEID":null,"ADI":"1 NO LU AFET VE ACİL DURUM TOPLANMA ALANI","BOYLAM":27.513560742201001,"YOL":"2002 Sk.","Area":null},"geometry":{"type":"Point","coordinates":[27.513560742201001,38.397319479135]}},
{"type":"Feature","properties":{"ILCE":"KEMALPAŞA","KAPINO":null,"ENLEM":38.488635555766002,"ACIKLAMA":"3517-030-01","ILCEID":6,"MAHALLE":"KUYUCAK","MAHALLEID":null,"ADI":"1 NO LU AFET VE ACİL DURUM TOPLANMA ALANI","BOYLAM":27.390844776999,"YOL":"KUYUCAK YOLU KümeEvleri","Area":null},"geometry":{"type":"Point","coordinates":[27.390844776999,38.488635555766002]}},
{"type":"Feature","properties":{"ILCE":"KEMALPAŞA","KAPINO":null,"ENLEM":38.462446680892,"ACIKLAMA":"3517-004-01","ILCEID":6,"MAHALLE":"AKALAN","MAHALLEID":null,"ADI":"1 NO LU AFET VE ACİL DURUM TOPLANMA ALANI","BOYLAM":27.479882988631999,"YOL":"1535 Sk.","Area":null},"geometry":{"type":"Point","coordinates":[27.479882988631999,38.462446680892]}},
{"type":"Feature","properties":{"ILCE":"MENEMEN","KAPINO":null,"ENLEM":38.568295222400003,"ACIKLAMA":"3522-031-01","ILCEID":17,"MAHALLE":"GÜNERLİ","MAHALLEID":null,"ADI":"1 NO LU AFET VE ACİL DURUM TOPLANMA ALANI","BOYLAM":26.997792999392001,"YOL":"UMUT Cd.","Area":null},"geometry":{"type":"Point","coordinates":[26.997792999392001,38.568295222400003]}},
{"type":"Feature","properties":{"ILCE":"KEMALPAŞA","KAPINO":null,"ENLEM":38.428146621133997,"ACIKLAMA":"3517-047-01","ILCEID":6,"MAHALLE":"YEŞİLYURT","MAHALLEID":null,"ADI":"1 NO LU AFET VE ACİL DURUM TOPLANMA ALANI","BOYLAM":27.675195172323999,"YOL":"YEŞİLYURT YOLU KümeEvleri","Area":null},"geometry":{"type":"Point","coordinates":[27.675195172323999,38.428146621133997]}},
{"type":"Feature","properties":{"ILCE":"ÇİĞLİ","KAPINO":null,"ENLEM":38.494555420954001,"ACIKLAMA":"3510-002-01","ILCEID":16,"MAHALLE":"AHMET TANER KIŞLALI","MAHALLEID":null,"ADI":"1 NO LU AFET VE ACİL DURUM TOPLANMA ALANI","BOYLAM":27.090009697077999,"YOL":"6794 Sk.","Area":null},"geometry":{"type":"Point","coordinates":[27.090009697077999,38.494555420954001]}},
{"type":"Feature","properties":{"ILCE":"BAYINDIR","KAPINO":null,"ENLEM":38.242793690387998,"ACIKLAMA":"3504-036-01","ILCEID":7,"MAHALLE":"KIZILCAAĞAÇ","MAHALLEID":null,"ADI":"1 NO LU AFET VE ACİL DURUM TOPLANMA ALANI","BOYLAM":27.637349678922,"YOL":"KIZILCAAĞAÇ KümeEvleri","Area":null},"geometry":{"type":"Point","coordinates":[27.637349678922,38.242793690387998]}},
{"type":"Feature","properties":{"ILCE":"BAYINDIR","KAPINO":null,"ENLEM":38.215569457431997,"ACIKLAMA":"3504-021-01","ILCEID":7,"MAHALLE":"FATİH","MAHALLEID":null,"ADI":"1 NO LU AFET VE ACİL DURUM TOPLANMA ALANI","BOYLAM":27.650806296433998,"YOL":"TOROS Cd.","Area":null},"geometry":{"type":"Point","coordinates":[27.650806296433998,38.215569457431997]}},
{"type":"Feature","properties":{"ILCE":"BAYINDIR","KAPINO":null,"ENLEM":38.269938167143998,"ACIKLAMA":"3504-018-01","ILCEID":7,"MAHALLE":"DERNEKLİ","MAHALLEID":null,"ADI":"1 NO LU AFET VE ACİL DURUM TOPLANMA ALANI","BOYLAM":27.547871590753001,"YOL":"DERNEKLİ KümeEvleri","Area":null},"geometry":{"type":"Point","coordinates":[27.547871590753001,38.269938167143998]}},
{"type":"Feature","properties":{"ILCE":"ÇEŞME","KAPINO":null,"ENLEM":38.285198042405,"ACIKLAMA":"3509-019-01","ILCEID":1001,"MAHALLE":"OVACIK","MAHALLEID":null,"ADI":"1 NO LU AFET VE ACİL DURUM TOPLANMA ALANI","BOYLAM":26.313138942786001,"YOL":"7128 Sk.","Area":null},"geometry":{"type":"Point","coordinates":[26.313138942786001,38.285198042405]}},
{"type":"Feature","properties":{"ILCE":"MENDERES","KAPINO":null,"ENLEM":38.118499917953997,"ACIKLAMA":"3521-048-01","ILCEID":13,"MAHALLE":"DEĞİRMENDERE","MAHALLEID":null,"ADI":"1 NO LU AFET VE ACİL DURUM TOPLANMA ALANI","BOYLAM":27.141036419483001,"YOL":"GAZİ OSMAN PAŞA Cd.","Area":null},"geometry":{"type":"Point","coordinates":[27.141036419483001,38.118499917953997]}},
{"type":"Feature","properties":{"ILCE":"ÇİĞLİ","KAPINO":null,"ENLEM":38.510793476979998,"ACIKLAMA":"3510-011-01","ILCEID":16,"MAHALLE":"ESENTEPE","MAHALLEID":null,"ADI":"1 NO LU AFET VE ACİL DURUM TOPLANMA ALANI","BOYLAM":27.050677951634999,"YOL":"8809","Area":null},"geometry":{"type":"Point","coordinates":[27.050677951634999,38.510793476979998]}},
{"type":"Feature","properties":{"ILCE":"ÇİĞLİ","KAPINO":null,"ENLEM":38.487871006437999,"ACIKLAMA":"3510-004-01","ILCEID":16,"MAHALLE":"ATAŞEHİR","MAHALLEID":null,"ADI":"1 NO LU AFET VE ACİL DURUM TOPLANMA ALANI","BOYLAM":27.053209983757998,"YOL":"8229/1 Sk.","Area":null},"geometry":{"type":"Point","coordinates":[27.053209983757998,38.487871006437999]}},
{"type":"Feature","properties":{"ILCE":"TİRE","KAPINO":null,"ENLEM":38.033508856958001,"ACIKLAMA":"3527-015-01","ILCEID":997,"MAHALLE":"BÜYÜKKALE","MAHALLEID":null,"ADI":"1 NO LU AFET VE ACİL DURUM TOPLANMA ALANI","BOYLAM":27.558256080142002,"YOL":"4260 Sk.","Area":null},"geometry":{"type":"Point","coordinates":[27.558256080142002,38.033508856958001]}},
{"type":"Feature","properties":{"ILCE":"KEMALPAŞA","KAPINO":null,"ENLEM":38.411511551754003,"ACIKLAMA":"3517-027-01","ILCEID":6,"MAHALLE":"BAĞYURDU KEMAL ATATÜRK","MAHALLEID":null,"ADI":"1 NO LU AFET VE ACİL DURUM TOPLANMA ALANI","BOYLAM":27.622286204992999,"YOL":"SAMİ ÖREN","Area":null},"geometry":{"type":"Point","coordinates":[27.622286204992999,38.411511551754003]}},
{"type":"Feature","properties":{"ILCE":"URLA","KAPINO":null,"ENLEM":38.371853713755002,"ACIKLAMA":"3529-008-01","ILCEID":18,"MAHALLE":"ÇAMLIÇAY","MAHALLEID":null,"ADI":"1 NO LU AFET VE ACİL DURUM TOPLANMA ALANI","BOYLAM":26.855467994655999,"YOL":"MAREŞAL FEVZİ ÇAKMAK Blv.","Area":null},"geometry":{"type":"Point","coordinates":[26.855467994655999,38.371853713755002]}},
{"type":"Feature","properties":{"ILCE":"KARŞIYAKA","KAPINO":null,"ENLEM":38.476371392388003,"ACIKLAMA":"3516-014-01","ILCEID":20,"MAHALLE":"İMBATLI","MAHALLEID":null,"ADI":"1 NO LU AFET VE ACİL DURUM TOPLANMA ALANI","BOYLAM":27.104619647981,"YOL":"6086 Sk.","Area":null},"geometry":{"type":"Point","coordinates":[27.104619647981,38.476371392388003]}},
{"type":"Feature","properties":{"ILCE":"TORBALI","KAPINO":null,"ENLEM":38.295512652353999,"ACIKLAMA":"3528-032-01","ILCEID":9,"MAHALLE":"KARAOT","MAHALLEID":null,"ADI":"1 NO LU AFET VE ACİL DURUM TOPLANMA ALANI","BOYLAM":27.437598442184001,"YOL":"KARAOT KÖY YOLU KümeEvleri","Area":null},"geometry":{"type":"Point","coordinates":[27.437598442184001,38.295512652353999]}},
{"type":"Feature","properties":{"ILCE":"GÜZELBAHÇE","KAPINO":null,"ENLEM":38.361906644100003,"ACIKLAMA":"3514-001-01","ILCEID":1,"MAHALLE":"ATATÜRK","MAHALLEID":null,"ADI":"1 NO LU AFET VE ACİL DURUM TOPLANMA ALANI","BOYLAM":26.886828242799002,"YOL":"KAZIM DİRİK Cd.","Area":null},"geometry":{"type":"Point","coordinates":[26.886828242799002,38.361906644100003]}},
{"type":"Feature","properties":{"ILCE":"MENDERES","KAPINO":null,"ENLEM":38.058512349141999,"ACIKLAMA":"3521-028-01","ILCEID":13,"MAHALLE":"GÜMÜLDÜR İNÖNÜ","MAHALLEID":null,"ADI":"1 NO LU AFET VE ACİL DURUM TOPLANMA ALANI","BOYLAM":27.036967337817,"YOL":"6074","Area":null},"geometry":{"type":"Point","coordinates":[27.036967337817,38.058512349141999]}},
{"type":"Feature","properties":{"ILCE":"TORBALI","KAPINO":null,"ENLEM":38.108944695402997,"ACIKLAMA":"3528-001-01","ILCEID":9,"MAHALLE":"19 MAYIS","MAHALLEID":null,"ADI":"1 NO LU AFET VE ACİL DURUM TOPLANMA ALANI","BOYLAM":27.429640665956999,"YOL":"8500 Sk.","Area":null},"geometry":{"type":"Point","coordinates":[27.429640665956999,38.108944695402997]}},
{"type":"Feature","properties":{"ILCE":"KİRAZ","KAPINO":null,"ENLEM":38.168317921876998,"ACIKLAMA":"3519-028-01","ILCEID":994,"MAHALLE":"KARAMAN","MAHALLEID":null,"ADI":"1 NO LU AFET VE ACİL DURUM TOPLANMA ALANI","BOYLAM":28.213399622722999,"YOL":"KARAMAN KümeEvleri","Area":null},"geometry":{"type":"Point","coordinates":[28.213399622722999,38.168317921876998]}},
{"type":"Feature","properties":{"ILCE":"KONAK","KAPINO":null,"ENLEM":38.408081066156001,"ACIKLAMA":"3520-099-01","ILCEID":21,"MAHALLE":"ULUBATLI","MAHALLEID":null,"ADI":"1 NO LU AFET VE ACİL DURUM TOPLANMA ALANI","BOYLAM":27.169574495784001,"YOL":"ADALET Cd.","Area":null},"geometry":{"type":"Point","coordinates":[27.169574495784001,38.408081066156001]}},
{"type":"Feature","properties":{"ILCE":"GÜZELBAHÇE","KAPINO":null,"ENLEM":38.377897063798997,"ACIKLAMA":"3514-011-01","ILCEID":1,"MAHALLE":"YALI","MAHALLEID":null,"ADI":"1 NO LU AFET VE ACİL DURUM TOPLANMA ALANI","BOYLAM":26.8998636854,"YOL":"132 Sk.","Area":null},"geometry":{"type":"Point","coordinates":[26.8998636854,38.377897063798997]}},
{"type":"Feature","properties":{"ILCE":"MENEMEN","KAPINO":null,"ENLEM":38.604523277158002,"ACIKLAMA":"3522-006-01","ILCEID":17,"MAHALLE":"KAZIMPAŞA","MAHALLEID":null,"ADI":"1 NO LU AFET VE ACİL DURUM TOPLANMA ALANI","BOYLAM":27.062640383116001,"YOL":"BAHÇELER Sk.","Area":null},"geometry":{"type":"Point","coordinates":[27.062640383116001,38.604523277158002]}},
{"type":"Feature","properties":{"ILCE":"BUCA","KAPINO":null,"ENLEM":38.398571952735999,"ACIKLAMA":"3508-034-01","ILCEID":8,"MAHALLE":"LALELİ","MAHALLEID":null,"ADI":"1 NO LU AFET VE ACİL DURUM TOPLANMA ALANI","BOYLAM":27.153610083374002,"YOL":"411/1 Sk.","Area":null},"geometry":{"type":"Point","coordinates":[27.153610083374002,38.398571952735999]}},
{"type":"Feature","properties":{"ILCE":"KINIK","KAPINO":null,"ENLEM":39.045261043619,"ACIKLAMA":"3518-008-01","ILCEID":996,"MAHALLE":"BÜYÜKOBA","MAHALLEID":null,"ADI":"1 NO LU AFET VE ACİL DURUM TOPLANMA ALANI","BOYLAM":27.466225634116999,"YOL":"KUŞKAYA KümeEvleri","Area":null},"geometry":{"type":"Point","coordinates":[27.466225634116999,39.045261043619]}},
{"type":"Feature","properties":{"ILCE":"KINIK","KAPINO":null,"ENLEM":38.962754435751997,"ACIKLAMA":"3518-030-01","ILCEID":996,"MAHALLE":"ÖRTÜLÜ","MAHALLEID":null,"ADI":"1 NO LU AFET VE ACİL DURUM TOPLANMA ALANI","BOYLAM":27.346941807812001,"YOL":"OKUL Cd.","Area":null},"geometry":{"type":"Point","coordinates":[27.346941807812001,38.962754435751997]}},
{"type":"Feature","properties":{"ILCE":"MENDERES","KAPINO":null,"ENLEM":38.069189371562999,"ACIKLAMA":"3521-027-01","ILCEID":13,"MAHALLE":"GÜMÜLDÜR FEVZİ ÇAKMAK","MAHALLEID":null,"ADI":"1 NO LU AFET VE ACİL DURUM TOPLANMA ALANI","BOYLAM":27.016239313820002,"YOL":"GAZİ MUSTAFA KEMAL PAŞA","Area":null},"geometry":{"type":"Point","coordinates":[27.016239313820002,38.069189371562999]}},
{"type":"Feature","properties":{"ILCE":"BUCA","KAPINO":null,"ENLEM":38.396057864181998,"ACIKLAMA":"3508-042-01","ILCEID":8,"MAHALLE":"YAYLACIK","MAHALLEID":null,"ADI":"1 NO LU AFET VE ACİL DURUM TOPLANMA ALANI","BOYLAM":27.172492744837001,"YOL":"1026 Sk.","Area":null},"geometry":{"type":"Point","coordinates":[27.172492744837001,38.396057864181998]}},
{"type":"Feature","properties":{"ILCE":"BUCA","KAPINO":null,"ENLEM":38.388035654859998,"ACIKLAMA":"3508-003-01","ILCEID":8,"MAHALLE":"AKINCILAR","MAHALLEID":null,"ADI":"1 NO LU AFET VE ACİL DURUM TOPLANMA ALANI","BOYLAM":27.151335599229,"YOL":"KOŞU YOLU Cd.","Area":null},"geometry":{"type":"Point","coordinates":[27.151335599229,38.388035654859998]}},
{"type":"Feature","properties":{"ILCE":"KEMALPAŞA","KAPINO":null,"ENLEM":38.430129872461997,"ACIKLAMA":"3517-038-01","ILCEID":6,"MAHALLE":"SEKİZ EYLÜL","MAHALLEID":null,"ADI":"1 NO LU AFET VE ACİL DURUM TOPLANMA ALANI","BOYLAM":27.416143342099002,"YOL":"KEMALPAŞA STADI Cd.","Area":null},"geometry":{"type":"Point","coordinates":[27.416143342099002,38.430129872461997]}},
{"type":"Feature","properties":{"ILCE":"NARLIDERE","KAPINO":null,"ENLEM":38.38294340062,"ACIKLAMA":"3523-001-01","ILCEID":5,"MAHALLE":"ATATÜRK","MAHALLEID":null,"ADI":"1 NO LU AFET VE ACİL DURUM TOPLANMA ALANI","BOYLAM":27.016308516314002,"YOL":"GÖKKUŞAĞI Sk.","Area":null},"geometry":{"type":"Point","coordinates":[27.016308516314002,38.38294340062]}},
{"type":"Feature","properties":{"ILCE":"GÜZELBAHÇE","KAPINO":null,"ENLEM":38.367538586420999,"ACIKLAMA":"3514-003-01","ILCEID":1,"MAHALLE":"ÇELEBİ","MAHALLEID":null,"ADI":"1 NO LU AFET VE ACİL DURUM TOPLANMA ALANI","BOYLAM":26.876941660042998,"YOL":"490 Sk.","Area":null},"geometry":{"type":"Point","coordinates":[26.876941660042998,38.367538586420999]}},
{"type":"Feature","properties":{"ILCE":"BUCA","KAPINO":null,"ENLEM":38.381375059490999,"ACIKLAMA":"3508-043-01","ILCEID":8,"MAHALLE":"FIRAT","MAHALLEID":null,"ADI":"1 NO LU AFET VE ACİL DURUM TOPLANMA ALANI","BOYLAM":27.160734023890999,"YOL":"271 Sk.","Area":null},"geometry":{"type":"Point","coordinates":[27.160734023890999,38.381375059490999]}},
{"type":"Feature","properties":{"ILCE":"BAYRAKLI","KAPINO":null,"ENLEM":38.479187246724003,"ACIKLAMA":"3530-020-01","ILCEID":11,"MAHALLE":"R.ŞEVKET İNCE","MAHALLEID":null,"ADI":"1 NO LU AFET VE ACİL DURUM TOPLANMA ALANI","BOYLAM":27.183114099836001,"YOL":"2148/3 Sk.","Area":null},"geometry":{"type":"Point","coordinates":[27.183114099836001,38.479187246724003]}},
{"type":"Feature","properties":{"ILCE":"DİKİLİ","KAPINO":null,"ENLEM":39.159955608601997,"ACIKLAMA":"3511-023-01","ILCEID":995,"MAHALLE":"NEBİLER","MAHALLEID":null,"ADI":"1 NO LU AFET VE ACİL DURUM TOPLANMA ALANI","BOYLAM":26.901825660804999,"YOL":"NEBİLER 1 Sk.","Area":null},"geometry":{"type":"Point","coordinates":[26.901825660804999,39.159955608601997]}},
{"type":"Feature","properties":{"ILCE":"DİKİLİ","KAPINO":null,"ENLEM":38.954477900082999,"ACIKLAMA":"3511-009-01","ILCEID":995,"MAHALLE":"DENİZKÖY","MAHALLEID":null,"ADI":"1 NO LU AFET VE ACİL DURUM TOPLANMA ALANI","BOYLAM":26.811618416877,"YOL":"DENİZKÖY 10 Sk.","Area":null},"geometry":{"type":"Point","coordinates":[26.811618416877,38.954477900082999]}},
{"type":"Feature","properties":{"ILCE":"ÇEŞME","KAPINO":null,"ENLEM":38.349506999360003,"ACIKLAMA":"3509-011-01","ILCEID":1001,"MAHALLE":"DALYAN","MAHALLEID":null,"ADI":"1 NO LU AFET VE ACİL DURUM TOPLANMA ALANI","BOYLAM":26.307366736508001,"YOL":"4032/1 Sk.","Area":null},"geometry":{"type":"Point","coordinates":[26.307366736508001,38.349506999360003]}},
{"type":"Feature","properties":{"ILCE":"DİKİLİ","KAPINO":null,"ENLEM":39.207523811230999,"ACIKLAMA":"3511-002-01","ILCEID":995,"MAHALLE":"BAHÇELİ","MAHALLEID":null,"ADI":"1 NO LU AFET VE ACİL DURUM TOPLANMA ALANI","BOYLAM":26.817454412781,"YOL":"İZMİR ÇANAKKALE Cd.","Area":null},"geometry":{"type":"Point","coordinates":[26.817454412781,39.207523811230999]}},
{"type":"Feature","properties":{"ILCE":"TORBALI","KAPINO":null,"ENLEM":38.145201726985,"ACIKLAMA":"3528-049-01","ILCEID":9,"MAHALLE":"ŞEHİTLER","MAHALLEID":null,"ADI":"1 NO LU AFET VE ACİL DURUM TOPLANMA ALANI","BOYLAM":27.404149022270001,"YOL":"7521 Cd.","Area":null},"geometry":{"type":"Point","coordinates":[27.404149022270001,38.145201726985]}},
{"type":"Feature","properties":{"ILCE":"MENEMEN","KAPINO":null,"ENLEM":38.607461903119997,"ACIKLAMA":"3522-042-01","ILCEID":17,"MAHALLE":"KASIMPAŞA","MAHALLEID":null,"ADI":"1 NO LU AFET VE ACİL DURUM TOPLANMA ALANI","BOYLAM":27.073766126060001,"YOL":"ALTUĞ KARABURUN Cd.","Area":null},"geometry":{"type":"Point","coordinates":[27.073766126060001,38.607461903119997]}},
{"type":"Feature","properties":{"ILCE":"FOÇA","KAPINO":null,"ENLEM":38.733406953132999,"ACIKLAMA":"3512-002-01","ILCEID":4,"MAHALLE":"CUMHURİYET","MAHALLEID":null,"ADI":"1 NO LU AFET VE ACİL DURUM TOPLANMA ALANI","BOYLAM":26.897105761892998,"YOL":"EMRE Sk.","Area":null},"geometry":{"type":"Point","coordinates":[26.897105761892998,38.733406953132999]}},
{"type":"Feature","properties":{"ILCE":"MENEMEN","KAPINO":null,"ENLEM":38.616399536364,"ACIKLAMA":"3522-045-01","ILCEID":17,"MAHALLE":"KESİK","MAHALLEID":null,"ADI":"1 NO LU AFET VE ACİL DURUM TOPLANMA ALANI","BOYLAM":26.992777209610999,"YOL":"3011 Sk.","Area":null},"geometry":{"type":"Point","coordinates":[26.992777209610999,38.616399536364]}},
{"type":"Feature","properties":{"ILCE":"FOÇA","KAPINO":null,"ENLEM":38.685720360624998,"ACIKLAMA":"3512-007-01","ILCEID":4,"MAHALLE":"ILIPINAR","MAHALLEID":null,"ADI":"1 NO LU AFET VE ACİL DURUM TOPLANMA ALANI","BOYLAM":26.918820903722001,"YOL":"FOÇA İZMİR KARAYOLU Sk.","Area":null},"geometry":{"type":"Point","coordinates":[26.918820903722001,38.685720360624998]}},
{"type":"Feature","properties":{"ILCE":"MENEMEN","KAPINO":null,"ENLEM":38.606978771645998,"ACIKLAMA":"3522-025-01","ILCEID":17,"MAHALLE":"AHIHIDIR","MAHALLEID":null,"ADI":"1 NO LU AFET VE ACİL DURUM TOPLANMA ALANI","BOYLAM":27.066133938857,"YOL":"İZMİR Cd.","Area":null},"geometry":{"type":"Point","coordinates":[27.066133938857,38.606978771645998]}},
{"type":"Feature","properties":{"ILCE":"GÜZELBAHÇE","KAPINO":null,"ENLEM":38.361700545791003,"ACIKLAMA":"3514-010-01","ILCEID":1,"MAHALLE":"YAKA","MAHALLEID":null,"ADI":"1 NO LU AFET VE ACİL DURUM TOPLANMA ALANI","BOYLAM":26.894547602031999,"YOL":"471 Sk.","Area":null},"geometry":{"type":"Point","coordinates":[26.894547602031999,38.361700545791003]}},
{"type":"Feature","properties":{"ILCE":"KİRAZ","KAPINO":null,"ENLEM":38.229698698398998,"ACIKLAMA":"3519-035-01","ILCEID":994,"MAHALLE":"ÖREN","MAHALLEID":null,"ADI":"1 NO LU AFET VE ACİL DURUM TOPLANMA ALANI","BOYLAM":28.417761452149001,"YOL":"ÖREN KümeEvleri","Area":null},"geometry":{"type":"Point","coordinates":[28.417761452149001,38.229698698398998]}},
{"type":"Feature","properties":{"ILCE":"ÖDEMİŞ","KAPINO":null,"ENLEM":38.272162283954998,"ACIKLAMA":"3524-036-01","ILCEID":998,"MAHALLE":"GÖLCÜK","MAHALLEID":null,"ADI":"1 NO LU AFET VE ACİL DURUM TOPLANMA ALANI","BOYLAM":28.005003570395999,"YOL":"ACET Sk.","Area":null},"geometry":{"type":"Point","coordinates":[28.005003570395999,38.272162283954998]}},
{"type":"Feature","properties":{"ILCE":"KİRAZ","KAPINO":null,"ENLEM":38.147531421994003,"ACIKLAMA":"3519-047-01","ILCEID":994,"MAHALLE":"TUMBULLAR","MAHALLEID":null,"ADI":"1 NO LU AFET VE ACİL DURUM TOPLANMA ALANI","BOYLAM":28.438446664097999,"YOL":"TUMBULLAR KümeEvleri","Area":null},"geometry":{"type":"Point","coordinates":[28.438446664097999,38.147531421994003]}},
{"type":"Feature","properties":{"ILCE":"KARŞIYAKA","KAPINO":null,"ENLEM":38.473643672474999,"ACIKLAMA":"3516-017-01","ILCEID":20,"MAHALLE":"MAVİŞEHİR","MAHALLEID":null,"ADI":"1 NO LU AFET VE ACİL DURUM TOPLANMA ALANI","BOYLAM":27.073723440668999,"YOL":"HANRİ BENAZUS Cd.","Area":null},"geometry":{"type":"Point","coordinates":[27.073723440668999,38.473643672474999]}},
{"type":"Feature","properties":{"ILCE":"KINIK","KAPINO":null,"ENLEM":39.066647147834999,"ACIKLAMA":"3518-022-01","ILCEID":996,"MAHALLE":"KARATEKELİ","MAHALLEID":null,"ADI":"1 NO LU AFET VE ACİL DURUM TOPLANMA ALANI","BOYLAM":27.298632598175999,"YOL":"AŞAĞI KümeEvleri","Area":null},"geometry":{"type":"Point","coordinates":[27.298632598175999,39.066647147834999]}},
{"type":"Feature","properties":{"ILCE":"KINIK","KAPINO":null,"ENLEM":39.035217393412999,"ACIKLAMA":"3518-012-01","ILCEID":996,"MAHALLE":"ÇİFTLİKKÖY","MAHALLEID":null,"ADI":"1 NO LU AFET VE ACİL DURUM TOPLANMA ALANI","BOYLAM":27.274513003681999,"YOL":"MUSTAFA KEMAL KümeEvleri","Area":null},"geometry":{"type":"Point","coordinates":[27.274513003681999,39.035217393412999]}},
{"type":"Feature","properties":{"ILCE":"KİRAZ","KAPINO":null,"ENLEM":38.262323809949002,"ACIKLAMA":"3519-051-01","ILCEID":994,"MAHALLE":"VELİLER","MAHALLEID":null,"ADI":"1 NO LU AFET VE ACİL DURUM TOPLANMA ALANI","BOYLAM":28.193744356996,"YOL":"ULU VELİLER KümeEvleri","Area":null},"geometry":{"type":"Point","coordinates":[28.193744356996,38.262323809949002]}},
{"type":"Feature","properties":{"ILCE":"KARŞIYAKA","KAPINO":null,"ENLEM":38.493279079228998,"ACIKLAMA":"3516-027-01","ILCEID":20,"MAHALLE":"ZÜBEYDE HANIM","MAHALLEID":null,"ADI":"1 NO LU AFET VE ACİL DURUM TOPLANMA ALANI","BOYLAM":27.112604515729998,"YOL":"7400/12 Sk.","Area":null},"geometry":{"type":"Point","coordinates":[27.112604515729998,38.493279079228998]}},
{"type":"Feature","properties":{"ILCE":"NARLIDERE","KAPINO":null,"ENLEM":38.394060647830003,"ACIKLAMA":"3523-007-01","ILCEID":5,"MAHALLE":"ILICA","MAHALLEID":null,"ADI":"1 NO LU AFET VE ACİL DURUM TOPLANMA ALANI","BOYLAM":27.018738566441002,"YOL":"GAZETECİ FEVZİ YILMAZ Sk.","Area":null},"geometry":{"type":"Point","coordinates":[27.018738566441002,38.394060647830003]}},
{"type":"Feature","properties":{"ILCE":"KEMALPAŞA","KAPINO":null,"ENLEM":38.518365941778001,"ACIKLAMA":"3517-009-01","ILCEID":6,"MAHALLE":"BEŞPINAR","MAHALLEID":null,"ADI":"1 NO LU AFET VE ACİL DURUM TOPLANMA ALANI","BOYLAM":27.453972887523999,"YOL":"BEŞPINAR KÖYİÇİ KümeEvleri","Area":null},"geometry":{"type":"Point","coordinates":[27.453972887523999,38.518365941778001]}},
{"type":"Feature","properties":{"ILCE":"BAYRAKLI","KAPINO":null,"ENLEM":38.476986695960001,"ACIKLAMA":"3530-005-01","ILCEID":11,"MAHALLE":"CENGİZHAN","MAHALLEID":null,"ADI":"1 NO LU AFET VE ACİL DURUM TOPLANMA ALANI","BOYLAM":27.167428623178001,"YOL":"1620/39 Sk.","Area":null},"geometry":{"type":"Point","coordinates":[27.167428623178001,38.476986695960001]}},
{"type":"Feature","properties":{"ILCE":"KEMALPAŞA","KAPINO":null,"ENLEM":38.497897672348003,"ACIKLAMA":"3517-015-01","ILCEID":6,"MAHALLE":"DAMLACIK","MAHALLEID":null,"ADI":"1 NO LU AFET VE ACİL DURUM TOPLANMA ALANI","BOYLAM":27.376618395733001,"YOL":"9514","Area":null},"geometry":{"type":"Point","coordinates":[27.376618395733001,38.497897672348003]}},
{"type":"Feature","properties":{"ILCE":"BAYRAKLI","KAPINO":null,"ENLEM":38.474273718082998,"ACIKLAMA":"3530-001-01","ILCEID":11,"MAHALLE":"75. YIL","MAHALLEID":null,"ADI":"1 NO LU AFET VE ACİL DURUM TOPLANMA ALANI","BOYLAM":27.155133442755002,"YOL":"1620/41 Sk.","Area":null},"geometry":{"type":"Point","coordinates":[27.155133442755002,38.474273718082998]}},
{"type":"Feature","properties":{"ILCE":"MENEMEN","KAPINO":null,"ENLEM":38.577544033778999,"ACIKLAMA":"3522-059-01","ILCEID":17,"MAHALLE":"ULUS","MAHALLEID":null,"ADI":"1 NO LU AFET VE ACİL DURUM TOPLANMA ALANI","BOYLAM":27.067759400199002,"YOL":"7526/3 Sk.","Area":null},"geometry":{"type":"Point","coordinates":[27.067759400199002,38.577544033778999]}},
{"type":"Feature","properties":{"ILCE":"MENEMEN","KAPINO":null,"ENLEM":38.549804602065002,"ACIKLAMA":"3522-056-01","ILCEID":17,"MAHALLE":"TUZÇULLU","MAHALLEID":null,"ADI":"1 NO LU AFET VE ACİL DURUM TOPLANMA ALANI","BOYLAM":26.938842393072999,"YOL":"3001 Cd.","Area":null},"geometry":{"type":"Point","coordinates":[26.938842393072999,38.549804602065002]}},
{"type":"Feature","properties":{"ILCE":"MENEMEN","KAPINO":null,"ENLEM":38.537122075330998,"ACIKLAMA":"3522-053-01","ILCEID":17,"MAHALLE":"SÜZBEYLİ","MAHALLEID":null,"ADI":"1 NO LU AFET VE ACİL DURUM TOPLANMA ALANI","BOYLAM":26.911804541536,"YOL":"5001 Sk.","Area":null},"geometry":{"type":"Point","coordinates":[26.911804541536,38.537122075330998]}},
{"type":"Feature","properties":{"ILCE":"MENEMEN","KAPINO":null,"ENLEM":38.597505345390999,"ACIKLAMA":"3522-039-01","ILCEID":17,"MAHALLE":"İSMET İNÖNÜ","MAHALLEID":null,"ADI":"1 NO LU AFET VE ACİL DURUM TOPLANMA ALANI","BOYLAM":27.077666055834001,"YOL":"80.YIL Cd.","Area":null},"geometry":{"type":"Point","coordinates":[27.077666055834001,38.597505345390999]}},
{"type":"Feature","properties":{"ILCE":"BERGAMA","KAPINO":null,"ENLEM":39.087843512196997,"ACIKLAMA":"3505-033-01","ILCEID":999,"MAHALLE":"ÇAMKÖY","MAHALLEID":null,"ADI":"1 NO LU AFET VE ACİL DURUM TOPLANMA ALANI","BOYLAM":27.080610252639001,"YOL":"ÇAMKÖY KümeEvleri","Area":null},"geometry":{"type":"Point","coordinates":[27.080610252639001,39.087843512196997]}},
{"type":"Feature","properties":{"ILCE":"BERGAMA","KAPINO":null,"ENLEM":38.942763591099002,"ACIKLAMA":"3505-023-01","ILCEID":999,"MAHALLE":"BEKİRLER","MAHALLEID":null,"ADI":"1 NO LU AFET VE ACİL DURUM TOPLANMA ALANI","BOYLAM":27.278578029622,"YOL":"BEKİRLER","Area":null},"geometry":{"type":"Point","coordinates":[27.278578029622,38.942763591099002]}},
{"type":"Feature","properties":{"ILCE":"BERGAMA","KAPINO":null,"ENLEM":39.101432709491,"ACIKLAMA":"3505-019-01","ILCEID":999,"MAHALLE":"BAHÇELİEVLER","MAHALLEID":null,"ADI":"1 NO LU AFET VE ACİL DURUM TOPLANMA ALANI","BOYLAM":27.151935187140001,"YOL":"YEŞİLLİK Cd.","Area":null},"geometry":{"type":"Point","coordinates":[27.151935187140001,39.101432709491]}},
{"type":"Feature","properties":{"ILCE":"KARABURUN","KAPINO":null,"ENLEM":38.656703877288003,"ACIKLAMA":"3515-002-01","ILCEID":1000,"MAHALLE":"BOZKÖY","MAHALLEID":null,"ADI":"1 NO LU AFET VE ACİL DURUM TOPLANMA ALANI","BOYLAM":26.468812879074001,"YOL":"GAZİ MUSTAFA KEMAL KümeEvleri","Area":null},"geometry":{"type":"Point","coordinates":[26.468812879074001,38.656703877288003]}},
{"type":"Feature","properties":{"ILCE":"TİRE","KAPINO":null,"ENLEM":38.086781916314997,"ACIKLAMA":"3527-022-01","ILCEID":997,"MAHALLE":"ÇİNİYERİ","MAHALLEID":null,"ADI":"1 NO LU AFET VE ACİL DURUM TOPLANMA ALANI","BOYLAM":27.804063125599001,"YOL":"ÇAKIL Sk.","Area":null},"geometry":{"type":"Point","coordinates":[27.804063125599001,38.086781916314997]}},
{"type":"Feature","properties":{"ILCE":"MENEMEN","KAPINO":null,"ENLEM":38.697336445371,"ACIKLAMA":"3522-019-01","ILCEID":17,"MAHALLE":"ÇUKURKÖY","MAHALLEID":null,"ADI":"1 NO LU AFET VE ACİL DURUM TOPLANMA ALANI","BOYLAM":27.121085269586999,"YOL":"ÇUKURKÖY KümeEvleri","Area":null},"geometry":{"type":"Point","coordinates":[27.121085269586999,38.697336445371]}},
{"type":"Feature","properties":{"ILCE":"MENEMEN","KAPINO":null,"ENLEM":38.598135252189998,"ACIKLAMA":"3522-008-01","ILCEID":17,"MAHALLE":"ATATÜRK","MAHALLEID":null,"ADI":"1 NO LU AFET VE ACİL DURUM TOPLANMA ALANI","BOYLAM":27.061006936921999,"YOL":"1506 Sk.","Area":null},"geometry":{"type":"Point","coordinates":[27.061006936921999,38.598135252189998]}},
{"type":"Feature","properties":{"ILCE":"KARABAĞLAR","KAPINO":null,"ENLEM":38.383376606250998,"ACIKLAMA":"3531-043-01","ILCEID":19,"MAHALLE":"SALİH OMURTAK","MAHALLEID":null,"ADI":"1 NO LU AFET VE ACİL DURUM TOPLANMA ALANI","BOYLAM":27.100330975230001,"YOL":"9629/3 Sk.","Area":null},"geometry":{"type":"Point","coordinates":[27.100330975230001,38.383376606250998]}},
{"type":"Feature","properties":{"ILCE":"TİRE","KAPINO":null,"ENLEM":38.086215028223997,"ACIKLAMA":"3527-071-01","ILCEID":997,"MAHALLE":"PAŞA","MAHALLEID":null,"ADI":"1 NO LU AFET VE ACİL DURUM TOPLANMA ALANI","BOYLAM":27.743424048601,"YOL":"ERALİ Sk.","Area":null},"geometry":{"type":"Point","coordinates":[27.743424048601,38.086215028223997]}},
{"type":"Feature","properties":{"ILCE":"KİRAZ","KAPINO":null,"ENLEM":38.236575471704001,"ACIKLAMA":"3519-002-01","ILCEID":994,"MAHALLE":"AKPINAR","MAHALLEID":null,"ADI":"1 NO LU AFET VE ACİL DURUM TOPLANMA ALANI","BOYLAM":28.388064160511998,"YOL":"AKPINAR KümeEvleri","Area":null},"geometry":{"type":"Point","coordinates":[28.388064160511998,38.236575471704001]}},
{"type":"Feature","properties":{"ILCE":"KARABAĞLAR","KAPINO":null,"ENLEM":38.396326889763998,"ACIKLAMA":"3531-016-01","ILCEID":19,"MAHALLE":"ÇALIKUŞU","MAHALLEID":null,"ADI":"1 NO LU AFET VE ACİL DURUM TOPLANMA ALANI","BOYLAM":27.127421129055001,"YOL":"ESKİİZMİR Cd.","Area":null},"geometry":{"type":"Point","coordinates":[27.127421129055001,38.396326889763998]}},
{"type":"Feature","properties":{"ILCE":"BEYDAĞ","KAPINO":null,"ENLEM":38.070068942661003,"ACIKLAMA":"3506-006-01","ILCEID":993,"MAHALLE":"BEYKÖY","MAHALLEID":null,"ADI":"1 NO LU AFET VE ACİL DURUM TOPLANMA ALANI","BOYLAM":28.211468578221002,"YOL":"KUVAYİ MİLLİYE YOLU Sk.","Area":null},"geometry":{"type":"Point","coordinates":[28.211468578221002,38.070068942661003]}},
{"type":"Feature","properties":{"ILCE":"BEYDAĞ","KAPINO":null,"ENLEM":38.073177110717999,"ACIKLAMA":"3506-001-01","ILCEID":993,"MAHALLE":"ADAKÜRE","MAHALLEID":null,"ADI":"1 NO LU AFET VE ACİL DURUM TOPLANMA ALANI","BOYLAM":28.201726837607001,"YOL":"BAŞARI KümeEvleri","Area":null},"geometry":{"type":"Point","coordinates":[28.201726837607001,38.073177110717999]}},
{"type":"Feature","properties":{"ILCE":"BERGAMA","KAPINO":null,"ENLEM":39.103164509263003,"ACIKLAMA":"3505-011-01","ILCEID":999,"MAHALLE":"ATATÜRK","MAHALLEID":null,"ADI":"1 NO LU AFET VE ACİL DURUM TOPLANMA ALANI","BOYLAM":27.190773383631001,"YOL":"FATİH Cd.","Area":null},"geometry":{"type":"Point","coordinates":[27.190773383631001,39.103164509263003]}},
{"type":"Feature","properties":{"ILCE":"ÇİĞLİ","KAPINO":null,"ENLEM":38.496150802915999,"ACIKLAMA":"3510-027-01","ILCEID":16,"MAHALLE":"YENİ MAHALLE","MAHALLEID":null,"ADI":"1 NO LU AFET VE ACİL DURUM TOPLANMA ALANI","BOYLAM":27.049240319923999,"YOL":"8200/4 Sk.","Area":null},"geometry":{"type":"Point","coordinates":[27.049240319923999,38.496150802915999]}},
{"type":"Feature","properties":{"ILCE":"ÇİĞLİ","KAPINO":null,"ENLEM":38.506763611514998,"ACIKLAMA":"3510-019-01","ILCEID":16,"MAHALLE":"KAKLIÇ","MAHALLEID":null,"ADI":"1 NO LU AFET VE ACİL DURUM TOPLANMA ALANI","BOYLAM":26.98596194101,"YOL":"10319 Sk.","Area":null},"geometry":{"type":"Point","coordinates":[26.98596194101,38.506763611514998]}},
{"type":"Feature","properties":{"ILCE":"BERGAMA","KAPINO":null,"ENLEM":39.223550668967,"ACIKLAMA":"3505-005-01","ILCEID":999,"MAHALLE":"ALİBEYLİ","MAHALLEID":null,"ADI":"1 NO LU AFET VE ACİL DURUM TOPLANMA ALANI","BOYLAM":27.379535412944001,"YOL":"ALİBEYLİ KümeEvleri","Area":null},"geometry":{"type":"Point","coordinates":[27.379535412944001,39.223550668967]}},
{"type":"Feature","properties":{"ILCE":"BUCA","KAPINO":null,"ENLEM":38.396293314817001,"ACIKLAMA":"3508-027-01","ILCEID":8,"MAHALLE":"İZKENT","MAHALLEID":null,"ADI":"1 NO LU AFET VE ACİL DURUM TOPLANMA ALANI","BOYLAM":27.184079829567001,"YOL":"YAVUZ SULTAN SELİM Cd.","Area":null},"geometry":{"type":"Point","coordinates":[27.184079829567001,38.396293314817001]}},
{"type":"Feature","properties":{"ILCE":"BUCA","KAPINO":null,"ENLEM":38.359235893565,"ACIKLAMA":"3508-026-01","ILCEID":8,"MAHALLE":"İNÖNÜ","MAHALLEID":null,"ADI":"1 NO LU AFET VE ACİL DURUM TOPLANMA ALANI","BOYLAM":27.139791477820001,"YOL":"677 Sk.","Area":null},"geometry":{"type":"Point","coordinates":[27.139791477820001,38.359235893565]}},
{"type":"Feature","properties":{"ILCE":"URLA","KAPINO":null,"ENLEM":38.338172910129003,"ACIKLAMA":"3529-011-01","ILCEID":18,"MAHALLE":"GÜLBAHÇE","MAHALLEID":null,"ADI":"1 NO LU AFET VE ACİL DURUM TOPLANMA ALANI","BOYLAM":26.640730136999,"YOL":"12064 Sk.","Area":null},"geometry":{"type":"Point","coordinates":[26.640730136999,38.338172910129003]}},
{"type":"Feature","properties":{"ILCE":"KONAK","KAPINO":null,"ENLEM":38.417008880292002,"ACIKLAMA":"3520-105-01","ILCEID":21,"MAHALLE":"YENİDOĞAN","MAHALLEID":null,"ADI":"1 NO LU AFET VE ACİL DURUM TOPLANMA ALANI","BOYLAM":27.156893059769001,"YOL":"1139 Sk.","Area":null},"geometry":{"type":"Point","coordinates":[27.156893059769001,38.417008880292002]}},
{"type":"Feature","properties":{"ILCE":"BUCA","KAPINO":null,"ENLEM":38.393804317624003,"ACIKLAMA":"3508-023-01","ILCEID":8,"MAHALLE":"GÜVEN","MAHALLEID":null,"ADI":"1 NO LU AFET VE ACİL DURUM TOPLANMA ALANI","BOYLAM":27.149372222314,"YOL":"392","Area":null},"geometry":{"type":"Point","coordinates":[27.149372222314,38.393804317624003]}},
{"type":"Feature","properties":{"ILCE":"KARABAĞLAR","KAPINO":null,"ENLEM":38.381475950774004,"ACIKLAMA":"3531-029-01","ILCEID":19,"MAHALLE":"KARABAĞLAR","MAHALLEID":null,"ADI":"1 NO LU AFET VE ACİL DURUM TOPLANMA ALANI","BOYLAM":27.130505679113,"YOL":"5770/14 Sk.","Area":null},"geometry":{"type":"Point","coordinates":[27.130505679113,38.381475950774004]}},
{"type":"Feature","properties":{"ILCE":"TORBALI","KAPINO":null,"ENLEM":38.280310469962998,"ACIKLAMA":"3528-030-01","ILCEID":9,"MAHALLE":"KARAKIZLAR","MAHALLEID":null,"ADI":"1 NO LU AFET VE ACİL DURUM TOPLANMA ALANI","BOYLAM":27.441098731808001,"YOL":"KARAKIZLAR MAHALLESİ ATATÜRK Cd.","Area":null},"geometry":{"type":"Point","coordinates":[27.441098731808001,38.280310469962998]}},
{"type":"Feature","properties":{"ILCE":"BAYRAKLI","KAPINO":null,"ENLEM":38.472896218839999,"ACIKLAMA":"3530-015-01","ILCEID":11,"MAHALLE":"MUHİTTİN ERENER","MAHALLEID":null,"ADI":"1 NO LU AFET VE ACİL DURUM TOPLANMA ALANI","BOYLAM":27.174820761380001,"YOL":"2143 Sk.","Area":null},"geometry":{"type":"Point","coordinates":[27.174820761380001,38.472896218839999]}},
{"type":"Feature","properties":{"ILCE":"KARABAĞLAR","KAPINO":null,"ENLEM":38.379036911542997,"ACIKLAMA":"3531-010-01","ILCEID":19,"MAHALLE":"BAHRİYE ÜÇOK","MAHALLEID":null,"ADI":"1 NO LU AFET VE ACİL DURUM TOPLANMA ALANI","BOYLAM":27.100674303628999,"YOL":"9692 Sk.","Area":null},"geometry":{"type":"Point","coordinates":[27.100674303628999,38.379036911542997]}},
{"type":"Feature","properties":{"ILCE":"BEYDAĞ","KAPINO":null,"ENLEM":38.091282964714999,"ACIKLAMA":"3506-013-01","ILCEID":993,"MAHALLE":"HALIKÖY","MAHALLEID":null,"ADI":"1 NO LU AFET VE ACİL DURUM TOPLANMA ALANI","BOYLAM":28.171600385929001,"YOL":"NEHİR KümeEvleri","Area":null},"geometry":{"type":"Point","coordinates":[28.171600385929001,38.091282964714999]}},
{"type":"Feature","properties":{"ILCE":"TORBALI","KAPINO":null,"ENLEM":38.243181140263999,"ACIKLAMA":"3528-026-01","ILCEID":9,"MAHALLE":"HELVACI","MAHALLEID":null,"ADI":"1 NO LU AFET VE ACİL DURUM TOPLANMA ALANI","BOYLAM":27.473199307811001,"YOL":"6290 Sk.","Area":null},"geometry":{"type":"Point","coordinates":[27.473199307811001,38.243181140263999]}},
{"type":"Feature","properties":{"ILCE":"TORBALI","KAPINO":null,"ENLEM":38.130856345901002,"ACIKLAMA":"3528-021-01","ILCEID":9,"MAHALLE":"EĞERCİ","MAHALLEID":null,"ADI":"1 NO LU AFET VE ACİL DURUM TOPLANMA ALANI","BOYLAM":27.401874543432999,"YOL":"EĞERCİ 4.KÜME EVLERİ KümeEvleri","Area":null},"geometry":{"type":"Point","coordinates":[27.401874543432999,38.130856345901002]}},
{"type":"Feature","properties":{"ILCE":"KARŞIYAKA","KAPINO":null,"ENLEM":38.462404293683001,"ACIKLAMA":"3516-019-01","ILCEID":20,"MAHALLE":"NERGİZ","MAHALLEID":null,"ADI":"1 NO LU AFET VE ACİL DURUM TOPLANMA ALANI","BOYLAM":27.105405555095999,"YOL":"1775 Sk.","Area":null},"geometry":{"type":"Point","coordinates":[27.105405555095999,38.462404293683001]}},
{"type":"Feature","properties":{"ILCE":"KARŞIYAKA","KAPINO":null,"ENLEM":38.488391717219997,"ACIKLAMA":"3516-015-01","ILCEID":20,"MAHALLE":"İNÖNÜ","MAHALLEID":null,"ADI":"1 NO LU AFET VE ACİL DURUM TOPLANMA ALANI","BOYLAM":27.096897586124001,"YOL":"6732/6 Sk.","Area":null},"geometry":{"type":"Point","coordinates":[27.096897586124001,38.488391717219997]}},
{"type":"Feature","properties":{"ILCE":"KARŞIYAKA","KAPINO":null,"ENLEM":38.454120629198002,"ACIKLAMA":"3516-011-01","ILCEID":20,"MAHALLE":"DONANMACI","MAHALLEID":null,"ADI":"1 NO LU AFET VE ACİL DURUM TOPLANMA ALANI","BOYLAM":27.117711482891,"YOL":"YALI Blv.","Area":null},"geometry":{"type":"Point","coordinates":[27.117711482891,38.454120629198002]}},
{"type":"Feature","properties":{"ILCE":"KİRAZ","KAPINO":null,"ENLEM":38.185995508687,"ACIKLAMA":"3519-020-01","ILCEID":994,"MAHALLE":"HALİLLER","MAHALLEID":null,"ADI":"1 NO LU AFET VE ACİL DURUM TOPLANMA ALANI","BOYLAM":28.289445227411999,"YOL":"HALİLLER KümeEvleri","Area":null},"geometry":{"type":"Point","coordinates":[28.289445227411999,38.185995508687]}},
{"type":"Feature","properties":{"ILCE":"MENDERES","KAPINO":null,"ENLEM":38.044927431771001,"ACIKLAMA":"3521-012-01","ILCEID":13,"MAHALLE":"ÇİLE","MAHALLEID":null,"ADI":"1 NO LU AFET VE ACİL DURUM TOPLANMA ALANI","BOYLAM":27.187299047747,"YOL":"7451 Sk.","Area":null},"geometry":{"type":"Point","coordinates":[27.187299047747,38.044927431771001]}},
{"type":"Feature","properties":{"ILCE":"ÇİĞLİ","KAPINO":null,"ENLEM":38.528278498679001,"ACIKLAMA":"3510-017-01","ILCEID":16,"MAHALLE":"İNÖNÜ","MAHALLEID":null,"ADI":"1 NO LU AFET VE ACİL DURUM TOPLANMA ALANI","BOYLAM":27.047995725842998,"YOL":"9201 Sk.","Area":null},"geometry":{"type":"Point","coordinates":[27.047995725842998,38.528278498679001]}},
{"type":"Feature","properties":{"ILCE":"ÇİĞLİ","KAPINO":null,"ENLEM":38.515265870454002,"ACIKLAMA":"3510-013-01","ILCEID":16,"MAHALLE":"EVKA-5","MAHALLEID":null,"ADI":"1 NO LU AFET VE ACİL DURUM TOPLANMA ALANI","BOYLAM":27.053743693624,"YOL":"8925 Sk.","Area":null},"geometry":{"type":"Point","coordinates":[27.053743693624,38.515265870454002]}},
{"type":"Feature","properties":{"ILCE":"KARŞIYAKA","KAPINO":null,"ENLEM":38.484377462321,"ACIKLAMA":"3516-008-01","ILCEID":20,"MAHALLE":"CUMHURİYET","MAHALLEID":null,"ADI":"1 NO LU AFET VE ACİL DURUM TOPLANMA ALANI","BOYLAM":27.095395563392,"YOL":"6713 Sk.","Area":null},"geometry":{"type":"Point","coordinates":[27.095395563392,38.484377462321]}},
{"type":"Feature","properties":{"ILCE":"MENEMEN","KAPINO":null,"ENLEM":38.635617816473001,"ACIKLAMA":"3522-018-01","ILCEID":17,"MAHALLE":"ÇAVUŞ","MAHALLEID":null,"ADI":"1 NO LU AFET VE ACİL DURUM TOPLANMA ALANI","BOYLAM":27.025204922977998,"YOL":"200 Sk.","Area":null},"geometry":{"type":"Point","coordinates":[27.025204922977998,38.635617816473001]}},
{"type":"Feature","properties":{"ILCE":"MENDERES","KAPINO":null,"ENLEM":38.179804371669,"ACIKLAMA":"3521-033-01","ILCEID":13,"MAHALLE":"ŞAŞAL","MAHALLEID":null,"ADI":"1 NO LU AFET VE ACİL DURUM TOPLANMA ALANI","BOYLAM":27.113012738986999,"YOL":"MENDERES-GÜMÜLDÜR Cd.","Area":null},"geometry":{"type":"Point","coordinates":[27.113012738986999,38.179804371669]}},
{"type":"Feature","properties":{"ILCE":"TİRE","KAPINO":null,"ENLEM":37.987555458625998,"ACIKLAMA":"3527-075-01","ILCEID":997,"MAHALLE":"SOMAK","MAHALLEID":null,"ADI":"1 NO LU AFET VE ACİL DURUM TOPLANMA ALANI","BOYLAM":27.771218447950002,"YOL":"SOMAK YENİ Sk.","Area":null},"geometry":{"type":"Point","coordinates":[27.771218447950002,37.987555458625998]}},
{"type":"Feature","properties":{"ILCE":"TİRE","KAPINO":null,"ENLEM":38.084643283555003,"ACIKLAMA":"3527-027-01","ILCEID":997,"MAHALLE":"DERE","MAHALLEID":null,"ADI":"1 NO LU AFET VE ACİL DURUM TOPLANMA ALANI","BOYLAM":27.73793225555,"YOL":"SARICA YUSUF Sk.","Area":null},"geometry":{"type":"Point","coordinates":[27.73793225555,38.084643283555003]}},
{"type":"Feature","properties":{"ILCE":"ÇEŞME","KAPINO":null,"ENLEM":38.316939837084,"ACIKLAMA":"3509-012-01","ILCEID":1001,"MAHALLE":"FAHRETTİNPAŞA","MAHALLEID":null,"ADI":"1 NO LU AFET VE ACİL DURUM TOPLANMA ALANI","BOYLAM":26.326700063621999,"YOL":"EMİNE ÇİZGENAKAT Sk.","Area":null},"geometry":{"type":"Point","coordinates":[26.326700063621999,38.316939837084]}},
{"type":"Feature","properties":{"ILCE":"KİRAZ","KAPINO":null,"ENLEM":38.182689658751002,"ACIKLAMA":"3519-052-01","ILCEID":994,"MAHALLE":"YAĞLAR","MAHALLEID":null,"ADI":"1 NO LU AFET VE ACİL DURUM TOPLANMA ALANI","BOYLAM":28.203099969250001,"YOL":"YAĞLAR KümeEvleri","Area":null},"geometry":{"type":"Point","coordinates":[28.203099969250001,38.182689658751002]}},
{"type":"Feature","properties":{"ILCE":"KİRAZ","KAPINO":null,"ENLEM":38.216077851510001,"ACIKLAMA":"3519-044-01","ILCEID":994,"MAHALLE":"ŞEMSİLER","MAHALLEID":null,"ADI":"1 NO LU AFET VE ACİL DURUM TOPLANMA ALANI","BOYLAM":28.218206051593999,"YOL":"ŞEMSİLER KümeEvleri","Area":null},"geometry":{"type":"Point","coordinates":[28.218206051593999,38.216077851510001]}},
{"type":"Feature","properties":{"ILCE":"KİRAZ","KAPINO":null,"ENLEM":38.161907205162002,"ACIKLAMA":"3519-033-01","ILCEID":994,"MAHALLE":"OLGUNLAR","MAHALLEID":null,"ADI":"1 NO LU AFET VE ACİL DURUM TOPLANMA ALANI","BOYLAM":28.366005876650998,"YOL":"OLGUNLAR KümeEvleri","Area":null},"geometry":{"type":"Point","coordinates":[28.366005876650998,38.161907205162002]}},
{"type":"Feature","properties":{"ILCE":"KİRAZ","KAPINO":null,"ENLEM":38.199689270489998,"ACIKLAMA":"3519-024-01","ILCEID":994,"MAHALLE":"KALEKÖY","MAHALLEID":null,"ADI":"1 NO LU AFET VE ACİL DURUM TOPLANMA ALANI","BOYLAM":28.295496243618,"YOL":"KALEKÖY KümeEvleri","Area":null},"geometry":{"type":"Point","coordinates":[28.295496243618,38.199689270489998]}},
{"type":"Feature","properties":{"ILCE":"KİRAZ","KAPINO":null,"ENLEM":38.240552823535999,"ACIKLAMA":"3519-015-01","ILCEID":994,"MAHALLE":"ÇÖMLEKÇİ","MAHALLEID":null,"ADI":"1 NO LU AFET VE ACİL DURUM TOPLANMA ALANI","BOYLAM":28.262580273032999,"YOL":"ÇÖMLEKÇİ KümeEvleri","Area":null},"geometry":{"type":"Point","coordinates":[28.262580273032999,38.240552823535999]}},
{"type":"Feature","properties":{"ILCE":"ÇEŞME","KAPINO":null,"ENLEM":38.304674232046999,"ACIKLAMA":"3509-007-01","ILCEID":1001,"MAHALLE":"CELAL BAYAR","MAHALLEID":null,"ADI":"1 NO LU AFET VE ACİL DURUM TOPLANMA ALANI","BOYLAM":26.379818287132,"YOL":"5189 Sk.","Area":null},"geometry":{"type":"Point","coordinates":[26.379818287132,38.304674232046999]}},
{"type":"Feature","properties":{"ILCE":"BUCA","KAPINO":null,"ENLEM":38.348534093623002,"ACIKLAMA":"3508-048-01","ILCEID":8,"MAHALLE":"ZAFER","MAHALLEID":null,"ADI":"1 NO LU AFET VE ACİL DURUM TOPLANMA ALANI","BOYLAM":27.228754559489001,"YOL":"2364 Sk.","Area":null},"geometry":{"type":"Point","coordinates":[27.228754559489001,38.348534093623002]}},
{"type":"Feature","properties":{"ILCE":"KEMALPAŞA","KAPINO":null,"ENLEM":38.412688475246,"ACIKLAMA":"3517-048-01","ILCEID":6,"MAHALLE":"YİĞİTLER","MAHALLEID":null,"ADI":"1 NO LU AFET VE ACİL DURUM TOPLANMA ALANI","BOYLAM":27.611814911016001,"YOL":"YİĞİTLER YOLU KümeEvleri","Area":null},"geometry":{"type":"Point","coordinates":[27.611814911016001,38.412688475246]}},
{"type":"Feature","properties":{"ILCE":"NARLIDERE","KAPINO":null,"ENLEM":38.395843264817003,"ACIKLAMA":"3523-005-01","ILCEID":5,"MAHALLE":"ÇATALKAYA","MAHALLEID":null,"ADI":"1 NO LU AFET VE ACİL DURUM TOPLANMA ALANI","BOYLAM":27.000277010975999,"YOL":"MİTHATPAŞA Cd.","Area":null},"geometry":{"type":"Point","coordinates":[27.000277010975999,38.395843264817003]}},
{"type":"Feature","properties":{"ILCE":"KONAK","KAPINO":null,"ENLEM":38.429835458631999,"ACIKLAMA":"3520-045-01","ILCEID":21,"MAHALLE":"HALKAPINAR","MAHALLEID":null,"ADI":"1 NO LU AFET VE ACİL DURUM TOPLANMA ALANI","BOYLAM":27.168437208231001,"YOL":"1202/1 Sk.","Area":null},"geometry":{"type":"Point","coordinates":[27.168437208231001,38.429835458631999]}},
{"type":"Feature","properties":{"ILCE":"BAYINDIR","KAPINO":null,"ENLEM":38.209670582007,"ACIKLAMA":"3504-054-01","ILCEID":7,"MAHALLE":"YAKAPINAR","MAHALLEID":null,"ADI":"1 NO LU AFET VE ACİL DURUM TOPLANMA ALANI","BOYLAM":27.542464379197,"YOL":"A.MUZAFFER TUNÇAĞ Sk.","Area":null},"geometry":{"type":"Point","coordinates":[27.542464379197,38.209670582007]}},
{"type":"Feature","properties":{"ILCE":"KEMALPAŞA","KAPINO":null,"ENLEM":38.414798518639003,"ACIKLAMA":"3517-043-01","ILCEID":6,"MAHALLE":"BAĞYURDU YENİ","MAHALLEID":null,"ADI":"1 NO LU AFET VE ACİL DURUM TOPLANMA ALANI","BOYLAM":27.629796347896001,"YOL":"BAĞYURDU İZMİR Cd.","Area":null},"geometry":{"type":"Point","coordinates":[27.629796347896001,38.414798518639003]}},
{"type":"Feature","properties":{"ILCE":"BAYINDIR","KAPINO":null,"ENLEM":38.221429817194,"ACIKLAMA":"3504-043-01","ILCEID":7,"MAHALLE":"MİTHATPAŞA","MAHALLEID":null,"ADI":"1 NO LU AFET VE ACİL DURUM TOPLANMA ALANI","BOYLAM":27.647702987060999,"YOL":"ATATÜRK Cd.","Area":null},"geometry":{"type":"Point","coordinates":[27.647702987060999,38.221429817194]}},
{"type":"Feature","properties":{"ILCE":"BAYINDIR","KAPINO":null,"ENLEM":38.171033263319003,"ACIKLAMA":"3504-042-01","ILCEID":7,"MAHALLE":"MEKTEP","MAHALLEID":null,"ADI":"1 NO LU AFET VE ACİL DURUM TOPLANMA ALANI","BOYLAM":27.497425012345001,"YOL":"VALİ KAZIM DİRİK Cd.","Area":null},"geometry":{"type":"Point","coordinates":[27.497425012345001,38.171033263319003]}},
{"type":"Feature","properties":{"ILCE":"BAYINDIR","KAPINO":null,"ENLEM":38.290845676503999,"ACIKLAMA":"3504-013-01","ILCEID":7,"MAHALLE":"ÇINARDİBİ","MAHALLEID":null,"ADI":"1 NO LU AFET VE ACİL DURUM TOPLANMA ALANI","BOYLAM":27.517004850614999,"YOL":"NESRİN KAHRAMAN KümeEvleri","Area":null},"geometry":{"type":"Point","coordinates":[27.517004850614999,38.290845676503999]}},
{"type":"Feature","properties":{"ILCE":"KİRAZ","KAPINO":null,"ENLEM":38.205085251302002,"ACIKLAMA":"3519-016-01","ILCEID":994,"MAHALLE":"DOĞANCILAR","MAHALLEID":null,"ADI":"1 NO LU AFET VE ACİL DURUM TOPLANMA ALANI","BOYLAM":28.453810210735998,"YOL":"DOĞANCILAR KümeEvleri","Area":null},"geometry":{"type":"Point","coordinates":[28.453810210735998,38.205085251302002]}},
{"type":"Feature","properties":{"ILCE":"KİRAZ","KAPINO":null,"ENLEM":38.230507782628997,"ACIKLAMA":"3519-007-01","ILCEID":994,"MAHALLE":"BAHÇEARASI","MAHALLEID":null,"ADI":"1 NO LU AFET VE ACİL DURUM TOPLANMA ALANI","BOYLAM":28.436129134877,"YOL":"BAHÇELİ KümeEvleri","Area":null},"geometry":{"type":"Point","coordinates":[28.436129134877,38.230507782628997]}},
{"type":"Feature","properties":{"ILCE":"BAYINDIR","KAPINO":null,"ENLEM":38.245372208052999,"ACIKLAMA":"3504-033-01","ILCEID":7,"MAHALLE":"KARAHAYIT","MAHALLEID":null,"ADI":"1 NO LU AFET VE ACİL DURUM TOPLANMA ALANI","BOYLAM":27.748993386713,"YOL":"KARAHAYIT KümeEvleri","Area":null},"geometry":{"type":"Point","coordinates":[27.748993386713,38.245372208052999]}},
{"type":"Feature","properties":{"ILCE":"BAYINDIR","KAPINO":null,"ENLEM":38.240754541298003,"ACIKLAMA":"3504-020-01","ILCEID":7,"MAHALLE":"ERGENLİ","MAHALLEID":null,"ADI":"1 NO LU AFET VE ACİL DURUM TOPLANMA ALANI","BOYLAM":27.69077901911,"YOL":"ILICA Sk.","Area":null},"geometry":{"type":"Point","coordinates":[27.69077901911,38.240754541298003]}},
{"type":"Feature","properties":{"ILCE":"BAYRAKLI","KAPINO":null,"ENLEM":38.466218238846999,"ACIKLAMA":"3530-022-01","ILCEID":11,"MAHALLE":"TEPEKULE","MAHALLEID":null,"ADI":"1 NO LU AFET VE ACİL DURUM TOPLANMA ALANI","BOYLAM":27.17880115102,"YOL":"1643/27 Sk.","Area":null},"geometry":{"type":"Point","coordinates":[27.17880115102,38.466218238846999]}},
{"type":"Feature","properties":{"ILCE":"BAYRAKLI","KAPINO":null,"ENLEM":38.483680439243997,"ACIKLAMA":"3530-016-01","ILCEID":11,"MAHALLE":"ONUR","MAHALLEID":null,"ADI":"1 NO LU AFET VE ACİL DURUM TOPLANMA ALANI","BOYLAM":27.128987383304999,"YOL":"7369/1 Sk.","Area":null},"geometry":{"type":"Point","coordinates":[27.128987383304999,38.483680439243997]}},
{"type":"Feature","properties":{"ILCE":"GÜZELBAHÇE","KAPINO":null,"ENLEM":38.382627921767003,"ACIKLAMA":"3514-006-01","ILCEID":1,"MAHALLE":"MALTEPE","MAHALLEID":null,"ADI":"1 NO LU AFET VE ACİL DURUM TOPLANMA ALANI","BOYLAM":26.922093714220001,"YOL":"12 Sk.","Area":null},"geometry":{"type":"Point","coordinates":[26.922093714220001,38.382627921767003]}},
{"type":"Feature","properties":{"ILCE":"KINIK","KAPINO":null,"ENLEM":39.090558497277001,"ACIKLAMA":"3518-031-01","ILCEID":996,"MAHALLE":"POYRACIK","MAHALLEID":null,"ADI":"1 NO LU AFET VE ACİL DURUM TOPLANMA ALANI","BOYLAM":27.349033704406001,"YOL":"BERGAMA Cd.","Area":null},"geometry":{"type":"Point","coordinates":[27.349033704406001,39.090558497277001]}},
{"type":"Feature","properties":{"ILCE":"KINIK","KAPINO":null,"ENLEM":39.090558519338998,"ACIKLAMA":"3518-029-01","ILCEID":996,"MAHALLE":"OSMANİYE","MAHALLEID":null,"ADI":"1 NO LU AFET VE ACİL DURUM TOPLANMA ALANI","BOYLAM":27.370459086979999,"YOL":"TOPLU KONUT KümeEvleri","Area":null},"geometry":{"type":"Point","coordinates":[27.370459086979999,39.090558519338998]}},
{"type":"Feature","properties":{"ILCE":"TORBALI","KAPINO":null,"ENLEM":38.138181256194997,"ACIKLAMA":"3528-058-01","ILCEID":9,"MAHALLE":"ÇAYBAŞI","MAHALLEID":null,"ADI":"1 NO LU AFET VE ACİL DURUM TOPLANMA ALANI","BOYLAM":27.378147830450001,"YOL":"MENDERES Cd.","Area":null},"geometry":{"type":"Point","coordinates":[27.378147830450001,38.138181256194997]}},
{"type":"Feature","properties":{"ILCE":"TORBALI","KAPINO":null,"ENLEM":38.195493568533998,"ACIKLAMA":"3528-045-01","ILCEID":9,"MAHALLE":"PANCAR","MAHALLEID":null,"ADI":"1 NO LU AFET VE ACİL DURUM TOPLANMA ALANI","BOYLAM":27.235733885394001,"YOL":"PAMUKÇU OSMAN Sk.","Area":null},"geometry":{"type":"Point","coordinates":[27.235733885394001,38.195493568533998]}},
{"type":"Feature","properties":{"ILCE":"TORBALI","KAPINO":null,"ENLEM":38.218100169376001,"ACIKLAMA":"3528-020-01","ILCEID":9,"MAHALLE":"DÜVERLİK","MAHALLEID":null,"ADI":"1 NO LU AFET VE ACİL DURUM TOPLANMA ALANI","BOYLAM":27.449424366285001,"YOL":"DÜVERLİK YOLU KümeEvleri","Area":null},"geometry":{"type":"Point","coordinates":[27.449424366285001,38.218100169376001]}},
{"type":"Feature","properties":{"ILCE":"KINIK","KAPINO":null,"ENLEM":39.012322212562999,"ACIKLAMA":"3518-026-01","ILCEID":996,"MAHALLE":"KÖSELER","MAHALLEID":null,"ADI":"1 NO LU AFET VE ACİL DURUM TOPLANMA ALANI","BOYLAM":27.373653714677999,"YOL":"KARTAL KümeEvleri","Area":null},"geometry":{"type":"Point","coordinates":[27.373653714677999,39.012322212562999]}},
{"type":"Feature","properties":{"ILCE":"KINIK","KAPINO":null,"ENLEM":39.091049834018001,"ACIKLAMA":"3518-016-01","ILCEID":996,"MAHALLE":"FATİH","MAHALLEID":null,"ADI":"1 NO LU AFET VE ACİL DURUM TOPLANMA ALANI","BOYLAM":27.384658632402999,"YOL":"CAN Sk.","Area":null},"geometry":{"type":"Point","coordinates":[27.384658632402999,39.091049834018001]}},
{"type":"Feature","properties":{"ILCE":"KARABAĞLAR","KAPINO":null,"ENLEM":38.390537376338997,"ACIKLAMA":"3531-054-01","ILCEID":19,"MAHALLE":"VATAN","MAHALLEID":null,"ADI":"1 NO LU AFET VE ACİL DURUM TOPLANMA ALANI","BOYLAM":27.101752526757998,"YOL":"9242 Sk.","Area":null},"geometry":{"type":"Point","coordinates":[27.101752526757998,38.390537376338997]}},
{"type":"Feature","properties":{"ILCE":"TORBALI","KAPINO":null,"ENLEM":38.162581180844001,"ACIKLAMA":"3528-004-01","ILCEID":9,"MAHALLE":"ARSLANLAR","MAHALLEID":null,"ADI":"1 NO LU AFET VE ACİL DURUM TOPLANMA ALANI","BOYLAM":27.413633237772,"YOL":"DEĞİRMENALTI Sk.","Area":null},"geometry":{"type":"Point","coordinates":[27.413633237772,38.162581180844001]}},
{"type":"Feature","properties":{"ILCE":"TİRE","KAPINO":null,"ENLEM":38.083512740106997,"ACIKLAMA":"3527-054-01","ILCEID":997,"MAHALLE":"KETENCİ","MAHALLEID":null,"ADI":"1 NO LU AFET VE ACİL DURUM TOPLANMA ALANI","BOYLAM":27.727191405130998,"YOL":"KAVAKLARALTI Sk.","Area":null},"geometry":{"type":"Point","coordinates":[27.727191405130998,38.083512740106997]}},
{"type":"Feature","properties":{"ILCE":"KINIK","KAPINO":null,"ENLEM":39.083895525058999,"ACIKLAMA":"3518-013-01","ILCEID":996,"MAHALLE":"DEĞİRMENCİELİ","MAHALLEID":null,"ADI":"1 NO LU AFET VE ACİL DURUM TOPLANMA ALANI","BOYLAM":27.449456479498998,"YOL":"BAŞKOMUTAN ATATÜRK Cd.","Area":null},"geometry":{"type":"Point","coordinates":[27.449456479498998,39.083895525058999]}},
{"type":"Feature","properties":{"ILCE":"KINIK","KAPINO":null,"ENLEM":38.999208859936999,"ACIKLAMA":"3518-005-01","ILCEID":996,"MAHALLE":"BADEMALAN","MAHALLEID":null,"ADI":"1 NO LU AFET VE ACİL DURUM TOPLANMA ALANI","BOYLAM":27.319886434674,"YOL":"SÖĞÜTALAN KümeEvleri","Area":null},"geometry":{"type":"Point","coordinates":[27.319886434674,38.999208859936999]}},
{"type":"Feature","properties":{"ILCE":"TORBALI","KAPINO":null,"ENLEM":38.120905674774001,"ACIKLAMA":"3528-059-01","ILCEID":9,"MAHALLE":"YENİKÖY","MAHALLEID":null,"ADI":"1 NO LU AFET VE ACİL DURUM TOPLANMA ALANI","BOYLAM":27.329090503048,"YOL":"DEDECİK Sk.","Area":null},"geometry":{"type":"Point","coordinates":[27.329090503048,38.120905674774001]}},
{"type":"Feature","properties":{"ILCE":"KİRAZ","KAPINO":null,"ENLEM":38.272701488138999,"ACIKLAMA":"3519-056-01","ILCEID":994,"MAHALLE":"YEŞİLDERE","MAHALLEID":null,"ADI":"1 NO LU AFET VE ACİL DURUM TOPLANMA ALANI","BOYLAM":28.160528024649999,"YOL":"YEŞİLDERE KümeEvleri","Area":null},"geometry":{"type":"Point","coordinates":[28.160528024649999,38.272701488138999]}},
{"type":"Feature","properties":{"ILCE":"KARABAĞLAR","KAPINO":null,"ENLEM":38.359216949439002,"ACIKLAMA":"3531-039-01","ILCEID":19,"MAHALLE":"PEKER","MAHALLEID":null,"ADI":"1 NO LU AFET VE ACİL DURUM TOPLANMA ALANI","BOYLAM":27.125165465239998,"YOL":"5137 Sk.","Area":null},"geometry":{"type":"Point","coordinates":[27.125165465239998,38.359216949439002]}},
{"type":"Feature","properties":{"ILCE":"TİRE","KAPINO":null,"ENLEM":38.023647666865998,"ACIKLAMA":"3527-064-01","ILCEID":997,"MAHALLE":"KÜÇÜKKÖMÜRCÜ","MAHALLEID":null,"ADI":"1 NO LU AFET VE ACİL DURUM TOPLANMA ALANI","BOYLAM":27.753796192911,"YOL":"KÜÇÜKKÖMÜRCÜ HALK Sk.","Area":null},"geometry":{"type":"Point","coordinates":[27.753796192911,38.023647666865998]}},
{"type":"Feature","properties":{"ILCE":"TİRE","KAPINO":null,"ENLEM":38.037819778516997,"ACIKLAMA":"3527-063-01","ILCEID":997,"MAHALLE":"KÜÇÜKKEMERDERE","MAHALLEID":null,"ADI":"1 NO LU AFET VE ACİL DURUM TOPLANMA ALANI","BOYLAM":27.791088077523,"YOL":"KÜÇÜKKEMERDERE ATATÜRK Sk.","Area":null},"geometry":{"type":"Point","coordinates":[27.791088077523,38.037819778516997]}},
{"type":"Feature","properties":{"ILCE":"KİRAZ","KAPINO":null,"ENLEM":38.162851887774998,"ACIKLAMA":"3519-055-01","ILCEID":994,"MAHALLE":"YENİŞEHİR","MAHALLEID":null,"ADI":"1 NO LU AFET VE ACİL DURUM TOPLANMA ALANI","BOYLAM":28.238204581009001,"YOL":"YENİŞEHİR KümeEvleri","Area":null},"geometry":{"type":"Point","coordinates":[28.238204581009001,38.162851887774998]}},
{"type":"Feature","properties":{"ILCE":"KİRAZ","KAPINO":null,"ENLEM":38.209030626767998,"ACIKLAMA":"3519-039-01","ILCEID":994,"MAHALLE":"SARIKAYA","MAHALLEID":null,"ADI":"1 NO LU AFET VE ACİL DURUM TOPLANMA ALANI","BOYLAM":28.353217099298998,"YOL":"SARIKAYA KümeEvleri","Area":null},"geometry":{"type":"Point","coordinates":[28.353217099298998,38.209030626767998]}},
{"type":"Feature","properties":{"ILCE":"URLA","KAPINO":null,"ENLEM":38.381416592396,"ACIKLAMA":"3529-023-01","ILCEID":18,"MAHALLE":"ÖZBEK","MAHALLEID":null,"ADI":"1 NO LU AFET VE ACİL DURUM TOPLANMA ALANI","BOYLAM":26.680256233805,"YOL":"6078 Sk.","Area":null},"geometry":{"type":"Point","coordinates":[26.680256233805,38.381416592396]}},
{"type":"Feature","properties":{"ILCE":"URLA","KAPINO":null,"ENLEM":38.298983882507002,"ACIKLAMA":"3529-021-01","ILCEID":18,"MAHALLE":"NOHUTALAN","MAHALLEID":null,"ADI":"1 NO LU AFET VE ACİL DURUM TOPLANMA ALANI","BOYLAM":26.525837021821001,"YOL":"KAVUN Sk.","Area":null},"geometry":{"type":"Point","coordinates":[26.525837021821001,38.298983882507002]}},
{"type":"Feature","properties":{"ILCE":"URLA","KAPINO":null,"ENLEM":38.426708235744997,"ACIKLAMA":"3529-004-01","ILCEID":18,"MAHALLE":"BALIKLIOVA","MAHALLEID":null,"ADI":"1 NO LU AFET VE ACİL DURUM TOPLANMA ALANI","BOYLAM":26.57777482262,"YOL":"13057 Sk.","Area":null},"geometry":{"type":"Point","coordinates":[26.57777482262,38.426708235744997]}},
{"type":"Feature","properties":{"ILCE":"TORBALI","KAPINO":null,"ENLEM":38.085303745080999,"ACIKLAMA":"3528-046-01","ILCEID":9,"MAHALLE":"SAĞLIK","MAHALLEID":null,"ADI":"1 NO LU AFET VE ACİL DURUM TOPLANMA ALANI","BOYLAM":27.399986350561999,"YOL":"6350 Sk.","Area":null},"geometry":{"type":"Point","coordinates":[27.399986350561999,38.085303745080999]}},
{"type":"Feature","properties":{"ILCE":"KARABAĞLAR","KAPINO":null,"ENLEM":38.399834179745,"ACIKLAMA":"3531-005-01","ILCEID":19,"MAHALLE":"ARAP HASAN","MAHALLEID":null,"ADI":"1 NO LU AFET VE ACİL DURUM TOPLANMA ALANI","BOYLAM":27.106438306737999,"YOL":"259 Sk.","Area":null},"geometry":{"type":"Point","coordinates":[27.106438306737999,38.399834179745]}},
{"type":"Feature","properties":{"ILCE":"MENEMEN","KAPINO":null,"ENLEM":38.701542977110002,"ACIKLAMA":"3522-013-01","ILCEID":17,"MAHALLE":"BOZALAN","MAHALLEID":null,"ADI":"1 NO LU AFET VE ACİL DURUM TOPLANMA ALANI","BOYLAM":27.195862199969,"YOL":"BOZALAN KümeEvleri","Area":null},"geometry":{"type":"Point","coordinates":[27.195862199969,38.701542977110002]}},
{"type":"Feature","properties":{"ILCE":"KİRAZ","KAPINO":null,"ENLEM":38.111511862503001,"ACIKLAMA":"3519-001-01","ILCEID":994,"MAHALLE":"AHMETLER","MAHALLEID":null,"ADI":"1 NO LU AFET VE ACİL DURUM TOPLANMA ALANI","BOYLAM":28.412869284109998,"YOL":"AHMETLER KümeEvleri","Area":null},"geometry":{"type":"Point","coordinates":[28.412869284109998,38.111511862503001]}},
{"type":"Feature","properties":{"ILCE":"DİKİLİ","KAPINO":null,"ENLEM":39.024276119776999,"ACIKLAMA":"3511-010-01","ILCEID":995,"MAHALLE":"ESENTEPE","MAHALLEID":null,"ADI":"1 NO LU AFET VE ACİL DURUM TOPLANMA ALANI","BOYLAM":26.910129985004001,"YOL":"ESENTEPE 4 Sk.","Area":null},"geometry":{"type":"Point","coordinates":[26.910129985004001,39.024276119776999]}},
{"type":"Feature","properties":{"ILCE":"URLA","KAPINO":null,"ENLEM":38.326002497319998,"ACIKLAMA":"3529-030-01","ILCEID":18,"MAHALLE":"YAKA","MAHALLEID":null,"ADI":"1 NO LU AFET VE ACİL DURUM TOPLANMA ALANI","BOYLAM":26.758171431685,"YOL":"SUNA","Area":null},"geometry":{"type":"Point","coordinates":[26.758171431685,38.326002497319998]}},
{"type":"Feature","properties":{"ILCE":"SEFERİHİSAR","KAPINO":null,"ENLEM":38.157991519638998,"ACIKLAMA":"3525-013-01","ILCEID":12,"MAHALLE":"KAVAKDERE","MAHALLEID":null,"ADI":"1 NO LU AFET VE ACİL DURUM TOPLANMA ALANI","BOYLAM":26.892471936658001,"YOL":"KAVAKDERE YOLU KümeEvleri","Area":null},"geometry":{"type":"Point","coordinates":[26.892471936658001,38.157991519638998]}},
{"type":"Feature","properties":{"ILCE":"URLA","KAPINO":null,"ENLEM":38.318463922158003,"ACIKLAMA":"3529-025-01","ILCEID":18,"MAHALLE":"SIRA","MAHALLEID":null,"ADI":"1 NO LU AFET VE ACİL DURUM TOPLANMA ALANI","BOYLAM":26.760110672452001,"YOL":"MANOLYA","Area":null},"geometry":{"type":"Point","coordinates":[26.760110672452001,38.318463922158003]}},
{"type":"Feature","properties":{"ILCE":"URLA","KAPINO":null,"ENLEM":38.353127575155,"ACIKLAMA":"3529-017-01","ILCEID":18,"MAHALLE":"KALABAK","MAHALLEID":null,"ADI":"1 NO LU AFET VE ACİL DURUM TOPLANMA ALANI","BOYLAM":26.806383848673999,"YOL":"3301 Sk.","Area":null},"geometry":{"type":"Point","coordinates":[26.806383848673999,38.353127575155]}},
{"type":"Feature","properties":{"ILCE":"KARABURUN","KAPINO":null,"ENLEM":38.633123987350999,"ACIKLAMA":"3515-006-01","ILCEID":1000,"MAHALLE":"SAİP","MAHALLEID":null,"ADI":"1 NO LU AFET VE ACİL DURUM TOPLANMA ALANI","BOYLAM":26.522006229197999,"YOL":"BODRUM Cd.","Area":null},"geometry":{"type":"Point","coordinates":[26.522006229197999,38.633123987350999]}},
{"type":"Feature","properties":{"ILCE":"KINIK","KAPINO":null,"ENLEM":38.966159128104998,"ACIKLAMA":"3518-021-01","ILCEID":996,"MAHALLE":"KARADERE","MAHALLEID":null,"ADI":"1 NO LU AFET VE ACİL DURUM TOPLANMA ALANI","BOYLAM":27.451118296299999,"YOL":"CAMİÖNÜ KümeEvleri","Area":null},"geometry":{"type":"Point","coordinates":[27.451118296299999,38.966159128104998]}},
{"type":"Feature","properties":{"ILCE":"MENDERES","KAPINO":null,"ENLEM":38.102967364533001,"ACIKLAMA":"3521-010-01","ILCEID":13,"MAHALLE":"ÇAMÖNÜ","MAHALLEID":null,"ADI":"1 NO LU AFET VE ACİL DURUM TOPLANMA ALANI","BOYLAM":27.155799248954001,"YOL":"İZMİR Cd.","Area":null},"geometry":{"type":"Point","coordinates":[27.155799248954001,38.102967364533001]}},
{"type":"Feature","properties":{"ILCE":"URLA","KAPINO":null,"ENLEM":38.324423300375997,"ACIKLAMA":"3529-001-01","ILCEID":18,"MAHALLE":"ALTINTAŞ","MAHALLEID":null,"ADI":"1 NO LU AFET VE ACİL DURUM TOPLANMA ALANI","BOYLAM":26.757326542895999,"YOL":"DÜNDAR Sk.","Area":null},"geometry":{"type":"Point","coordinates":[26.757326542895999,38.324423300375997]}},
{"type":"Feature","properties":{"ILCE":"KONAK","KAPINO":null,"ENLEM":38.418198314354001,"ACIKLAMA":"3520-104-01","ILCEID":21,"MAHALLE":"YENİ","MAHALLEID":null,"ADI":"1 NO LU AFET VE ACİL DURUM TOPLANMA ALANI","BOYLAM":27.138723864484,"YOL":"TARIK SARI Sk.","Area":null},"geometry":{"type":"Point","coordinates":[27.138723864484,38.418198314354001]}},
{"type":"Feature","properties":{"ILCE":"KONAK","KAPINO":null,"ENLEM":38.422237275261999,"ACIKLAMA":"3520-083-01","ILCEID":21,"MAHALLE":"OĞUZLAR","MAHALLEID":null,"ADI":"1 NO LU AFET VE ACİL DURUM TOPLANMA ALANI","BOYLAM":27.148631888369,"YOL":"GAZİLER Cd.","Area":null},"geometry":{"type":"Point","coordinates":[27.148631888369,38.422237275261999]}},
{"type":"Feature","properties":{"ILCE":"KARABURUN","KAPINO":null,"ENLEM":38.636270929245001,"ACIKLAMA":"3515-009-01","ILCEID":1000,"MAHALLE":"MERKEZ","MAHALLEID":null,"ADI":"1 NO LU AFET VE ACİL DURUM TOPLANMA ALANI","BOYLAM":26.509759317591001,"YOL":"KARABURUN CUMHURİYET Myd.","Area":null},"geometry":{"type":"Point","coordinates":[26.509759317591001,38.636270929245001]}},
{"type":"Feature","properties":{"ILCE":"KONAK","KAPINO":null,"ENLEM":38.407450463155001,"ACIKLAMA":"3520-077-01","ILCEID":21,"MAHALLE":"MİTHATPAŞA","MAHALLEID":null,"ADI":"1 NO LU AFET VE ACİL DURUM TOPLANMA ALANI","BOYLAM":27.107390473264999,"YOL":"MİTHATPAŞA Cd.","Area":null},"geometry":{"type":"Point","coordinates":[27.107390473264999,38.407450463155001]}},
{"type":"Feature","properties":{"ILCE":"KONAK","KAPINO":null,"ENLEM":38.427246783009998,"ACIKLAMA":"3520-107-01","ILCEID":21,"MAHALLE":"YENİŞEHİR","MAHALLEID":null,"ADI":"1 NO LU AFET VE ACİL DURUM TOPLANMA ALANI","BOYLAM":27.158030293467,"YOL":"1212/1 Sk.","Area":null},"geometry":{"type":"Point","coordinates":[27.158030293467,38.427246783009998]}},
{"type":"Feature","properties":{"ILCE":"KONAK","KAPINO":null,"ENLEM":38.397419930532003,"ACIKLAMA":"3520-071-01","ILCEID":21,"MAHALLE":"MEHMET ALİ AKMAN","MAHALLEID":null,"ADI":"1 NO LU AFET VE ACİL DURUM TOPLANMA ALANI","BOYLAM":27.073734299611999,"YOL":"4/6 Sk.","Area":null},"geometry":{"type":"Point","coordinates":[27.073734299611999,38.397419930532003]}},
{"type":"Feature","properties":{"ILCE":"KONAK","KAPINO":null,"ENLEM":38.408535067172998,"ACIKLAMA":"3520-026-01","ILCEID":21,"MAHALLE":"ÇINARTEPE","MAHALLEID":null,"ADI":"1 NO LU AFET VE ACİL DURUM TOPLANMA ALANI","BOYLAM":27.186000261114,"YOL":"2630 Sk.","Area":null},"geometry":{"type":"Point","coordinates":[27.186000261114,38.408535067172998]}},
{"type":"Feature","properties":{"ILCE":"KONAK","KAPINO":null,"ENLEM":38.416176689742002,"ACIKLAMA":"3520-014-01","ILCEID":21,"MAHALLE":"ANADOLU","MAHALLEID":null,"ADI":"1 NO LU AFET VE ACİL DURUM TOPLANMA ALANI","BOYLAM":27.174096664025001,"YOL":"2427 Sk.","Area":null},"geometry":{"type":"Point","coordinates":[27.174096664025001,38.416176689742002]}},
{"type":"Feature","properties":{"ILCE":"KARABURUN","KAPINO":null,"ENLEM":38.547571184478997,"ACIKLAMA":"3515-007-01","ILCEID":1000,"MAHALLE":"KÖSEDERE","MAHALLEID":null,"ADI":"1 NO LU AFET VE ACİL DURUM TOPLANMA ALANI","BOYLAM":26.552926739976002,"YOL":"AĞALARSEKİ KümeEvleri","Area":null},"geometry":{"type":"Point","coordinates":[26.552926739976002,38.547571184478997]}},
{"type":"Feature","properties":{"ILCE":"TİRE","KAPINO":null,"ENLEM":38.111477381036998,"ACIKLAMA":"3527-037-01","ILCEID":997,"MAHALLE":"ESKİOBA","MAHALLEID":null,"ADI":"1 NO LU AFET VE ACİL DURUM TOPLANMA ALANI","BOYLAM":27.617309857679999,"YOL":"ŞEHİT MÜMİN ATİK Sk.","Area":null},"geometry":{"type":"Point","coordinates":[27.617309857679999,38.111477381036998]}},
{"type":"Feature","properties":{"ILCE":"MENDERES","KAPINO":null,"ENLEM":38.242203341216999,"ACIKLAMA":"3521-008-01","ILCEID":13,"MAHALLE":"CÜNEYTBEY","MAHALLEID":null,"ADI":"1 NO LU AFET VE ACİL DURUM TOPLANMA ALANI","BOYLAM":27.134985179977999,"YOL":"İBRAHİM TURAN Cd.","Area":null},"geometry":{"type":"Point","coordinates":[27.134985179977999,38.242203341216999]}},
{"type":"Feature","properties":{"ILCE":"TORBALI","KAPINO":null,"ENLEM":38.307596716094999,"ACIKLAMA":"3528-016-01","ILCEID":9,"MAHALLE":"DAĞKIZILCA","MAHALLEID":null,"ADI":"1 NO LU AFET VE ACİL DURUM TOPLANMA ALANI","BOYLAM":27.393634554628999,"YOL":"6213 Sk.","Area":null},"geometry":{"type":"Point","coordinates":[27.393634554628999,38.307596716094999]}},
{"type":"Feature","properties":{"ILCE":"TORBALI","KAPINO":null,"ENLEM":38.231012447349002,"ACIKLAMA":"3528-014-01","ILCEID":9,"MAHALLE":"ÇAPAK","MAHALLEID":null,"ADI":"1 NO LU AFET VE ACİL DURUM TOPLANMA ALANI","BOYLAM":27.353095974670001,"YOL":"2540 Sk.","Area":null},"geometry":{"type":"Point","coordinates":[27.353095974670001,38.231012447349002]}},
{"type":"Feature","properties":{"ILCE":"TORBALI","KAPINO":null,"ENLEM":38.104183422883999,"ACIKLAMA":"3528-010-01","ILCEID":9,"MAHALLE":"BÜLBÜLDERE","MAHALLEID":null,"ADI":"1 NO LU AFET VE ACİL DURUM TOPLANMA ALANI","BOYLAM":27.499892737486999,"YOL":"YUNUS EMRE","Area":null},"geometry":{"type":"Point","coordinates":[27.499892737486999,38.104183422883999]}},
{"type":"Feature","properties":{"ILCE":"GAZİEMİR","KAPINO":null,"ENLEM":38.349005181759999,"ACIKLAMA":"3513-005-01","ILCEID":15,"MAHALLE":"BİNBAŞI REŞATBEY","MAHALLEID":null,"ADI":"1 NO LU AFET VE ACİL DURUM TOPLANMA ALANI","BOYLAM":27.134641679506998,"YOL":"351/2 Sk.","Area":null},"geometry":{"type":"Point","coordinates":[27.134641679506998,38.349005181759999]}},
{"type":"Feature","properties":{"ILCE":"KONAK","KAPINO":null,"ENLEM":38.424120089634997,"ACIKLAMA":"3520-047-01","ILCEID":21,"MAHALLE":"HİLAL","MAHALLEID":null,"ADI":"1 NO LU AFET VE ACİL DURUM TOPLANMA ALANI","BOYLAM":27.157536774737999,"YOL":"1215 Sk.","Area":null},"geometry":{"type":"Point","coordinates":[27.157536774737999,38.424120089634997]}},
{"type":"Feature","properties":{"ILCE":"KONAK","KAPINO":null,"ENLEM":38.405878313960002,"ACIKLAMA":"3520-016-01","ILCEID":21,"MAHALLE":"ATİLLA","MAHALLEID":null,"ADI":"1 NO LU AFET VE ACİL DURUM TOPLANMA ALANI","BOYLAM":27.122764821286001,"YOL":"HALİDE EDİP ADIVAR Cd.","Area":null},"geometry":{"type":"Point","coordinates":[27.122764821286001,38.405878313960002]}},
{"type":"Feature","properties":{"ILCE":"KONAK","KAPINO":null,"ENLEM":38.438659728712999,"ACIKLAMA":"3520-010-01","ILCEID":21,"MAHALLE":"ALSANCAK","MAHALLEID":null,"ADI":"1 NO LU AFET VE ACİL DURUM TOPLANMA ALANI","BOYLAM":27.143460587416001,"YOL":"1480 Sk.","Area":null},"geometry":{"type":"Point","coordinates":[27.143460587416001,38.438659728712999]}},
{"type":"Feature","properties":{"ILCE":"MENDERES","KAPINO":null,"ENLEM":38.133624210873002,"ACIKLAMA":"3521-031-01","ILCEID":13,"MAHALLE":"KARAKUYU","MAHALLEID":null,"ADI":"1 NO LU AFET VE ACİL DURUM TOPLANMA ALANI","BOYLAM":27.234763032309999,"YOL":"7659 Sk.","Area":null},"geometry":{"type":"Point","coordinates":[27.234763032309999,38.133624210873002]}},
{"type":"Feature","properties":{"ILCE":"MENDERES","KAPINO":"29","ENLEM":38.289678995214999,"ACIKLAMA":"3521-029-01","ILCEID":13,"MAHALLE":"HÜRRİYET","MAHALLEID":null,"ADI":"1 NO LU AFET VE ACİL DURUM TOPLANMA ALANI","BOYLAM":27.125457941730001,"YOL":"KAZIM KARABEKİR PAŞA Sk.","Area":null},"geometry":{"type":"Point","coordinates":[27.125457941730001,38.289678995214999]}},
{"type":"Feature","properties":{"ILCE":"MENDERES","KAPINO":"1","ENLEM":38.070675909243,"ACIKLAMA":"3521-025-01","ILCEID":13,"MAHALLE":"GÜMÜLDÜR ATATÜRK","MAHALLEID":null,"ADI":"1 NO LU AFET VE ACİL DURUM TOPLANMA ALANI","BOYLAM":27.001304847354,"YOL":"6341 Sk.","Area":null},"geometry":{"type":"Point","coordinates":[27.001304847354,38.070675909243]}},
{"type":"Feature","properties":{"ILCE":"MENEMEN","KAPINO":null,"ENLEM":38.636714599123998,"ACIKLAMA":"3522-049-01","ILCEID":17,"MAHALLE":"MUSABEY","MAHALLEID":null,"ADI":"1 NO LU AFET VE ACİL DURUM TOPLANMA ALANI","BOYLAM":27.006434915044998,"YOL":"310 Sk.","Area":null},"geometry":{"type":"Point","coordinates":[27.006434915044998,38.636714599123998]}},
{"type":"Feature","properties":{"ILCE":"MENEMEN","KAPINO":null,"ENLEM":38.573124788725998,"ACIKLAMA":"3522-016-01","ILCEID":17,"MAHALLE":"CUMHURİYET","MAHALLEID":null,"ADI":"1 NO LU AFET VE ACİL DURUM TOPLANMA ALANI","BOYLAM":27.062928773283002,"YOL":"7516/1 Sk.","Area":null},"geometry":{"type":"Point","coordinates":[27.062928773283002,38.573124788725998]}},
{"type":"Feature","properties":{"ILCE":"TİRE","KAPINO":null,"ENLEM":37.991697658561002,"ACIKLAMA":"3527-061-01","ILCEID":997,"MAHALLE":"KÜÇÜKBURUN","MAHALLEID":null,"ADI":"1 NO LU AFET VE ACİL DURUM TOPLANMA ALANI","BOYLAM":27.789847630802001,"YOL":"KÜÇÜKBURUN OKUL Sk.","Area":null},"geometry":{"type":"Point","coordinates":[27.789847630802001,37.991697658561002]}},
{"type":"Feature","properties":{"ILCE":"TİRE","KAPINO":null,"ENLEM":38.062344012476999,"ACIKLAMA":"3527-026-01","ILCEID":997,"MAHALLE":"DALLIK","MAHALLEID":null,"ADI":"1 NO LU AFET VE ACİL DURUM TOPLANMA ALANI","BOYLAM":27.799148038641,"YOL":"SOĞULCAKSU KümeEvleri","Area":null},"geometry":{"type":"Point","coordinates":[27.799148038641,38.062344012476999]}},
{"type":"Feature","properties":{"ILCE":"MENEMEN","KAPINO":null,"ENLEM":38.539887354004001,"ACIKLAMA":"3522-005-01","ILCEID":17,"MAHALLE":"9 EYLÜL","MAHALLEID":null,"ADI":"1 NO LU AFET VE ACİL DURUM TOPLANMA ALANI","BOYLAM":27.036234277645999,"YOL":"251 Sk.","Area":null},"geometry":{"type":"Point","coordinates":[27.036234277645999,38.539887354004001]}},
{"type":"Feature","properties":{"ILCE":"KARŞIYAKA","KAPINO":null,"ENLEM":38.458447420794002,"ACIKLAMA":"3516-002-01","ILCEID":20,"MAHALLE":"ALAYBEY","MAHALLEID":null,"ADI":"1 NO LU AFET VE ACİL DURUM TOPLANMA ALANI","BOYLAM":27.123161697135998,"YOL":"METİN ALTIOK Sk.","Area":null},"geometry":{"type":"Point","coordinates":[27.123161697135998,38.458447420794002]}},
{"type":"Feature","properties":{"ILCE":"TORBALI","KAPINO":null,"ENLEM":38.268927113666997,"ACIKLAMA":"3528-062-01","ILCEID":9,"MAHALLE":"YOĞURTÇULAR","MAHALLEID":null,"ADI":"1 NO LU AFET VE ACİL DURUM TOPLANMA ALANI","BOYLAM":27.282999414353,"YOL":"6449 Sk.","Area":null},"geometry":{"type":"Point","coordinates":[27.282999414353,38.268927113666997]}},
{"type":"Feature","properties":{"ILCE":"GÜZELBAHÇE","KAPINO":null,"ENLEM":38.373821962644001,"ACIKLAMA":"3514-009-01","ILCEID":1,"MAHALLE":"SİTELER","MAHALLEID":null,"ADI":"1 NO LU AFET VE ACİL DURUM TOPLANMA ALANI","BOYLAM":26.873862488509001,"YOL":"368 Sk.","Area":null},"geometry":{"type":"Point","coordinates":[26.873862488509001,38.373821962644001]}},
{"type":"Feature","properties":{"ILCE":"TORBALI","KAPINO":null,"ENLEM":38.210007659292998,"ACIKLAMA":"3528-013-01","ILCEID":9,"MAHALLE":"ÇAMLICA","MAHALLEID":null,"ADI":"1 NO LU AFET VE ACİL DURUM TOPLANMA ALANI","BOYLAM":27.412216962620999,"YOL":"ÇAMLICA YOLU KümeEvleri","Area":null},"geometry":{"type":"Point","coordinates":[27.412216962620999,38.210007659292998]}},
{"type":"Feature","properties":{"ILCE":"TİRE","KAPINO":null,"ENLEM":38.135441288232002,"ACIKLAMA":"3527-089-01","ILCEID":997,"MAHALLE":"KAHRAT","MAHALLEID":null,"ADI":"1 NO LU AFET VE ACİL DURUM TOPLANMA ALANI","BOYLAM":27.863298002952,"YOL":"GAZİ ATATÜRK Cd.","Area":null},"geometry":{"type":"Point","coordinates":[27.863298002952,38.135441288232002]}},
{"type":"Feature","properties":{"ILCE":"BAYRAKLI","KAPINO":null,"ENLEM":38.456809212094001,"ACIKLAMA":"3530-002-01","ILCEID":11,"MAHALLE":"ADALET","MAHALLEID":null,"ADI":"1 NO LU AFET VE ACİL DURUM TOPLANMA ALANI","BOYLAM":27.178994284950999,"YOL":"2131/22 Sk.","Area":null},"geometry":{"type":"Point","coordinates":[27.178994284950999,38.456809212094001]}},
{"type":"Feature","properties":{"ILCE":"BAYRAKLI","KAPINO":null,"ENLEM":38.496218076778,"ACIKLAMA":"3530-024-01","ILCEID":11,"MAHALLE":"YAMANLAR","MAHALLEID":null,"ADI":"1 NO LU AFET VE ACİL DURUM TOPLANMA ALANI","BOYLAM":27.142988423527001,"YOL":"7355/2 Sk.","Area":null},"geometry":{"type":"Point","coordinates":[27.142988423527001,38.496218076778]}},
{"type":"Feature","properties":{"ILCE":"BERGAMA","KAPINO":null,"ENLEM":39.118827485265001,"ACIKLAMA":"3505-052-01","ILCEID":999,"MAHALLE":"GAZİPAŞA","MAHALLEID":null,"ADI":"1 NO LU AFET VE ACİL DURUM TOPLANMA ALANI","BOYLAM":27.177555493957001,"YOL":"GAZİPAŞA CUMHURİYET Myd.","Area":null},"geometry":{"type":"Point","coordinates":[27.177555493957001,39.118827485265001]}},
{"type":"Feature","properties":{"ILCE":"BERGAMA","KAPINO":null,"ENLEM":39.090508201113998,"ACIKLAMA":"3505-106-01","ILCEID":999,"MAHALLE":"SAĞANCI","MAHALLEID":null,"ADI":"1 NO LU AFET VE ACİL DURUM TOPLANMA ALANI","BOYLAM":27.032888615876999,"YOL":"SAĞANCI","Area":null},"geometry":{"type":"Point","coordinates":[27.032888615876999,39.090508201113998]}},
{"type":"Feature","properties":{"ILCE":"BAYINDIR","KAPINO":null,"ENLEM":38.278765259238,"ACIKLAMA":"3504-039-01","ILCEID":7,"MAHALLE":"KIZILOBA","MAHALLEID":null,"ADI":"1 NO LU AFET VE ACİL DURUM TOPLANMA ALANI","BOYLAM":27.685886635768998,"YOL":"KÜLLÜK Sk.","Area":null},"geometry":{"type":"Point","coordinates":[27.685886635768998,38.278765259238]}},
{"type":"Feature","properties":{"ILCE":"BAYINDIR","KAPINO":null,"ENLEM":38.175908319575001,"ACIKLAMA":"3504-014-01","ILCEID":7,"MAHALLE":"ARIKBAŞI","MAHALLEID":null,"ADI":"1 NO LU AFET VE ACİL DURUM TOPLANMA ALANI","BOYLAM":27.494592606167998,"YOL":"OKUL Sk.","Area":null},"geometry":{"type":"Point","coordinates":[27.494592606167998,38.175908319575001]}},
{"type":"Feature","properties":{"ILCE":"KİRAZ","KAPINO":null,"ENLEM":38.230271596027002,"ACIKLAMA":"3519-029-01","ILCEID":994,"MAHALLE":"KIRKÖY","MAHALLEID":null,"ADI":"1 NO LU AFET VE ACİL DURUM TOPLANMA ALANI","BOYLAM":28.191727390600001,"YOL":"GÜLMEZ Sk.","Area":null},"geometry":{"type":"Point","coordinates":[28.191727390600001,38.230271596027002]}},
{"type":"Feature","properties":{"ILCE":"BAYRAKLI","KAPINO":null,"ENLEM":38.476213919122003,"ACIKLAMA":"3530-021-01","ILCEID":11,"MAHALLE":"SOĞUKKUYU","MAHALLEID":null,"ADI":"1 NO LU AFET VE ACİL DURUM TOPLANMA ALANI","BOYLAM":27.115694434200002,"YOL":"GİRNE Blv.","Area":null},"geometry":{"type":"Point","coordinates":[27.115694434200002,38.476213919122003]}},
{"type":"Feature","properties":{"ILCE":"BAYINDIR","KAPINO":null,"ENLEM":38.282133938744003,"ACIKLAMA":"3504-005-01","ILCEID":7,"MAHALLE":"BALCILAR","MAHALLEID":null,"ADI":"1 NO LU AFET VE ACİL DURUM TOPLANMA ALANI","BOYLAM":27.576367217855001,"YOL":"BALCILAR YOLU Sk.","Area":null},"geometry":{"type":"Point","coordinates":[27.576367217855001,38.282133938744003]}},
{"type":"Feature","properties":{"ILCE":"TİRE","KAPINO":null,"ENLEM":38.080922271997999,"ACIKLAMA":"3527-012-01","ILCEID":997,"MAHALLE":"BAHARİYE","MAHALLEID":null,"ADI":"1 NO LU AFET VE ACİL DURUM TOPLANMA ALANI","BOYLAM":27.735111932532998,"YOL":"BUĞDAYDEDE TÜRBESİ Sk.","Area":null},"geometry":{"type":"Point","coordinates":[27.735111932532998,38.080922271997999]}},
{"type":"Feature","properties":{"ILCE":"TİRE","KAPINO":null,"ENLEM":38.086182400497002,"ACIKLAMA":"3527-029-01","ILCEID":997,"MAHALLE":"DERELİ","MAHALLEID":null,"ADI":"1 NO LU AFET VE ACİL DURUM TOPLANMA ALANI","BOYLAM":27.844640722961,"YOL":"DERELİ CUMHURİYET Sk.","Area":null},"geometry":{"type":"Point","coordinates":[27.844640722961,38.086182400497002]}},
{"type":"Feature","properties":{"ILCE":"KINIK","KAPINO":null,"ENLEM":39.011508251948001,"ACIKLAMA":"3518-019-01","ILCEID":996,"MAHALLE":"İBRAHİMAĞA","MAHALLEID":null,"ADI":"1 NO LU AFET VE ACİL DURUM TOPLANMA ALANI","BOYLAM":27.2605481905,"YOL":"KAYIN Sk.","Area":null},"geometry":{"type":"Point","coordinates":[27.2605481905,39.011508251948001]}},
{"type":"Feature","properties":{"ILCE":"BERGAMA","KAPINO":null,"ENLEM":39.179253326369,"ACIKLAMA":"3505-036-01","ILCEID":999,"MAHALLE":"AHMETBEYLER","MAHALLEID":null,"ADI":"1 NO LU AFET VE ACİL DURUM TOPLANMA ALANI","BOYLAM":27.277504746018,"YOL":"AHMETBEYLER KümeEvleri","Area":null},"geometry":{"type":"Point","coordinates":[27.277504746018,39.179253326369]}},
{"type":"Feature","properties":{"ILCE":"TİRE","KAPINO":null,"ENLEM":38.020136902482001,"ACIKLAMA":"3527-069-01","ILCEID":997,"MAHALLE":"ORTAKÖY","MAHALLEID":null,"ADI":"1 NO LU AFET VE ACİL DURUM TOPLANMA ALANI","BOYLAM":27.681119428628001,"YOL":"ORTAKÖY MERKEZ KümeEvleri","Area":null},"geometry":{"type":"Point","coordinates":[27.681119428628001,38.020136902482001]}},
{"type":"Feature","properties":{"ILCE":"DİKİLİ","KAPINO":null,"ENLEM":39.11303781046,"ACIKLAMA":"3511-018-01","ILCEID":995,"MAHALLE":"MAZILI","MAHALLEID":null,"ADI":"1 NO LU AFET VE ACİL DURUM TOPLANMA ALANI","BOYLAM":26.966230638111998,"YOL":"MAZILI ATATÜRK Cd.","Area":null},"geometry":{"type":"Point","coordinates":[26.966230638111998,39.11303781046]}},
{"type":"Feature","properties":{"ILCE":"ÖDEMİŞ","KAPINO":null,"ENLEM":38.226175382129,"ACIKLAMA":"3524-087-01","ILCEID":998,"MAHALLE":"UMURBEY","MAHALLEID":null,"ADI":"1 NO LU AFET VE ACİL DURUM TOPLANMA ALANI","BOYLAM":27.970929021027999,"YOL":"HELVACI Sk.","Area":null},"geometry":{"type":"Point","coordinates":[27.970929021027999,38.226175382129]}},
{"type":"Feature","properties":{"ILCE":"MENEMEN","KAPINO":null,"ENLEM":38.605566068963,"ACIKLAMA":"3522-066-01","ILCEID":17,"MAHALLE":"ZAFER","MAHALLEID":null,"ADI":"1 NO LU AFET VE ACİL DURUM TOPLANMA ALANI","BOYLAM":27.072221184568001,"YOL":"TAŞ Sk.","Area":null},"geometry":{"type":"Point","coordinates":[27.072221184568001,38.605566068963]}},
{"type":"Feature","properties":{"ILCE":"MENEMEN","KAPINO":null,"ENLEM":38.538966357058001,"ACIKLAMA":"3522-005-03","ILCEID":17,"MAHALLE":"9 EYLÜL","MAHALLEID":null,"ADI":"1 NO LU AFET VE ACİL DURUM TOPLANMA ALANI","BOYLAM":27.042743968227999,"YOL":"7611 Sk.","Area":null},"geometry":{"type":"Point","coordinates":[27.042743968227999,38.538966357058001]}},
{"type":"Feature","properties":{"ILCE":"KINIK","KAPINO":null,"ENLEM":39.105285723796001,"ACIKLAMA":"3518-033-01","ILCEID":996,"MAHALLE":"TAŞTEPE","MAHALLEID":null,"ADI":"1 NO LU AFET VE ACİL DURUM TOPLANMA ALANI","BOYLAM":27.465605946672,"YOL":"SERİN KümeEvleri","Area":null},"geometry":{"type":"Point","coordinates":[27.465605946672,39.105285723796001]}},
{"type":"Feature","properties":{"ILCE":"TİRE","KAPINO":null,"ENLEM":38.180739053384002,"ACIKLAMA":"3527-028-01","ILCEID":997,"MAHALLE":"DEREBAŞI","MAHALLEID":null,"ADI":"1 NO LU AFET VE ACİL DURUM TOPLANMA ALANI","BOYLAM":27.782570551056999,"YOL":"DEREBAŞI CUMHURİYET Sk.","Area":null},"geometry":{"type":"Point","coordinates":[27.782570551056999,38.180739053384002]}},
{"type":"Feature","properties":{"ILCE":"BEYDAĞ","KAPINO":null,"ENLEM":38.063717063291001,"ACIKLAMA":"3506-012-01","ILCEID":993,"MAHALLE":"ERİKLİ","MAHALLEID":null,"ADI":"1 NO LU AFET VE ACİL DURUM TOPLANMA ALANI","BOYLAM":28.237432245762001,"YOL":"SEDEF KümeEvleri","Area":null},"geometry":{"type":"Point","coordinates":[28.237432245762001,38.063717063291001]}},
{"type":"Feature","properties":{"ILCE":"ÇİĞLİ","KAPINO":null,"ENLEM":38.500785736471002,"ACIKLAMA":"3510-021-01","ILCEID":16,"MAHALLE":"KÜÇÜK ÇİĞLİ","MAHALLEID":null,"ADI":"1 NO LU AFET VE ACİL DURUM TOPLANMA ALANI","BOYLAM":27.053188504007,"YOL":"8759/2 Sk.","Area":null},"geometry":{"type":"Point","coordinates":[27.053188504007,38.500785736471002]}},
{"type":"Feature","properties":{"ILCE":"ÇİĞLİ","KAPINO":null,"ENLEM":38.490675865343,"ACIKLAMA":"3510-006-01","ILCEID":16,"MAHALLE":"AYDINLIKEVLER","MAHALLEID":null,"ADI":"1 NO LU AFET VE ACİL DURUM TOPLANMA ALANI","BOYLAM":27.084237618593999,"YOL":"6793 Sk.","Area":null},"geometry":{"type":"Point","coordinates":[27.084237618593999,38.490675865343]}},
{"type":"Feature","properties":{"ILCE":"URLA","KAPINO":null,"ENLEM":38.258035382587003,"ACIKLAMA":"3529-029-01","ILCEID":18,"MAHALLE":"YAĞCILAR","MAHALLEID":null,"ADI":"1 NO LU AFET VE ACİL DURUM TOPLANMA ALANI","BOYLAM":26.681425892631999,"YOL":"9003 Sk.","Area":null},"geometry":{"type":"Point","coordinates":[26.681425892631999,38.258035382587003]}},
{"type":"Feature","properties":{"ILCE":"KİRAZ","KAPINO":null,"ENLEM":38.273105807638998,"ACIKLAMA":"3519-018-01","ILCEID":994,"MAHALLE":"EMENLER","MAHALLEID":null,"ADI":"1 NO LU AFET VE ACİL DURUM TOPLANMA ALANI","BOYLAM":28.186963749734002,"YOL":"OMANLAR KümeEvleri","Area":null},"geometry":{"type":"Point","coordinates":[28.186963749734002,38.273105807638998]}},
{"type":"Feature","properties":{"ILCE":"BUCA","KAPINO":null,"ENLEM":38.369751203699998,"ACIKLAMA":"3508-033-01","ILCEID":8,"MAHALLE":"KURUÇEŞME","MAHALLEID":null,"ADI":"1 NO LU AFET VE ACİL DURUM TOPLANMA ALANI","BOYLAM":27.192190833573999,"YOL":"AHMET PİRİŞTİNA Blv.","Area":null},"geometry":{"type":"Point","coordinates":[27.192190833573999,38.369751203699998]}},
{"type":"Feature","properties":{"ILCE":"KARABAĞLAR","KAPINO":null,"ENLEM":38.365666107151,"ACIKLAMA":"3531-058-04","ILCEID":19,"MAHALLE":"YÜZBAŞI ŞERAFETTİN","MAHALLEID":null,"ADI":"1 NO LU AFET VE ACİL DURUM TOPLANMA ALANI","BOYLAM":27.095242880204001,"YOL":"3961/2 Sk.","Area":null},"geometry":{"type":"Point","coordinates":[27.095242880204001,38.365666107151]}},
{"type":"Feature","properties":{"ILCE":"KARABAĞLAR","KAPINO":null,"ENLEM":38.352281273079001,"ACIKLAMA":"3531-052-01","ILCEID":19,"MAHALLE":"UZUNDERE","MAHALLEID":null,"ADI":"1 NO LU AFET VE ACİL DURUM TOPLANMA ALANI","BOYLAM":27.098863866948999,"YOL":"3966/4 Sk.","Area":null},"geometry":{"type":"Point","coordinates":[27.098863866948999,38.352281273079001]}},
{"type":"Feature","properties":{"ILCE":"KONAK","KAPINO":null,"ENLEM":38.412381148249999,"ACIKLAMA":"3520-081-01","ILCEID":21,"MAHALLE":"NAMIK KEMAL","MAHALLEID":null,"ADI":"1 NO LU AFET VE ACİL DURUM TOPLANMA ALANI","BOYLAM":27.131020608444,"YOL":"EŞREFPAŞA Cd.","Area":null},"geometry":{"type":"Point","coordinates":[27.131020608444,38.412381148249999]}},
{"type":"Feature","properties":{"ILCE":"MENDERES","KAPINO":null,"ENLEM":38.212570079159001,"ACIKLAMA":"3521-037-01","ILCEID":13,"MAHALLE":"KÜNER","MAHALLEID":null,"ADI":"1 NO LU AFET VE ACİL DURUM TOPLANMA ALANI","BOYLAM":27.124127702195999,"YOL":"KÜNER KümeEvleri","Area":null},"geometry":{"type":"Point","coordinates":[27.124127702195999,38.212570079159001]}},
{"type":"Feature","properties":{"ILCE":"MENEMEN","KAPINO":null,"ENLEM":38.665792101363998,"ACIKLAMA":"3522-014-01","ILCEID":17,"MAHALLE":"BURUNCUK","MAHALLEID":null,"ADI":"1 NO LU AFET VE ACİL DURUM TOPLANMA ALANI","BOYLAM":27.025498570958,"YOL":"ÇANAKKALE ASFALTI Cd.","Area":null},"geometry":{"type":"Point","coordinates":[27.025498570958,38.665792101363998]}},
{"type":"Feature","properties":{"ILCE":"BAYINDIR","KAPINO":null,"ENLEM":38.167811159532,"ACIKLAMA":"3504-030-01","ILCEID":7,"MAHALLE":"İBRAHİMÇAVUŞ","MAHALLEID":null,"ADI":"1 NO LU AFET VE ACİL DURUM TOPLANMA ALANI","BOYLAM":27.497446474994,"YOL":"ABDİ YALÇIN Cd.","Area":null},"geometry":{"type":"Point","coordinates":[27.497446474994,38.167811159532]}},
{"type":"Feature","properties":{"ILCE":"BERGAMA","KAPINO":null,"ENLEM":39.072436003600998,"ACIKLAMA":"3505-098-01","ILCEID":999,"MAHALLE":"OVACIK","MAHALLEID":null,"ADI":"1 NO LU AFET VE ACİL DURUM TOPLANMA ALANI","BOYLAM":27.073851145711998,"YOL":"İZMİR ÇANAKKALE YOLU Cd.","Area":null},"geometry":{"type":"Point","coordinates":[27.073851145711998,39.072436003600998]}},
{"type":"Feature","properties":{"ILCE":"BERGAMA","KAPINO":null,"ENLEM":39.001518206782997,"ACIKLAMA":"3505-030-01","ILCEID":999,"MAHALLE":"ÇALIBAHÇE","MAHALLEID":null,"ADI":"1 NO LU AFET VE ACİL DURUM TOPLANMA ALANI","BOYLAM":27.109706867042998,"YOL":"ÇALIBAHÇE KümeEvleri","Area":null},"geometry":{"type":"Point","coordinates":[27.109706867042998,39.001518206782997]}},
{"type":"Feature","properties":{"ILCE":"KİRAZ","KAPINO":null,"ENLEM":38.160894970957997,"ACIKLAMA":"3519-045-01","ILCEID":994,"MAHALLE":"TAŞLIYATAK","MAHALLEID":null,"ADI":"1 NO LU AFET VE ACİL DURUM TOPLANMA ALANI","BOYLAM":28.433210998088999,"YOL":"TAŞLIYATAK KümeEvleri","Area":null},"geometry":{"type":"Point","coordinates":[28.433210998088999,38.160894970957997]}},
{"type":"Feature","properties":{"ILCE":"KEMALPAŞA","KAPINO":null,"ENLEM":38.412789381266997,"ACIKLAMA":"3517-001-01","ILCEID":6,"MAHALLE":"BAĞYURDU 29 EKİM","MAHALLEID":null,"ADI":"1 NO LU AFET VE ACİL DURUM TOPLANMA ALANI","BOYLAM":27.639527357178999,"YOL":"ARIKBAŞI Sk.","Area":null},"geometry":{"type":"Point","coordinates":[27.639527357178999,38.412789381266997]}},
{"type":"Feature","properties":{"ILCE":"DİKİLİ","KAPINO":null,"ENLEM":39.124940764613001,"ACIKLAMA":"3511-013-01","ILCEID":995,"MAHALLE":"İSLAMLAR","MAHALLEID":null,"ADI":"1 NO LU AFET VE ACİL DURUM TOPLANMA ALANI","BOYLAM":26.904658123339001,"YOL":"İSLAMLAR ATATÜRK Cd.","Area":null},"geometry":{"type":"Point","coordinates":[26.904658123339001,39.124940764613001]}},
{"type":"Feature","properties":{"ILCE":"BEYDAĞ","KAPINO":null,"ENLEM":38.118028251873,"ACIKLAMA":"3506-009-01","ILCEID":993,"MAHALLE":"ÇİFTLİKKÖY","MAHALLEID":null,"ADI":"1 NO LU AFET VE ACİL DURUM TOPLANMA ALANI","BOYLAM":28.205846628438,"YOL":"MANDIRAS KümeEvleri","Area":null},"geometry":{"type":"Point","coordinates":[28.205846628438,38.118028251873]}},
{"type":"Feature","properties":{"ILCE":"BERGAMA","KAPINO":null,"ENLEM":39.306084426806002,"ACIKLAMA":"3505-075-01","ILCEID":999,"MAHALLE":"KAPLAN (GÖÇBEYLİ BUCAĞI)","MAHALLEID":null,"ADI":"1 NO LU AFET VE ACİL DURUM TOPLANMA ALANI","BOYLAM":27.410627291130002,"YOL":"KAPLAN (GÖÇBEYLİ BUCAĞI) KümeEvleri","Area":null},"geometry":{"type":"Point","coordinates":[27.410627291130002,39.306084426806002]}},
{"type":"Feature","properties":{"ILCE":"KEMALPAŞA","KAPINO":null,"ENLEM":38.408627947105003,"ACIKLAMA":"3517-002-01","ILCEID":6,"MAHALLE":"ÖREN 75.YIL CUMHURİYET","MAHALLEID":null,"ADI":"1 NO LU AFET VE ACİL DURUM TOPLANMA ALANI","BOYLAM":27.585143163144998,"YOL":"ÖREN TURGUTLU Cd.","Area":null},"geometry":{"type":"Point","coordinates":[27.585143163144998,38.408627947105003]}},
{"type":"Feature","properties":{"ILCE":"KARŞIYAKA","KAPINO":null,"ENLEM":38.467948636552997,"ACIKLAMA":"3516-005-01","ILCEID":20,"MAHALLE":"BAHÇELİEVLER","MAHALLEID":null,"ADI":"1 NO LU AFET VE ACİL DURUM TOPLANMA ALANI","BOYLAM":27.123741035270999,"YOL":"1851/10 Sk.","Area":null},"geometry":{"type":"Point","coordinates":[27.123741035270999,38.467948636552997]}},
{"type":"Feature","properties":{"ILCE":"BAYINDIR","KAPINO":null,"ENLEM":38.147395574664003,"ACIKLAMA":"3504-026-01","ILCEID":7,"MAHALLE":"HASKÖY","MAHALLEID":null,"ADI":"1 NO LU AFET VE ACİL DURUM TOPLANMA ALANI","BOYLAM":27.502381746935001,"YOL":"VALİ KAZIM DİRİK Cd.","Area":null},"geometry":{"type":"Point","coordinates":[27.502381746935001,38.147395574664003]}},
{"type":"Feature","properties":{"ILCE":"KEMALPAŞA","KAPINO":null,"ENLEM":38.350183680487,"ACIKLAMA":"3517-034-01","ILCEID":6,"MAHALLE":"OVACIK","MAHALLEID":null,"ADI":"1 NO LU AFET VE ACİL DURUM TOPLANMA ALANI","BOYLAM":27.681122945936,"YOL":"MERKEZ YOLU KümeEvleri","Area":null},"geometry":{"type":"Point","coordinates":[27.681122945936,38.350183680487]}},
{"type":"Feature","properties":{"ILCE":"MENEMEN","KAPINO":null,"ENLEM":38.626055043388,"ACIKLAMA":"3522-020-01","ILCEID":17,"MAHALLE":"DEĞİRMENDERE","MAHALLEID":null,"ADI":"1 NO LU AFET VE ACİL DURUM TOPLANMA ALANI","BOYLAM":27.148121925346999,"YOL":"23 NİSAN","Area":null},"geometry":{"type":"Point","coordinates":[27.148121925346999,38.626055043388]}},
{"type":"Feature","properties":{"ILCE":"ÇİĞLİ","KAPINO":null,"ENLEM":38.515922760243001,"ACIKLAMA":"3510-005-01","ILCEID":16,"MAHALLE":"ATATÜRK","MAHALLEID":null,"ADI":"1 NO LU AFET VE ACİL DURUM TOPLANMA ALANI","BOYLAM":27.064303496958001,"YOL":"8838/18 Sk.","Area":null},"geometry":{"type":"Point","coordinates":[27.064303496958001,38.515922760243001]}},
{"type":"Feature","properties":{"ILCE":"ÇİĞLİ","KAPINO":null,"ENLEM":38.499425540269002,"ACIKLAMA":"3510-015-01","ILCEID":16,"MAHALLE":"GÜZELTEPE","MAHALLEID":null,"ADI":"1 NO LU AFET VE ACİL DURUM TOPLANMA ALANI","BOYLAM":27.075740407687,"YOL":"8423 Sk.","Area":null},"geometry":{"type":"Point","coordinates":[27.075740407687,38.499425540269002]}},
{"type":"Feature","properties":{"ILCE":"BERGAMA","KAPINO":null,"ENLEM":39.335632007530002,"ACIKLAMA":"3505-067-01","ILCEID":999,"MAHALLE":"İNEŞİR","MAHALLEID":null,"ADI":"1 NO LU AFET VE ACİL DURUM TOPLANMA ALANI","BOYLAM":27.382217417728999,"YOL":"AŞAĞI KümeEvleri","Area":null},"geometry":{"type":"Point","coordinates":[27.382217417728999,39.335632007530002]}},
{"type":"Feature","properties":{"ILCE":"KİRAZ","KAPINO":null,"ENLEM":38.305846400351001,"ACIKLAMA":"3519-034-01","ILCEID":994,"MAHALLE":"OVACIK","MAHALLEID":null,"ADI":"1 NO LU AFET VE ACİL DURUM TOPLANMA ALANI","BOYLAM":28.269446604873,"YOL":"OVACIK KümeEvleri","Area":null},"geometry":{"type":"Point","coordinates":[28.269446604873,38.305846400351001]}},
{"type":"Feature","properties":{"ILCE":"KİRAZ","KAPINO":null,"ENLEM":38.240687587324999,"ACIKLAMA":"3519-021-01","ILCEID":994,"MAHALLE":"HİSAR","MAHALLEID":null,"ADI":"1 NO LU AFET VE ACİL DURUM TOPLANMA ALANI","BOYLAM":28.191856121352,"YOL":"KOCAHİSAR KümeEvleri","Area":null},"geometry":{"type":"Point","coordinates":[28.191856121352,38.240687587324999]}},
{"type":"Feature","properties":{"ILCE":"DİKİLİ","KAPINO":null,"ENLEM":39.032193893684003,"ACIKLAMA":"3511-027-01","ILCEID":995,"MAHALLE":"UZUNBURUN","MAHALLEID":null,"ADI":"1 NO LU AFET VE ACİL DURUM TOPLANMA ALANI","BOYLAM":26.906804047679,"YOL":"UZUNBURUN 5/1 Sk.","Area":null},"geometry":{"type":"Point","coordinates":[26.906804047679,39.032193893684003]}},
{"type":"Feature","properties":{"ILCE":"BERGAMA","KAPINO":null,"ENLEM":39.289412381227002,"ACIKLAMA":"3505-118-01","ILCEID":999,"MAHALLE":"TERZİHALİLLER","MAHALLEID":null,"ADI":"1 NO LU AFET VE ACİL DURUM TOPLANMA ALANI","BOYLAM":27.068078674542001,"YOL":"TERZİHALİLLER KümeEvleri","Area":null},"geometry":{"type":"Point","coordinates":[27.068078674542001,39.289412381227002]}},
{"type":"Feature","properties":{"ILCE":"BERGAMA","KAPINO":null,"ENLEM":39.264928867997,"ACIKLAMA":"3505-040-01","ILCEID":999,"MAHALLE":"DEMİRCİDERE","MAHALLEID":null,"ADI":"1 NO LU AFET VE ACİL DURUM TOPLANMA ALANI","BOYLAM":26.919206101101999,"YOL":"DEMİRCİDERE KümeEvleri","Area":null},"geometry":{"type":"Point","coordinates":[26.919206101101999,39.264928867997]}},
{"type":"Feature","properties":{"ILCE":"BERGAMA","KAPINO":null,"ENLEM":39.274132325369003,"ACIKLAMA":"3505-041-01","ILCEID":999,"MAHALLE":"DEREKÖY","MAHALLEID":null,"ADI":"1 NO LU AFET VE ACİL DURUM TOPLANMA ALANI","BOYLAM":27.325397877857998,"YOL":"DEREKÖY B.M KümeEvleri","Area":null},"geometry":{"type":"Point","coordinates":[27.325397877857998,39.274132325369003]}},
{"type":"Feature","properties":{"ILCE":"KEMALPAŞA","KAPINO":null,"ENLEM":38.459371876349998,"ACIKLAMA":"3517-051-01","ILCEID":6,"MAHALLE":"AŞAĞI YENMİŞ","MAHALLEID":null,"ADI":"1 NO LU AFET VE ACİL DURUM TOPLANMA ALANI","BOYLAM":27.436635269858002,"YOL":"SERAP Sk.","Area":null},"geometry":{"type":"Point","coordinates":[27.436635269858002,38.459371876349998]}},
{"type":"Feature","properties":{"ILCE":"ÇİĞLİ","KAPINO":null,"ENLEM":38.521286668476002,"ACIKLAMA":"3510-001-01","ILCEID":16,"MAHALLE":"AHMET EFENDİ","MAHALLEID":null,"ADI":"1 NO LU AFET VE ACİL DURUM TOPLANMA ALANI","BOYLAM":27.039670202429001,"YOL":"1113 Sk.","Area":null},"geometry":{"type":"Point","coordinates":[27.039670202429001,38.521286668476002]}},
{"type":"Feature","properties":{"ILCE":"BERGAMA","KAPINO":null,"ENLEM":39.264763221331002,"ACIKLAMA":"3505-043-01","ILCEID":999,"MAHALLE":"DURMUŞLAR","MAHALLEID":null,"ADI":"1 NO LU AFET VE ACİL DURUM TOPLANMA ALANI","BOYLAM":27.373291189837001,"YOL":"DURMUŞLAR KümeEvleri","Area":null},"geometry":{"type":"Point","coordinates":[27.373291189837001,39.264763221331002]}},
{"type":"Feature","properties":{"ILCE":"TİRE","KAPINO":null,"ENLEM":37.996487407562,"ACIKLAMA":"3527-068-01","ILCEID":997,"MAHALLE":"MUSALAR","MAHALLEID":null,"ADI":"1 NO LU AFET VE ACİL DURUM TOPLANMA ALANI","BOYLAM":27.734728505749999,"YOL":"ALAN BAŞI KümeEvleri","Area":null},"geometry":{"type":"Point","coordinates":[27.734728505749999,37.996487407562]}},
{"type":"Feature","properties":{"ILCE":"KARABURUN","KAPINO":null,"ENLEM":38.661093860447998,"ACIKLAMA":"3515-015-01","ILCEID":1000,"MAHALLE":"TEPEBOZ","MAHALLEID":null,"ADI":"1 NO LU AFET VE ACİL DURUM TOPLANMA ALANI","BOYLAM":26.447226559360001,"YOL":"TEPEBOZ KümeEvleri","Area":null},"geometry":{"type":"Point","coordinates":[26.447226559360001,38.661093860447998]}},
{"type":"Feature","properties":{"ILCE":"BAYINDIR","KAPINO":null,"ENLEM":38.274857213444001,"ACIKLAMA":"3504-001-01","ILCEID":7,"MAHALLE":"ALANKIYI","MAHALLEID":null,"ADI":"1 NO LU AFET VE ACİL DURUM TOPLANMA ALANI","BOYLAM":27.624432174982999,"YOL":"ALANKIYI KÖY YOLU Cd.","Area":null},"geometry":{"type":"Point","coordinates":[27.624432174982999,38.274857213444001]}},
{"type":"Feature","properties":{"ILCE":"KEMALPAŞA","KAPINO":null,"ENLEM":38.418774690894999,"ACIKLAMA":"3517-022-01","ILCEID":6,"MAHALLE":"HAMZABABA","MAHALLEID":null,"ADI":"1 NO LU AFET VE ACİL DURUM TOPLANMA ALANI","BOYLAM":27.708373948542,"YOL":"HAMZABABA KümeEvleri","Area":null},"geometry":{"type":"Point","coordinates":[27.708373948542,38.418774690894999]}},
{"type":"Feature","properties":{"ILCE":"KARABAĞLAR","KAPINO":null,"ENLEM":38.378746776804,"ACIKLAMA":"3531-045-01","ILCEID":19,"MAHALLE":"SELVİLİ","MAHALLEID":null,"ADI":"1 NO LU AFET VE ACİL DURUM TOPLANMA ALANI","BOYLAM":27.127925411541,"YOL":"ŞEHİT PİLOT VOLKAN KOÇYİĞİT Blv.","Area":null},"geometry":{"type":"Point","coordinates":[27.127925411541,38.378746776804]}},
{"type":"Feature","properties":{"ILCE":"ÇİĞLİ","KAPINO":null,"ENLEM":38.505432970248002,"ACIKLAMA":"3510-010-01","ILCEID":16,"MAHALLE":"EGEKENT","MAHALLEID":null,"ADI":"1 NO LU AFET VE ACİL DURUM TOPLANMA ALANI","BOYLAM":27.061615954880999,"YOL":"8831 Sk.","Area":null},"geometry":{"type":"Point","coordinates":[27.061615954880999,38.505432970248002]}},
{"type":"Feature","properties":{"ILCE":"BERGAMA","KAPINO":null,"ENLEM":39.258516021283,"ACIKLAMA":"3505-063-01","ILCEID":999,"MAHALLE":"HİSARKÖY","MAHALLEID":null,"ADI":"1 NO LU AFET VE ACİL DURUM TOPLANMA ALANI","BOYLAM":26.994350520897999,"YOL":"HİSARKÖY KümeEvleri","Area":null},"geometry":{"type":"Point","coordinates":[26.994350520897999,39.258516021283]}},
{"type":"Feature","properties":{"ILCE":"MENEMEN","KAPINO":null,"ENLEM":38.586314623621,"ACIKLAMA":"3522-029-01","ILCEID":17,"MAHALLE":"GÖLCÜK","MAHALLEID":null,"ADI":"1 NO LU AFET VE ACİL DURUM TOPLANMA ALANI","BOYLAM":27.083277228589999,"YOL":"424 Sk.","Area":null},"geometry":{"type":"Point","coordinates":[27.083277228589999,38.586314623621]}},
{"type":"Feature","properties":{"ILCE":"BUCA","KAPINO":null,"ENLEM":38.371854050823003,"ACIKLAMA":"3508-014-01","ILCEID":8,"MAHALLE":"ÇAMLIKULE","MAHALLEID":null,"ADI":"1 NO LU AFET VE ACİL DURUM TOPLANMA ALANI","BOYLAM":27.172256752247002,"YOL":"220/27 Sk.","Area":null},"geometry":{"type":"Point","coordinates":[27.172256752247002,38.371854050823003]}},
{"type":"Feature","properties":{"ILCE":"BERGAMA","KAPINO":null,"ENLEM":39.251571286407,"ACIKLAMA":"3505-009-01","ILCEID":999,"MAHALLE":"AŞAĞIILGINDERE","MAHALLEID":null,"ADI":"1 NO LU AFET VE ACİL DURUM TOPLANMA ALANI","BOYLAM":27.466717471542001,"YOL":"AŞAĞIILGINDERE KümeEvleri","Area":null},"geometry":{"type":"Point","coordinates":[27.466717471542001,39.251571286407]}},
{"type":"Feature","properties":{"ILCE":"BERGAMA","KAPINO":null,"ENLEM":38.920096154936999,"ACIKLAMA":"3505-105-01","ILCEID":999,"MAHALLE":"RAHMANLAR","MAHALLEID":null,"ADI":"1 NO LU AFET VE ACİL DURUM TOPLANMA ALANI","BOYLAM":27.319991174296,"YOL":"RAHMANLAR KümeEvleri","Area":null},"geometry":{"type":"Point","coordinates":[27.319991174296,38.920096154936999]}},
{"type":"Feature","properties":{"ILCE":"BERGAMA","KAPINO":null,"ENLEM":39.095104680304999,"ACIKLAMA":"3505-095-01","ILCEID":999,"MAHALLE":"NARLICA","MAHALLEID":null,"ADI":"1 NO LU AFET VE ACİL DURUM TOPLANMA ALANI","BOYLAM":27.069709794944998,"YOL":"NARLICA KümeEvleri","Area":null},"geometry":{"type":"Point","coordinates":[27.069709794944998,39.095104680304999]}},
{"type":"Feature","properties":{"ILCE":"BAYRAKLI","KAPINO":null,"ENLEM":38.483168135263,"ACIKLAMA":"3530-019-01","ILCEID":11,"MAHALLE":"POSTACILAR","MAHALLEID":null,"ADI":"1 NO LU AFET VE ACİL DURUM TOPLANMA ALANI","BOYLAM":27.125414699524999,"YOL":"7666 Sk.","Area":null},"geometry":{"type":"Point","coordinates":[27.125414699524999,38.483168135263]}},
{"type":"Feature","properties":{"ILCE":"BAYRAKLI","KAPINO":null,"ENLEM":38.466516412669002,"ACIKLAMA":"3530-011-01","ILCEID":11,"MAHALLE":"GÜMÜŞPALA","MAHALLEID":null,"ADI":"1 NO LU AFET VE ACİL DURUM TOPLANMA ALANI","BOYLAM":27.141760028233001,"YOL":"7000 Sk.","Area":null},"geometry":{"type":"Point","coordinates":[27.141760028233001,38.466516412669002]}},
{"type":"Feature","properties":{"ILCE":"BUCA","KAPINO":null,"ENLEM":38.393098013938001,"ACIKLAMA":"3508-029-01","ILCEID":8,"MAHALLE":"KARANFİL","MAHALLEID":null,"ADI":"1 NO LU AFET VE ACİL DURUM TOPLANMA ALANI","BOYLAM":27.186568912468001,"YOL":"ALİ ŞİR NEVAİ Cd.","Area":null},"geometry":{"type":"Point","coordinates":[27.186568912468001,38.393098013938001]}},
{"type":"Feature","properties":{"ILCE":"KONAK","KAPINO":null,"ENLEM":38.420396468177003,"ACIKLAMA":"3520-032-01","ILCEID":21,"MAHALLE":"EMİR SULTAN","MAHALLEID":null,"ADI":"1 NO LU AFET VE ACİL DURUM TOPLANMA ALANI","BOYLAM":27.166409484209002,"YOL":"1172 Sk.","Area":null},"geometry":{"type":"Point","coordinates":[27.166409484209002,38.420396468177003]}},
{"type":"Feature","properties":{"ILCE":"KİRAZ","KAPINO":null,"ENLEM":38.137608398909002,"ACIKLAMA":"3519-026-01","ILCEID":994,"MAHALLE":"KARABULU","MAHALLEID":null,"ADI":"1 NO LU AFET VE ACİL DURUM TOPLANMA ALANI","BOYLAM":28.422396411899999,"YOL":"KARABULU KümeEvleri","Area":null},"geometry":{"type":"Point","coordinates":[28.422396411899999,38.137608398909002]}},
{"type":"Feature","properties":{"ILCE":"BAYINDIR","KAPINO":null,"ENLEM":38.202116818312,"ACIKLAMA":"3504-022-01","ILCEID":7,"MAHALLE":"FIRINLI","MAHALLEID":null,"ADI":"1 NO LU AFET VE ACİL DURUM TOPLANMA ALANI","BOYLAM":27.602159335732001,"YOL":"ESKİ FIRINLI KÖYÜ Sk.","Area":null},"geometry":{"type":"Point","coordinates":[27.602159335732001,38.202116818312]}},
{"type":"Feature","properties":{"ILCE":"KİRAZ","KAPINO":null,"ENLEM":38.294934446280998,"ACIKLAMA":"3519-013-01","ILCEID":994,"MAHALLE":"ÇATAK","MAHALLEID":null,"ADI":"1 NO LU AFET VE ACİL DURUM TOPLANMA ALANI","BOYLAM":28.168424378644001,"YOL":"ÇATAK KümeEvleri","Area":null},"geometry":{"type":"Point","coordinates":[28.168424378644001,38.294934446280998]}},
{"type":"Feature","properties":{"ILCE":"TİRE","KAPINO":null,"ENLEM":38.073571458478,"ACIKLAMA":"3527-020-01","ILCEID":997,"MAHALLE":"ÇAYIRLI","MAHALLEID":null,"ADI":"1 NO LU AFET VE ACİL DURUM TOPLANMA ALANI","BOYLAM":27.654049289069,"YOL":"ÇAYIRLI YOL ALTI KümeEvleri","Area":null},"geometry":{"type":"Point","coordinates":[27.654049289069,38.073571458478]}},
{"type":"Feature","properties":{"ILCE":"DİKİLİ","KAPINO":null,"ENLEM":39.100433406729998,"ACIKLAMA":"3511-020-01","ILCEID":995,"MAHALLE":"KOCAOBA","MAHALLEID":null,"ADI":"1 NO LU AFET VE ACİL DURUM TOPLANMA ALANI","BOYLAM":26.973322387144002,"YOL":"KOCAOBA VATAN Cd.","Area":null},"geometry":{"type":"Point","coordinates":[26.973322387144002,39.100433406729998]}},
{"type":"Feature","properties":{"ILCE":"BERGAMA","KAPINO":null,"ENLEM":39.176359064598998,"ACIKLAMA":"3505-001-01","ILCEID":999,"MAHALLE":"AHMETBEYLER","MAHALLEID":null,"ADI":"1 NO LU AFET VE ACİL DURUM TOPLANMA ALANI","BOYLAM":27.275541383417998,"YOL":"AHMETBEYLER KümeEvleri","Area":null},"geometry":{"type":"Point","coordinates":[27.275541383417998,39.176359064598998]}},
{"type":"Feature","properties":{"ILCE":"ÇİĞLİ","KAPINO":null,"ENLEM":38.504689964675002,"ACIKLAMA":"3510-014-01","ILCEID":16,"MAHALLE":"EVKA-6","MAHALLEID":null,"ADI":"1 NO LU AFET VE ACİL DURUM TOPLANMA ALANI","BOYLAM":27.086662299531,"YOL":"6821 Sk.","Area":null},"geometry":{"type":"Point","coordinates":[27.086662299531,38.504689964675002]}},
{"type":"Feature","properties":{"ILCE":"KİRAZ","KAPINO":null,"ENLEM":38.147936374859,"ACIKLAMA":"3519-036-01","ILCEID":994,"MAHALLE":"ÖRENCİK","MAHALLEID":null,"ADI":"1 NO LU AFET VE ACİL DURUM TOPLANMA ALANI","BOYLAM":28.391497492138001,"YOL":"ZEYBEKLER KümeEvleri","Area":null},"geometry":{"type":"Point","coordinates":[28.391497492138001,38.147936374859]}},
{"type":"Feature","properties":{"ILCE":"KİRAZ","KAPINO":null,"ENLEM":38.219314763835001,"ACIKLAMA":"3519-014-01","ILCEID":994,"MAHALLE":"ÇAYAĞZI","MAHALLEID":null,"ADI":"1 NO LU AFET VE ACİL DURUM TOPLANMA ALANI","BOYLAM":28.316739212460998,"YOL":"ZEYTİNALAN KümeEvleri","Area":null},"geometry":{"type":"Point","coordinates":[28.316739212460998,38.219314763835001]}},
{"type":"Feature","properties":{"ILCE":"BERGAMA","KAPINO":null,"ENLEM":38.885028983223002,"ACIKLAMA":"3505-110-01","ILCEID":999,"MAHALLE":"SEKLİK","MAHALLEID":null,"ADI":"1 NO LU AFET VE ACİL DURUM TOPLANMA ALANI","BOYLAM":27.215192472670001,"YOL":"SEKLİK KümeEvleri","Area":null},"geometry":{"type":"Point","coordinates":[27.215192472670001,38.885028983223002]}},
{"type":"Feature","properties":{"ILCE":"BERGAMA","KAPINO":null,"ENLEM":38.925171018267001,"ACIKLAMA":"3505-022-01","ILCEID":999,"MAHALLE":"BAYRAMCILAR","MAHALLEID":null,"ADI":"1 NO LU AFET VE ACİL DURUM TOPLANMA ALANI","BOYLAM":27.246005471821,"YOL":"BAYRAMCILAR","Area":null},"geometry":{"type":"Point","coordinates":[27.246005471821,38.925171018267001]}},
{"type":"Feature","properties":{"ILCE":"BAYINDIR","KAPINO":null,"ENLEM":38.220123387572002,"ACIKLAMA":"3504-058-01","ILCEID":7,"MAHALLE":"YUSUFLU","MAHALLEID":null,"ADI":"1 NO LU AFET VE ACİL DURUM TOPLANMA ALANI","BOYLAM":27.696701338732002,"YOL":"YUSUFLU KümeEvleri","Area":null},"geometry":{"type":"Point","coordinates":[27.696701338732002,38.220123387572002]}},
{"type":"Feature","properties":{"ILCE":"BAYINDIR","KAPINO":null,"ENLEM":38.270207954169003,"ACIKLAMA":"3504-041-01","ILCEID":7,"MAHALLE":"LÜTUFLAR","MAHALLEID":null,"ADI":"1 NO LU AFET VE ACİL DURUM TOPLANMA ALANI","BOYLAM":27.804332410872998,"YOL":"OKUL ÖNÜ Sk.","Area":null},"geometry":{"type":"Point","coordinates":[27.804332410872998,38.270207954169003]}},
{"type":"Feature","properties":{"ILCE":"KİRAZ","KAPINO":null,"ENLEM":38.155225775661002,"ACIKLAMA":"3519-032-01","ILCEID":994,"MAHALLE":"MERSİNLİDERE","MAHALLEID":null,"ADI":"1 NO LU AFET VE ACİL DURUM TOPLANMA ALANI","BOYLAM":28.305152211799999,"YOL":"MERSİNLİDERE KümeEvleri","Area":null},"geometry":{"type":"Point","coordinates":[28.305152211799999,38.155225775661002]}},
{"type":"Feature","properties":{"ILCE":"BUCA","KAPINO":null,"ENLEM":38.396797828719002,"ACIKLAMA":"3508-011-01","ILCEID":8,"MAHALLE":"ÇAĞDAŞ","MAHALLEID":null,"ADI":"1 NO LU AFET VE ACİL DURUM TOPLANMA ALANI","BOYLAM":27.189100898945,"YOL":"DEDE KORKUT Cd.","Area":null},"geometry":{"type":"Point","coordinates":[27.189100898945,38.396797828719002]}},
{"type":"Feature","properties":{"ILCE":"KARABURUN","KAPINO":null,"ENLEM":38.574349786985998,"ACIKLAMA":"3515-016-01","ILCEID":1000,"MAHALLE":"YAYLA","MAHALLEID":null,"ADI":"1 NO LU AFET VE ACİL DURUM TOPLANMA ALANI","BOYLAM":26.455080191377,"YOL":"YAYLA KümeEvleri","Area":null},"geometry":{"type":"Point","coordinates":[26.455080191377,38.574349786985998]}},
{"type":"Feature","properties":{"ILCE":"TİRE","KAPINO":null,"ENLEM":38.133869338636003,"ACIKLAMA":"3527-080-01","ILCEID":997,"MAHALLE":"TURGUTLU","MAHALLEID":null,"ADI":"1 NO LU AFET VE ACİL DURUM TOPLANMA ALANI","BOYLAM":27.636105308407,"YOL":"YOL ALTI KümeEvleri","Area":null},"geometry":{"type":"Point","coordinates":[27.636105308407,38.133869338636003]}},
{"type":"Feature","properties":{"ILCE":"TORBALI","KAPINO":null,"ENLEM":38.172905582252,"ACIKLAMA":"3528-052-01","ILCEID":9,"MAHALLE":"TORBALI","MAHALLEID":null,"ADI":"1 NO LU AFET VE ACİL DURUM TOPLANMA ALANI","BOYLAM":27.349518019834999,"YOL":"METROPOLİS Blv.","Area":null},"geometry":{"type":"Point","coordinates":[27.349518019834999,38.172905582252]}},
{"type":"Feature","properties":{"ILCE":"TORBALI","KAPINO":null,"ENLEM":38.138890023358996,"ACIKLAMA":"3528-043-01","ILCEID":9,"MAHALLE":"ÖZBEY","MAHALLEID":null,"ADI":"1 NO LU AFET VE ACİL DURUM TOPLANMA ALANI","BOYLAM":27.320078297171001,"YOL":"4032 Sk.","Area":null},"geometry":{"type":"Point","coordinates":[27.320078297171001,38.138890023358996]}},
{"type":"Feature","properties":{"ILCE":"TORBALI","KAPINO":null,"ENLEM":38.121673824843,"ACIKLAMA":"3528-044-01","ILCEID":9,"MAHALLE":"PAMUKYAZI","MAHALLEID":null,"ADI":"1 NO LU AFET VE ACİL DURUM TOPLANMA ALANI","BOYLAM":27.403162011936999,"YOL":"7404 Sk.","Area":null},"geometry":{"type":"Point","coordinates":[27.403162011936999,38.121673824843]}},
{"type":"Feature","properties":{"ILCE":"TORBALI","KAPINO":null,"ENLEM":38.214871596969999,"ACIKLAMA":"3528-036-01","ILCEID":9,"MAHALLE":"KUŞÇUBURUN","MAHALLEID":null,"ADI":"1 NO LU AFET VE ACİL DURUM TOPLANMA ALANI","BOYLAM":27.328875775166001,"YOL":"YAZIBAŞI İZMİR Cd.","Area":null},"geometry":{"type":"Point","coordinates":[27.328875775166001,38.214871596969999]}},
{"type":"Feature","properties":{"ILCE":"KARŞIYAKA","KAPINO":null,"ENLEM":38.486796131342999,"ACIKLAMA":"3516-020-01","ILCEID":20,"MAHALLE":"ÖRNEKKÖY","MAHALLEID":null,"ADI":"1 NO LU AFET VE ACİL DURUM TOPLANMA ALANI","BOYLAM":27.107390338359,"YOL":"7532/2 Sk.","Area":null},"geometry":{"type":"Point","coordinates":[27.107390338359,38.486796131342999]}},
{"type":"Feature","properties":{"ILCE":"MENEMEN","KAPINO":null,"ENLEM":38.607268164244999,"ACIKLAMA":"3522-007-01","ILCEID":17,"MAHALLE":"ALANİÇİ","MAHALLEID":null,"ADI":"1 NO LU AFET VE ACİL DURUM TOPLANMA ALANI","BOYLAM":27.205980943469999,"YOL":"ALANİÇİ KümeEvleri","Area":null},"geometry":{"type":"Point","coordinates":[27.205980943469999,38.607268164244999]}},
{"type":"Feature","properties":{"ILCE":"KARABAĞLAR","KAPINO":null,"ENLEM":38.401342385280998,"ACIKLAMA":"3531-008-01","ILCEID":19,"MAHALLE":"BAHAR","MAHALLEID":null,"ADI":"1 NO LU AFET VE ACİL DURUM TOPLANMA ALANI","BOYLAM":27.124653094685002,"YOL":"2906 Sk.","Area":null},"geometry":{"type":"Point","coordinates":[27.124653094685002,38.401342385280998]}},
{"type":"Feature","properties":{"ILCE":"BAYRAKLI","KAPINO":null,"ENLEM":38.469502698482998,"ACIKLAMA":"3530-007-01","ILCEID":11,"MAHALLE":"ÇİÇEK","MAHALLEID":null,"ADI":"1 NO LU AFET VE ACİL DURUM TOPLANMA ALANI","BOYLAM":27.169349087914,"YOL":"1637/16 Sk.","Area":null},"geometry":{"type":"Point","coordinates":[27.169349087914,38.469502698482998]}},
{"type":"Feature","properties":{"ILCE":"BAYRAKLI","KAPINO":null,"ENLEM":38.468234300944999,"ACIKLAMA":"3530-006-01","ILCEID":11,"MAHALLE":"ÇAY","MAHALLEID":null,"ADI":"1 NO LU AFET VE ACİL DURUM TOPLANMA ALANI","BOYLAM":27.180453380163001,"YOL":"2108/10","Area":null},"geometry":{"type":"Point","coordinates":[27.180453380163001,38.468234300944999]}},
{"type":"Feature","properties":{"ILCE":"ÇEŞME","KAPINO":null,"ENLEM":38.305061491353001,"ACIKLAMA":"3509-015-01","ILCEID":1001,"MAHALLE":"ILICA","MAHALLEID":null,"ADI":"1 NO LU AFET VE ACİL DURUM TOPLANMA ALANI","BOYLAM":26.362062151979,"YOL":"5131 Sk.","Area":null},"geometry":{"type":"Point","coordinates":[26.362062151979,38.305061491353001]}},
{"type":"Feature","properties":{"ILCE":"GÜZELBAHÇE","KAPINO":null,"ENLEM":38.326813717912003,"ACIKLAMA":"3514-002-01","ILCEID":1,"MAHALLE":"ÇAMLI","MAHALLEID":null,"ADI":"1 NO LU AFET VE ACİL DURUM TOPLANMA ALANI","BOYLAM":26.820106007566999,"YOL":"UFUK Sk.","Area":null},"geometry":{"type":"Point","coordinates":[26.820106007566999,38.326813717912003]}},
{"type":"Feature","properties":{"ILCE":"BERGAMA","KAPINO":null,"ENLEM":39.180118349177,"ACIKLAMA":"3505-071-01","ILCEID":999,"MAHALLE":"KADIKÖY","MAHALLEID":null,"ADI":"1 NO LU AFET VE ACİL DURUM TOPLANMA ALANI","BOYLAM":27.368828159694001,"YOL":"KADIKÖY Sk.","Area":null},"geometry":{"type":"Point","coordinates":[27.368828159694001,39.180118349177]}},
{"type":"Feature","properties":{"ILCE":"BAYINDIR","KAPINO":null,"ENLEM":38.225213198794002,"ACIKLAMA":"3504-045-02","ILCEID":7,"MAHALLE":"ORTA","MAHALLEID":null,"ADI":"1 NO LU AFET VE ACİL DURUM TOPLANMA ALANI","BOYLAM":27.647796858063,"YOL":"OKTAY Sk.","Area":null},"geometry":{"type":"Point","coordinates":[27.647796858063,38.225213198794002]}},
{"type":"Feature","properties":{"ILCE":"BERGAMA","KAPINO":null,"ENLEM":39.325258506852002,"ACIKLAMA":"3505-056-01","ILCEID":999,"MAHALLE":"GÜLTEPE","MAHALLEID":null,"ADI":"1 NO LU AFET VE ACİL DURUM TOPLANMA ALANI","BOYLAM":27.324882808053999,"YOL":"GÜLTEPE KümeEvleri","Area":null},"geometry":{"type":"Point","coordinates":[27.324882808053999,39.325258506852002]}},
{"type":"Feature","properties":{"ILCE":"BERGAMA","KAPINO":null,"ENLEM":39.261440489155,"ACIKLAMA":"3505-044-01","ILCEID":999,"MAHALLE":"EĞİLLER","MAHALLEID":null,"ADI":"1 NO LU AFET VE ACİL DURUM TOPLANMA ALANI","BOYLAM":27.338100781011001,"YOL":"EĞİLLER KümeEvleri","Area":null},"geometry":{"type":"Point","coordinates":[27.338100781011001,39.261440489155]}},
{"type":"Feature","properties":{"ILCE":"KARABAĞLAR","KAPINO":null,"ENLEM":38.392890831430996,"ACIKLAMA":"3531-036-01","ILCEID":19,"MAHALLE":"MUAMMER AKAR","MAHALLEID":null,"ADI":"1 NO LU AFET VE ACİL DURUM TOPLANMA ALANI","BOYLAM":27.078020455927,"YOL":"47 Sk.","Area":null},"geometry":{"type":"Point","coordinates":[27.078020455927,38.392890831430996]}},
{"type":"Feature","properties":{"ILCE":"BUCA","KAPINO":null,"ENLEM":38.400413340790003,"ACIKLAMA":"3508-016-01","ILCEID":8,"MAHALLE":"DİCLE","MAHALLEID":null,"ADI":"1 NO LU AFET VE ACİL DURUM TOPLANMA ALANI","BOYLAM":27.159746943876002,"YOL":"858 Sk.","Area":null},"geometry":{"type":"Point","coordinates":[27.159746943876002,38.400413340790003]}},
{"type":"Feature","properties":{"ILCE":"MENEMEN","KAPINO":null,"ENLEM":38.601676784608003,"ACIKLAMA":"3522-043-01","ILCEID":17,"MAHALLE":"KAZIMPAŞA","MAHALLEID":null,"ADI":"1 NO LU AFET VE ACİL DURUM TOPLANMA ALANI","BOYLAM":27.073610568669999,"YOL":"ATATÜRK Cd.","Area":null},"geometry":{"type":"Point","coordinates":[27.073610568669999,38.601676784608003]}},
{"type":"Feature","properties":{"ILCE":"BUCA","KAPINO":null,"ENLEM":38.388052497902997,"ACIKLAMA":"3508-035-01","ILCEID":8,"MAHALLE":"MENDERES","MAHALLEID":null,"ADI":"1 NO LU AFET VE ACİL DURUM TOPLANMA ALANI","BOYLAM":27.174488311824,"YOL":"IŞILAY SAYGIN Myd.","Area":null},"geometry":{"type":"Point","coordinates":[27.174488311824,38.388052497902997]}},
{"type":"Feature","properties":{"ILCE":"BUCA","KAPINO":null,"ENLEM":38.367160378096003,"ACIKLAMA":"3508-008-01","ILCEID":8,"MAHALLE":"BUCA KOOP","MAHALLEID":null,"ADI":"1 NO LU AFET VE ACİL DURUM TOPLANMA ALANI","BOYLAM":27.184047692027001,"YOL":"1409 Sk.","Area":null},"geometry":{"type":"Point","coordinates":[27.184047692027001,38.367160378096003]}},
{"type":"Feature","properties":{"ILCE":"TİRE","KAPINO":null,"ENLEM":38.084102906056998,"ACIKLAMA":"3527-065-01","ILCEID":997,"MAHALLE":"KÜRDÜLLÜ","MAHALLEID":null,"ADI":"1 NO LU AFET VE ACİL DURUM TOPLANMA ALANI","BOYLAM":27.82416484462,"YOL":"KÜRDÜLLÜ CUMHURİYET KümeEvleri","Area":null},"geometry":{"type":"Point","coordinates":[27.82416484462,38.084102906056998]}},
{"type":"Feature","properties":{"ILCE":"TİRE","KAPINO":null,"ENLEM":38.052317346297002,"ACIKLAMA":"3527-008-01","ILCEID":997,"MAHALLE":"ALAYLI","MAHALLEID":null,"ADI":"1 NO LU AFET VE ACİL DURUM TOPLANMA ALANI","BOYLAM":27.582794116231,"YOL":"OVAÜSTÜ Sk.","Area":null},"geometry":{"type":"Point","coordinates":[27.582794116231,38.052317346297002]}},
{"type":"Feature","properties":{"ILCE":"TORBALI","KAPINO":null,"ENLEM":38.249112809105,"ACIKLAMA":"3528-023-01","ILCEID":9,"MAHALLE":"AYRANCILAR","MAHALLEID":null,"ADI":"1 NO LU AFET VE ACİL DURUM TOPLANMA ALANI","BOYLAM":27.280617657200001,"YOL":"BARIŞ MANÇO Cd.","Area":null},"geometry":{"type":"Point","coordinates":[27.280617657200001,38.249112809105]}},
{"type":"Feature","properties":{"ILCE":"KARABAĞLAR","KAPINO":null,"ENLEM":38.387753917261001,"ACIKLAMA":"3531-015-01","ILCEID":19,"MAHALLE":"CENNETOĞLU","MAHALLEID":null,"ADI":"1 NO LU AFET VE ACİL DURUM TOPLANMA ALANI","BOYLAM":27.132305421771001,"YOL":"5709 Sk.","Area":null},"geometry":{"type":"Point","coordinates":[27.132305421771001,38.387753917261001]}},
{"type":"Feature","properties":{"ILCE":"BUCA","KAPINO":null,"ENLEM":38.396444643511998,"ACIKLAMA":"3508-006-01","ILCEID":8,"MAHALLE":"BARIŞ","MAHALLEID":null,"ADI":"1 NO LU AFET VE ACİL DURUM TOPLANMA ALANI","BOYLAM":27.160733998546998,"YOL":"357 Sk.","Area":null},"geometry":{"type":"Point","coordinates":[27.160733998546998,38.396444643511998]}},
{"type":"Feature","properties":{"ILCE":"TİRE","KAPINO":null,"ENLEM":38.002302788418,"ACIKLAMA":"3527-040-01","ILCEID":997,"MAHALLE":"HALKAPINAR","MAHALLEID":null,"ADI":"1 NO LU AFET VE ACİL DURUM TOPLANMA ALANI","BOYLAM":27.490882061632,"YOL":"HALKAPINAR CUMHURİYET Sk.","Area":null},"geometry":{"type":"Point","coordinates":[27.490882061632,38.002302788418]}},
{"type":"Feature","properties":{"ILCE":"TİRE","KAPINO":null,"ENLEM":38.069226141695999,"ACIKLAMA":"3527-088-01","ILCEID":997,"MAHALLE":"YENİŞEHİR","MAHALLEID":null,"ADI":"1 NO LU AFET VE ACİL DURUM TOPLANMA ALANI","BOYLAM":27.901157292613998,"YOL":"YENİŞEHİR MERKEZ","Area":null},"geometry":{"type":"Point","coordinates":[27.901157292613998,38.069226141695999]}},
{"type":"Feature","properties":{"ILCE":"KONAK","KAPINO":null,"ENLEM":38.404163204631999,"ACIKLAMA":"3520-046-01","ILCEID":21,"MAHALLE":"19 MAYIS","MAHALLEID":null,"ADI":"1 NO LU AFET VE ACİL DURUM TOPLANMA ALANI","BOYLAM":27.141035940828001,"YOL":"691/2 Sk.","Area":null},"geometry":{"type":"Point","coordinates":[27.141035940828001,38.404163204631999]}},
{"type":"Feature","properties":{"ILCE":"BERGAMA","KAPINO":null,"ENLEM":39.289279606553997,"ACIKLAMA":"3505-079-01","ILCEID":999,"MAHALLE":"KARAVELİLER","MAHALLEID":null,"ADI":"1 NO LU AFET VE ACİL DURUM TOPLANMA ALANI","BOYLAM":27.145840907419,"YOL":"KARAVELİLER KümeEvleri","Area":null},"geometry":{"type":"Point","coordinates":[27.145840907419,39.289279606553997]}},
{"type":"Feature","properties":{"ILCE":"BERGAMA","KAPINO":null,"ENLEM":38.993713685833001,"ACIKLAMA":"3505-116-01","ILCEID":999,"MAHALLE":"TEKKEDERE","MAHALLEID":null,"ADI":"1 NO LU AFET VE ACİL DURUM TOPLANMA ALANI","BOYLAM":27.064560157313998,"YOL":"TEKKEDERE KümeEvleri","Area":null},"geometry":{"type":"Point","coordinates":[27.064560157313998,38.993713685833001]}},
{"type":"Feature","properties":{"ILCE":"BEYDAĞ","KAPINO":null,"ENLEM":38.118230899971003,"ACIKLAMA":"3506-011-01","ILCEID":993,"MAHALLE":"EĞRİDERE","MAHALLEID":null,"ADI":"1 NO LU AFET VE ACİL DURUM TOPLANMA ALANI","BOYLAM":28.286870412098001,"YOL":"ÇAMCILAR KümeEvleri","Area":null},"geometry":{"type":"Point","coordinates":[28.286870412098001,38.118230899971003]}},
{"type":"Feature","properties":{"ILCE":"MENDERES","KAPINO":null,"ENLEM":38.202993206275998,"ACIKLAMA":"3521-019-01","ILCEID":13,"MAHALLE":"DEVELİ","MAHALLEID":null,"ADI":"1 NO LU AFET VE ACİL DURUM TOPLANMA ALANI","BOYLAM":27.167815318500999,"YOL":"9126 Sk.","Area":null},"geometry":{"type":"Point","coordinates":[27.167815318500999,38.202993206275998]}},
{"type":"Feature","properties":{"ILCE":"DİKİLİ","KAPINO":null,"ENLEM":39.104762825869997,"ACIKLAMA":"3511-030-01","ILCEID":995,"MAHALLE":"YENİCE","MAHALLEID":null,"ADI":"1 NO LU AFET VE ACİL DURUM TOPLANMA ALANI","BOYLAM":27.011001869937001,"YOL":"YENİCE İSTİKLAL Cd.","Area":null},"geometry":{"type":"Point","coordinates":[27.011001869937001,39.104762825869997]}},
{"type":"Feature","properties":{"ILCE":"TİRE","KAPINO":null,"ENLEM":38.014235022851999,"ACIKLAMA":"3527-077-01","ILCEID":997,"MAHALLE":"TOPALAK","MAHALLEID":null,"ADI":"1 NO LU AFET VE ACİL DURUM TOPLANMA ALANI","BOYLAM":27.700164366681999,"YOL":"TOPALAK ATATÜRK","Area":null},"geometry":{"type":"Point","coordinates":[27.700164366681999,38.014235022851999]}},
{"type":"Feature","properties":{"ILCE":"TİRE","KAPINO":null,"ENLEM":38.085610322004001,"ACIKLAMA":"3527-074-01","ILCEID":997,"MAHALLE":"SARUHANLI","MAHALLEID":null,"ADI":"1 NO LU AFET VE ACİL DURUM TOPLANMA ALANI","BOYLAM":27.882849941976001,"YOL":"SARUHANLI MERKEZ KümeEvleri","Area":null},"geometry":{"type":"Point","coordinates":[27.882849941976001,38.085610322004001]}},
{"type":"Feature","properties":{"ILCE":"KARABAĞLAR","KAPINO":null,"ENLEM":38.318826201566999,"ACIKLAMA":"3531-049-01","ILCEID":19,"MAHALLE":"TIRAZLI","MAHALLEID":null,"ADI":"1 NO LU AFET VE ACİL DURUM TOPLANMA ALANI","BOYLAM":27.061962276945,"YOL":"KUTLU AKTAŞ Cd.","Area":null},"geometry":{"type":"Point","coordinates":[27.061962276945,38.318826201566999]}},
{"type":"Feature","properties":{"ILCE":"BERGAMA","KAPINO":null,"ENLEM":39.269547560817003,"ACIKLAMA":"3505-035-01","ILCEID":999,"MAHALLE":"ÇELTİKÇİ","MAHALLEID":null,"ADI":"1 NO LU AFET VE ACİL DURUM TOPLANMA ALANI","BOYLAM":27.309948435481999,"YOL":"ÇELTİKÇİ KümeEvleri","Area":null},"geometry":{"type":"Point","coordinates":[27.309948435481999,39.269547560817003]}},
{"type":"Feature","properties":{"ILCE":"DİKİLİ","KAPINO":null,"ENLEM":39.007587506421999,"ACIKLAMA":"3511-016-01","ILCEID":995,"MAHALLE":"KATIRALANI","MAHALLEID":null,"ADI":"1 NO LU AFET VE ACİL DURUM TOPLANMA ALANI","BOYLAM":26.878050950784999,"YOL":"KATIRALANI 1 Sk.","Area":null},"geometry":{"type":"Point","coordinates":[26.878050950784999,39.007587506421999]}},
{"type":"Feature","properties":{"ILCE":"TİRE","KAPINO":null,"ENLEM":38.094064925364002,"ACIKLAMA":"3527-073-01","ILCEID":997,"MAHALLE":"SARILAR","MAHALLEID":null,"ADI":"1 NO LU AFET VE ACİL DURUM TOPLANMA ALANI","BOYLAM":27.904915012318,"YOL":"BAĞ MEVKİİ KümeEvleri","Area":null},"geometry":{"type":"Point","coordinates":[27.904915012318,38.094064925364002]}},
{"type":"Feature","properties":{"ILCE":"TİRE","KAPINO":null,"ENLEM":38.009956557189,"ACIKLAMA":"3527-067-01","ILCEID":997,"MAHALLE":"MEHMETLER","MAHALLEID":null,"ADI":"1 NO LU AFET VE ACİL DURUM TOPLANMA ALANI","BOYLAM":27.501849546732,"YOL":"GÜNEYBATI Sk.","Area":null},"geometry":{"type":"Point","coordinates":[27.501849546732,38.009956557189]}},
{"type":"Feature","properties":{"ILCE":"TİRE","KAPINO":null,"ENLEM":38.068992685681998,"ACIKLAMA":"3527-018-01","ILCEID":997,"MAHALLE":"CAMBAZLI","MAHALLEID":null,"ADI":"1 NO LU AFET VE ACİL DURUM TOPLANMA ALANI","BOYLAM":27.767779751389,"YOL":"HALİL BAHÇELİ KümeEvleri","Area":null},"geometry":{"type":"Point","coordinates":[27.767779751389,38.068992685681998]}},
{"type":"Feature","properties":{"ILCE":"TİRE","KAPINO":null,"ENLEM":38.087026547527998,"ACIKLAMA":"3527-011-01","ILCEID":997,"MAHALLE":"AYAKLIKIRI","MAHALLEID":null,"ADI":"1 NO LU AFET VE ACİL DURUM TOPLANMA ALANI","BOYLAM":27.536173481588001,"YOL":"AYAKLIKIRI CUMHURİYET Sk.","Area":null},"geometry":{"type":"Point","coordinates":[27.536173481588001,38.087026547527998]}},
{"type":"Feature","properties":{"ILCE":"KONAK","KAPINO":null,"ENLEM":38.404701246624001,"ACIKLAMA":"3520-024-01","ILCEID":21,"MAHALLE":"ÇANKAYA","MAHALLEID":null,"ADI":"1 NO LU AFET VE ACİL DURUM TOPLANMA ALANI","BOYLAM":27.101060496245999,"YOL":"141 Sk.","Area":null},"geometry":{"type":"Point","coordinates":[27.101060496245999,38.404701246624001]}},
{"type":"Feature","properties":{"ILCE":"KINIK","KAPINO":null,"ENLEM":39.095803510547,"ACIKLAMA":"3518-002-01","ILCEID":996,"MAHALLE":"ARPASEKİ","MAHALLEID":null,"ADI":"1 NO LU AFET VE ACİL DURUM TOPLANMA ALANI","BOYLAM":27.491238369952999,"YOL":"FUNDA KümeEvleri","Area":null},"geometry":{"type":"Point","coordinates":[27.491238369952999,39.095803510547]}},
{"type":"Feature","properties":{"ILCE":"ÇİĞLİ","KAPINO":null,"ENLEM":38.524677750993,"ACIKLAMA":"3510-025-01","ILCEID":16,"MAHALLE":"UĞUR MUMCU","MAHALLEID":null,"ADI":"1 NO LU AFET VE ACİL DURUM TOPLANMA ALANI","BOYLAM":27.045592484694001,"YOL":"8790/5 Sk.","Area":null},"geometry":{"type":"Point","coordinates":[27.045592484694001,38.524677750993]}},
{"type":"Feature","properties":{"ILCE":"KARABAĞLAR","KAPINO":null,"ENLEM":38.372644673026002,"ACIKLAMA":"3531-056-01","ILCEID":19,"MAHALLE":"YUNUS EMRE","MAHALLEID":null,"ADI":"1 NO LU AFET VE ACİL DURUM TOPLANMA ALANI","BOYLAM":27.133611676539001,"YOL":"4158 Sk.","Area":null},"geometry":{"type":"Point","coordinates":[27.133611676539001,38.372644673026002]}},
{"type":"Feature","properties":{"ILCE":"TİRE","KAPINO":null,"ENLEM":38.027197225717998,"ACIKLAMA":"3527-009-01","ILCEID":997,"MAHALLE":"ARMUTLU","MAHALLEID":null,"ADI":"1 NO LU AFET VE ACİL DURUM TOPLANMA ALANI","BOYLAM":27.694609520175,"YOL":"ARMUTLU KümeEvleri","Area":null},"geometry":{"type":"Point","coordinates":[27.694609520175,38.027197225717998]}},
{"type":"Feature","properties":{"ILCE":"TİRE","KAPINO":null,"ENLEM":38.066036312507997,"ACIKLAMA":"3527-042-01","ILCEID":997,"MAHALLE":"HİSARLIK","MAHALLEID":null,"ADI":"1 NO LU AFET VE ACİL DURUM TOPLANMA ALANI","BOYLAM":27.702981934602001,"YOL":"ÇUKURKÖY YOL ALTI KümeEvleri","Area":null},"geometry":{"type":"Point","coordinates":[27.702981934602001,38.066036312507997]}},
{"type":"Feature","properties":{"ILCE":"KARABURUN","KAPINO":null,"ENLEM":38.654156802518003,"ACIKLAMA":"3515-014-01","ILCEID":1000,"MAHALLE":"SARPINCIK","MAHALLEID":null,"ADI":"1 NO LU AFET VE ACİL DURUM TOPLANMA ALANI","BOYLAM":26.402809410660002,"YOL":"SARPINCIK KümeEvleri","Area":null},"geometry":{"type":"Point","coordinates":[26.402809410660002,38.654156802518003]}},
{"type":"Feature","properties":{"ILCE":"KARABURUN","KAPINO":null,"ENLEM":38.611782914103003,"ACIKLAMA":"3515-011-01","ILCEID":1000,"MAHALLE":"PARLAK","MAHALLEID":null,"ADI":"1 NO LU AFET VE ACİL DURUM TOPLANMA ALANI","BOYLAM":26.395170597356,"YOL":"TARLAİÇİ KümeEvleri","Area":null},"geometry":{"type":"Point","coordinates":[26.395170597356,38.611782914103003]}},
{"type":"Feature","properties":{"ILCE":"BERGAMA","KAPINO":null,"ENLEM":39.113487467608998,"ACIKLAMA":"3505-003-01","ILCEID":999,"MAHALLE":"ALACALAR","MAHALLEID":null,"ADI":"1 NO LU AFET VE ACİL DURUM TOPLANMA ALANI","BOYLAM":27.092111464237998,"YOL":"ALACALAR KümeEvleri","Area":null},"geometry":{"type":"Point","coordinates":[27.092111464237998,39.113487467608998]}},
{"type":"Feature","properties":{"ILCE":"BERGAMA","KAPINO":null,"ENLEM":39.318801353071997,"ACIKLAMA":"3505-108-01","ILCEID":999,"MAHALLE":"SARICAOĞLU","MAHALLEID":null,"ADI":"1 NO LU AFET VE ACİL DURUM TOPLANMA ALANI","BOYLAM":27.375951836064999,"YOL":"SARICAOĞLU KümeEvleri","Area":null},"geometry":{"type":"Point","coordinates":[27.375951836064999,39.318801353071997]}},
{"type":"Feature","properties":{"ILCE":"BERGAMA","KAPINO":null,"ENLEM":38.941127866259002,"ACIKLAMA":"3505-101-01","ILCEID":999,"MAHALLE":"ÖRLEMİŞ","MAHALLEID":null,"ADI":"1 NO LU AFET VE ACİL DURUM TOPLANMA ALANI","BOYLAM":27.117088375855001,"YOL":"ÖRLEMİŞ KümeEvleri","Area":null},"geometry":{"type":"Point","coordinates":[27.117088375855001,38.941127866259002]}},
{"type":"Feature","properties":{"ILCE":"BERGAMA","KAPINO":null,"ENLEM":39.010255635211003,"ACIKLAMA":"3505-093-01","ILCEID":999,"MAHALLE":"MARUFLAR","MAHALLEID":null,"ADI":"1 NO LU AFET VE ACİL DURUM TOPLANMA ALANI","BOYLAM":27.212445688759999,"YOL":"MARUFLAR KümeEvleri","Area":null},"geometry":{"type":"Point","coordinates":[27.212445688759999,39.010255635211003]}},
{"type":"Feature","properties":{"ILCE":"TORBALI","KAPINO":null,"ENLEM":38.250898995138002,"ACIKLAMA":"3528-054-01","ILCEID":9,"MAHALLE":"TÜRKMENKÖY","MAHALLEID":null,"ADI":"1 NO LU AFET VE ACİL DURUM TOPLANMA ALANI","BOYLAM":27.262443097262,"YOL":"İZMİR AYDIN Cd.","Area":null},"geometry":{"type":"Point","coordinates":[27.262443097262,38.250898995138002]}},
{"type":"Feature","properties":{"ILCE":"TİRE","KAPINO":null,"ENLEM":38.090218625022999,"ACIKLAMA":"3527-001-01","ILCEID":997,"MAHALLE":"4 EYLÜL","MAHALLEID":null,"ADI":"1 NO LU AFET VE ACİL DURUM TOPLANMA ALANI","BOYLAM":27.725662543517998,"YOL":"ORUÇ REİS Cd.","Area":null},"geometry":{"type":"Point","coordinates":[27.725662543517998,38.090218625022999]}},
{"type":"Feature","properties":{"ILCE":"TİRE","KAPINO":null,"ENLEM":38.102730308330003,"ACIKLAMA":"3527-044-01","ILCEID":997,"MAHALLE":"IŞIKLAR","MAHALLEID":null,"ADI":"1 NO LU AFET VE ACİL DURUM TOPLANMA ALANI","BOYLAM":27.543811008740999,"YOL":"IŞIKLAR CAMİ KümeEvleri","Area":null},"geometry":{"type":"Point","coordinates":[27.543811008740999,38.102730308330003]}},
{"type":"Feature","properties":{"ILCE":"BAYINDIR","KAPINO":null,"ENLEM":38.224236544672998,"ACIKLAMA":"3504-025-02","ILCEID":7,"MAHALLE":"HATAY","MAHALLEID":null,"ADI":"1 NO LU AFET VE ACİL DURUM TOPLANMA ALANI","BOYLAM":27.636813268535001,"YOL":"EMİR ÇEŞME Sk.","Area":null},"geometry":{"type":"Point","coordinates":[27.636813268535001,38.224236544672998]}},
{"type":"Feature","properties":{"ILCE":"BERGAMA","KAPINO":null,"ENLEM":39.114707084142999,"ACIKLAMA":"3505-122-01","ILCEID":999,"MAHALLE":"İNKILAP","MAHALLEID":null,"ADI":"1 NO LU AFET VE ACİL DURUM TOPLANMA ALANI","BOYLAM":27.182796512332999,"YOL":"HAL Sk.","Area":null},"geometry":{"type":"Point","coordinates":[27.182796512332999,39.114707084142999]}},
{"type":"Feature","properties":{"ILCE":"TORBALI","KAPINO":null,"ENLEM":38.095808047227003,"ACIKLAMA":"3528-039-01","ILCEID":9,"MAHALLE":"NAİME","MAHALLEID":null,"ADI":"1 NO LU AFET VE ACİL DURUM TOPLANMA ALANI","BOYLAM":27.43487633238,"YOL":"MİMAR KEMALLEDDİN Cd.","Area":null},"geometry":{"type":"Point","coordinates":[27.43487633238,38.095808047227003]}},
{"type":"Feature","properties":{"ILCE":"URLA","KAPINO":null,"ENLEM":38.275885002163001,"ACIKLAMA":"3529-003-01","ILCEID":18,"MAHALLE":"BADEMLER","MAHALLEID":null,"ADI":"1 NO LU AFET VE ACİL DURUM TOPLANMA ALANI","BOYLAM":26.831415574556999,"YOL":"BADEMLER Cd.","Area":null},"geometry":{"type":"Point","coordinates":[26.831415574556999,38.275885002163001]}},
{"type":"Feature","properties":{"ILCE":"TİRE","KAPINO":null,"ENLEM":38.132496934507003,"ACIKLAMA":"3527-066-01","ILCEID":997,"MAHALLE":"MAHMUTLAR","MAHALLEID":null,"ADI":"1 NO LU AFET VE ACİL DURUM TOPLANMA ALANI","BOYLAM":27.627020714202999,"YOL":"CAMİ Sk.","Area":null},"geometry":{"type":"Point","coordinates":[27.627020714202999,38.132496934507003]}},
{"type":"Feature","properties":{"ILCE":"DİKİLİ","KAPINO":null,"ENLEM":39.169471793017003,"ACIKLAMA":"3511-017-01","ILCEID":995,"MAHALLE":"KIRATLI","MAHALLEID":null,"ADI":"1 NO LU AFET VE ACİL DURUM TOPLANMA ALANI","BOYLAM":26.856593088301999,"YOL":"KIRATLI CUMHURİYET Cd.","Area":null},"geometry":{"type":"Point","coordinates":[26.856593088301999,39.169471793017003]}},
{"type":"Feature","properties":{"ILCE":"KARŞIYAKA","KAPINO":null,"ENLEM":38.467948596767002,"ACIKLAMA":"3516-003-01","ILCEID":20,"MAHALLE":"ATAKENT","MAHALLEID":null,"ADI":"1 NO LU AFET VE ACİL DURUM TOPLANMA ALANI","BOYLAM":27.085932805094,"YOL":"2039 Sk.","Area":null},"geometry":{"type":"Point","coordinates":[27.085932805094,38.467948596767002]}},
{"type":"Feature","properties":{"ILCE":"DİKİLİ","KAPINO":null,"ENLEM":38.996848687422002,"ACIKLAMA":null,"ILCEID":995,"MAHALLE":"MERDİVENLİ","MAHALLEID":null,"ADI":"1 NO LU AFET VE ACİL TOPLANMA ALANI","BOYLAM":26.851271925342001,"YOL":"MERDİVENLİ ATATÜRK Cd.","Area":null},"geometry":{"type":"Point","coordinates":[26.851271925342001,38.996848687422002]}},
{"type":"Feature","properties":{"ILCE":"SEFERİHİSAR","KAPINO":null,"ENLEM":38.189394084523997,"ACIKLAMA":"3525-017-01","ILCEID":12,"MAHALLE":"SIĞACIK","MAHALLEID":null,"ADI":"1 NO'LU AFET VE ACİL DURUM TOPLANMA ALANI","BOYLAM":26.784945252067001,"YOL":"145","Area":null},"geometry":{"type":"Point","coordinates":[26.784945252067001,38.189394084523997]}},
{"type":"Feature","properties":{"ILCE":"SELÇUK","KAPINO":null,"ENLEM":37.883392307976997,"ACIKLAMA":"3526-009-01","ILCEID":10,"MAHALLE":"HAVUTÇULU","MAHALLEID":null,"ADI":"1 NO'LU AFET VE ACİL DURUM TOPLANMA ALANI","BOYLAM":27.416634410888001,"YOL":"506","Area":null},"geometry":{"type":"Point","coordinates":[27.416634410888001,37.883392307976997]}},
{"type":"Feature","properties":{"ILCE":"ÖDEMİŞ","KAPINO":null,"ENLEM":38.315624548020999,"ACIKLAMA":"3524-026-01","ILCEID":998,"MAHALLE":"ÇOBANLAR","MAHALLEID":null,"ADI":"1 NO'LU AFET VE ACİL DURUM TOPLANMA ALANI","BOYLAM":27.956449044608,"YOL":"ÇOBANLAR YAYLASI","Area":null},"geometry":{"type":"Point","coordinates":[27.956449044608,38.315624548020999]}},
{"type":"Feature","properties":{"ILCE":"ÖDEMİŞ","KAPINO":null,"ENLEM":38.231986686227003,"ACIKLAMA":"3524-016-01","ILCEID":998,"MAHALLE":"BUCAK","MAHALLEID":null,"ADI":"1 NO'LU AFET VE ACİL DURUM TOPLANMA ALANI","BOYLAM":28.109442842583,"YOL":"KARAYİĞİT","Area":null},"geometry":{"type":"Point","coordinates":[28.109442842583,38.231986686227003]}},
{"type":"Feature","properties":{"ILCE":"ÖDEMİŞ","KAPINO":null,"ENLEM":38.232829560306001,"ACIKLAMA":"3524-045-01","ILCEID":998,"MAHALLE":"İNÖNÜ","MAHALLEID":null,"ADI":"1 NO'LU AFET VE ACİL DURUM TOPLANMA ALANI","BOYLAM":27.974242331285001,"YOL":"SEFA","Area":null},"geometry":{"type":"Point","coordinates":[27.974242331285001,38.232829560306001]}},
{"type":"Feature","properties":{"ILCE":"ÖDEMİŞ","KAPINO":null,"ENLEM":38.175171074836001,"ACIKLAMA":"3524-044-01","ILCEID":998,"MAHALLE":"İLKKURŞUN","MAHALLEID":null,"ADI":"1 NO'LU AFET VE ACİL DURUM TOPLANMA ALANI","BOYLAM":27.860436923091999,"YOL":"İLKKURŞUN","Area":null},"geometry":{"type":"Point","coordinates":[27.860436923091999,38.175171074836001]}},
{"type":"Feature","properties":{"ILCE":"ÖDEMİŞ","KAPINO":null,"ENLEM":38.271030115758002,"ACIKLAMA":"3524-038-01","ILCEID":998,"MAHALLE":"GÜNLÜCE","MAHALLEID":null,"ADI":"1 NO'LU AFET VE ACİL DURUM TOPLANMA ALANI","BOYLAM":27.954411938642998,"YOL":"ESER","Area":null},"geometry":{"type":"Point","coordinates":[27.954411938642998,38.271030115758002]}},
{"type":"Feature","properties":{"ILCE":"ÖDEMİŞ","KAPINO":null,"ENLEM":38.139643742573,"ACIKLAMA":"3524-007-01","ILCEID":998,"MAHALLE":"BALABANLI","MAHALLEID":null,"ADI":"1 NO'LU AFET VE ACİL DURUM TOPLANMA ALANI","BOYLAM":27.954775162303999,"YOL":"ATAM","Area":null},"geometry":{"type":"Point","coordinates":[27.954775162303999,38.139643742573]}},
{"type":"Feature","properties":{"ILCE":"ÖDEMİŞ","KAPINO":null,"ENLEM":38.231164389203002,"ACIKLAMA":"3524-005-01","ILCEID":998,"MAHALLE":"ATATÜRK","MAHALLEID":null,"ADI":"1 NO'LU AFET VE ACİL DURUM TOPLANMA ALANI","BOYLAM":27.977767472566001,"YOL":"TEĞMEN KALMAZ","Area":null},"geometry":{"type":"Point","coordinates":[27.977767472566001,38.231164389203002]}},
{"type":"Feature","properties":{"ILCE":"ÖDEMİŞ","KAPINO":null,"ENLEM":38.016164490196999,"ACIKLAMA":"3524-028-01","ILCEID":998,"MAHALLE":"DEMİRDERE","MAHALLEID":null,"ADI":"1 NO'LU AFET VE ACİL DURUM TOPLANMA ALANI","BOYLAM":28.002064278525999,"YOL":"DEMİRDERE","Area":null},"geometry":{"type":"Point","coordinates":[28.002064278525999,38.016164490196999]}},
{"type":"Feature","properties":{"ILCE":"BORNOVA","KAPINO":null,"ENLEM":38.450299316170003,"ACIKLAMA":"3507-033-01","ILCEID":2,"MAHALLE":"MEVLANA","MAHALLEID":null,"ADI":"1 NO'LU AFET VE ACİL DURUM TOPLANMA ALANI","BOYLAM":27.221715289047001,"YOL":"1776","Area":null},"geometry":{"type":"Point","coordinates":[27.221715289047001,38.450299316170003]}},
{"type":"Feature","properties":{"ILCE":"BERGAMA","KAPINO":null,"ENLEM":39.151887945016,"ACIKLAMA":"3505-130-01","ILCEID":999,"MAHALLE":"YERLİTAHTACI","MAHALLEID":null,"ADI":"1 NO'LU AFET VE ACİL DURUM TOPLANMA ALANI","BOYLAM":27.136502349038999,"YOL":"YERLİTAHTACI","Area":null},"geometry":{"type":"Point","coordinates":[27.136502349038999,39.151887945016]}},
{"type":"Feature","properties":{"ILCE":"BERGAMA","KAPINO":null,"ENLEM":39.211530305815998,"ACIKLAMA":"3505-015-01","ILCEID":999,"MAHALLE":"AVUNDURUK","MAHALLEID":null,"ADI":"1 NO'LU AFET VE ACİL DURUM TOPLANMA ALANI","BOYLAM":27.203777511386999,"YOL":"AVUNDURUK","Area":null},"geometry":{"type":"Point","coordinates":[27.203777511386999,39.211530305815998]}},
{"type":"Feature","properties":{"ILCE":"BERGAMA","KAPINO":null,"ENLEM":39.091105919173998,"ACIKLAMA":"3505-127-01","ILCEID":999,"MAHALLE":"YALNIZEV","MAHALLEID":null,"ADI":"1 NO'LU AFET VE ACİL DURUM TOPLANMA ALANI","BOYLAM":27.124792084915001,"YOL":"KÜÇÜKKAYA KÖY YOLU","Area":null},"geometry":{"type":"Point","coordinates":[27.124792084915001,39.091105919173998]}},
{"type":"Feature","properties":{"ILCE":"BERGAMA","KAPINO":null,"ENLEM":39.14291883381,"ACIKLAMA":"3505-029-01","ILCEID":999,"MAHALLE":"ÇAKIRLAR","MAHALLEID":null,"ADI":"1 NO'LU AFET VE ACİL DURUM TOPLANMA ALANI","BOYLAM":27.117454360679002,"YOL":"ÇAKIRLAR MERKEZ","Area":null},"geometry":{"type":"Point","coordinates":[27.117454360679002,39.14291883381]}},
{"type":"Feature","properties":{"ILCE":"BERGAMA","KAPINO":null,"ENLEM":39.355870752323,"ACIKLAMA":"3505-125-01","ILCEID":999,"MAHALLE":"ÜRKÜTLER","MAHALLEID":null,"ADI":"1 NO'LU AFET VE ACİL DURUM TOPLANMA ALANI","BOYLAM":27.375128195129001,"YOL":"ÜRKÜTLER","Area":null},"geometry":{"type":"Point","coordinates":[27.375128195129001,39.355870752323]}},
{"type":"Feature","properties":{"ILCE":"BERGAMA","KAPINO":null,"ENLEM":39.131432773352998,"ACIKLAMA":"3505-039-01","ILCEID":999,"MAHALLE":"DAĞISTAN","MAHALLEID":null,"ADI":"1 NO'LU AFET VE ACİL DURUM TOPLANMA ALANI","BOYLAM":27.297235951594001,"YOL":"DAĞISTAN","Area":null},"geometry":{"type":"Point","coordinates":[27.297235951594001,39.131432773352998]}},
{"type":"Feature","properties":{"ILCE":"ÖDEMİŞ","KAPINO":null,"ENLEM":38.234772944158998,"ACIKLAMA":"3524-099-01","ILCEID":998,"MAHALLE":"ZAFER","MAHALLEID":null,"ADI":"1 NO'LU AFET VE ACİL DURUM TOPLANMA ALANI","BOYLAM":27.990145747861,"YOL":"1330","Area":null},"geometry":{"type":"Point","coordinates":[27.990145747861,38.234772944158998]}},
{"type":"Feature","properties":{"ILCE":"ÖDEMİŞ","KAPINO":null,"ENLEM":38.153337369760003,"ACIKLAMA":"3524-025-01","ILCEID":998,"MAHALLE":"ÇAYLI","MAHALLEID":null,"ADI":"1 NO'LU AFET VE ACİL DURUM TOPLANMA ALANI","BOYLAM":28.144272162103999,"YOL":"EKİN","Area":null},"geometry":{"type":"Point","coordinates":[28.144272162103999,38.153337369760003]}},
{"type":"Feature","properties":{"ILCE":"BORNOVA","KAPINO":null,"ENLEM":38.423316248287001,"ACIKLAMA":"3507-037-01","ILCEID":2,"MAHALLE":"SERİNTEPE","MAHALLEID":null,"ADI":"1 NO'LU AFET VE ACİL DURUM TOPLANMA ALANI","BOYLAM":27.195798648838998,"YOL":"4323","Area":null},"geometry":{"type":"Point","coordinates":[27.195798648838998,38.423316248287001]}},
{"type":"Feature","properties":{"ILCE":"BORNOVA","KAPINO":null,"ENLEM":38.443527182848001,"ACIKLAMA":"3507-044-01","ILCEID":2,"MAHALLE":"YUNUS EMRE","MAHALLEID":null,"ADI":"1 NO'LU AFET VE ACİL DURUM TOPLANMA ALANI","BOYLAM":27.233341428105,"YOL":"7523","Area":null},"geometry":{"type":"Point","coordinates":[27.233341428105,38.443527182848001]}},
{"type":"Feature","properties":{"ILCE":"BORNOVA","KAPINO":null,"ENLEM":38.465558053845001,"ACIKLAMA":"3507-013-01","ILCEID":2,"MAHALLE":"ERZENE","MAHALLEID":null,"ADI":"1 NO'LU AFET VE ACİL DURUM TOPLANMA ALANI","BOYLAM":27.219078461824999,"YOL":"FEVZİ ÇAKMAK","Area":null},"geometry":{"type":"Point","coordinates":[27.219078461824999,38.465558053845001]}},
{"type":"Feature","properties":{"ILCE":"ÖDEMİŞ","KAPINO":null,"ENLEM":38.201686571248999,"ACIKLAMA":"3524-054-01","ILCEID":998,"MAHALLE":"KIŞLA","MAHALLEID":null,"ADI":"1 NO'LU AFET VE ACİL DURUM TOPLANMA ALANI","BOYLAM":28.060608865567001,"YOL":"KIŞLALI","Area":null},"geometry":{"type":"Point","coordinates":[28.060608865567001,38.201686571248999]}},
{"type":"Feature","properties":{"ILCE":"ÖDEMİŞ","KAPINO":null,"ENLEM":38.268766947007002,"ACIKLAMA":"3524-069-01","ILCEID":998,"MAHALLE":"MURSALLI","MAHALLEID":null,"ADI":"1 NO'LU AFET VE ACİL DURUM TOPLANMA ALANI","BOYLAM":27.986568313584002,"YOL":"CELAL BAYAR","Area":null},"geometry":{"type":"Point","coordinates":[27.986568313584002,38.268766947007002]}},
{"type":"Feature","properties":{"ILCE":"SELÇUK","KAPINO":null,"ENLEM":37.838830142074997,"ACIKLAMA":"3526-008-01","ILCEID":10,"MAHALLE":"GÖKÇEALAN","MAHALLEID":null,"ADI":"1 NO'LU AFET VE ACİL DURUM TOPLANMA ALANI","BOYLAM":27.382815331235999,"YOL":"634","Area":null},"geometry":{"type":"Point","coordinates":[27.382815331235999,37.838830142074997]}},
{"type":"Feature","properties":{"ILCE":"FOÇA","KAPINO":null,"ENLEM":38.715909427131997,"ACIKLAMA":"3512-012-01","ILCEID":4,"MAHALLE":"KOZBEYLİ","MAHALLEID":null,"ADI":"1 NO'LU AFET VE ACİL DURUM TOPLANMA ALANI","BOYLAM":26.894499635372998,"YOL":"KOZBEYLİ KÖYÜ KÜME EVLER","Area":null},"geometry":{"type":"Point","coordinates":[26.894499635372998,38.715909427131997]}},
{"type":"Feature","properties":{"ILCE":"BORNOVA","KAPINO":null,"ENLEM":38.500069740245998,"ACIKLAMA":"3507-011-01","ILCEID":2,"MAHALLE":"EĞRİDERE","MAHALLEID":null,"ADI":"1 NO'LU AFET VE ACİL DURUM TOPLANMA ALANI","BOYLAM":27.216968820539002,"YOL":"EĞRİDERE","Area":null},"geometry":{"type":"Point","coordinates":[27.216968820539002,38.500069740245998]}},
{"type":"Feature","properties":{"ILCE":"TİRE","KAPINO":null,"ENLEM":37.977026173494998,"ACIKLAMA":"3527-021-01","ILCEID":997,"MAHALLE":"ÇERİKÖZÜ","MAHALLEID":null,"ADI":"1 NO'LU AFET VE ACİL DURUM TOPLANMA ALANI","BOYLAM":27.795499345743,"YOL":"PINARBAŞI","Area":null},"geometry":{"type":"Point","coordinates":[27.795499345743,37.977026173494998]}},
{"type":"Feature","properties":{"ILCE":"ÖDEMİŞ","KAPINO":null,"ENLEM":38.295451328212003,"ACIKLAMA":"3524-096-01","ILCEID":998,"MAHALLE":"YILANLI","MAHALLEID":null,"ADI":"1 NO'LU AFET VE ACİL DURUM TOPLANMA ALANI","BOYLAM":28.123821597254,"YOL":"YILANLI","Area":null},"geometry":{"type":"Point","coordinates":[28.123821597254,38.295451328212003]}},
{"type":"Feature","properties":{"ILCE":"ÖDEMİŞ","KAPINO":null,"ENLEM":38.204600945301003,"ACIKLAMA":"3524-058-01","ILCEID":998,"MAHALLE":"KÖFÜNDERE","MAHALLEID":null,"ADI":"1 NO'LU AFET VE ACİL DURUM TOPLANMA ALANI","BOYLAM":28.158188415902998,"YOL":"KÖFÜNDERE","Area":null},"geometry":{"type":"Point","coordinates":[28.158188415902998,38.204600945301003]}},
{"type":"Feature","properties":{"ILCE":"SELÇUK","KAPINO":null,"ENLEM":37.882495789749001,"ACIKLAMA":"3526-011-01","ILCEID":10,"MAHALLE":"SULTANİYE","MAHALLEID":null,"ADI":"1 NO'LU AFET VE ACİL DURUM TOPLANMA ALANI","BOYLAM":27.335784814507001,"YOL":"EYİCE","Area":null},"geometry":{"type":"Point","coordinates":[27.335784814507001,37.882495789749001]}},
{"type":"Feature","properties":{"ILCE":"BORNOVA","KAPINO":null,"ENLEM":38.546938694076999,"ACIKLAMA":"3507-036-01","ILCEID":2,"MAHALLE":"SARNIÇKÖY","MAHALLEID":null,"ADI":"1 NO'LU AFET VE ACİL DURUM TOPLANMA ALANI","BOYLAM":27.275449046645999,"YOL":"FİLİZ","Area":null},"geometry":{"type":"Point","coordinates":[27.275449046645999,38.546938694076999]}},
{"type":"Feature","properties":{"ILCE":"ÖDEMİŞ","KAPINO":null,"ENLEM":38.200373342356002,"ACIKLAMA":"3524-035-01","ILCEID":998,"MAHALLE":"GERELİ","MAHALLEID":null,"ADI":"1 NO'LU AFET VE ACİL DURUM TOPLANMA ALANI","BOYLAM":28.047507402531998,"YOL":"GERELİ","Area":null},"geometry":{"type":"Point","coordinates":[28.047507402531998,38.200373342356002]}},
{"type":"Feature","properties":{"ILCE":"ÖDEMİŞ","KAPINO":null,"ENLEM":38.223778053648999,"ACIKLAMA":"3524-020-01","ILCEID":998,"MAHALLE":"CUMHURİYET","MAHALLEID":null,"ADI":"1 NO'LU AFET VE ACİL DURUM TOPLANMA ALANI","BOYLAM":27.973726950947999,"YOL":"CUMHURİYET","Area":null},"geometry":{"type":"Point","coordinates":[27.973726950947999,38.223778053648999]}},
{"type":"Feature","properties":{"ILCE":"KEMALPAŞA","KAPINO":null,"ENLEM":38.31531845432,"ACIKLAMA":"3517-046-01","ILCEID":6,"MAHALLE":"YEŞİLKÖY","MAHALLEID":null,"ADI":"1 NO'LU AFET VE ACİL DURUM TOPLANMA ALANI","BOYLAM":27.461015382606998,"YOL":"YEŞİLKÖY YOLU","Area":null},"geometry":{"type":"Point","coordinates":[27.461015382606998,38.31531845432]}},
{"type":"Feature","properties":{"ILCE":"BAYINDIR","KAPINO":null,"ENLEM":38.239494394799998,"ACIKLAMA":"3504-023-01","ILCEID":7,"MAHALLE":"GAZİLER","MAHALLEID":null,"ADI":"1 NO'LU AFET VE ACİL DURUM TOPLANMA ALANI","BOYLAM":27.756121079163002,"YOL":"ALANKÖY YOLU","Area":null},"geometry":{"type":"Point","coordinates":[27.756121079163002,38.239494394799998]}},
{"type":"Feature","properties":{"ILCE":"ÖDEMİŞ","KAPINO":null,"ENLEM":38.296358339021999,"ACIKLAMA":"3524-053-01","ILCEID":998,"MAHALLE":"KERPİÇLİK","MAHALLEID":null,"ADI":"1 NO'LU AFET VE ACİL DURUM TOPLANMA ALANI","BOYLAM":27.828584974942999,"YOL":"KERPİÇLİK","Area":null},"geometry":{"type":"Point","coordinates":[27.828584974942999,38.296358339021999]}},
{"type":"Feature","properties":{"ILCE":"ÖDEMİŞ","KAPINO":null,"ENLEM":38.189243503592998,"ACIKLAMA":"3524-088-01","ILCEID":998,"MAHALLE":"UZUNDERE","MAHALLEID":null,"ADI":"1 NO'LU AFET VE ACİL DURUM TOPLANMA ALANI","BOYLAM":28.12834866119,"YOL":"UZUNDERE","Area":null},"geometry":{"type":"Point","coordinates":[28.12834866119,38.189243503592998]}},
{"type":"Feature","properties":{"ILCE":"BORNOVA","KAPINO":null,"ENLEM":38.425303245758002,"ACIKLAMA":"3507-045-01","ILCEID":2,"MAHALLE":"ZAFER","MAHALLEID":null,"ADI":"1 NO'LU AFET VE ACİL DURUM TOPLANMA ALANI","BOYLAM":27.203746605907,"YOL":"KEMALPAŞA","Area":null},"geometry":{"type":"Point","coordinates":[27.203746605907,38.425303245758002]}},
{"type":"Feature","properties":{"ILCE":"BERGAMA","KAPINO":null,"ENLEM":39.119531701515001,"ACIKLAMA":"3505-021-01","ILCEID":999,"MAHALLE":"ZAFER","MAHALLEID":null,"ADI":"1 NO'LU AFET VE ACİL DURUM TOPLANMA ALANI","BOYLAM":27.172925569766999,"YOL":"KIŞLA YOLU","Area":null},"geometry":{"type":"Point","coordinates":[27.172925569766999,39.119531701515001]}},
{"type":"Feature","properties":{"ILCE":"ÖDEMİŞ","KAPINO":null,"ENLEM":38.218994882105001,"ACIKLAMA":"3524-089-01","ILCEID":998,"MAHALLE":"ÜÇ EYLÜL","MAHALLEID":null,"ADI":"1 NO'LU AFET VE ACİL DURUM TOPLANMA ALANI","BOYLAM":27.959761303373,"YOL":"KANTARCI","Area":null},"geometry":{"type":"Point","coordinates":[27.959761303373,38.218994882105001]}},
{"type":"Feature","properties":{"ILCE":"BORNOVA","KAPINO":null,"ENLEM":38.424695266884001,"ACIKLAMA":"3507-019-01","ILCEID":2,"MAHALLE":"IŞIKLAR","MAHALLEID":null,"ADI":"1 NO'LU AFET VE ACİL DURUM TOPLANMA ALANI","BOYLAM":27.230871231813001,"YOL":"ALP","Area":null},"geometry":{"type":"Point","coordinates":[27.230871231813001,38.424695266884001]}},
{"type":"Feature","properties":{"ILCE":"ÖDEMİŞ","KAPINO":null,"ENLEM":38.232819833548,"ACIKLAMA":"3524-068-01","ILCEID":998,"MAHALLE":"MİMAR SİNAN","MAHALLEID":null,"ADI":"1 NO'LU AFET VE ACİL DURUM TOPLANMA ALANI","BOYLAM":27.965697260332998,"YOL":"MEHMET AKİF","Area":null},"geometry":{"type":"Point","coordinates":[27.965697260332998,38.232819833548]}},
{"type":"Feature","properties":{"ILCE":"BORNOVA","KAPINO":null,"ENLEM":38.515713798341999,"ACIKLAMA":"3507-005-01","ILCEID":2,"MAHALLE":"ÇAMİÇİ","MAHALLEID":null,"ADI":"1 NO'LU AFET VE ACİL DURUM TOPLANMA ALANI","BOYLAM":27.221481365845001,"YOL":"ÇAĞLA","Area":null},"geometry":{"type":"Point","coordinates":[27.221481365845001,38.515713798341999]}},
{"type":"Feature","properties":{"ILCE":"ÖDEMİŞ","KAPINO":null,"ENLEM":38.163058097856997,"ACIKLAMA":"3524-049-01","ILCEID":998,"MAHALLE":"KAYMAKÇI","MAHALLEID":null,"ADI":"1 NO'LU AFET VE ACİL DURUM TOPLANMA ALANI","BOYLAM":28.113486486757999,"YOL":"ÜNAL","Area":null},"geometry":{"type":"Point","coordinates":[28.113486486757999,38.163058097856997]}},
{"type":"Feature","properties":{"ILCE":"SELÇUK","KAPINO":null,"ENLEM":37.885670259450997,"ACIKLAMA":"3526-007-01","ILCEID":10,"MAHALLE":"ÇAMLIK","MAHALLEID":null,"ADI":"1 NO'LU AFET VE ACİL DURUM TOPLANMA ALANI","BOYLAM":27.380196594061999,"YOL":"ÇAMLIK ATATÜRK","Area":null},"geometry":{"type":"Point","coordinates":[27.380196594061999,37.885670259450997]}},
{"type":"Feature","properties":{"ILCE":"ÖDEMİŞ","KAPINO":null,"ENLEM":38.296254975201002,"ACIKLAMA":"3524-079-01","ILCEID":998,"MAHALLE":"SUÇIKTI","MAHALLEID":null,"ADI":"1 NO'LU AFET VE ACİL DURUM TOPLANMA ALANI","BOYLAM":27.893890688328,"YOL":"SUÇIKTI","Area":null},"geometry":{"type":"Point","coordinates":[27.893890688328,38.296254975201002]}},
{"type":"Feature","properties":{"ILCE":"KEMALPAŞA","KAPINO":null,"ENLEM":38.340286239793002,"ACIKLAMA":"3517-044-01","ILCEID":6,"MAHALLE":"YENİKURUDERE","MAHALLEID":null,"ADI":"1 NO'LU AFET VE ACİL DURUM TOPLANMA ALANI","BOYLAM":27.605214051137999,"YOL":"YENİ KURUDERE YOLU","Area":null},"geometry":{"type":"Point","coordinates":[27.605214051137999,38.340286239793002]}},
{"type":"Feature","properties":{"ILCE":"ALİAĞA","KAPINO":null,"ENLEM":38.775559259087998,"ACIKLAMA":"3502-011-01","ILCEID":3,"MAHALLE":"GÜZELHİSAR","MAHALLEID":null,"ADI":"1 NO'LU AFET VE ACİL DURUM TOPLANMA ALANI","BOYLAM":27.018267921551999,"YOL":"GÜZELHİSAR MERKEZ","Area":null},"geometry":{"type":"Point","coordinates":[27.018267921551999,38.775559259087998]}},
{"type":"Feature","properties":{"ILCE":"ALİAĞA","KAPINO":null,"ENLEM":38.789450919219,"ACIKLAMA":"3502-023-01","ILCEID":3,"MAHALLE":"SİTELER","MAHALLEID":null,"ADI":"1 NO'LU AFET VE ACİL DURUM TOPLANMA ALANI","BOYLAM":26.962659784174001,"YOL":"ŞEHİT BİNBAŞI YAVUZ BAŞAYAR","Area":null},"geometry":{"type":"Point","coordinates":[26.962659784174001,38.789450919219]}},
{"type":"Feature","properties":{"ILCE":"ALİAĞA","KAPINO":null,"ENLEM":38.763812731073003,"ACIKLAMA":"3502-022-01","ILCEID":3,"MAHALLE":"SAMURLU","MAHALLEID":null,"ADI":"1 NO'LU AFET VE ACİL DURUM TOPLANMA ALANI","BOYLAM":26.98934132534,"YOL":"SAMURLU ÇAMLIK","Area":null},"geometry":{"type":"Point","coordinates":[26.98934132534,38.763812731073003]}},
{"type":"Feature","properties":{"ILCE":"ALİAĞA","KAPINO":null,"ENLEM":38.760275436482999,"ACIKLAMA":"3502-017-01","ILCEID":3,"MAHALLE":"KARAKUZU","MAHALLEID":null,"ADI":"1 NO'LU AFET VE ACİL DURUM TOPLANMA ALANI","BOYLAM":27.112402486682999,"YOL":"PALAMUT","Area":null},"geometry":{"type":"Point","coordinates":[27.112402486682999,38.760275436482999]}},
{"type":"Feature","properties":{"ILCE":"BORNOVA","KAPINO":null,"ENLEM":38.440235219618998,"ACIKLAMA":"3507-039-01","ILCEID":2,"MAHALLE":"ÜMİT","MAHALLEID":null,"ADI":"1 NO'LU AFET VE ACİL DURUM TOPLANMA ALANI","BOYLAM":27.253240334089998,"YOL":"7408/2","Area":null},"geometry":{"type":"Point","coordinates":[27.253240334089998,38.440235219618998]}},
{"type":"Feature","properties":{"ILCE":"ÖDEMİŞ","KAPINO":null,"ENLEM":38.215977069426998,"ACIKLAMA":"3524-027-01","ILCEID":998,"MAHALLE":"DEMİRCİLİ","MAHALLEID":null,"ADI":"1 NO'LU AFET VE ACİL DURUM TOPLANMA ALANI","BOYLAM":27.905273532088,"YOL":"DEMİRCİLİ","Area":null},"geometry":{"type":"Point","coordinates":[27.905273532088,38.215977069426998]}},
{"type":"Feature","properties":{"ILCE":"GAZİEMİR","KAPINO":null,"ENLEM":38.329247676127999,"ACIKLAMA":"3513-006-01","ILCEID":15,"MAHALLE":"DOKUZ EYLÜL","MAHALLEID":null,"ADI":"1 NO'LU AFET VE ACİL DURUM TOPLANMA ALANI","BOYLAM":27.138501092102,"YOL":"KAHRAMANLAR","Area":null},"geometry":{"type":"Point","coordinates":[27.138501092102,38.329247676127999]}},
{"type":"Feature","properties":{"ILCE":"ÖDEMİŞ","KAPINO":null,"ENLEM":38.192589991288003,"ACIKLAMA":"3524-078-01","ILCEID":998,"MAHALLE":"SEYREKLİ","MAHALLEID":null,"ADI":"1 NO'LU AFET VE ACİL DURUM TOPLANMA ALANI","BOYLAM":27.916519689304,"YOL":"SEYREKLİ","Area":null},"geometry":{"type":"Point","coordinates":[27.916519689304,38.192589991288003]}},
{"type":"Feature","properties":{"ILCE":"ÖDEMİŞ","KAPINO":null,"ENLEM":38.367477529889001,"ACIKLAMA":"3524-023-01","ILCEID":998,"MAHALLE":"ÇAMYAYLA","MAHALLEID":null,"ADI":"1 NO'LU AFET VE ACİL DURUM TOPLANMA ALANI","BOYLAM":27.941783669633999,"YOL":"YEŞİL DERE","Area":null},"geometry":{"type":"Point","coordinates":[27.941783669633999,38.367477529889001]}},
{"type":"Feature","properties":{"ILCE":"KONAK","KAPINO":null,"ENLEM":38.404944261076999,"ACIKLAMA":"3520-058-01","ILCEID":21,"MAHALLE":"KILIÇ REİS","MAHALLEID":null,"ADI":"1 NO'LU AFET VE ACİL DURUM TOPLANMA ALANI","BOYLAM":27.117452070285999,"YOL":"324","Area":null},"geometry":{"type":"Point","coordinates":[27.117452070285999,38.404944261076999]}},
{"type":"Feature","properties":{"ILCE":"ÖDEMİŞ","KAPINO":null,"ENLEM":38.063367013588,"ACIKLAMA":"3524-065-01","ILCEID":998,"MAHALLE":"KÜRE","MAHALLEID":null,"ADI":"1 NO'LU AFET VE ACİL DURUM TOPLANMA ALANI","BOYLAM":27.979217150063999,"YOL":"KÜRE","Area":null},"geometry":{"type":"Point","coordinates":[27.979217150063999,38.063367013588]}},
{"type":"Feature","properties":{"ILCE":"BORNOVA","KAPINO":null,"ENLEM":38.449434613851999,"ACIKLAMA":"3507-025-01","ILCEID":2,"MAHALLE":"KAZIMDİRİK","MAHALLEID":null,"ADI":"1 NO'LU AFET VE ACİL DURUM TOPLANMA ALANI","BOYLAM":27.212691110346999,"YOL":"372","Area":null},"geometry":{"type":"Point","coordinates":[27.212691110346999,38.449434613851999]}},
{"type":"Feature","properties":{"ILCE":"KINIK","KAPINO":null,"ENLEM":39.083208100514,"ACIKLAMA":"3518-038-01","ILCEID":996,"MAHALLE":"YUKARI","MAHALLEID":null,"ADI":"1 NO'LU AFET VE ACİL DURUM TOPLANMA ALANI","BOYLAM":27.383596619121001,"YOL":"GÖLCÜK HAMAM","Area":null},"geometry":{"type":"Point","coordinates":[27.383596619121001,39.083208100514]}},
{"type":"Feature","properties":{"ILCE":"FOÇA","KAPINO":null,"ENLEM":38.662609542685999,"ACIKLAMA":"3512-001-01","ILCEID":4,"MAHALLE":"ATATÜRK","MAHALLEID":null,"ADI":"1 NO'LU AFET VE ACİL DURUM TOPLANMA ALANI","BOYLAM":26.752700430406001,"YOL":"13","Area":null},"geometry":{"type":"Point","coordinates":[26.752700430406001,38.662609542685999]}},
{"type":"Feature","properties":{"ILCE":"BORNOVA","KAPINO":null,"ENLEM":38.427390123084002,"ACIKLAMA":"3507-038-01","ILCEID":2,"MAHALLE":"TUNA","MAHALLEID":null,"ADI":"1 NO'LU AFET VE ACİL DURUM TOPLANMA ALANI","BOYLAM":27.183325996345001,"YOL":"SANAT","Area":null},"geometry":{"type":"Point","coordinates":[27.183325996345001,38.427390123084002]}},
{"type":"Feature","properties":{"ILCE":"ÖDEMİŞ","KAPINO":null,"ENLEM":38.137776532967003,"ACIKLAMA":"3524-050-01","ILCEID":998,"MAHALLE":"KAZANLI","MAHALLEID":null,"ADI":"1 NO'LU AFET VE ACİL DURUM TOPLANMA ALANI","BOYLAM":27.940332074071002,"YOL":"KAZANLI","Area":null},"geometry":{"type":"Point","coordinates":[27.940332074071002,38.137776532967003]}},
{"type":"Feature","properties":{"ILCE":"BERGAMA","KAPINO":null,"ENLEM":39.262550025339003,"ACIKLAMA":"3505-038-01","ILCEID":999,"MAHALLE":"ÇÜRÜKBAĞLAR","MAHALLEID":null,"ADI":"1 NO'LU AFET VE ACİL DURUM TOPLANMA ALANI","BOYLAM":27.229220058846,"YOL":"ÇÜRÜKBAĞLAR","Area":null},"geometry":{"type":"Point","coordinates":[27.229220058846,39.262550025339003]}},
{"type":"Feature","properties":{"ILCE":"GAZİEMİR","KAPINO":null,"ENLEM":38.315263028657,"ACIKLAMA":"3513-010-01","ILCEID":15,"MAHALLE":"GAZİKENT","MAHALLEID":null,"ADI":"1 NO'LU AFET VE ACİL DURUM TOPLANMA ALANI","BOYLAM":27.138433377636002,"YOL":"GAZİ ATATÜRK","Area":null},"geometry":{"type":"Point","coordinates":[27.138433377636002,38.315263028657]}},
{"type":"Feature","properties":{"ILCE":"BORNOVA","KAPINO":null,"ENLEM":38.441971148348003,"ACIKLAMA":"3507-035-01","ILCEID":2,"MAHALLE":"RAFET PAŞA","MAHALLEID":null,"ADI":"1 NO'LU AFET VE ACİL DURUM TOPLANMA ALANI","BOYLAM":27.192862631532002,"YOL":"5054/1","Area":null},"geometry":{"type":"Point","coordinates":[27.192862631532002,38.441971148348003]}},
{"type":"Feature","properties":{"ILCE":"BORNOVA","KAPINO":null,"ENLEM":38.487429926517997,"ACIKLAMA":"3507-020-01","ILCEID":2,"MAHALLE":"İNÖNÜ","MAHALLEID":null,"ADI":"1 NO'LU AFET VE ACİL DURUM TOPLANMA ALANI","BOYLAM":27.204708496637998,"YOL":"981","Area":null},"geometry":{"type":"Point","coordinates":[27.204708496637998,38.487429926517997]}},
{"type":"Feature","properties":{"ILCE":"BORNOVA","KAPINO":null,"ENLEM":38.517730044126999,"ACIKLAMA":"3507-022-01","ILCEID":2,"MAHALLE":"KARAÇAM","MAHALLEID":null,"ADI":"1 NO'LU AFET VE ACİL DURUM TOPLANMA ALANI","BOYLAM":27.270967188219,"YOL":"KARAÇAM","Area":null},"geometry":{"type":"Point","coordinates":[27.270967188219,38.517730044126999]}},
{"type":"Feature","properties":{"ILCE":"ÖDEMİŞ","KAPINO":null,"ENLEM":38.281303142540999,"ACIKLAMA":"3524-081-01","ILCEID":998,"MAHALLE":"SÜLEYMANLAR","MAHALLEID":null,"ADI":"1 NO'LU AFET VE ACİL DURUM TOPLANMA ALANI","BOYLAM":27.855483347924,"YOL":"SÜLEYMANLAR","Area":null},"geometry":{"type":"Point","coordinates":[27.855483347924,38.281303142540999]}},
{"type":"Feature","properties":{"ILCE":"FOÇA","KAPINO":null,"ENLEM":38.652509764359998,"ACIKLAMA":"3512-013-01","ILCEID":4,"MAHALLE":"MAREŞAL FEVZİ ÇAKMAK","MAHALLEID":null,"ADI":"1 NO'LU AFET VE ACİL DURUM TOPLANMA ALANI","BOYLAM":26.907099684898,"YOL":"11 EYLÜL","Area":null},"geometry":{"type":"Point","coordinates":[26.907099684898,38.652509764359998]}},
{"type":"Feature","properties":{"ILCE":"ÖDEMİŞ","KAPINO":null,"ENLEM":38.285399914628002,"ACIKLAMA":"3524-084-01","ILCEID":998,"MAHALLE":"TOSUNLAR","MAHALLEID":null,"ADI":"1 NO'LU AFET VE ACİL DURUM TOPLANMA ALANI","BOYLAM":27.90278033781,"YOL":"TOSUNLAR","Area":null},"geometry":{"type":"Point","coordinates":[27.90278033781,38.285399914628002]}},
{"type":"Feature","properties":{"ILCE":"FOÇA","KAPINO":null,"ENLEM":38.663509637701999,"ACIKLAMA":"3512-015-01","ILCEID":4,"MAHALLE":"YENİBAĞARASI","MAHALLEID":null,"ADI":"1 NO'LU AFET VE ACİL DURUM TOPLANMA ALANI","BOYLAM":26.842999982283999,"YOL":"YENİFOÇA","Area":null},"geometry":{"type":"Point","coordinates":[26.842999982283999,38.663509637701999]}},
{"type":"Feature","properties":{"ILCE":"SELÇUK","KAPINO":null,"ENLEM":38.020319852977998,"ACIKLAMA":"3526-005-01","ILCEID":10,"MAHALLE":"BELEVİ","MAHALLEID":null,"ADI":"1 NO'LU AFET VE ACİL DURUM TOPLANMA ALANI","BOYLAM":27.443378650690001,"YOL":"ÜMİT AKOĞUL","Area":null},"geometry":{"type":"Point","coordinates":[27.443378650690001,38.020319852977998]}},
{"type":"Feature","properties":{"ILCE":"ALİAĞA","KAPINO":null,"ENLEM":38.882677269520997,"ACIKLAMA":"3502-028-01","ILCEID":3,"MAHALLE":"ŞAKRAN SAYFİYE","MAHALLEID":null,"ADI":"1 NO'LU AFET VE ACİL DURUM TOPLANMA ALANI","BOYLAM":27.065643128685998,"YOL":"FATİH SULTAN MEHMET","Area":null},"geometry":{"type":"Point","coordinates":[27.065643128685998,38.882677269520997]}},
{"type":"Feature","properties":{"ILCE":"ALİAĞA","KAPINO":null,"ENLEM":38.731362469381999,"ACIKLAMA":"3502-029-01","ILCEID":3,"MAHALLE":"YUKARI ŞEHİTKEMAL","MAHALLEID":null,"ADI":"1 NO'LU AFET VE ACİL DURUM TOPLANMA ALANI","BOYLAM":27.005812060175,"YOL":"OKUL","Area":null},"geometry":{"type":"Point","coordinates":[27.005812060175,38.731362469381999]}},
{"type":"Feature","properties":{"ILCE":"ALİAĞA","KAPINO":null,"ENLEM":38.726166474148002,"ACIKLAMA":"3502-024-01","ILCEID":3,"MAHALLE":"ŞEHİTKEMAL","MAHALLEID":null,"ADI":"1 NO'LU AFET VE ACİL DURUM TOPLANMA ALANI","BOYLAM":26.985711168599,"YOL":"GÖKTEPE","Area":null},"geometry":{"type":"Point","coordinates":[26.985711168599,38.726166474148002]}},
{"type":"Feature","properties":{"ILCE":"ALİAĞA","KAPINO":null,"ENLEM":38.734801361934998,"ACIKLAMA":"3502-013-01","ILCEID":3,"MAHALLE":"HOROZGEDİĞİ","MAHALLEID":null,"ADI":"1 NO'LU AFET VE ACİL DURUM TOPLANMA ALANI","BOYLAM":26.922460463916,"YOL":"HOROZGEDİĞİ ÇEŞME","Area":null},"geometry":{"type":"Point","coordinates":[26.922460463916,38.734801361934998]}},
{"type":"Feature","properties":{"ILCE":"BORNOVA","KAPINO":null,"ENLEM":38.546965822505001,"ACIKLAMA":"3507-029-01","ILCEID":2,"MAHALLE":"KURUDERE","MAHALLEID":null,"ADI":"1 NO'LU AFET VE ACİL DURUM TOPLANMA ALANI","BOYLAM":27.252597436972,"YOL":"KURUDERE","Area":null},"geometry":{"type":"Point","coordinates":[27.252597436972,38.546965822505001]}},
{"type":"Feature","properties":{"ILCE":"BORNOVA","KAPINO":null,"ENLEM":38.431081494719002,"ACIKLAMA":"3507-026-01","ILCEID":2,"MAHALLE":"KEMALPAŞA","MAHALLEID":null,"ADI":"1 NO'LU AFET VE ACİL DURUM TOPLANMA ALANI","BOYLAM":27.274486203834002,"YOL":"7058/3","Area":null},"geometry":{"type":"Point","coordinates":[27.274486203834002,38.431081494719002]}},
{"type":"Feature","properties":{"ILCE":"ALİAĞA","KAPINO":null,"ENLEM":38.798592134765002,"ACIKLAMA":"3502-019-01","ILCEID":3,"MAHALLE":"KURTULUŞ","MAHALLEID":null,"ADI":"1 NO'LU AFET VE ACİL DURUM TOPLANMA ALANI","BOYLAM":26.974984236901999,"YOL":"KAZIM ONARAN","Area":null},"geometry":{"type":"Point","coordinates":[26.974984236901999,38.798592134765002]}},
{"type":"Feature","properties":{"ILCE":"KİRAZ","KAPINO":null,"ENLEM":38.254151066032001,"ACIKLAMA":"3519-038-01","ILCEID":994,"MAHALLE":"KARABAĞ","MAHALLEID":null,"ADI":"1 NO'LU AFET VE ACİL DURUM TOPLANMA ALANI","BOYLAM":28.177619059876999,"YOL":"TÜTÜZLER","Area":null},"geometry":{"type":"Point","coordinates":[28.177619059876999,38.254151066032001]}},
{"type":"Feature","properties":{"ILCE":"FOÇA","KAPINO":null,"ENLEM":38.659509672105997,"ACIKLAMA":"3512-006-01","ILCEID":4,"MAHALLE":"HACIVELİ","MAHALLEID":null,"ADI":"1 NO'LU AFET VE ACİL DURUM TOPLANMA ALANI","BOYLAM":26.855199928998001,"YOL":"32/1","Area":null},"geometry":{"type":"Point","coordinates":[26.855199928998001,38.659509672105997]}},
{"type":"Feature","properties":{"ILCE":"ÖDEMİŞ","KAPINO":null,"ENLEM":38.191688619765003,"ACIKLAMA":"3524-086-01","ILCEID":998,"MAHALLE":"TÜRKÖNÜ","MAHALLEID":null,"ADI":"1 NO'LU AFET VE ACİL DURUM TOPLANMA ALANI","BOYLAM":28.054912829342001,"YOL":"TÜRKÖNÜ","Area":null},"geometry":{"type":"Point","coordinates":[28.054912829342001,38.191688619765003]}},
{"type":"Feature","properties":{"ILCE":"ALİAĞA","KAPINO":null,"ENLEM":38.801218078006002,"ACIKLAMA":"3502-018-01","ILCEID":3,"MAHALLE":"KAZIM DİRİK","MAHALLEID":null,"ADI":"1 NO'LU AFET VE ACİL DURUM TOPLANMA ALANI","BOYLAM":26.970720110392001,"YOL":"ONAT KUTLAR","Area":null},"geometry":{"type":"Point","coordinates":[26.970720110392001,38.801218078006002]}},
{"type":"Feature","properties":{"ILCE":"ÖDEMİŞ","KAPINO":null,"ENLEM":38.140183141413999,"ACIKLAMA":"3524-056-01","ILCEID":998,"MAHALLE":"KIZILCAAVLU","MAHALLEID":null,"ADI":"1 NO'LU AFET VE ACİL DURUM TOPLANMA ALANI","BOYLAM":28.151186643083001,"YOL":"KIZILCAAVLU","Area":null},"geometry":{"type":"Point","coordinates":[28.151186643083001,38.140183141413999]}},
{"type":"Feature","properties":{"ILCE":"ÖDEMİŞ","KAPINO":null,"ENLEM":38.209506176006002,"ACIKLAMA":"3524-097-01","ILCEID":998,"MAHALLE":"YOLÜSTÜ","MAHALLEID":null,"ADI":"1 NO'LU AFET VE ACİL DURUM TOPLANMA ALANI","BOYLAM":28.024133483511001,"YOL":"YOLÜSTÜ","Area":null},"geometry":{"type":"Point","coordinates":[28.024133483511001,38.209506176006002]}},
{"type":"Feature","properties":{"ILCE":"ÖDEMİŞ","KAPINO":null,"ENLEM":38.224449853978001,"ACIKLAMA":"3524-042-01","ILCEID":998,"MAHALLE":"HÜRRİYET","MAHALLEID":null,"ADI":"1 NO'LU AFET VE ACİL DURUM TOPLANMA ALANI","BOYLAM":27.979896519206001,"YOL":"MENDERES","Area":null},"geometry":{"type":"Point","coordinates":[27.979896519206001,38.224449853978001]}},
{"type":"Feature","properties":{"ILCE":"ÖDEMİŞ","KAPINO":null,"ENLEM":38.012917123388,"ACIKLAMA":"3524-040-01","ILCEID":998,"MAHALLE":"HAMAM","MAHALLEID":null,"ADI":"1 NO'LU AFET VE ACİL DURUM TOPLANMA ALANI","BOYLAM":27.989983221167002,"YOL":"MENDEGÜME","Area":null},"geometry":{"type":"Point","coordinates":[27.989983221167002,38.012917123388]}},
{"type":"Feature","properties":{"ILCE":"ÖDEMİŞ","KAPINO":null,"ENLEM":38.275464784203997,"ACIKLAMA":"3524-030-01","ILCEID":998,"MAHALLE":"DOLAYLAR","MAHALLEID":null,"ADI":"1 NO'LU AFET VE ACİL DURUM TOPLANMA ALANI","BOYLAM":27.986392957686,"YOL":"DOLAYLAR","Area":null},"geometry":{"type":"Point","coordinates":[27.986392957686,38.275464784203997]}},
{"type":"Feature","properties":{"ILCE":"ÖDEMİŞ","KAPINO":null,"ENLEM":38.228358088245997,"ACIKLAMA":"3524-001-01","ILCEID":998,"MAHALLE":"AKINCILAR","MAHALLEID":null,"ADI":"1 NO'LU AFET VE ACİL DURUM TOPLANMA ALANI","BOYLAM":27.973516951478999,"YOL":"MİTHATPAŞA","Area":null},"geometry":{"type":"Point","coordinates":[27.973516951478999,38.228358088245997]}},
{"type":"Feature","properties":{"ILCE":"ÖDEMİŞ","KAPINO":null,"ENLEM":38.228224582709998,"ACIKLAMA":"3524-017-01","ILCEID":998,"MAHALLE":"BÜLBÜLLER","MAHALLEID":null,"ADI":"1 NO'LU AFET VE ACİL DURUM TOPLANMA ALANI","BOYLAM":27.836530727945,"YOL":"BÜLBÜLLER","Area":null},"geometry":{"type":"Point","coordinates":[27.836530727945,38.228224582709998]}},
{"type":"Feature","properties":{"ILCE":"ÖDEMİŞ","KAPINO":null,"ENLEM":38.148753507875,"ACIKLAMA":"3524-002-01","ILCEID":998,"MAHALLE":"ALAŞARLI","MAHALLEID":null,"ADI":"1 NO'LU AFET VE ACİL DURUM TOPLANMA ALANI","BOYLAM":28.151412996076001,"YOL":"ALAŞARLI","Area":null},"geometry":{"type":"Point","coordinates":[28.151412996076001,38.148753507875]}},
{"type":"Feature","properties":{"ILCE":"BERGAMA","KAPINO":null,"ENLEM":39.318192642507,"ACIKLAMA":"3505-134-01","ILCEID":999,"MAHALLE":"YUKARICUMA","MAHALLEID":null,"ADI":"1 NO'LU AFET VE ACİL DURUM TOPLANMA ALANI","BOYLAM":27.096580585537001,"YOL":"YUKARICUMA","Area":null},"geometry":{"type":"Point","coordinates":[27.096580585537001,39.318192642507]}},
{"type":"Feature","properties":{"ILCE":"BERGAMA","KAPINO":null,"ENLEM":39.113356744108998,"ACIKLAMA":"3505-051-01","ILCEID":999,"MAHALLE":"GAZİOSMANPAŞA","MAHALLEID":null,"ADI":"1 NO'LU AFET VE ACİL DURUM TOPLANMA ALANI","BOYLAM":27.184530525229,"YOL":"PİRSULTAN ABDAL","Area":null},"geometry":{"type":"Point","coordinates":[27.184530525229,39.113356744108998]}},
{"type":"Feature","properties":{"ILCE":"SELÇUK","KAPINO":null,"ENLEM":37.946613924009,"ACIKLAMA":"3526-003-01","ILCEID":10,"MAHALLE":"ATATÜRK","MAHALLEID":null,"ADI":"1 NO'LU AFET VE ACİL DURUM TOPLANMA ALANI","BOYLAM":27.369198553688999,"YOL":"1038","Area":null},"geometry":{"type":"Point","coordinates":[27.369198553688999,37.946613924009]}},
{"type":"Feature","properties":{"ILCE":"SELÇUK","KAPINO":null,"ENLEM":37.956746215320003,"ACIKLAMA":"3526-010-01","ILCEID":10,"MAHALLE":"İSA BEY","MAHALLEID":null,"ADI":"1 NO'LU AFET VE ACİL DURUM TOPLANMA ALANI","BOYLAM":27.371113674878,"YOL":"2035","Area":null},"geometry":{"type":"Point","coordinates":[27.371113674878,37.956746215320003]}},
{"type":"Feature","properties":{"ILCE":"ÖDEMİŞ","KAPINO":null,"ENLEM":38.252922337458998,"ACIKLAMA":"3524-073-01","ILCEID":998,"MAHALLE":"ORTAKÖY","MAHALLEID":null,"ADI":"1 NO'LU AFET VE ACİL DURUM TOPLANMA ALANI","BOYLAM":27.927262608471999,"YOL":"ORTAKÖY","Area":null},"geometry":{"type":"Point","coordinates":[27.927262608471999,38.252922337458998]}},
{"type":"Feature","properties":{"ILCE":"BALÇOVA","KAPINO":null,"ENLEM":38.384691679943998,"ACIKLAMA":"3503-002-01","ILCEID":14,"MAHALLE":"ÇETİN EMEÇ","MAHALLEID":null,"ADI":"1 NO'LU AFET VE ACİL DURUM TOPLANMA ALANI","BOYLAM":27.061053424591002,"YOL":"DUYGU","Area":null},"geometry":{"type":"Point","coordinates":[27.061053424591002,38.384691679943998]}},
{"type":"Feature","properties":{"ILCE":"KARABAĞLAR","KAPINO":null,"ENLEM":38.396985112792002,"ACIKLAMA":"3531-018-01","ILCEID":19,"MAHALLE":"BAHAR","MAHALLEID":null,"ADI":"1 NO'LU AFET VE ACİL DURUM TOPLANMA ALANI","BOYLAM":27.118736711585999,"YOL":"9165","Area":null},"geometry":{"type":"Point","coordinates":[27.118736711585999,38.396985112792002]}},
{"type":"Feature","properties":{"ILCE":"SEFERİHİSAR","KAPINO":null,"ENLEM":38.169113319463001,"ACIKLAMA":"3525-015-01","ILCEID":12,"MAHALLE":"ORHANLI","MAHALLEID":null,"ADI":"1 NO'LU AFET VE ACİL DURUM TOPLANMA ALANI","BOYLAM":26.953430633050001,"YOL":"ORHANLI","Area":null},"geometry":{"type":"Point","coordinates":[26.953430633050001,38.169113319463001]}},
{"type":"Feature","properties":{"ILCE":"SEFERİHİSAR","KAPINO":null,"ENLEM":38.242501784094998,"ACIKLAMA":"3525-008-01","ILCEID":12,"MAHALLE":"DÜZCE","MAHALLEID":null,"ADI":"1 NO'LU AFET VE ACİL DURUM TOPLANMA ALANI","BOYLAM":26.815700863871999,"YOL":"LOJMAN","Area":null},"geometry":{"type":"Point","coordinates":[26.815700863871999,38.242501784094998]}},
{"type":"Feature","properties":{"ILCE":"SEFERİHİSAR","KAPINO":null,"ENLEM":38.258217186838998,"ACIKLAMA":"3525-020-01","ILCEID":12,"MAHALLE":"TURGUT","MAHALLEID":null,"ADI":"1 NO'LU AFET VE ACİL DURUM TOPLANMA ALANI","BOYLAM":26.805444448614999,"YOL":"PINAR","Area":null},"geometry":{"type":"Point","coordinates":[26.805444448614999,38.258217186838998]}},
{"type":"Feature","properties":{"ILCE":"SEFERİHİSAR","KAPINO":null,"ENLEM":38.275906002343,"ACIKLAMA":"3525-012-01","ILCEID":12,"MAHALLE":"İHSANİYE","MAHALLEID":null,"ADI":"1 NO'LU AFET VE ACİL DURUM TOPLANMA ALANI","BOYLAM":26.808669793749999,"YOL":"İHSANİYE","Area":null},"geometry":{"type":"Point","coordinates":[26.808669793749999,38.275906002343]}},
{"type":"Feature","properties":{"ILCE":"SEFERİHİSAR","KAPINO":null,"ENLEM":38.179342314957999,"ACIKLAMA":"3525-018-01","ILCEID":12,"MAHALLE":"TEPECİK","MAHALLEID":null,"ADI":"1 NO'LU AFET VE ACİL DURUM TOPLANMA ALANI","BOYLAM":26.836151054157,"YOL":"TEPECİK","Area":null},"geometry":{"type":"Point","coordinates":[26.836151054157,38.179342314957999]}},
{"type":"Feature","properties":{"ILCE":"SEFERİHİSAR","KAPINO":null,"ENLEM":38.189527942748001,"ACIKLAMA":"3525-011-01","ILCEID":12,"MAHALLE":"HIDIRLIK","MAHALLEID":null,"ADI":"1 NO'LU AFET VE ACİL DURUM TOPLANMA ALANI","BOYLAM":26.835742650213,"YOL":"77","Area":null},"geometry":{"type":"Point","coordinates":[26.835742650213,38.189527942748001]}},
{"type":"Feature","properties":{"ILCE":"ALİAĞA","KAPINO":null,"ENLEM":38.903759712914997,"ACIKLAMA":"3502-003-01","ILCEID":3,"MAHALLE":"BAHÇEDERE","MAHALLEID":null,"ADI":"1 NO'LU AFET VE ACİL DURUM TOPLANMA ALANI","BOYLAM":27.112024239937998,"YOL":"BAHÇEDERE","Area":null},"geometry":{"type":"Point","coordinates":[27.112024239937998,38.903759712914997]}},
{"type":"Feature","properties":{"ILCE":"SEFERİHİSAR","KAPINO":null,"ENLEM":38.074945766276002,"ACIKLAMA":"3525-005-01","ILCEID":12,"MAHALLE":"CUMHURİYET","MAHALLEID":null,"ADI":"1 NO'LU AFET VE ACİL DURUM TOPLANMA ALANI","BOYLAM":26.908504685076,"YOL":"KARAKOÇ","Area":null},"geometry":{"type":"Point","coordinates":[26.908504685076,38.074945766276002]}},
{"type":"Feature","properties":{"ILCE":"SEFERİHİSAR","KAPINO":null,"ENLEM":38.086058663148997,"ACIKLAMA":"3525-001-01","ILCEID":12,"MAHALLE":"ATATÜRK","MAHALLEID":null,"ADI":"1 NO'LU AFET VE ACİL DURUM TOPLANMA ALANI","BOYLAM":26.867209875615998,"YOL":"ESKİ KÖY YERLEŞİM YERİ","Area":null},"geometry":{"type":"Point","coordinates":[26.867209875615998,38.086058663148997]}},
{"type":"Feature","properties":{"ILCE":"BERGAMA","KAPINO":null,"ENLEM":39.321960359469003,"ACIKLAMA":"3505-081-01","ILCEID":999,"MAHALLE":"KATRANCI","MAHALLEID":null,"ADI":"1 NO'LU AFET VE ACİL DURUM TOPLANMA ALANI","BOYLAM":27.312001516506999,"YOL":"KATRANCI","Area":null},"geometry":{"type":"Point","coordinates":[27.312001516506999,39.321960359469003]}},
{"type":"Feature","properties":{"ILCE":"BERGAMA","KAPINO":null,"ENLEM":39.342462776142,"ACIKLAMA":"3505-121-01","ILCEID":999,"MAHALLE":"TOPALLAR","MAHALLEID":null,"ADI":"1 NO'LU AFET VE ACİL DURUM TOPLANMA ALANI","BOYLAM":27.334550410908999,"YOL":"TOPALLAR","Area":null},"geometry":{"type":"Point","coordinates":[27.334550410908999,39.342462776142]}},
{"type":"Feature","properties":{"ILCE":"ÖDEMİŞ","KAPINO":null,"ENLEM":38.242297997451999,"ACIKLAMA":"3524-063-01","ILCEID":998,"MAHALLE":"KÜÇÜKAVULCUK","MAHALLEID":null,"ADI":"1 NO'LU AFET VE ACİL DURUM TOPLANMA ALANI","BOYLAM":28.031893783516999,"YOL":"BİRGİ YOLU","Area":null},"geometry":{"type":"Point","coordinates":[28.031893783516999,38.242297997451999]}},
{"type":"Feature","properties":{"ILCE":"ALİAĞA","KAPINO":null,"ENLEM":38.922753601097,"ACIKLAMA":"3502-001-01","ILCEID":3,"MAHALLE":"AŞAĞIŞAKRAN","MAHALLEID":null,"ADI":"1 NO'LU AFET VE ACİL DURUM TOPLANMA ALANI","BOYLAM":27.096573282331999,"YOL":"AŞAĞIŞAKRAN","Area":null},"geometry":{"type":"Point","coordinates":[27.096573282331999,38.922753601097]}},
{"type":"Feature","properties":{"ILCE":"BERGAMA","KAPINO":null,"ENLEM":39.113420652304001,"ACIKLAMA":"3505-046-01","ILCEID":999,"MAHALLE":"İNKILAP","MAHALLEID":null,"ADI":"1 NO'LU AFET VE ACİL DURUM TOPLANMA ALANI","BOYLAM":27.182795365295,"YOL":"ADNAN MENDERES","Area":null},"geometry":{"type":"Point","coordinates":[27.182795365295,39.113420652304001]}},
{"type":"Feature","properties":{"ILCE":"KARABAĞLAR","KAPINO":null,"ENLEM":38.309365589758002,"ACIKLAMA":"3531-030-01","ILCEID":19,"MAHALLE":"KAVACIK","MAHALLEID":null,"ADI":"1 NO'LU AFET VE ACİL DURUM TOPLANMA ALANI","BOYLAM":26.959181025284,"YOL":"10022","Area":null},"geometry":{"type":"Point","coordinates":[26.959181025284,38.309365589758002]}},
{"type":"Feature","properties":{"ILCE":"BORNOVA","KAPINO":null,"ENLEM":38.489355927096,"ACIKLAMA":"3507-015-01","ILCEID":2,"MAHALLE":"EVKA 4","MAHALLEID":null,"ADI":"1 NO'LU AFET VE ACİL DURUM TOPLANMA ALANI","BOYLAM":27.214853442805001,"YOL":"AHMET ARVASİ","Area":null},"geometry":{"type":"Point","coordinates":[27.214853442805001,38.489355927096]}},
{"type":"Feature","properties":{"ILCE":"SEFERİHİSAR","KAPINO":null,"ENLEM":38.284547701298997,"ACIKLAMA":"3525-006-01","ILCEID":12,"MAHALLE":"ÇAMTEPE","MAHALLEID":null,"ADI":"1 NO'LU AFET VE ACİL DURUM TOPLANMA ALANI","BOYLAM":26.941879155413002,"YOL":"ÇAMTEPE KÖY YOLU","Area":null},"geometry":{"type":"Point","coordinates":[26.941879155413002,38.284547701298997]}},
{"type":"Feature","properties":{"ILCE":"BAYRAKLI","KAPINO":null,"ENLEM":38.494912842337001,"ACIKLAMA":"3530-008-01","ILCEID":11,"MAHALLE":"DOĞANÇAY","MAHALLEID":null,"ADI":"1 NO'LU AFET VE ACİL DURUM TOPLANMA ALANI","BOYLAM":27.160481703818999,"YOL":"7194/11","Area":null},"geometry":{"type":"Point","coordinates":[27.160481703818999,38.494912842337001]}},
{"type":"Feature","properties":{"ILCE":"ALİAĞA","KAPINO":null,"ENLEM":38.833683027961001,"ACIKLAMA":"3502-009-01","ILCEID":3,"MAHALLE":"ÇORAKLAR","MAHALLEID":null,"ADI":"1 NO'LU AFET VE ACİL DURUM TOPLANMA ALANI","BOYLAM":27.077011533381999,"YOL":"ÇORAKLAR MERCAN","Area":null},"geometry":{"type":"Point","coordinates":[27.077011533381999,38.833683027961001]}},
{"type":"Feature","properties":{"ILCE":"ALİAĞA","KAPINO":null,"ENLEM":38.852894885898998,"ACIKLAMA":"3502-007-01","ILCEID":3,"MAHALLE":"ÇALTILIDERE","MAHALLEID":null,"ADI":"1 NO'LU AFET VE ACİL DURUM TOPLANMA ALANI","BOYLAM":27.034587707136001,"YOL":"ÇALTILIDERE CAMİ","Area":null},"geometry":{"type":"Point","coordinates":[27.034587707136001,38.852894885898998]}},
{"type":"Feature","properties":{"ILCE":"BALÇOVA","KAPINO":null,"ENLEM":38.389332270700002,"ACIKLAMA":"3503-007-01","ILCEID":14,"MAHALLE":"ONUR","MAHALLEID":null,"ADI":"1 NO'LU AFET VE ACİL DURUM TOPLANMA ALANI","BOYLAM":27.049785434802999,"YOL":"YEŞİL CAMİİ","Area":null},"geometry":{"type":"Point","coordinates":[27.049785434802999,38.389332270700002]}},
{"type":"Feature","properties":{"ILCE":"SEFERİHİSAR","KAPINO":null,"ENLEM":38.199983869634998,"ACIKLAMA":"3525-007-01","ILCEID":12,"MAHALLE":"ÇOLAK İBRAHİM BEY","MAHALLEID":null,"ADI":"1 NO'LU AFET VE ACİL DURUM TOPLANMA ALANI","BOYLAM":26.834986011159,"YOL":"FEVZİ ÇAKMAK","Area":null},"geometry":{"type":"Point","coordinates":[26.834986011159,38.199983869634998]}},
{"type":"Feature","properties":{"ILCE":"BERGAMA","KAPINO":null,"ENLEM":38.940801802648998,"ACIKLAMA":"3505-084-01","ILCEID":999,"MAHALLE":"KIZILTEPE","MAHALLEID":null,"ADI":"1 NO'LU AFET VE ACİL DURUM TOPLANMA ALANI","BOYLAM":27.133301294140999,"YOL":"KIZILTEPE","Area":null},"geometry":{"type":"Point","coordinates":[27.133301294140999,38.940801802648998]}},
{"type":"Feature","properties":{"ILCE":"BALÇOVA","KAPINO":null,"ENLEM":38.396122247586,"ACIKLAMA":"3503-003-01","ILCEID":14,"MAHALLE":"EĞİTİM","MAHALLEID":null,"ADI":"1 NO'LU AFET VE ACİL DURUM TOPLANMA ALANI","BOYLAM":27.061332364729999,"YOL":"GAZİ OSMAN PAŞA","Area":null},"geometry":{"type":"Point","coordinates":[27.061332364729999,38.396122247586]}},
{"type":"Feature","properties":{"ILCE":"BALÇOVA","KAPINO":null,"ENLEM":38.389475257759003,"ACIKLAMA":"3503-006-01","ILCEID":14,"MAHALLE":"KORUTÜRK","MAHALLEID":null,"ADI":"1 NO'LU AFET VE ACİL DURUM TOPLANMA ALANI","BOYLAM":27.038132492471998,"YOL":"V. HÜSEYİN ÖĞÜTÇEN","Area":null},"geometry":{"type":"Point","coordinates":[27.038132492471998,38.389475257759003]}},
{"type":"Feature","properties":{"ILCE":"BALÇOVA","KAPINO":null,"ENLEM":38.395213230854999,"ACIKLAMA":"3503-005-01","ILCEID":14,"MAHALLE":"İNCİRALTI","MAHALLEID":null,"ADI":"1 NO'LU AFET VE ACİL DURUM TOPLANMA ALANI","BOYLAM":27.040385471391001,"YOL":"MİTHATPAŞA","Area":null},"geometry":{"type":"Point","coordinates":[27.040385471391001,38.395213230854999]}},
{"type":"Feature","properties":{"ILCE":"BERGAMA","KAPINO":null,"ENLEM":39.113120735305003,"ACIKLAMA":"3505-092-01","ILCEID":999,"MAHALLE":"MALTEPE","MAHALLEID":null,"ADI":"1 NO'LU AFET VE ACİL DURUM TOPLANMA ALANI","BOYLAM":27.174501573846001,"YOL":"ATATÜRK","Area":null},"geometry":{"type":"Point","coordinates":[27.174501573846001,39.113120735305003]}},
{"type":"Feature","properties":{"ILCE":"BALÇOVA","KAPINO":null,"ENLEM":38.384402304494003,"ACIKLAMA":"3503-008-01","ILCEID":14,"MAHALLE":"TELEFERİK","MAHALLEID":null,"ADI":"1 NO'LU AFET VE ACİL DURUM TOPLANMA ALANI","BOYLAM":27.057011406337999,"YOL":"ENVERPAŞA","Area":null},"geometry":{"type":"Point","coordinates":[27.057011406337999,38.384402304494003]}},
{"type":"Feature","properties":{"ILCE":"NARLIDERE","KAPINO":null,"ENLEM":38.392241749421999,"ACIKLAMA":"3523-004-01","ILCEID":5,"MAHALLE":"ÇAMTEPE","MAHALLEID":null,"ADI":"1 NO'LU AFET VE ACİL DURUM TOPLANMA ALANI","BOYLAM":27.011945454919001,"YOL":"KAYHAN","Area":null},"geometry":{"type":"Point","coordinates":[27.011945454919001,38.392241749421999]}},
{"type":"Feature","properties":{"ILCE":"ÖDEMİŞ","KAPINO":null,"ENLEM":38.253727046864,"ACIKLAMA":"3524-019-01","ILCEID":998,"MAHALLE":"CEVİZALAN","MAHALLEID":null,"ADI":"1 NO'LU AFET VE ACİL DURUM TOPLANMA ALANI","BOYLAM":28.119289234065,"YOL":"CEVİZALAN","Area":null},"geometry":{"type":"Point","coordinates":[28.119289234065,38.253727046864]}},
{"type":"Feature","properties":{"ILCE":"GAZİEMİR","KAPINO":null,"ENLEM":38.319220791162003,"ACIKLAMA":"3513-003-01","ILCEID":15,"MAHALLE":"ATIFBEY","MAHALLEID":null,"ADI":"1 NO'LU AFET VE ACİL DURUM TOPLANMA ALANI","BOYLAM":27.130592232731999,"YOL":"FERİDUN PÖZÜT","Area":null},"geometry":{"type":"Point","coordinates":[27.130592232731999,38.319220791162003]}},
{"type":"Feature","properties":{"ILCE":"ÖDEMİŞ","KAPINO":null,"ENLEM":38.241289192693003,"ACIKLAMA":"3524-093-01","ILCEID":998,"MAHALLE":"YENİCEKÖY","MAHALLEID":null,"ADI":"1 NO'LU AFET VE ACİL DURUM TOPLANMA ALANI","BOYLAM":27.950044223056999,"YOL":"YENİCEKÖY","Area":null},"geometry":{"type":"Point","coordinates":[27.950044223056999,38.241289192693003]}},
{"type":"Feature","properties":{"ILCE":"MENDERES","KAPINO":null,"ENLEM":38.076551845234,"ACIKLAMA":"3521-026-01","ILCEID":13,"MAHALLE":"GÜMÜLDÜR CUMHURİYET","MAHALLEID":null,"ADI":"1 NO'LU AFET VE ACİL DURUM TOPLANMA ALANI","BOYLAM":26.990413266015,"YOL":"6447","Area":null},"geometry":{"type":"Point","coordinates":[26.990413266015,38.076551845234]}},
{"type":"Feature","properties":{"ILCE":"BORNOVA","KAPINO":null,"ENLEM":38.416959286565998,"ACIKLAMA":"3507-032-01","ILCEID":2,"MAHALLE":"MERKEZ","MAHALLEID":null,"ADI":"1 NO'LU AFET VE ACİL DURUM TOPLANMA ALANI","BOYLAM":27.201307631586001,"YOL":"FEVZİ PAŞA","Area":null},"geometry":{"type":"Point","coordinates":[27.201307631586001,38.416959286565998]}},
{"type":"Feature","properties":{"ILCE":"ÖDEMİŞ","KAPINO":null,"ENLEM":38.224650102109003,"ACIKLAMA":"3524-043-01","ILCEID":998,"MAHALLE":"IŞIK","MAHALLEID":null,"ADI":"1 NO'LU AFET VE ACİL DURUM TOPLANMA ALANI","BOYLAM":27.884853224602001,"YOL":"IŞIKLAR","Area":null},"geometry":{"type":"Point","coordinates":[27.884853224602001,38.224650102109003]}},
{"type":"Feature","properties":{"ILCE":"GAZİEMİR","KAPINO":null,"ENLEM":38.339383629497,"ACIKLAMA":"3513-004-01","ILCEID":15,"MAHALLE":"BEYAZEVLER","MAHALLEID":null,"ADI":"1 NO'LU AFET VE ACİL DURUM TOPLANMA ALANI","BOYLAM":27.144176046502999,"YOL":"541","Area":null},"geometry":{"type":"Point","coordinates":[27.144176046502999,38.339383629497]}},
{"type":"Feature","properties":{"ILCE":"BORNOVA","KAPINO":null,"ENLEM":38.499091949083002,"ACIKLAMA":"3507-008-01","ILCEID":2,"MAHALLE":"ÇİÇEKLİ","MAHALLEID":null,"ADI":"1 NO'LU AFET VE ACİL DURUM TOPLANMA ALANI","BOYLAM":27.284460080950002,"YOL":"ÇİÇEKLİ","Area":null},"geometry":{"type":"Point","coordinates":[27.284460080950002,38.499091949083002]}},
{"type":"Feature","properties":{"ILCE":"ÖDEMİŞ","KAPINO":null,"ENLEM":38.297378539526001,"ACIKLAMA":"3524-055-01","ILCEID":998,"MAHALLE":"KIZILCA","MAHALLEID":null,"ADI":"1 NO'LU AFET VE ACİL DURUM TOPLANMA ALANI","BOYLAM":27.844328623471998,"YOL":"KIZILCA","Area":null},"geometry":{"type":"Point","coordinates":[27.844328623471998,38.297378539526001]}},
{"type":"Feature","properties":{"ILCE":"BERGAMA","KAPINO":null,"ENLEM":39.376322411319002,"ACIKLAMA":"3505-132-01","ILCEID":999,"MAHALLE":"YUKARIADA","MAHALLEID":null,"ADI":"1 NO'LU AFET VE ACİL DURUM TOPLANMA ALANI","BOYLAM":27.344329617852999,"YOL":"YUKARIADA","Area":null},"geometry":{"type":"Point","coordinates":[27.344329617852999,39.376322411319002]}},
{"type":"Feature","properties":{"ILCE":"ALİAĞA","KAPINO":null,"ENLEM":38.79176113202,"ACIKLAMA":"3502-027-01","ILCEID":3,"MAHALLE":"YENİ","MAHALLEID":null,"ADI":"1 NO'LU AFET VE ACİL DURUM TOPLANMA ALANI","BOYLAM":26.976948096415001,"YOL":"572","Area":null},"geometry":{"type":"Point","coordinates":[26.976948096415001,38.79176113202]}},
{"type":"Feature","properties":{"ILCE":"GAZİEMİR","KAPINO":null,"ENLEM":38.293914896852002,"ACIKLAMA":"3513-002-01","ILCEID":15,"MAHALLE":"ATATÜRK","MAHALLEID":null,"ADI":"1 NO'LU AFET VE ACİL DURUM TOPLANMA ALANI","BOYLAM":27.174134973621001,"YOL":"1045/1","Area":null},"geometry":{"type":"Point","coordinates":[27.174134973621001,38.293914896852002]}},
{"type":"Feature","properties":{"ILCE":"BORNOVA","KAPINO":null,"ENLEM":38.429765223832,"ACIKLAMA":"3507-042-01","ILCEID":2,"MAHALLE":"YEŞİLOVA","MAHALLEID":null,"ADI":"1 NO'LU AFET VE ACİL DURUM TOPLANMA ALANI","BOYLAM":27.204819592928999,"YOL":"4178/1","Area":null},"geometry":{"type":"Point","coordinates":[27.204819592928999,38.429765223832]}},
{"type":"Feature","properties":{"ILCE":"FOÇA","KAPINO":null,"ENLEM":38.695709485910001,"ACIKLAMA":"3512-011-01","ILCEID":4,"MAHALLE":"KOCA MEHMETLER","MAHALLEID":null,"ADI":"1 NO'LU AFET VE ACİL DURUM TOPLANMA ALANI","BOYLAM":26.854199869761,"YOL":"ŞEHİT ER VELİ YILMAZ","Area":null},"geometry":{"type":"Point","coordinates":[26.854199869761,38.695709485910001]}},
{"type":"Feature","properties":{"ILCE":"GAZİEMİR","KAPINO":null,"ENLEM":38.329368668458002,"ACIKLAMA":"3513-009-01","ILCEID":15,"MAHALLE":"GAZİ","MAHALLEID":null,"ADI":"1 NO'LU AFET VE ACİL DURUM TOPLANMA ALANI","BOYLAM":27.131995124934001,"YOL":"28/27","Area":null},"geometry":{"type":"Point","coordinates":[27.131995124934001,38.329368668458002]}},
{"type":"Feature","properties":{"ILCE":"BORNOVA","KAPINO":null,"ENLEM":38.429298297137002,"ACIKLAMA":"3507-018-01","ILCEID":2,"MAHALLE":"GÜRPINAR","MAHALLEID":null,"ADI":"1 NO'LU AFET VE ACİL DURUM TOPLANMA ALANI","BOYLAM":27.273339252155001,"YOL":"7058","Area":null},"geometry":{"type":"Point","coordinates":[27.273339252155001,38.429298297137002]}},
{"type":"Feature","properties":{"ILCE":"ÖDEMİŞ","KAPINO":null,"ENLEM":38.218346339183,"ACIKLAMA":"3524-032-01","ILCEID":998,"MAHALLE":"EMMİOĞLU","MAHALLEID":null,"ADI":"1 NO'LU AFET VE ACİL DURUM TOPLANMA ALANI","BOYLAM":27.966037390406999,"YOL":"SANAYİ SİTESİ ŞEREF USTA","Area":null},"geometry":{"type":"Point","coordinates":[27.966037390406999,38.218346339183]}},
{"type":"Feature","properties":{"ILCE":"BERGAMA","KAPINO":null,"ENLEM":39.239480915594001,"ACIKLAMA":"3505-124-01","ILCEID":999,"MAHALLE":"ÜÇTEPE","MAHALLEID":null,"ADI":"1 NO'LU AFET VE ACİL DURUM TOPLANMA ALANI","BOYLAM":27.246806426462999,"YOL":"ÜÇTEPE","Area":null},"geometry":{"type":"Point","coordinates":[27.246806426462999,39.239480915594001]}},
{"type":"Feature","properties":{"ILCE":"BERGAMA","KAPINO":null,"ENLEM":39.270212137549997,"ACIKLAMA":"3505-008-01","ILCEID":999,"MAHALLE":"AŞAĞICUMA","MAHALLEID":null,"ADI":"1 NO'LU AFET VE ACİL DURUM TOPLANMA ALANI","BOYLAM":27.011401998522999,"YOL":"AŞAĞICUMA","Area":null},"geometry":{"type":"Point","coordinates":[27.011401998522999,39.270212137549997]}},
{"type":"Feature","properties":{"ILCE":"BORNOVA","KAPINO":null,"ENLEM":38.458749139546001,"ACIKLAMA":"3507-034-01","ILCEID":2,"MAHALLE":"NALDÖKEN","MAHALLEID":null,"ADI":"1 NO'LU AFET VE ACİL DURUM TOPLANMA ALANI","BOYLAM":27.267646232084999,"YOL":"1236","Area":null},"geometry":{"type":"Point","coordinates":[27.267646232084999,38.458749139546001]}},
{"type":"Feature","properties":{"ILCE":"BERGAMA","KAPINO":null,"ENLEM":38.932953032904997,"ACIKLAMA":"3505-070-01","ILCEID":999,"MAHALLE":"İSMAİLLİ","MAHALLEID":null,"ADI":"1 NO'LU AFET VE ACİL DURUM TOPLANMA ALANI","BOYLAM":27.213667848271001,"YOL":"İSMAİLLİ","Area":null},"geometry":{"type":"Point","coordinates":[27.213667848271001,38.932953032904997]}},
{"type":"Feature","properties":{"ILCE":"SEFERİHİSAR","KAPINO":null,"ENLEM":38.076763520326999,"ACIKLAMA":"3525-016-01","ILCEID":12,"MAHALLE":"PAYAMLI","MAHALLEID":null,"ADI":"1 NO'LU AFET VE ACİL DURUM TOPLANMA ALANI","BOYLAM":26.927391509671001,"YOL":"KOCA YUSUF","Area":null},"geometry":{"type":"Point","coordinates":[26.927391509671001,38.076763520326999]}},
{"type":"Feature","properties":{"ILCE":"BERGAMA","KAPINO":null,"ENLEM":39.267086381460999,"ACIKLAMA":"3505-017-01","ILCEID":999,"MAHALLE":"AYVATLAR","MAHALLEID":null,"ADI":"1 NO'LU AFET VE ACİL DURUM TOPLANMA ALANI","BOYLAM":26.981822118709001,"YOL":"AYVATALAR","Area":null},"geometry":{"type":"Point","coordinates":[26.981822118709001,39.267086381460999]}},
{"type":"Feature","properties":{"ILCE":"BERGAMA","KAPINO":null,"ENLEM":39.324255301946998,"ACIKLAMA":"3505-059-01","ILCEID":999,"MAHALLE":"HACILAR (DEREKÖY BUCAĞI)","MAHALLEID":null,"ADI":"1 NO'LU AFET VE ACİL DURUM TOPLANMA ALANI","BOYLAM":27.270022603217999,"YOL":"HACILAR (DEREKÖY BUCAĞI)","Area":null},"geometry":{"type":"Point","coordinates":[27.270022603217999,39.324255301946998]}},
{"type":"Feature","properties":{"ILCE":"BERGAMA","KAPINO":null,"ENLEM":39.242767998143997,"ACIKLAMA":"3505-088-01","ILCEID":999,"MAHALLE":"KOZLUCA","MAHALLEID":null,"ADI":"1 NO'LU AFET VE ACİL DURUM TOPLANMA ALANI","BOYLAM":27.428449924113,"YOL":"KOZLUCA MERKEZ","Area":null},"geometry":{"type":"Point","coordinates":[27.428449924113,39.242767998143997]}},
{"type":"Feature","properties":{"ILCE":"ALİAĞA","KAPINO":null,"ENLEM":38.890417818011002,"ACIKLAMA":"3502-030-01","ILCEID":3,"MAHALLE":"YÜKSEKKÖY","MAHALLEID":null,"ADI":"1 NO'LU AFET VE ACİL DURUM TOPLANMA ALANI","BOYLAM":27.148297086821,"YOL":"28/11","Area":null},"geometry":{"type":"Point","coordinates":[27.148297086821,38.890417818011002]}},
{"type":"Feature","properties":{"ILCE":"BERGAMA","KAPINO":null,"ENLEM":39.055216034083003,"ACIKLAMA":"3505-006-01","ILCEID":999,"MAHALLE":"ARMAĞANLAR","MAHALLEID":null,"ADI":"1 NO'LU AFET VE ACİL DURUM TOPLANMA ALANI","BOYLAM":27.185633619989002,"YOL":"ARMAĞANLAR","Area":null},"geometry":{"type":"Point","coordinates":[27.185633619989002,39.055216034083003]}},
{"type":"Feature","properties":{"ILCE":"BORNOVA","KAPINO":null,"ENLEM":38.427752225931002,"ACIKLAMA":"3507-004-01","ILCEID":2,"MAHALLE":"BİRLİK","MAHALLEID":null,"ADI":"1 NO'LU AFET VE ACİL DURUM TOPLANMA ALANI","BOYLAM":27.196960634900002,"YOL":"4263","Area":null},"geometry":{"type":"Point","coordinates":[27.196960634900002,38.427752225931002]}},
{"type":"Feature","properties":{"ILCE":"FOÇA","KAPINO":null,"ENLEM":38.690109566673001,"ACIKLAMA":"3512-016-01","ILCEID":4,"MAHALLE":"YENİKÖY","MAHALLEID":null,"ADI":"1 NO'LU AFET VE ACİL DURUM TOPLANMA ALANI","BOYLAM":26.901999644488001,"YOL":"YENİKÖY KÖYÜ KÜME EVLER","Area":null},"geometry":{"type":"Point","coordinates":[26.901999644488001,38.690109566673001]}},
{"type":"Feature","properties":{"ILCE":"BALÇOVA","KAPINO":null,"ENLEM":38.385444299866997,"ACIKLAMA":"3503-004-01","ILCEID":14,"MAHALLE":"FEVZİ ÇAKMAK","MAHALLEID":null,"ADI":"1 NO'LU AFET VE ACİL DURUM TOPLANMA ALANI","BOYLAM":27.058426397672001,"YOL":"ATA","Area":null},"geometry":{"type":"Point","coordinates":[27.058426397672001,38.385444299866997]}},
{"type":"Feature","properties":{"ILCE":"MENEMEN","KAPINO":null,"ENLEM":38.625846168941003,"ACIKLAMA":"3522-046-01","ILCEID":17,"MAHALLE":"KIR","MAHALLEID":null,"ADI":"1 NO'LU AFET VE ACİL DURUM TOPLANMA ALANI","BOYLAM":27.159115487984,"YOL":"9 EYLÜL KURTULUŞ","Area":null},"geometry":{"type":"Point","coordinates":[27.159115487984,38.625846168941003]}},
{"type":"Feature","properties":{"ILCE":"BERGAMA","KAPINO":null,"ENLEM":39.290778372928003,"ACIKLAMA":"3505-058-01","ILCEID":999,"MAHALLE":"HACIHAMZALAR","MAHALLEID":null,"ADI":"1 NO'LU AFET VE ACİL DURUM TOPLANMA ALANI","BOYLAM":27.045710023178,"YOL":"HACIHAMZALAR","Area":null},"geometry":{"type":"Point","coordinates":[27.045710023178,39.290778372928003]}},
{"type":"Feature","properties":{"ILCE":"ÖDEMİŞ","KAPINO":null,"ENLEM":38.217528932739,"ACIKLAMA":"3524-034-01","ILCEID":998,"MAHALLE":"GERÇEKLİ","MAHALLEID":null,"ADI":"1 NO'LU AFET VE ACİL DURUM TOPLANMA ALANI","BOYLAM":28.065936610721,"YOL":"GERÇEKLİ","Area":null},"geometry":{"type":"Point","coordinates":[28.065936610721,38.217528932739]}},
{"type":"Feature","properties":{"ILCE":"BORNOVA","KAPINO":null,"ENLEM":38.517038809361999,"ACIKLAMA":"3507-024-01","ILCEID":2,"MAHALLE":"KAYADİBİ","MAHALLEID":null,"ADI":"1 NO'LU AFET VE ACİL DURUM TOPLANMA ALANI","BOYLAM":27.238386279886999,"YOL":"KAYADİBİ","Area":null},"geometry":{"type":"Point","coordinates":[27.238386279886999,38.517038809361999]}},
{"type":"Feature","properties":{"ILCE":"BERGAMA","KAPINO":null,"ENLEM":39.288070175979001,"ACIKLAMA":"3505-004-01","ILCEID":999,"MAHALLE":"ALHATLI","MAHALLEID":null,"ADI":"1 NO'LU AFET VE ACİL DURUM TOPLANMA ALANI","BOYLAM":27.384681399026,"YOL":"ALHATLI MERKEZ","Area":null},"geometry":{"type":"Point","coordinates":[27.384681399026,39.288070175979001]}},
{"type":"Feature","properties":{"ILCE":"ÖDEMİŞ","KAPINO":null,"ENLEM":38.313598503266,"ACIKLAMA":"3524-074-01","ILCEID":998,"MAHALLE":"OVACIK","MAHALLEID":null,"ADI":"1 NO'LU AFET VE ACİL DURUM TOPLANMA ALANI","BOYLAM":28.052783368274,"YOL":"OVACIK","Area":null},"geometry":{"type":"Point","coordinates":[28.052783368274,38.313598503266]}},
{"type":"Feature","properties":{"ILCE":"GAZİEMİR","KAPINO":null,"ENLEM":38.357948517430003,"ACIKLAMA":"3513-007-01","ILCEID":15,"MAHALLE":"EMREZ","MAHALLEID":null,"ADI":"1 NO'LU AFET VE ACİL DURUM TOPLANMA ALANI","BOYLAM":27.129505089066999,"YOL":"196","Area":null},"geometry":{"type":"Point","coordinates":[27.129505089066999,38.357948517430003]}},
{"type":"Feature","properties":{"ILCE":"BERGAMA","KAPINO":null,"ENLEM":38.995250848277003,"ACIKLAMA":"3505-014-01","ILCEID":999,"MAHALLE":"AVUNDUK","MAHALLEID":null,"ADI":"1 NO'LU AFET VE ACİL DURUM TOPLANMA ALANI","BOYLAM":27.209048410226998,"YOL":"AVUNDUK","Area":null},"geometry":{"type":"Point","coordinates":[27.209048410226998,38.995250848277003]}},
{"type":"Feature","properties":{"ILCE":"BERGAMA","KAPINO":null,"ENLEM":39.221829506608003,"ACIKLAMA":"3505-100-01","ILCEID":999,"MAHALLE":"ÖRENLİ","MAHALLEID":null,"ADI":"1 NO'LU AFET VE ACİL DURUM TOPLANMA ALANI","BOYLAM":27.267890749884,"YOL":"ÖRENLİ","Area":null},"geometry":{"type":"Point","coordinates":[27.267890749884,39.221829506608003]}},
{"type":"Feature","properties":{"ILCE":"BORNOVA","KAPINO":null,"ENLEM":38.473245050509,"ACIKLAMA":"3507-014-01","ILCEID":2,"MAHALLE":"EVKA 3","MAHALLEID":null,"ADI":"1 NO'LU AFET VE ACİL DURUM TOPLANMA ALANI","BOYLAM":27.254406272851,"YOL":"127/9","Area":null},"geometry":{"type":"Point","coordinates":[27.254406272851,38.473245050509]}},
{"type":"Feature","properties":{"ILCE":"ALİAĞA","KAPINO":null,"ENLEM":38.700923654905999,"ACIKLAMA":"3502-021-01","ILCEID":3,"MAHALLE":"MİMAR SİNAN","MAHALLEID":null,"ADI":"1 NO'LU AFET VE ACİL DURUM TOPLANMA ALANI","BOYLAM":27.034773971086999,"YOL":"2619","Area":null},"geometry":{"type":"Point","coordinates":[27.034773971086999,38.700923654905999]}},
{"type":"Feature","properties":{"ILCE":"NARLIDERE","KAPINO":null,"ENLEM":38.381005119885003,"ACIKLAMA":"3523-008-01","ILCEID":5,"MAHALLE":"LİMANREİS","MAHALLEID":null,"ADI":"1 NO'LU AFET VE ACİL DURUM TOPLANMA ALANI","BOYLAM":26.924837159056999,"YOL":"MADALYON","Area":null},"geometry":{"type":"Point","coordinates":[26.924837159056999,38.381005119885003]}},
{"type":"Feature","properties":{"ILCE":"ÖDEMİŞ","KAPINO":null,"ENLEM":38.230364003478002,"ACIKLAMA":"3524-010-01","ILCEID":998,"MAHALLE":"BENGİSU","MAHALLEID":null,"ADI":"1 NO'LU AFET VE ACİL DURUM TOPLANMA ALANI","BOYLAM":27.970202102967001,"YOL":"MALAZGİRT","Area":null},"geometry":{"type":"Point","coordinates":[27.970202102967001,38.230364003478002]}},
{"type":"Feature","properties":{"ILCE":"FOÇA","KAPINO":null,"ENLEM":38.738809249452999,"ACIKLAMA":"3512-014-01","ILCEID":4,"MAHALLE":"MUSTAFA KEMAL ATATÜRK","MAHALLEID":null,"ADI":"1 NO'LU AFET VE ACİL DURUM TOPLANMA ALANI","BOYLAM":26.837999871832999,"YOL":"İZMİR","Area":null},"geometry":{"type":"Point","coordinates":[26.837999871832999,38.738809249452999]}},
{"type":"Feature","properties":{"ILCE":"BORNOVA","KAPINO":null,"ENLEM":38.450298230969999,"ACIKLAMA":"3507-023-01","ILCEID":2,"MAHALLE":"KAVAKLIDERE","MAHALLEID":null,"ADI":"1 NO'LU AFET VE ACİL DURUM TOPLANMA ALANI","BOYLAM":27.314924010314002,"YOL":"KAVAKLIDERE","Area":null},"geometry":{"type":"Point","coordinates":[27.314924010314002,38.450298230969999]}},
{"type":"Feature","properties":{"ILCE":"BORNOVA","KAPINO":null,"ENLEM":38.438498184825001,"ACIKLAMA":"3507-021-01","ILCEID":2,"MAHALLE":"KARACAOĞLAN","MAHALLEID":null,"ADI":"1 NO'LU AFET VE ACİL DURUM TOPLANMA ALANI","BOYLAM":27.210174551556999,"YOL":"6241","Area":null},"geometry":{"type":"Point","coordinates":[27.210174551556999,38.438498184825001]}},
{"type":"Feature","properties":{"ILCE":"BORNOVA","KAPINO":null,"ENLEM":38.464095054085,"ACIKLAMA":"3507-012-01","ILCEID":2,"MAHALLE":"ERGENE","MAHALLEID":null,"ADI":"1 NO'LU AFET VE ACİL DURUM TOPLANMA ALANI","BOYLAM":27.211443501967,"YOL":"MUSTAFA KEMAL","Area":null},"geometry":{"type":"Point","coordinates":[27.211443501967,38.464095054085]}},
{"type":"Feature","properties":{"ILCE":"BORNOVA","KAPINO":null,"ENLEM":38.425156276982001,"ACIKLAMA":"3507-010-01","ILCEID":2,"MAHALLE":"EGEMENLİK","MAHALLEID":null,"ADI":"1 NO'LU AFET VE ACİL DURUM TOPLANMA ALANI","BOYLAM":27.232878460626999,"YOL":"6093","Area":null},"geometry":{"type":"Point","coordinates":[27.232878460626999,38.425156276982001]}},
{"type":"Feature","properties":{"ILCE":"BORNOVA","KAPINO":null,"ENLEM":38.450845165959997,"ACIKLAMA":"3507-009-01","ILCEID":2,"MAHALLE":"DOĞANLAR","MAHALLEID":null,"ADI":"1 NO'LU AFET VE ACİL DURUM TOPLANMA ALANI","BOYLAM":27.254083311877,"YOL":"1432","Area":null},"geometry":{"type":"Point","coordinates":[27.254083311877,38.450845165959997]}},
{"type":"Feature","properties":{"ILCE":"BORNOVA","KAPINO":null,"ENLEM":38.413551291262003,"ACIKLAMA":"3507-006-01","ILCEID":2,"MAHALLE":"ÇAMKULE","MAHALLEID":null,"ADI":"1 NO'LU AFET VE ACİL DURUM TOPLANMA ALANI","BOYLAM":27.188437701091001,"YOL":"4720","Area":null},"geometry":{"type":"Point","coordinates":[27.188437701091001,38.413551291262003]}},
{"type":"Feature","properties":{"ILCE":"ÖDEMİŞ","KAPINO":null,"ENLEM":38.339286417033001,"ACIKLAMA":"3524-015-01","ILCEID":998,"MAHALLE":"BOZDAĞ","MAHALLEID":null,"ADI":"1 NO'LU AFET VE ACİL DURUM TOPLANMA ALANI","BOYLAM":28.074635617596002,"YOL":"ÜÇLER","Area":null},"geometry":{"type":"Point","coordinates":[28.074635617596002,38.339286417033001]}},
{"type":"Feature","properties":{"ILCE":"ÖDEMİŞ","KAPINO":null,"ENLEM":38.118901844253998,"ACIKLAMA":"3524-014-01","ILCEID":998,"MAHALLE":"BOZCAYAKA","MAHALLEID":null,"ADI":"1 NO'LU AFET VE ACİL DURUM TOPLANMA ALANI","BOYLAM":27.975409663059001,"YOL":"BOZCAYAKA","Area":null},"geometry":{"type":"Point","coordinates":[27.975409663059001,38.118901844253998]}},
{"type":"Feature","properties":{"ILCE":"ÖDEMİŞ","KAPINO":null,"ENLEM":38.177925074850002,"ACIKLAMA":"3524-060-01","ILCEID":998,"MAHALLE":"KURUCUOVA","MAHALLEID":null,"ADI":"1 NO'LU AFET VE ACİL DURUM TOPLANMA ALANI","BOYLAM":28.087698532345001,"YOL":"KURUCUOVA","Area":null},"geometry":{"type":"Point","coordinates":[28.087698532345001,38.177925074850002]}},
{"type":"Feature","properties":{"ILCE":"ÖDEMİŞ","KAPINO":null,"ENLEM":38.135308785566998,"ACIKLAMA":"3524-066-01","ILCEID":998,"MAHALLE":"MESCİTLİ","MAHALLEID":null,"ADI":"1 NO'LU AFET VE ACİL DURUM TOPLANMA ALANI","BOYLAM":28.074183345369999,"YOL":"MESCİTLİ","Area":null},"geometry":{"type":"Point","coordinates":[28.074183345369999,38.135308785566998]}},
{"type":"Feature","properties":{"ILCE":"NARLIDERE","KAPINO":null,"ENLEM":38.395459054817998,"ACIKLAMA":"3523-011-01","ILCEID":5,"MAHALLE":"YENİKALE","MAHALLEID":null,"ADI":"1 NO'LU AFET VE ACİL DURUM TOPLANMA ALANI","BOYLAM":27.006413472140999,"YOL":"TAYLAN","Area":null},"geometry":{"type":"Point","coordinates":[27.006413472140999,38.395459054817998]}},
{"type":"Feature","properties":{"ILCE":"ÖDEMİŞ","KAPINO":null,"ENLEM":38.232902453885004,"ACIKLAMA":"3524-062-01","ILCEID":998,"MAHALLE":"KUVVETLİ","MAHALLEID":null,"ADI":"1 NO'LU AFET VE ACİL DURUM TOPLANMA ALANI","BOYLAM":27.962824841408999,"YOL":"ÖRNEK","Area":null},"geometry":{"type":"Point","coordinates":[27.962824841408999,38.232902453885004]}},
{"type":"Feature","properties":{"ILCE":"ÖDEMİŞ","KAPINO":null,"ENLEM":38.377186288860003,"ACIKLAMA":"3524-041-01","ILCEID":998,"MAHALLE":"HORZUM","MAHALLEID":null,"ADI":"1 NO'LU AFET VE ACİL DURUM TOPLANMA ALANI","BOYLAM":27.899242417080998,"YOL":"ÇALI","Area":null},"geometry":{"type":"Point","coordinates":[27.899242417080998,38.377186288860003]}},
{"type":"Feature","properties":{"ILCE":"BORNOVA","KAPINO":null,"ENLEM":38.437963164209002,"ACIKLAMA":"3507-043-01","ILCEID":2,"MAHALLE":"YILDIRIM BEYAZIT","MAHALLEID":null,"ADI":"1 NO'LU AFET VE ACİL DURUM TOPLANMA ALANI","BOYLAM":27.18823066158,"YOL":"BURAK REİS","Area":null},"geometry":{"type":"Point","coordinates":[27.18823066158,38.437963164209002]}},
{"type":"Feature","properties":{"ILCE":"BERGAMA","KAPINO":null,"ENLEM":39.187837532392003,"ACIKLAMA":"3505-135-01","ILCEID":999,"MAHALLE":"YUKARIKIRIKLAR","MAHALLEID":null,"ADI":"1 NO'LU AFET VE ACİL DURUM TOPLANMA ALANI","BOYLAM":27.235299218824,"YOL":"YUKARIKIRIKLAR","Area":null},"geometry":{"type":"Point","coordinates":[27.235299218824,39.187837532392003]}},
{"type":"Feature","properties":{"ILCE":"BERGAMA","KAPINO":null,"ENLEM":39.250154155178997,"ACIKLAMA":"3505-131-01","ILCEID":999,"MAHALLE":"YORTANLI","MAHALLEID":null,"ADI":"1 NO'LU AFET VE ACİL DURUM TOPLANMA ALANI","BOYLAM":27.265476898762,"YOL":"YORTANLI","Area":null},"geometry":{"type":"Point","coordinates":[27.265476898762,39.250154155178997]}},
{"type":"Feature","properties":{"ILCE":"BERGAMA","KAPINO":null,"ENLEM":39.009101747208,"ACIKLAMA":"3505-128-01","ILCEID":999,"MAHALLE":"YENİKENT","MAHALLEID":null,"ADI":"1 NO'LU AFET VE ACİL DURUM TOPLANMA ALANI","BOYLAM":27.058608292552002,"YOL":"KEMAL ATATÜRK","Area":null},"geometry":{"type":"Point","coordinates":[27.058608292552002,39.009101747208]}},
{"type":"Feature","properties":{"ILCE":"BERGAMA","KAPINO":null,"ENLEM":39.199323324546,"ACIKLAMA":"3505-055-01","ILCEID":999,"MAHALLE":"GÖKÇEYURT","MAHALLEID":null,"ADI":"1 NO'LU AFET VE ACİL DURUM TOPLANMA ALANI","BOYLAM":27.188943353913,"YOL":"GÖKÇEYURT","Area":null},"geometry":{"type":"Point","coordinates":[27.188943353913,39.199323324546]}},
{"type":"Feature","properties":{"ILCE":"BERGAMA","KAPINO":null,"ENLEM":39.046153484522002,"ACIKLAMA":"3505-050-01","ILCEID":999,"MAHALLE":"GAYLAN","MAHALLEID":null,"ADI":"1 NO'LU AFET VE ACİL DURUM TOPLANMA ALANI","BOYLAM":27.194542607338999,"YOL":"GAYLAN","Area":null},"geometry":{"type":"Point","coordinates":[27.194542607338999,39.046153484522002]}},
{"type":"Feature","properties":{"ILCE":"BORNOVA","KAPINO":null,"ENLEM":38.447826371891999,"ACIKLAMA":"3507-041-01","ILCEID":2,"MAHALLE":"YEŞİLÇAM","MAHALLEID":null,"ADI":"1 NO'LU AFET VE ACİL DURUM TOPLANMA ALANI","BOYLAM":27.304224533284,"YOL":"2004","Area":null},"geometry":{"type":"Point","coordinates":[27.304224533284,38.447826371891999]}},
{"type":"Feature","properties":{"ILCE":"BORNOVA","KAPINO":null,"ENLEM":38.377797715237001,"ACIKLAMA":"3507-017-01","ILCEID":2,"MAHALLE":"GÖKDERE","MAHALLEID":null,"ADI":"1 NO'LU AFET VE ACİL DURUM TOPLANMA ALANI","BOYLAM":27.24064531526,"YOL":"ÇİĞDEM","Area":null},"geometry":{"type":"Point","coordinates":[27.24064531526,38.377797715237001]}},
{"type":"Feature","properties":{"ILCE":"ALİAĞA","KAPINO":null,"ENLEM":38.795869213193001,"ACIKLAMA":"3502-016-01","ILCEID":3,"MAHALLE":"KARAKÖY","MAHALLEID":null,"ADI":"1 NO'LU AFET VE ACİL DURUM TOPLANMA ALANI","BOYLAM":27.071953623868001,"YOL":"KARAKÖY HÜKÜMET","Area":null},"geometry":{"type":"Point","coordinates":[27.071953623868001,38.795869213193001]}},
{"type":"Feature","properties":{"ILCE":"ALİAĞA","KAPINO":null,"ENLEM":38.871976914938998,"ACIKLAMA":"3502-015-01","ILCEID":3,"MAHALLE":"KAPUKAYA","MAHALLEID":null,"ADI":"1 NO'LU AFET VE ACİL DURUM TOPLANMA ALANI","BOYLAM":27.152308099571002,"YOL":"21/6","Area":null},"geometry":{"type":"Point","coordinates":[27.152308099571002,38.871976914938998]}},
{"type":"Feature","properties":{"ILCE":"ÖDEMİŞ","KAPINO":null,"ENLEM":38.198473081467,"ACIKLAMA":"3524-094-01","ILCEID":998,"MAHALLE":"YENİKÖY","MAHALLEID":null,"ADI":"1 NO'LU AFET VE ACİL DURUM TOPLANMA ALANI","BOYLAM":27.893541212989,"YOL":"YENİKÖY KAHVELERİ","Area":null},"geometry":{"type":"Point","coordinates":[27.893541212989,38.198473081467]}},
{"type":"Feature","properties":{"ILCE":"ALİAĞA","KAPINO":null,"ENLEM":38.803377830247001,"ACIKLAMA":"3502-020-01","ILCEID":3,"MAHALLE":"KÜLTÜR","MAHALLEID":null,"ADI":"1 NO'LU AFET VE ACİL DURUM TOPLANMA ALANI","BOYLAM":26.971581459147998,"YOL":"HÜKÜMET","Area":null},"geometry":{"type":"Point","coordinates":[26.971581459147998,38.803377830247001]}},
{"type":"Feature","properties":{"ILCE":"ALİAĞA","KAPINO":null,"ENLEM":38.756835947509998,"ACIKLAMA":"3502-008-01","ILCEID":3,"MAHALLE":"ÇITAK","MAHALLEID":null,"ADI":"1 NO'LU AFET VE ACİL DURUM TOPLANMA ALANI","BOYLAM":27.057591940438002,"YOL":"ÇITAK İSTİKLAL","Area":null},"geometry":{"type":"Point","coordinates":[27.057591940438002,38.756835947509998]}},
{"type":"Feature","properties":{"ILCE":"ALİAĞA","KAPINO":null,"ENLEM":38.701602635363997,"ACIKLAMA":"3502-004-01","ILCEID":3,"MAHALLE":"B.HAYRETTİN PAŞA","MAHALLEID":null,"ADI":"1 NO'LU AFET VE ACİL DURUM TOPLANMA ALANI","BOYLAM":27.019359046281998,"YOL":"2205","Area":null},"geometry":{"type":"Point","coordinates":[27.019359046281998,38.701602635363997]}},
{"type":"Feature","properties":{"ILCE":"ÖDEMİŞ","KAPINO":null,"ENLEM":38.229302125129003,"ACIKLAMA":"3524-070-01","ILCEID":998,"MAHALLE":"OCAKLI","MAHALLEID":null,"ADI":"1 NO'LU AFET VE ACİL DURUM TOPLANMA ALANI","BOYLAM":28.010494778664999,"YOL":"OCAKLI","Area":null},"geometry":{"type":"Point","coordinates":[28.010494778664999,38.229302125129003]}},
{"type":"Feature","properties":{"ILCE":"MENDERES","KAPINO":"387","ENLEM":38.191019243729997,"ACIKLAMA":"3521-036-01","ILCEID":13,"MAHALLE":"KUYUCAK","MAHALLEID":null,"ADI":"1 NO'LU AFET VE ACİL DURUM TOPLANMA ALANI","BOYLAM":26.99191706401,"YOL":"MENDERES-ORHANLI YOLU Sk.","Area":null},"geometry":{"type":"Point","coordinates":[26.99191706401,38.191019243729997]}},
{"type":"Feature","properties":{"ILCE":"ÖDEMİŞ","KAPINO":null,"ENLEM":38.070150283239002,"ACIKLAMA":"3524-012-01","ILCEID":998,"MAHALLE":"BIÇAKÇI","MAHALLEID":null,"ADI":"1 NO'LU AFET VE ACİL DURUM TOPLANMA ALANI","BOYLAM":28.103528562307002,"YOL":"BIÇAKÇI","Area":null},"geometry":{"type":"Point","coordinates":[28.103528562307002,38.070150283239002]}},
{"type":"Feature","properties":{"ILCE":"ALİAĞA","KAPINO":null,"ENLEM":38.830966243161001,"ACIKLAMA":"3502-026-01","ILCEID":3,"MAHALLE":"YALI","MAHALLEID":null,"ADI":"1 NO'LU AFET VE ACİL DURUM TOPLANMA ALANI","BOYLAM":26.981573948516999,"YOL":"121","Area":null},"geometry":{"type":"Point","coordinates":[26.981573948516999,38.830966243161001]}},
{"type":"Feature","properties":{"ILCE":"FOÇA","KAPINO":null,"ENLEM":38.750009179625003,"ACIKLAMA":"3512-003-01","ILCEID":4,"MAHALLE":"FATİH","MAHALLEID":null,"ADI":"1 NO'LU AFET VE ACİL DURUM TOPLANMA ALANI","BOYLAM":26.826499908355999,"YOL":"KANDEMİR","Area":null},"geometry":{"type":"Point","coordinates":[26.826499908355999,38.750009179625003]}},
{"type":"Feature","properties":{"ILCE":"ALİAĞA","KAPINO":null,"ENLEM":38.843837019974998,"ACIKLAMA":"3502-014-01","ILCEID":3,"MAHALLE":"KALABAK","MAHALLEID":null,"ADI":"1 NO'LU AFET VE ACİL DURUM TOPLANMA ALANI","BOYLAM":27.118184314090001,"YOL":"KALABAK MERKEZ","Area":null},"geometry":{"type":"Point","coordinates":[27.118184314090001,38.843837019974998]}},
{"type":"Feature","properties":{"ILCE":"ALİAĞA","KAPINO":null,"ENLEM":38.866671978553001,"ACIKLAMA":"3502-012-01","ILCEID":3,"MAHALLE":"HACIÖMERLİ","MAHALLEID":null,"ADI":"1 NO'LU AFET VE ACİL DURUM TOPLANMA ALANI","BOYLAM":27.062452077749999,"YOL":"HACIÖMERLİ MENEKŞE","Area":null},"geometry":{"type":"Point","coordinates":[27.062452077749999,38.866671978553001]}},
{"type":"Feature","properties":{"ILCE":"ALİAĞA","KAPINO":null,"ENLEM":38.719959483090001,"ACIKLAMA":"3502-005-01","ILCEID":3,"MAHALLE":"BOZKÖY","MAHALLEID":null,"ADI":"1 NO'LU AFET VE ACİL DURUM TOPLANMA ALANI","BOYLAM":26.964735282557999,"YOL":"ŞAHİN","Area":null},"geometry":{"type":"Point","coordinates":[26.964735282557999,38.719959483090001]}},
{"type":"Feature","properties":{"ILCE":"ALİAĞA","KAPINO":null,"ENLEM":38.795513556579003,"ACIKLAMA":"3502-002-01","ILCEID":3,"MAHALLE":"ATATÜRK","MAHALLEID":null,"ADI":"1 NO'LU AFET VE ACİL DURUM TOPLANMA ALANI","BOYLAM":26.965043675653,"YOL":"GÜNEŞ","Area":null},"geometry":{"type":"Point","coordinates":[26.965043675653,38.795513556579003]}},
{"type":"Feature","properties":{"ILCE":"GAZİEMİR","KAPINO":null,"ENLEM":38.336675343293997,"ACIKLAMA":"3513-016-01","ILCEID":15,"MAHALLE":"ZAFER","MAHALLEID":null,"ADI":"1 NO'LU AFET VE ACİL DURUM TOPLANMA ALANI","BOYLAM":27.104704893310998,"YOL":"800","Area":null},"geometry":{"type":"Point","coordinates":[27.104704893310998,38.336675343293997]}},
{"type":"Feature","properties":{"ILCE":"GAZİEMİR","KAPINO":null,"ENLEM":38.307035792092996,"ACIKLAMA":"3513-014-01","ILCEID":15,"MAHALLE":"SEVGİ","MAHALLEID":null,"ADI":"1 NO'LU AFET VE ACİL DURUM TOPLANMA ALANI","BOYLAM":27.138819128647999,"YOL":"80","Area":null},"geometry":{"type":"Point","coordinates":[27.138819128647999,38.307035792092996]}},
{"type":"Feature","properties":{"ILCE":"GAZİEMİR","KAPINO":null,"ENLEM":38.328382846747999,"ACIKLAMA":"3513-012-01","ILCEID":15,"MAHALLE":"IRMAK","MAHALLEID":null,"ADI":"1 NO'LU AFET VE ACİL DURUM TOPLANMA ALANI","BOYLAM":27.126666109066999,"YOL":"38/26","Area":null},"geometry":{"type":"Point","coordinates":[27.126666109066999,38.328382846747999]}},
{"type":"Feature","properties":{"ILCE":"SEFERİHİSAR","KAPINO":null,"ENLEM":38.201482032629002,"ACIKLAMA":"3525-019-01","ILCEID":12,"MAHALLE":"TURABİYE","MAHALLEID":null,"ADI":"1 NO'LU AFET VE ACİL DURUM TOPLANMA ALANI","BOYLAM":26.846500780564,"YOL":"BEYLER","Area":null},"geometry":{"type":"Point","coordinates":[26.846500780564,38.201482032629002]}},
{"type":"Feature","properties":{"ILCE":"SEFERİHİSAR","KAPINO":null,"ENLEM":38.271327730510997,"ACIKLAMA":"3525-010-01","ILCEID":12,"MAHALLE":"GÖLCÜK","MAHALLEID":null,"ADI":"1 NO'LU AFET VE ACİL DURUM TOPLANMA ALANI","BOYLAM":26.904773364229001,"YOL":"14000","Area":null},"geometry":{"type":"Point","coordinates":[26.904773364229001,38.271327730510997]}},
{"type":"Feature","properties":{"ILCE":"NARLIDERE","KAPINO":null,"ENLEM":38.394958016087003,"ACIKLAMA":"3523-006-01","ILCEID":5,"MAHALLE":"HUZUR","MAHALLEID":null,"ADI":"1 NO'LU AFET VE ACİL DURUM TOPLANMA ALANI","BOYLAM":26.997145842317,"YOL":"AHMET TANER KIŞLALI","Area":null},"geometry":{"type":"Point","coordinates":[26.997145842317,38.394958016087003]}},
{"type":"Feature","properties":{"ILCE":"SEFERİHİSAR","KAPINO":null,"ENLEM":38.225602993057997,"ACIKLAMA":"3525-003-01","ILCEID":12,"MAHALLE":"BEYLER","MAHALLEID":null,"ADI":"1 NO'LU AFET VE ACİL DURUM TOPLANMA ALANI","BOYLAM":26.926344334898001,"YOL":"KAVAKÇAYI","Area":null},"geometry":{"type":"Point","coordinates":[26.926344334898001,38.225602993057997]}},
{"type":"Feature","properties":{"ILCE":"ÖDEMİŞ","KAPINO":null,"ENLEM":38.219706000399,"ACIKLAMA":"3524-098-01","ILCEID":998,"MAHALLE":"YUSUFDERE","MAHALLEID":null,"ADI":"1 NO'LU AFET VE ACİL DURUM TOPLANMA ALANI","BOYLAM":27.828870940596001,"YOL":"YUSUFDERE","Area":null},"geometry":{"type":"Point","coordinates":[27.828870940596001,38.219706000399]}},
{"type":"Feature","properties":{"ILCE":"ÖDEMİŞ","KAPINO":null,"ENLEM":38.248572567855,"ACIKLAMA":"3524-090-01","ILCEID":998,"MAHALLE":"ÜÇKONAK","MAHALLEID":null,"ADI":"1 NO'LU AFET VE ACİL DURUM TOPLANMA ALANI","BOYLAM":28.086808431079,"YOL":"ÜÇKONAK","Area":null},"geometry":{"type":"Point","coordinates":[28.086808431079,38.248572567855]}},
{"type":"Feature","properties":{"ILCE":"SELÇUK","KAPINO":null,"ENLEM":37.991913597634998,"ACIKLAMA":"3526-014-01","ILCEID":10,"MAHALLE":"ZEYTİNKÖY","MAHALLEID":null,"ADI":"1 NO'LU AFET VE ACİL DURUM TOPLANMA ALANI","BOYLAM":27.283398917088999,"YOL":"AKPINAR","Area":null},"geometry":{"type":"Point","coordinates":[27.283398917088999,37.991913597634998]}},
{"type":"Feature","properties":{"ILCE":"SELÇUK","KAPINO":null,"ENLEM":37.915114085603001,"ACIKLAMA":"3526-002-01","ILCEID":10,"MAHALLE":"ACARLAR","MAHALLEID":null,"ADI":"1 NO'LU AFET VE ACİL DURUM TOPLANMA ALANI","BOYLAM":27.362898635743001,"YOL":"OKUL","Area":null},"geometry":{"type":"Point","coordinates":[27.362898635743001,37.915114085603001]}},
{"type":"Feature","properties":{"ILCE":"ÖDEMİŞ","KAPINO":null,"ENLEM":38.247180970659997,"ACIKLAMA":"3524-061-01","ILCEID":998,"MAHALLE":"KUTLUBEYLER","MAHALLEID":null,"ADI":"1 NO'LU AFET VE ACİL DURUM TOPLANMA ALANI","BOYLAM":28.098069739111999,"YOL":"KUTLUBEYLER","Area":null},"geometry":{"type":"Point","coordinates":[28.098069739111999,38.247180970659997]}},
{"type":"Feature","properties":{"ILCE":"ÖDEMİŞ","KAPINO":null,"ENLEM":38.285357240609002,"ACIKLAMA":"3524-052-01","ILCEID":998,"MAHALLE":"KEMER","MAHALLEID":null,"ADI":"1 NO'LU AFET VE ACİL DURUM TOPLANMA ALANI","BOYLAM":28.094454356153999,"YOL":"KEMER","Area":null},"geometry":{"type":"Point","coordinates":[28.094454356153999,38.285357240609002]}},
{"type":"Feature","properties":{"ILCE":"ÖDEMİŞ","KAPINO":null,"ENLEM":38.204443772398001,"ACIKLAMA":"3524-048-01","ILCEID":998,"MAHALLE":"KAYAKÖY","MAHALLEID":null,"ADI":"1 NO'LU AFET VE ACİL DURUM TOPLANMA ALANI","BOYLAM":27.820448706931,"YOL":"23 NİSAN","Area":null},"geometry":{"type":"Point","coordinates":[27.820448706931,38.204443772398001]}},
{"type":"Feature","properties":{"ILCE":"ÖDEMİŞ","KAPINO":null,"ENLEM":38.173820028652003,"ACIKLAMA":"3524-033-01","ILCEID":998,"MAHALLE":"ERTUĞRUL","MAHALLEID":null,"ADI":"1 NO'LU AFET VE ACİL DURUM TOPLANMA ALANI","BOYLAM":28.056761904805001,"YOL":"ŞİRİNYER","Area":null},"geometry":{"type":"Point","coordinates":[28.056761904805001,38.173820028652003]}},
{"type":"Feature","properties":{"ILCE":"ÖDEMİŞ","KAPINO":null,"ENLEM":38.231753053353998,"ACIKLAMA":"3524-018-01","ILCEID":998,"MAHALLE":"BÜYÜKAVULCUK","MAHALLEID":null,"ADI":"1 NO'LU AFET VE ACİL DURUM TOPLANMA ALANI","BOYLAM":28.033311791405001,"YOL":"BÜYÜKAVULCUK","Area":null},"geometry":{"type":"Point","coordinates":[28.033311791405001,38.231753053353998]}},
{"type":"Feature","properties":{"ILCE":"ÖDEMİŞ","KAPINO":null,"ENLEM":38.246336921542003,"ACIKLAMA":"3524-011-01","ILCEID":998,"MAHALLE":"BEYAZITLAR","MAHALLEID":null,"ADI":"1 NO'LU AFET VE ACİL DURUM TOPLANMA ALANI","BOYLAM":28.038668262034001,"YOL":"BİRGİ YOLU","Area":null},"geometry":{"type":"Point","coordinates":[28.038668262034001,38.246336921542003]}},
{"type":"Feature","properties":{"ILCE":"ÖDEMİŞ","KAPINO":null,"ENLEM":38.345597302586,"ACIKLAMA":"3524-004-01","ILCEID":998,"MAHALLE":"ARTICAK","MAHALLEID":null,"ADI":"1 NO'LU AFET VE ACİL DURUM TOPLANMA ALANI","BOYLAM":28.002135282865002,"YOL":"ARTICAK YAYLASI","Area":null},"geometry":{"type":"Point","coordinates":[28.002135282865002,38.345597302586]}},
{"type":"Feature","properties":{"ILCE":"ÖDEMİŞ","KAPINO":null,"ENLEM":38.083879085992002,"ACIKLAMA":"3524-076-01","ILCEID":998,"MAHALLE":"PİRİNÇÇİ","MAHALLEID":null,"ADI":"1 NO'LU AFET VE ACİL DURUM TOPLANMA ALANI","BOYLAM":28.079317717807999,"YOL":"PİRİNÇÇİ","Area":null},"geometry":{"type":"Point","coordinates":[28.079317717807999,38.083879085992002]}},
{"type":"Feature","properties":{"ILCE":"GAZİEMİR","KAPINO":null,"ENLEM":38.293350893723002,"ACIKLAMA":"3513-013-01","ILCEID":15,"MAHALLE":"MENDERES","MAHALLEID":null,"ADI":"1 NO'LU AFET VE ACİL DURUM TOPLANMA ALANI","BOYLAM":27.167828005444999,"YOL":"1012","Area":null},"geometry":{"type":"Point","coordinates":[27.167828005444999,38.293350893723002]}},
{"type":"Feature","properties":{"ILCE":"NARLIDERE","KAPINO":null,"ENLEM":38.407009098034003,"ACIKLAMA":"3523-010-01","ILCEID":5,"MAHALLE":"SAHİLEVLERİ","MAHALLEID":null,"ADI":"1 NO'LU AFET VE ACİL DURUM TOPLANMA ALANI","BOYLAM":27.006661204139998,"YOL":"BÜŞRA","Area":null},"geometry":{"type":"Point","coordinates":[27.006661204139998,38.407009098034003]}},
{"type":"Feature","properties":{"ILCE":"FOÇA","KAPINO":null,"ENLEM":38.651109768029002,"ACIKLAMA":"3512-010-01","ILCEID":4,"MAHALLE":"KEMAL ATATÜRK","MAHALLEID":null,"ADI":"1 NO'LU AFET VE ACİL DURUM TOPLANMA ALANI","BOYLAM":26.903999703427999,"YOL":"27 MART","Area":null},"geometry":{"type":"Point","coordinates":[26.903999703427999,38.651109768029002]}},
{"type":"Feature","properties":{"ILCE":"NARLIDERE","KAPINO":null,"ENLEM":38.396974904457998,"ACIKLAMA":"3523-009-01","ILCEID":5,"MAHALLE":"NARLI","MAHALLEID":null,"ADI":"1 NO'LU AFET VE ACİL DURUM TOPLANMA ALANI","BOYLAM":27.002328551874999,"YOL":"MUSTAFA KEMAL SAHİL","Area":null},"geometry":{"type":"Point","coordinates":[27.002328551874999,38.396974904457998]}},
{"type":"Feature","properties":{"ILCE":"KONAK","KAPINO":null,"ENLEM":38.407044782874998,"ACIKLAMA":"3520-052-01","ILCEID":21,"MAHALLE":"İSMET PAŞA","MAHALLEID":null,"ADI":"1 NO'LU AFET VE ACİL DURUM TOPLANMA ALANI","BOYLAM":27.159237586711999,"YOL":"3540","Area":null},"geometry":{"type":"Point","coordinates":[27.159237586711999,38.407044782874998]}},
{"type":"Feature","properties":{"ILCE":"SELÇUK","KAPINO":null,"ENLEM":37.944793127681002,"ACIKLAMA":"3526-012-01","ILCEID":10,"MAHALLE":"ŞİRİNCE","MAHALLEID":null,"ADI":"1 NO'LU AFET VE ACİL DURUM TOPLANMA ALANI","BOYLAM":27.431642712679999,"YOL":"KAYSERKAYA","Area":null},"geometry":{"type":"Point","coordinates":[27.431642712679999,37.944793127681002]}},
{"type":"Feature","properties":{"ILCE":"SELÇUK","KAPINO":null,"ENLEM":37.943761938796001,"ACIKLAMA":"3526-006-01","ILCEID":10,"MAHALLE":"CUMHURİYET","MAHALLEID":null,"ADI":"1 NO'LU AFET VE ACİL DURUM TOPLANMA ALANI","BOYLAM":27.368845559526001,"YOL":"KUBİLAY","Area":null},"geometry":{"type":"Point","coordinates":[27.368845559526001,37.943761938796001]}},
{"type":"Feature","properties":{"ILCE":"SELÇUK","KAPINO":null,"ENLEM":37.954453527227002,"ACIKLAMA":"3526-013-01","ILCEID":10,"MAHALLE":"ZAFER","MAHALLEID":null,"ADI":"1 NO'LU AFET VE ACİL DURUM TOPLANMA ALANI","BOYLAM":27.374354669660001,"YOL":"3026","Area":null},"geometry":{"type":"Point","coordinates":[27.374354669660001,37.954453527227002]}},
{"type":"Feature","properties":{"ILCE":"ALİAĞA","KAPINO":null,"ENLEM":38.752004598078997,"ACIKLAMA":"3502-006-01","ILCEID":3,"MAHALLE":"ÇAKMAKLI","MAHALLEID":null,"ADI":"1 NO'LU AFET VE ACİL DURUM TOPLANMA ALANI","BOYLAM":26.909662371949,"YOL":"10/36","Area":null},"geometry":{"type":"Point","coordinates":[26.909662371949,38.752004598078997]}},
{"type":"Feature","properties":{"ILCE":"ÖDEMİŞ","KAPINO":null,"ENLEM":38.27568595188,"ACIKLAMA":"3524-039-01","ILCEID":998,"MAHALLE":"HACIHASAN","MAHALLEID":null,"ADI":"1 NO'LU AFET VE ACİL DURUM TOPLANMA ALANI","BOYLAM":28.077717277676001,"YOL":"HACI HASAN","Area":null},"geometry":{"type":"Point","coordinates":[28.077717277676001,38.27568595188]}},
{"type":"Feature","properties":{"ILCE":"ÖDEMİŞ","KAPINO":null,"ENLEM":38.016138757124999,"ACIKLAMA":"3524-037-01","ILCEID":998,"MAHALLE":"GÜNEY","MAHALLEID":null,"ADI":"1 NO'LU AFET VE ACİL DURUM TOPLANMA ALANI","BOYLAM":27.978740479372,"YOL":"GÜNEY","Area":null},"geometry":{"type":"Point","coordinates":[27.978740479372,38.016138757124999]}},
{"type":"Feature","properties":{"ILCE":"ÖDEMİŞ","KAPINO":null,"ENLEM":38.106349152244,"ACIKLAMA":"3524-031-01","ILCEID":998,"MAHALLE":"EMİRLİ","MAHALLEID":null,"ADI":"1 NO'LU AFET VE ACİL DURUM TOPLANMA ALANI","BOYLAM":28.119441548426,"YOL":"EMİRLİ","Area":null},"geometry":{"type":"Point","coordinates":[28.119441548426,38.106349152244]}},
{"type":"Feature","properties":{"ILCE":"ÖDEMİŞ","KAPINO":null,"ENLEM":38.221204332729002,"ACIKLAMA":"3524-082-01","ILCEID":998,"MAHALLE":"ŞİRİNKÖY","MAHALLEID":null,"ADI":"1 NO'LU AFET VE ACİL DURUM TOPLANMA ALANI","BOYLAM":27.868207137938001,"YOL":"ŞİRİNKÖY","Area":null},"geometry":{"type":"Point","coordinates":[27.868207137938001,38.221204332729002]}},
{"type":"Feature","properties":{"ILCE":"ÖDEMİŞ","KAPINO":null,"ENLEM":38.030155689773999,"ACIKLAMA":"3524-064-01","ILCEID":998,"MAHALLE":"KÜÇÜKÖREN","MAHALLEID":null,"ADI":"1 NO'LU AFET VE ACİL DURUM TOPLANMA ALANI","BOYLAM":27.994479892004001,"YOL":"KÜÇÜKÖREN","Area":null},"geometry":{"type":"Point","coordinates":[27.994479892004001,38.030155689773999]}},
{"type":"Feature","properties":{"ILCE":"ÖDEMİŞ","KAPINO":null,"ENLEM":38.174314225380002,"ACIKLAMA":"3524-047-01","ILCEID":998,"MAHALLE":"KARAKOVA","MAHALLEID":null,"ADI":"1 NO'LU AFET VE ACİL DURUM TOPLANMA ALANI","BOYLAM":27.940187847088001,"YOL":"KARAKOVA","Area":null},"geometry":{"type":"Point","coordinates":[27.940187847088001,38.174314225380002]}},
{"type":"Feature","properties":{"ILCE":"ÖDEMİŞ","KAPINO":null,"ENLEM":38.003505607716001,"ACIKLAMA":"3524-024-01","ILCEID":998,"MAHALLE":"ÇAYIR","MAHALLEID":null,"ADI":"1 NO'LU AFET VE ACİL DURUM TOPLANMA ALANI","BOYLAM":28.009107241073998,"YOL":"ATAMAN","Area":null},"geometry":{"type":"Point","coordinates":[28.009107241073998,38.003505607716001]}},
{"type":"Feature","properties":{"ILCE":"ALİAĞA","KAPINO":null,"ENLEM":38.698117654401997,"ACIKLAMA":"3502-010-01","ILCEID":3,"MAHALLE":"FATİH","MAHALLEID":null,"ADI":"1 NO'LU AFET VE ACİL DURUM TOPLANMA ALANI","BOYLAM":27.020496046443998,"YOL":"2418","Area":null},"geometry":{"type":"Point","coordinates":[27.020496046443998,38.698117654401997]}},
{"type":"Feature","properties":{"ILCE":"ÖDEMİŞ","KAPINO":null,"ENLEM":38.246887047348999,"ACIKLAMA":"3524-046-01","ILCEID":998,"MAHALLE":"KARADOĞAN","MAHALLEID":null,"ADI":"1 NO'LU AFET VE ACİL DURUM TOPLANMA ALANI","BOYLAM":27.912471226491999,"YOL":"KARADOĞAN","Area":null},"geometry":{"type":"Point","coordinates":[27.912471226491999,38.246887047348999]}},
{"type":"Feature","properties":{"ILCE":"ÖDEMİŞ","KAPINO":null,"ENLEM":38.227391928911999,"ACIKLAMA":"3524-067-01","ILCEID":998,"MAHALLE":"MEŞRUTİYET","MAHALLEID":null,"ADI":"1 NO'LU AFET VE ACİL DURUM TOPLANMA ALANI","BOYLAM":27.965974966371999,"YOL":"ORDU","Area":null},"geometry":{"type":"Point","coordinates":[27.965974966371999,38.227391928911999]}},
{"type":"Feature","properties":{"ILCE":"BORNOVA","KAPINO":null,"ENLEM":38.472028827147,"ACIKLAMA":"3507-027-01","ILCEID":2,"MAHALLE":"KIZILAY","MAHALLEID":null,"ADI":"1 NO'LU AFET VE ACİL DURUM TOPLANMA ALANI","BOYLAM":27.218696102791998,"YOL":"467","Area":null},"geometry":{"type":"Point","coordinates":[27.218696102791998,38.472028827147]}},
{"type":"Feature","properties":{"ILCE":"FOÇA","KAPINO":null,"ENLEM":38.658509674704,"ACIKLAMA":"3512-009-01","ILCEID":4,"MAHALLE":"KAZIM DİRİK","MAHALLEID":null,"ADI":"1 NO'LU AFET VE ACİL DURUM TOPLANMA ALANI","BOYLAM":26.852899942320001,"YOL":"408","Area":null},"geometry":{"type":"Point","coordinates":[26.852899942320001,38.658509674704]}},
{"type":"Feature","properties":{"ILCE":"ALİAĞA","KAPINO":null,"ENLEM":38.774852848115003,"ACIKLAMA":"3502-025-01","ILCEID":3,"MAHALLE":"UZUNHASANLAR","MAHALLEID":null,"ADI":"1 NO'LU AFET VE ACİL DURUM TOPLANMA ALANI","BOYLAM":27.082627528454001,"YOL":"UZUNHASANLAR YENİ","Area":null},"geometry":{"type":"Point","coordinates":[27.082627528454001,38.774852848115003]}},
{"type":"Feature","properties":{"ILCE":"ÖDEMİŞ","KAPINO":null,"ENLEM":38.114571074925003,"ACIKLAMA":"3524-057-01","ILCEID":998,"MAHALLE":"KONAKLI","MAHALLEID":null,"ADI":"1 NO'LU AFET VE ACİL DURUM TOPLANMA ALANI","BOYLAM":27.996981243827999,"YOL":"BAŞKOMUTAN ATATÜRK","Area":null},"geometry":{"type":"Point","coordinates":[27.996981243827999,38.114571074925003]}},
{"type":"Feature","properties":{"ILCE":"ÖDEMİŞ","KAPINO":null,"ENLEM":38.246627884719999,"ACIKLAMA":"3524-080-01","ILCEID":998,"MAHALLE":"SÜLEYMAN DEMİREL","MAHALLEID":null,"ADI":"1 NO'LU AFET VE ACİL DURUM TOPLANMA ALANI","BOYLAM":27.983661367639002,"YOL":"1032","Area":null},"geometry":{"type":"Point","coordinates":[27.983661367639002,38.246627884719999]}},
{"type":"Feature","properties":{"ILCE":"KARABAĞLAR","KAPINO":null,"ENLEM":38.391760018573997,"ACIKLAMA":"3531-037-01","ILCEID":19,"MAHALLE":"OSMAN AKSÜNER","MAHALLEID":null,"ADI":"1 NO'LU AFET VE ACİL DURUM TOPLANMA ALANI","BOYLAM":27.135052831325002,"YOL":"5733","Area":null},"geometry":{"type":"Point","coordinates":[27.135052831325002,38.391760018573997]}},
{"type":"Feature","properties":{"ILCE":"ÖDEMİŞ","KAPINO":null,"ENLEM":38.252995565413002,"ACIKLAMA":"3524-013-01","ILCEID":998,"MAHALLE":"BİRGİ","MAHALLEID":null,"ADI":"1 NO'LU AFET VE ACİL DURUM TOPLANMA ALANI","BOYLAM":28.065098269836,"YOL":"ŞEHİT RAŞİT BAŞOĞLU","Area":null},"geometry":{"type":"Point","coordinates":[28.065098269836,38.252995565413002]}},
{"type":"Feature","properties":{"ILCE":"ÖDEMİŞ","KAPINO":null,"ENLEM":38.267541309080002,"ACIKLAMA":"3524-091-01","ILCEID":998,"MAHALLE":"ÜZÜMLÜ","MAHALLEID":null,"ADI":"1 NO'LU AFET VE ACİL DURUM TOPLANMA ALANI","BOYLAM":27.923563736765999,"YOL":"ÜZÜMLER","Area":null},"geometry":{"type":"Point","coordinates":[27.923563736765999,38.267541309080002]}},
{"type":"Feature","properties":{"ILCE":"BERGAMA","KAPINO":null,"ENLEM":39.113205873689999,"ACIKLAMA":"3505-068-01","ILCEID":999,"MAHALLE":"İNKILAP","MAHALLEID":null,"ADI":"1 NO'LU AFET VE ACİL DURUM TOPLANMA ALANI","BOYLAM":27.182681273419998,"YOL":"ADNAN MENDERES","Area":null},"geometry":{"type":"Point","coordinates":[27.182681273419998,39.113205873689999]}},
{"type":"Feature","properties":{"ILCE":"ÖDEMİŞ","KAPINO":null,"ENLEM":38.103050123500999,"ACIKLAMA":"3524-051-01","ILCEID":998,"MAHALLE":"KEMENLER","MAHALLEID":null,"ADI":"1 NO'LU AFET VE ACİL DURUM TOPLANMA ALANI","BOYLAM":28.086316902469001,"YOL":"KEMENLER","Area":null},"geometry":{"type":"Point","coordinates":[28.086316902469001,38.103050123500999]}},
{"type":"Feature","properties":{"ILCE":"BORNOVA","KAPINO":null,"ENLEM":38.486148961872999,"ACIKLAMA":"3507-030-01","ILCEID":2,"MAHALLE":"LAKA","MAHALLEID":null,"ADI":"1 NO'LU AFET VE ACİL DURUM TOPLANMA ALANI","BOYLAM":27.189535762211001,"YOL":"GÜL","Area":null},"geometry":{"type":"Point","coordinates":[27.189535762211001,38.486148961872999]}},
{"type":"Feature","properties":{"ILCE":"ÖDEMİŞ","KAPINO":null,"ENLEM":38.163156621090998,"ACIKLAMA":"3524-072-01","ILCEID":998,"MAHALLE":"ORHANGAZİ","MAHALLEID":null,"ADI":"1 NO'LU AFET VE ACİL DURUM TOPLANMA ALANI","BOYLAM":28.169607290188999,"YOL":"ORHANGAZİ","Area":null},"geometry":{"type":"Point","coordinates":[28.169607290188999,38.163156621090998]}},
{"type":"Feature","properties":{"ILCE":"GAZİEMİR","KAPINO":null,"ENLEM":38.355198527390002,"ACIKLAMA":"3513-001-01","ILCEID":15,"MAHALLE":"AKTEPE","MAHALLEID":null,"ADI":"1 NO'LU AFET VE ACİL DURUM TOPLANMA ALANI","BOYLAM":27.125382114114,"YOL":"2002","Area":null},"geometry":{"type":"Point","coordinates":[27.125382114114,38.355198527390002]}},
{"type":"Feature","properties":{"ILCE":"BERGAMA","KAPINO":null,"ENLEM":39.115000316218001,"ACIKLAMA":"3505-136-01","ILCEID":999,"MAHALLE":"ZAFER","MAHALLEID":null,"ADI":"1 NO'LU AFET VE ACİL DURUM TOPLANMA ALANI","BOYLAM":27.175454002767999,"YOL":"CUMHURİYET","Area":null},"geometry":{"type":"Point","coordinates":[27.175454002767999,39.115000316218001]}},
{"type":"Feature","properties":{"ILCE":"KARABAĞLAR","KAPINO":null,"ENLEM":38.390712314814998,"ACIKLAMA":"3531-034-01","ILCEID":19,"MAHALLE":"MALİYECİLER","MAHALLEID":null,"ADI":"1 NO'LU AFET VE ACİL DURUM TOPLANMA ALANI","BOYLAM":27.098250189773001,"YOL":"52/169","Area":null},"geometry":{"type":"Point","coordinates":[27.098250189773001,38.390712314814998]}},
{"type":"Feature","properties":{"ILCE":"BERGAMA","KAPINO":null,"ENLEM":39.121671917002999,"ACIKLAMA":"3505-013-01","ILCEID":999,"MAHALLE":"SELÇUK","MAHALLEID":null,"ADI":"1 NO'LU AFET VE ACİL DURUM TOPLANMA ALANI","BOYLAM":27.170028461487998,"YOL":"KIŞLA","Area":null},"geometry":{"type":"Point","coordinates":[27.170028461487998,39.121671917002999]}},
{"type":"Feature","properties":{"ILCE":"FOÇA","KAPINO":null,"ENLEM":38.671009503557997,"ACIKLAMA":"3512-005-01","ILCEID":4,"MAHALLE":"İSMETPAŞA","MAHALLEID":null,"ADI":"1 NO'LU AFET VE ACİL DURUM TOPLANMA ALANI","BOYLAM":26.756300396482001,"YOL":"169","Area":null},"geometry":{"type":"Point","coordinates":[26.756300396482001,38.671009503557997]}},
{"type":"Feature","properties":{"ILCE":"SEFERİHİSAR","KAPINO":null,"ENLEM":38.275329385538001,"ACIKLAMA":"3525-009-01","ILCEID":12,"MAHALLE":"GÖDENCE","MAHALLEID":null,"ADI":"1 NO'LU AFET VE ACİL DURUM TOPLANMA ALANI","BOYLAM":26.922149047782,"YOL":"4001","Area":null},"geometry":{"type":"Point","coordinates":[26.922149047782,38.275329385538001]}},
{"type":"Feature","properties":{"ILCE":"ÖDEMİŞ","KAPINO":null,"ENLEM":38.282519096035003,"ACIKLAMA":"3524-021-01","ILCEID":998,"MAHALLE":"ÇAĞLAYAN","MAHALLEID":null,"ADI":"1 NO'LU AFET VE ACİL DURUM TOPLANMA ALANI","BOYLAM":27.989067225128,"YOL":"30 AĞUSTOS","Area":null},"geometry":{"type":"Point","coordinates":[27.989067225128,38.282519096035003]}},
{"type":"Feature","properties":{"ILCE":"ÖDEMİŞ","KAPINO":null,"ENLEM":38.258099487281001,"ACIKLAMA":"3524-092-01","ILCEID":998,"MAHALLE":"VELİLER","MAHALLEID":null,"ADI":"1 NO'LU AFET VE ACİL DURUM TOPLANMA ALANI","BOYLAM":27.839462428615999,"YOL":"VELİLER","Area":null},"geometry":{"type":"Point","coordinates":[27.839462428615999,38.258099487281001]}},
{"type":"Feature","properties":{"ILCE":"BORNOVA","KAPINO":null,"ENLEM":38.511904922393001,"ACIKLAMA":"3507-040-01","ILCEID":2,"MAHALLE":"YAKAKÖY","MAHALLEID":null,"ADI":"1 NO'LU AFET VE ACİL DURUM TOPLANMA ALANI","BOYLAM":27.322662870157,"YOL":"YAKA","Area":null},"geometry":{"type":"Point","coordinates":[27.322662870157,38.511904922393001]}},
{"type":"Feature","properties":{"ILCE":"BORNOVA","KAPINO":null,"ENLEM":38.419998725484,"ACIKLAMA":"3507-031-01","ILCEID":2,"MAHALLE":"MERİÇ","MAHALLEID":null,"ADI":"1 NO'LU AFET VE ACİL DURUM TOPLANMA ALANI","BOYLAM":27.18455438394,"YOL":"5748","Area":null},"geometry":{"type":"Point","coordinates":[27.18455438394,38.419998725484]}},
{"type":"Feature","properties":{"ILCE":"GAZİEMİR","KAPINO":null,"ENLEM":38.318317717023,"ACIKLAMA":"3513-015-01","ILCEID":15,"MAHALLE":"YEŞİL","MAHALLEID":null,"ADI":"1 NO'LU AFET VE ACİL DURUM TOPLANMA ALANI","BOYLAM":27.123432186174,"YOL":"43/2","Area":null},"geometry":{"type":"Point","coordinates":[27.123432186174,38.318317717023]}},
{"type":"Feature","properties":{"ILCE":"NARLIDERE","KAPINO":null,"ENLEM":38.399518477445,"ACIKLAMA":"3523-002-01","ILCEID":5,"MAHALLE":"ALTIEVLER","MAHALLEID":null,"ADI":"1 NO'LU AFET VE ACİL DURUM TOPLANMA ALANI","BOYLAM":26.988132700173999,"YOL":"NAR","Area":null},"geometry":{"type":"Point","coordinates":[26.988132700173999,38.399518477445]}},
{"type":"Feature","properties":{"ILCE":"ÖDEMİŞ","KAPINO":null,"ENLEM":38.089365743414,"ACIKLAMA":"3524-022-01","ILCEID":998,"MAHALLE":"ÇAMLICA","MAHALLEID":null,"ADI":"1 NO'LU AFET VE ACİL DURUM TOPLANMA ALANI","BOYLAM":27.955555704277,"YOL":"ÇAMLICA","Area":null},"geometry":{"type":"Point","coordinates":[27.955555704277,38.089365743414]}},
{"type":"Feature","properties":{"ILCE":"ÖDEMİŞ","KAPINO":null,"ENLEM":38.355109066083998,"ACIKLAMA":"3524-008-01","ILCEID":998,"MAHALLE":"BAYIRLI","MAHALLEID":null,"ADI":"1 NO'LU AFET VE ACİL DURUM TOPLANMA ALANI","BOYLAM":28.034136081532001,"YOL":"BOĞAZ","Area":null},"geometry":{"type":"Point","coordinates":[28.034136081532001,38.355109066083998]}},
{"type":"Feature","properties":{"ILCE":"BORNOVA","KAPINO":null,"ENLEM":38.532869443416999,"ACIKLAMA":"3507-003-01","ILCEID":2,"MAHALLE":"BEŞYOL","MAHALLEID":null,"ADI":"1 NO'LU AFET VE ACİL DURUM TOPLANMA ALANI","BOYLAM":27.291619400750999,"YOL":"BEŞYOL","Area":null},"geometry":{"type":"Point","coordinates":[27.291619400750999,38.532869443416999]}},
{"type":"Feature","properties":{"ILCE":"BERGAMA","KAPINO":null,"ENLEM":39.344248546884003,"ACIKLAMA":"3505-057-01","ILCEID":999,"MAHALLE":"GÜNEŞLİ","MAHALLEID":null,"ADI":"1 NO'LU AFET VE ACİL DURUM TOPLANMA ALANI","BOYLAM":27.125902399571,"YOL":"TEKKEKÖY","Area":null},"geometry":{"type":"Point","coordinates":[27.125902399571,39.344248546884003]}},
{"type":"Feature","properties":{"ILCE":"BORNOVA","KAPINO":null,"ENLEM":38.439563152623997,"ACIKLAMA":"3507-007-01","ILCEID":2,"MAHALLE":"ÇINAR","MAHALLEID":null,"ADI":"1 NO'LU AFET VE ACİL DURUM TOPLANMA ALANI","BOYLAM":27.184600676245001,"YOL":"YILDIRIM BEYAZIT","Area":null},"geometry":{"type":"Point","coordinates":[27.184600676245001,38.439563152623997]}},
{"type":"Feature","properties":{"ILCE":"BORNOVA","KAPINO":null,"ENLEM":38.436128162246,"ACIKLAMA":"3507-002-01","ILCEID":2,"MAHALLE":"BARBAROS","MAHALLEID":null,"ADI":"1 NO'LU AFET VE ACİL DURUM TOPLANMA ALANI","BOYLAM":27.196757921216999,"YOL":"5332","Area":null},"geometry":{"type":"Point","coordinates":[27.196757921216999,38.436128162246]}},
{"type":"Feature","properties":{"ILCE":"KARŞIYAKA","KAPINO":null,"ENLEM":38.518359109201,"ACIKLAMA":"3516-021-01","ILCEID":20,"MAHALLE":"SANCAKLI","MAHALLEID":null,"ADI":"1 NO'LU AFET VE ACİL DURUM TOPLANMA ALANI","BOYLAM":27.152707538217999,"YOL":"SANCAKLI","Area":null},"geometry":{"type":"Point","coordinates":[27.152707538217999,38.518359109201]}},
{"type":"Feature","properties":{"ILCE":"ÖDEMİŞ","KAPINO":null,"ENLEM":38.229676250295,"ACIKLAMA":"3524-085-01","ILCEID":998,"MAHALLE":"TÜRKMEN","MAHALLEID":null,"ADI":"1 NO'LU AFET VE ACİL DURUM TOPLANMA ALANI","BOYLAM":27.963679021339999,"YOL":"DİKMEN","Area":null},"geometry":{"type":"Point","coordinates":[27.963679021339999,38.229676250295]}},
{"type":"Feature","properties":{"ILCE":"SEFERİHİSAR","KAPINO":null,"ENLEM":38.246749107816001,"ACIKLAMA":"3525-021-01","ILCEID":12,"MAHALLE":"ULAMIŞ","MAHALLEID":null,"ADI":"1 NO'LU AFET VE ACİL DURUM TOPLANMA ALANI","BOYLAM":26.837250188361999,"YOL":"1420/1","Area":null},"geometry":{"type":"Point","coordinates":[26.837250188361999,38.246749107816001]}},
{"type":"Feature","properties":{"ILCE":"SEFERİHİSAR","KAPINO":null,"ENLEM":38.212253641186997,"ACIKLAMA":null,"ILCEID":12,"MAHALLE":"NECAT HEPKON","MAHALLEID":null,"ADI":"1 NOLU AFET VE ACİL DURUM TOPLANMA ALANI","BOYLAM":26.825320396814998,"YOL":null,"Area":null},"geometry":{"type":"Point","coordinates":[26.825320396814998,38.212253641186997]}},
{"type":"Feature","properties":{"ILCE":"SEFERİHİSAR","KAPINO":null,"ENLEM":38.078923169703998,"ACIKLAMA":null,"ILCEID":12,"MAHALLE":"MERSİN ALANI","MAHALLEID":null,"ADI":"1 NOLU AFET VE ACİL DURUM TOPLANMA ALANI","BOYLAM":26.974316583292001,"YOL":"ÜRKMEZ Cd.","Area":null},"geometry":{"type":"Point","coordinates":[26.974316583292001,38.078923169703998]}},
{"type":"Feature","properties":{"ILCE":"URLA","KAPINO":null,"ENLEM":38.322853549847999,"ACIKLAMA":null,"ILCEID":18,"MAHALLE":"HACI İSA","MAHALLEID":null,"ADI":"1 NOLU TOPLANMA ALANI","BOYLAM":26.767052186712998,"YOL":"ÇELEN Sk.","Area":null},"geometry":{"type":"Point","coordinates":[26.767052186712998,38.322853549847999]}},
{"type":"Feature","properties":{"ILCE":"SEFERİHİSAR","KAPINO":null,"ENLEM":38.212146140721998,"ACIKLAMA":"YENİ EKLENEN","ILCEID":12,"MAHALLE":"NECAT HEPKON","MAHALLEID":null,"ADI":"1 NOLU TOPLANMA ALANI","BOYLAM":26.807381873699001,"YOL":"99/3 Sk.","Area":null},"geometry":{"type":"Point","coordinates":[26.807381873699001,38.212146140721998]}},
{"type":"Feature","properties":{"ILCE":"ALİAĞA","KAPINO":null,"ENLEM":38.792625642173,"ACIKLAMA":null,"ILCEID":3,"MAHALLE":"ÖRNEKKENT","MAHALLEID":null,"ADI":"1 NOLU TOPLANMA ALANI","BOYLAM":26.987337407744,"YOL":"813 Sk.","Area":null},"geometry":{"type":"Point","coordinates":[26.987337407744,38.792625642173]}},
{"type":"Feature","properties":{"ILCE":"ÖDEMİŞ","KAPINO":null,"ENLEM":38.329541816115999,"ACIKLAMA":null,"ILCEID":998,"MAHALLE":"DOLAYLAR","MAHALLEID":null,"ADI":"1 NOLU TOPLANMA ALANI","BOYLAM":27.995256386405998,"YOL":"DOLAYLAR SUBATAN YAYLASI KümeEvleri","Area":null},"geometry":{"type":"Point","coordinates":[27.995256386405998,38.329541816115999]}},
{"type":"Feature","properties":{"ILCE":"KEMALPAŞA","KAPINO":null,"ENLEM":38.431533411182002,"ACIKLAMA":"3517-038-10","ILCEID":6,"MAHALLE":"SEKİZ EYLÜL","MAHALLEID":null,"ADI":"10 NO LU AFET VE ACİL DURUM TOPLANMA ALANI","BOYLAM":27.405199981418999,"YOL":"89","Area":null},"geometry":{"type":"Point","coordinates":[27.405199981418999,38.431533411182002]}},
{"type":"Feature","properties":{"ILCE":"ÇEŞME","KAPINO":null,"ENLEM":38.299555204039002,"ACIKLAMA":"3509-002-10","ILCEID":1001,"MAHALLE":"ALAÇATI","MAHALLEID":null,"ADI":"10 NO LU AFET VE ACİL DURUM TOPLANMA ALANI","BOYLAM":26.377146829958001,"YOL":"16087 Sk.","Area":null},"geometry":{"type":"Point","coordinates":[26.377146829958001,38.299555204039002]}},
{"type":"Feature","properties":{"ILCE":"BAYRAKLI","KAPINO":null,"ENLEM":38.475508388233997,"ACIKLAMA":"3530-021-10","ILCEID":11,"MAHALLE":"SOĞUKKUYU","MAHALLEID":null,"ADI":"10 NO LU AFET VE ACİL DURUM TOPLANMA ALANI","BOYLAM":27.121166114581001,"YOL":"1844/12 Sk.","Area":null},"geometry":{"type":"Point","coordinates":[27.121166114581001,38.475508388233997]}},
{"type":"Feature","properties":{"ILCE":"KARŞIYAKA","KAPINO":null,"ENLEM":38.470552605405999,"ACIKLAMA":"3516-025-10","ILCEID":20,"MAHALLE":"YALI","MAHALLEID":null,"ADI":"10 NO LU AFET VE ACİL DURUM TOPLANMA ALANI","BOYLAM":27.089494756497999,"YOL":"6479/2 Sk.","Area":null},"geometry":{"type":"Point","coordinates":[27.089494756497999,38.470552605405999]}},
{"type":"Feature","properties":{"ILCE":"KARŞIYAKA","KAPINO":null,"ENLEM":38.458102934812999,"ACIKLAMA":"3516-007-10","ILCEID":20,"MAHALLE":"BOSTANLI","MAHALLEID":null,"ADI":"10 NO LU AFET VE ACİL DURUM TOPLANMA ALANI","BOYLAM":27.091855109922999,"YOL":"2022 Sk.","Area":null},"geometry":{"type":"Point","coordinates":[27.091855109922999,38.458102934812999]}},
{"type":"Feature","properties":{"ILCE":"KEMALPAŞA","KAPINO":null,"ENLEM":38.427953063330001,"ACIKLAMA":"3517-031-10","ILCEID":6,"MAHALLE":"MEHMET AKİF ERSOY","MAHALLEID":null,"ADI":"10 NO LU AFET VE ACİL DURUM TOPLANMA ALANI","BOYLAM":27.423674951117,"YOL":"223 Sk.","Area":null},"geometry":{"type":"Point","coordinates":[27.423674951117,38.427953063330001]}},
{"type":"Feature","properties":{"ILCE":"GÜZELBAHÇE","KAPINO":null,"ENLEM":38.360863482879999,"ACIKLAMA":"3514-004-10","ILCEID":1,"MAHALLE":"KAHRAMANDERE","MAHALLEID":null,"ADI":"10 NO LU AFET VE ACİL DURUM TOPLANMA ALANI","BOYLAM":26.883990481702,"YOL":"ŞEHİT KEMAL Cd.","Area":null},"geometry":{"type":"Point","coordinates":[26.883990481702,38.360863482879999]}},
{"type":"Feature","properties":{"ILCE":"ÇEŞME","KAPINO":null,"ENLEM":38.319873330722999,"ACIKLAMA":"3509-018-10","ILCEID":1001,"MAHALLE":"MUSALLA","MAHALLEID":null,"ADI":"10 NO LU AFET VE ACİL DURUM TOPLANMA ALANI","BOYLAM":26.305172756566002,"YOL":"1025 Sk.","Area":null},"geometry":{"type":"Point","coordinates":[26.305172756566002,38.319873330722999]}},
{"type":"Feature","properties":{"ILCE":"GÜZELBAHÇE","KAPINO":null,"ENLEM":38.372842064193001,"ACIKLAMA":"3514-011-10","ILCEID":1,"MAHALLE":"YALI","MAHALLEID":null,"ADI":"10 NO LU AFET VE ACİL DURUM TOPLANMA ALANI","BOYLAM":26.877258149833999,"YOL":"346 Sk.","Area":null},"geometry":{"type":"Point","coordinates":[26.877258149833999,38.372842064193001]}},
{"type":"Feature","properties":{"ILCE":"ÇİĞLİ","KAPINO":null,"ENLEM":38.514806246471998,"ACIKLAMA":"3510-007-10","ILCEID":16,"MAHALLE":"BALATÇIK","MAHALLEID":null,"ADI":"10 NO LU AFET VE ACİL DURUM TOPLANMA ALANI","BOYLAM":27.039369807679002,"YOL":"1671/1","Area":null},"geometry":{"type":"Point","coordinates":[27.039369807679002,38.514806246471998]}},
{"type":"Feature","properties":{"ILCE":"BAYRAKLI","KAPINO":null,"ENLEM":38.450960091310002,"ACIKLAMA":"3530-014-10","ILCEID":11,"MAHALLE":"MANSUROĞLU","MAHALLEID":null,"ADI":"10 NO'LU AFET VE ACİL DURUM TOPLANMA ALANI","BOYLAM":27.181999671002998,"YOL":"İSLAM KERİMOV","Area":null},"geometry":{"type":"Point","coordinates":[27.181999671002998,38.450960091310002]}},
{"type":"Feature","properties":{"ILCE":"NARLIDERE","KAPINO":null,"ENLEM":38.393576997106997,"ACIKLAMA":"3523-006-10","ILCEID":5,"MAHALLE":"HUZUR","MAHALLEID":null,"ADI":"10 NO'LU AFET VE ACİL DURUM TOPLANMA ALANI","BOYLAM":26.991606246520998,"YOL":"AÇELYAM","Area":null},"geometry":{"type":"Point","coordinates":[26.991606246520998,38.393576997106997]}},
{"type":"Feature","properties":{"ILCE":"ÇİĞLİ","KAPINO":null,"ENLEM":38.490784999569001,"ACIKLAMA":null,"ILCEID":16,"MAHALLE":"ATAŞEHİR","MAHALLEID":null,"ADI":"10 NOLU AFET VE ACİL DURUM TOPLANMA ALANI","BOYLAM":27.052641353268999,"YOL":"8229/1 Sk.","Area":null},"geometry":{"type":"Point","coordinates":[27.052641353268999,38.490784999569001]}},
{"type":"Feature","properties":{"ILCE":"KEMALPAŞA","KAPINO":null,"ENLEM":38.430474450388999,"ACIKLAMA":"3517-038-11","ILCEID":6,"MAHALLE":"SEKİZ EYLÜL","MAHALLEID":null,"ADI":"11 NO LU AFET VE ACİL DURUM TOPLANMA ALANI","BOYLAM":27.407517400210999,"YOL":"83/1 Sk.","Area":null},"geometry":{"type":"Point","coordinates":[27.407517400210999,38.430474450388999]}},
{"type":"Feature","properties":{"ILCE":"BAYRAKLI","KAPINO":null,"ENLEM":38.463227661676001,"ACIKLAMA":"3530-013-10","ILCEID":11,"MAHALLE":"MANAVKUYU","MAHALLEID":null,"ADI":"11 NO LU AFET VE ACİL DURUM TOPLANMA ALANI","BOYLAM":27.194379348546999,"YOL":"DUMLUPINAR Cd.","Area":null},"geometry":{"type":"Point","coordinates":[27.194379348546999,38.463227661676001]}},
{"type":"Feature","properties":{"ILCE":"BAYRAKLI","KAPINO":null,"ENLEM":38.456166505478002,"ACIKLAMA":"3530-014-11","ILCEID":11,"MAHALLE":"MANSUROĞLU","MAHALLEID":null,"ADI":"11 NO LU AFET VE ACİL DURUM TOPLANMA ALANI","BOYLAM":27.186981864741998,"YOL":"283/18 Sk.","Area":null},"geometry":{"type":"Point","coordinates":[27.186981864741998,38.456166505478002]}},
{"type":"Feature","properties":{"ILCE":"KARŞIYAKA","KAPINO":null,"ENLEM":38.47097259441,"ACIKLAMA":"3516-025-11","ILCEID":20,"MAHALLE":"YALI","MAHALLEID":null,"ADI":"11 NO LU AFET VE ACİL DURUM TOPLANMA ALANI","BOYLAM":27.086673085935001,"YOL":"6471/5 Sk.","Area":null},"geometry":{"type":"Point","coordinates":[27.086673085935001,38.47097259441]}},
{"type":"Feature","properties":{"ILCE":"GÜZELBAHÇE","KAPINO":null,"ENLEM":38.371546721129,"ACIKLAMA":"3514-011-11","ILCEID":1,"MAHALLE":"YALI","MAHALLEID":null,"ADI":"11 NO LU AFET VE ACİL DURUM TOPLANMA ALANI","BOYLAM":26.875949240657999,"YOL":"185 Sk.","Area":null},"geometry":{"type":"Point","coordinates":[26.875949240657999,38.371546721129]}},
{"type":"Feature","properties":{"ILCE":"KEMALPAŞA","KAPINO":null,"ENLEM":38.428255636929997,"ACIKLAMA":"3517-031-11","ILCEID":6,"MAHALLE":"MEHMET AKİF ERSOY","MAHALLEID":null,"ADI":"11 NO LU AFET VE ACİL DURUM TOPLANMA ALANI","BOYLAM":27.42423284733,"YOL":"DR. ALİ KARAMAN Cd.","Area":null},"geometry":{"type":"Point","coordinates":[27.42423284733,38.428255636929997]}},
{"type":"Feature","properties":{"ILCE":"BAYRAKLI","KAPINO":null,"ENLEM":38.477255415759998,"ACIKLAMA":"3530-021-11","ILCEID":11,"MAHALLE":"SOĞUKKUYU","MAHALLEID":null,"ADI":"11 NO LU AFET VE ACİL DURUM TOPLANMA ALANI","BOYLAM":27.118355170541001,"YOL":"1847/13 Sk.","Area":null},"geometry":{"type":"Point","coordinates":[27.118355170541001,38.477255415759998]}},
{"type":"Feature","properties":{"ILCE":"KARŞIYAKA","KAPINO":null,"ENLEM":38.458141876673999,"ACIKLAMA":"3516-007-11","ILCEID":20,"MAHALLE":"BOSTANLI","MAHALLEID":null,"ADI":"11 NO'LU AFET VE ACİL DURUM TOPLANMA ALANI","BOYLAM":27.093128980968,"YOL":"2019","Area":null},"geometry":{"type":"Point","coordinates":[27.093128980968,38.458141876673999]}},
{"type":"Feature","properties":{"ILCE":"NARLIDERE","KAPINO":null,"ENLEM":38.391138669817003,"ACIKLAMA":"3523-009-11","ILCEID":5,"MAHALLE":"NARLI","MAHALLEID":null,"ADI":"11 NO'LU AFET VE ACİL DURUM TOPLANMA ALANI","BOYLAM":27.008089215196001,"YOL":"ÖZYUVA","Area":null},"geometry":{"type":"Point","coordinates":[27.008089215196001,38.391138669817003]}},
{"type":"Feature","properties":{"ILCE":"NARLIDERE","KAPINO":null,"ENLEM":38.395011179040999,"ACIKLAMA":"3523-006-11","ILCEID":5,"MAHALLE":"HUZUR","MAHALLEID":null,"ADI":"11 NO'LU AFET VE ACİL DURUM TOPLANMA ALANI","BOYLAM":26.991110718219002,"YOL":"İLHAN SELÇUK","Area":null},"geometry":{"type":"Point","coordinates":[26.991110718219002,38.395011179040999]}},
{"type":"Feature","properties":{"ILCE":"ÇİĞLİ","KAPINO":null,"ENLEM":38.486061268923002,"ACIKLAMA":"3510-004-12","ILCEID":16,"MAHALLE":"ATAŞEHİR","MAHALLEID":null,"ADI":"12 NO LU AFET VE ACİL DURUM TOPLANMA ALANI","BOYLAM":27.073111878801999,"YOL":"8271/11 Sk.","Area":null},"geometry":{"type":"Point","coordinates":[27.073111878801999,38.486061268923002]}},
{"type":"Feature","properties":{"ILCE":"BAYRAKLI","KAPINO":null,"ENLEM":38.455221323300997,"ACIKLAMA":"3530-014-01","ILCEID":11,"MAHALLE":"MANSUROĞLU","MAHALLEID":null,"ADI":"12 NO LU AFET VE ACİL DURUM TOPLANMA ALANI","BOYLAM":27.184315763834,"YOL":"283/12 Sk.","Area":null},"geometry":{"type":"Point","coordinates":[27.184315763834,38.455221323300997]}},
{"type":"Feature","properties":{"ILCE":"BAYRAKLI","KAPINO":null,"ENLEM":38.476365110979003,"ACIKLAMA":"3530-021-12","ILCEID":11,"MAHALLE":"SOĞUKKUYU","MAHALLEID":null,"ADI":"12 NO LU AFET VE ACİL DURUM TOPLANMA ALANI","BOYLAM":27.121724009826998,"YOL":"1847/13 Sk.","Area":null},"geometry":{"type":"Point","coordinates":[27.121724009826998,38.476365110979003]}},
{"type":"Feature","properties":{"ILCE":"KEMALPAŞA","KAPINO":null,"ENLEM":38.432289806101998,"ACIKLAMA":"3517-038-12","ILCEID":6,"MAHALLE":"SEKİZ EYLÜL","MAHALLEID":null,"ADI":"12 NO LU AFET VE ACİL DURUM TOPLANMA ALANI","BOYLAM":27.407388651870001,"YOL":"108 Sk.","Area":null},"geometry":{"type":"Point","coordinates":[27.407388651870001,38.432289806101998]}},
{"type":"Feature","properties":{"ILCE":"KARŞIYAKA","KAPINO":null,"ENLEM":38.470888596079,"ACIKLAMA":"3516-025-12","ILCEID":20,"MAHALLE":"YALI","MAHALLEID":null,"ADI":"12 NO LU AFET VE ACİL DURUM TOPLANMA ALANI","BOYLAM":27.086549705077999,"YOL":"6471/5 Sk.","Area":null},"geometry":{"type":"Point","coordinates":[27.086549705077999,38.470888596079]}},
{"type":"Feature","properties":{"ILCE":"KARŞIYAKA","KAPINO":null,"ENLEM":38.457632460681999,"ACIKLAMA":"3516-007-12","ILCEID":20,"MAHALLE":"BOSTANLI","MAHALLEID":null,"ADI":"12 NO LU AFET VE ACİL DURUM TOPLANMA ALANI","BOYLAM":27.092799243598002,"YOL":"2022","Area":null},"geometry":{"type":"Point","coordinates":[27.092799243598002,38.457632460681999]}},
{"type":"Feature","properties":{"ILCE":"ÇEŞME","KAPINO":null,"ENLEM":38.292861195717002,"ACIKLAMA":"3509-002-12","ILCEID":1001,"MAHALLE":"ALAÇATI","MAHALLEID":null,"ADI":"12 NO LU AFET VE ACİL DURUM TOPLANMA ALANI","BOYLAM":26.375816473495,"YOL":"16020 Sk.","Area":null},"geometry":{"type":"Point","coordinates":[26.375816473495,38.292861195717002]}},
{"type":"Feature","properties":{"ILCE":"ÇEŞME","KAPINO":null,"ENLEM":38.314031403207998,"ACIKLAMA":"3509-018-12","ILCEID":1001,"MAHALLE":"MUSALLA","MAHALLEID":null,"ADI":"12 NO LU AFET VE ACİL DURUM TOPLANMA ALANI","BOYLAM":26.283624008495998,"YOL":"1134 Sk.","Area":null},"geometry":{"type":"Point","coordinates":[26.283624008495998,38.314031403207998]}},
{"type":"Feature","properties":{"ILCE":"BAYRAKLI","KAPINO":null,"ENLEM":38.459123784067998,"ACIKLAMA":"3530-013-12","ILCEID":11,"MAHALLE":"MANAVKUYU","MAHALLEID":null,"ADI":"12 NO LU AFET VE ACİL DURUM TOPLANMA ALANI","BOYLAM":27.184321121661998,"YOL":"613/2 Sk.","Area":null},"geometry":{"type":"Point","coordinates":[27.184321121661998,38.459123784067998]}},
{"type":"Feature","properties":{"ILCE":"KEMALPAŞA","KAPINO":null,"ENLEM":38.428163181975997,"ACIKLAMA":"3517-031-12","ILCEID":6,"MAHALLE":"MEHMET AKİF ERSOY","MAHALLEID":null,"ADI":"12 NO LU AFET VE ACİL DURUM TOPLANMA ALANI","BOYLAM":27.422022718232999,"YOL":"197 Sk.","Area":null},"geometry":{"type":"Point","coordinates":[27.422022718232999,38.428163181975997]}},
{"type":"Feature","properties":{"ILCE":"NARLIDERE","KAPINO":null,"ENLEM":38.394467806477003,"ACIKLAMA":"3523-006-12","ILCEID":5,"MAHALLE":"HUZUR","MAHALLEID":null,"ADI":"12 NO'LU AFET VE ACİL DURUM TOPLANMA ALANI","BOYLAM":26.990584975045,"YOL":"ERİŞ","Area":null},"geometry":{"type":"Point","coordinates":[26.990584975045,38.394467806477003]}},
{"type":"Feature","properties":{"ILCE":"BAYRAKLI","KAPINO":null,"ENLEM":38.456097066486002,"ACIKLAMA":"3530-014-12","ILCEID":11,"MAHALLE":"MANSUROĞLU","MAHALLEID":null,"ADI":"12 NO'LU AFET VE ACİL DURUM TOPLANMA ALANI","BOYLAM":27.183731652990001,"YOL":"283/12","Area":null},"geometry":{"type":"Point","coordinates":[27.183731652990001,38.456097066486002]}},
{"type":"Feature","properties":{"ILCE":"BAYRAKLI","KAPINO":null,"ENLEM":38.453956861423002,"ACIKLAMA":"3530-014-13","ILCEID":11,"MAHALLE":"MANSUROĞLU","MAHALLEID":null,"ADI":"13 NO LU AFET VE ACİL DURUM TOPLANMA ALANI","BOYLAM":27.181901789857001,"YOL":"288/8 Sk.","Area":null},"geometry":{"type":"Point","coordinates":[27.181901789857001,38.453956861423002]}},
{"type":"Feature","properties":{"ILCE":"BAYRAKLI","KAPINO":null,"ENLEM":38.478800834947002,"ACIKLAMA":"3530-021-13","ILCEID":11,"MAHALLE":"SOĞUKKUYU","MAHALLEID":null,"ADI":"13 NO LU AFET VE ACİL DURUM TOPLANMA ALANI","BOYLAM":27.122582308304999,"YOL":"1844/17 Sk.","Area":null},"geometry":{"type":"Point","coordinates":[27.122582308304999,38.478800834947002]}},
{"type":"Feature","properties":{"ILCE":"KEMALPAŞA","KAPINO":null,"ENLEM":38.428490966242997,"ACIKLAMA":"3517-031-13","ILCEID":6,"MAHALLE":"MEHMET AKİF ERSOY","MAHALLEID":null,"ADI":"13 NO LU AFET VE ACİL DURUM TOPLANMA ALANI","BOYLAM":27.419844774804002,"YOL":"ÖĞRETMEN TAHİR TUNCA Cd.","Area":null},"geometry":{"type":"Point","coordinates":[27.419844774804002,38.428490966242997]}},
{"type":"Feature","properties":{"ILCE":"KEMALPAŞA","KAPINO":null,"ENLEM":38.433987458887003,"ACIKLAMA":"3517-038-13","ILCEID":6,"MAHALLE":"SEKİZ EYLÜL","MAHALLEID":null,"ADI":"13 NO LU AFET VE ACİL DURUM TOPLANMA ALANI","BOYLAM":27.407581767202998,"YOL":"111","Area":null},"geometry":{"type":"Point","coordinates":[27.407581767202998,38.433987458887003]}},
{"type":"Feature","properties":{"ILCE":"ÇEŞME","KAPINO":null,"ENLEM":38.283918054708998,"ACIKLAMA":"3509-002-13","ILCEID":1001,"MAHALLE":"ALAÇATI","MAHALLEID":null,"ADI":"13 NO LU AFET VE ACİL DURUM TOPLANMA ALANI","BOYLAM":26.380193833300002,"YOL":"13039 Sk.","Area":null},"geometry":{"type":"Point","coordinates":[26.380193833300002,38.283918054708998]}},
{"type":"Feature","properties":{"ILCE":"ÇİĞLİ","KAPINO":null,"ENLEM":38.489470789231,"ACIKLAMA":"3510-004-13","ILCEID":16,"MAHALLE":"ATAŞEHİR","MAHALLEID":null,"ADI":"13 NO LU AFET VE ACİL DURUM TOPLANMA ALANI","BOYLAM":27.063434510945001,"YOL":"ATATÜRK Blv.","Area":null},"geometry":{"type":"Point","coordinates":[27.063434510945001,38.489470789231]}},
{"type":"Feature","properties":{"ILCE":"BAYRAKLI","KAPINO":null,"ENLEM":38.460455361359003,"ACIKLAMA":"3530-013-11","ILCEID":11,"MAHALLE":"MANAVKUYU","MAHALLEID":null,"ADI":"13 NO LU AFET VE ACİL DURUM TOPLANMA ALANI","BOYLAM":27.184444500423002,"YOL":"275/10 Sk.","Area":null},"geometry":{"type":"Point","coordinates":[27.184444500423002,38.460455361359003]}},
{"type":"Feature","properties":{"ILCE":"ÇEŞME","KAPINO":null,"ENLEM":38.298325832034998,"ACIKLAMA":"3509-018-13","ILCEID":1001,"MAHALLE":"MUSALLA","MAHALLEID":null,"ADI":"13 NO LU AFET VE ACİL DURUM TOPLANMA ALANI","BOYLAM":26.309705707738001,"YOL":"7009 Sk.","Area":null},"geometry":{"type":"Point","coordinates":[26.309705707738001,38.298325832034998]}},
{"type":"Feature","properties":{"ILCE":"KARŞIYAKA","KAPINO":null,"ENLEM":38.470947396635999,"ACIKLAMA":"3516-025-13","ILCEID":20,"MAHALLE":"YALI","MAHALLEID":null,"ADI":"13 NO LU AFET VE ACİL DURUM TOPLANMA ALANI","BOYLAM":27.088260945816,"YOL":"OKAN YÜKSEL Cd.","Area":null},"geometry":{"type":"Point","coordinates":[27.088260945816,38.470947396635999]}},
{"type":"Feature","properties":{"ILCE":"KARŞIYAKA","KAPINO":null,"ENLEM":38.462975534889999,"ACIKLAMA":"3516-007-13","ILCEID":20,"MAHALLE":"BOSTANLI","MAHALLEID":null,"ADI":"13 NO LU AFET VE ACİL DURUM TOPLANMA ALANI","BOYLAM":27.09417251867,"YOL":"6352/1 Sk.","Area":null},"geometry":{"type":"Point","coordinates":[27.09417251867,38.462975534889999]}},
{"type":"Feature","properties":{"ILCE":"BAYRAKLI","KAPINO":null,"ENLEM":38.478767241353999,"ACIKLAMA":"3530-021-14","ILCEID":11,"MAHALLE":"SOĞUKKUYU","MAHALLEID":null,"ADI":"14 NO LU AFET VE ACİL DURUM TOPLANMA ALANI","BOYLAM":27.124513489251999,"YOL":"1844/19 Sk.","Area":null},"geometry":{"type":"Point","coordinates":[27.124513489251999,38.478767241353999]}},
{"type":"Feature","properties":{"ILCE":"KEMALPAŞA","KAPINO":null,"ENLEM":38.430625744136002,"ACIKLAMA":"3517-031-14","ILCEID":6,"MAHALLE":"MEHMET AKİF ERSOY","MAHALLEID":null,"ADI":"14 NO LU AFET VE ACİL DURUM TOPLANMA ALANI","BOYLAM":27.419823313778998,"YOL":"170 Sk.","Area":null},"geometry":{"type":"Point","coordinates":[27.419823313778998,38.430625744136002]}},
{"type":"Feature","properties":{"ILCE":"KEMALPAŞA","KAPINO":null,"ENLEM":38.431949433827,"ACIKLAMA":"3517-038-14","ILCEID":6,"MAHALLE":"SEKİZ EYLÜL","MAHALLEID":null,"ADI":"14 NO LU AFET VE ACİL DURUM TOPLANMA ALANI","BOYLAM":27.410843320468,"YOL":"102","Area":null},"geometry":{"type":"Point","coordinates":[27.410843320468,38.431949433827]}},
{"type":"Feature","properties":{"ILCE":"KARŞIYAKA","KAPINO":null,"ENLEM":38.472728131880999,"ACIKLAMA":"3516-025-14","ILCEID":20,"MAHALLE":"YALI","MAHALLEID":null,"ADI":"14 NO LU AFET VE ACİL DURUM TOPLANMA ALANI","BOYLAM":27.084280564398,"YOL":"6436 Sk.","Area":null},"geometry":{"type":"Point","coordinates":[27.084280564398,38.472728131880999]}},
{"type":"Feature","properties":{"ILCE":"BAYRAKLI","KAPINO":null,"ENLEM":38.458817142348003,"ACIKLAMA":"3530-013-13","ILCEID":11,"MAHALLE":"MANAVKUYU","MAHALLEID":null,"ADI":"14 NO LU AFET VE ACİL DURUM TOPLANMA ALANI","BOYLAM":27.186783377806002,"YOL":"275/8 Sk.","Area":null},"geometry":{"type":"Point","coordinates":[27.186783377806002,38.458817142348003]}},
{"type":"Feature","properties":{"ILCE":"ÇEŞME","KAPINO":null,"ENLEM":38.307957512286002,"ACIKLAMA":"3509-018-14","ILCEID":1001,"MAHALLE":"MUSALLA","MAHALLEID":null,"ADI":"14 NO LU AFET VE ACİL DURUM TOPLANMA ALANI","BOYLAM":26.281735754330999,"YOL":"34/1 Sk.","Area":null},"geometry":{"type":"Point","coordinates":[26.281735754330999,38.307957512286002]}},
{"type":"Feature","properties":{"ILCE":"KARŞIYAKA","KAPINO":null,"ENLEM":38.459852964073001,"ACIKLAMA":"3516-007-14","ILCEID":20,"MAHALLE":"BOSTANLI","MAHALLEID":null,"ADI":"14 NO'LU AFET VE ACİL DURUM TOPLANMA ALANI","BOYLAM":27.10417404312,"YOL":"1671","Area":null},"geometry":{"type":"Point","coordinates":[27.10417404312,38.459852964073001]}},
{"type":"Feature","properties":{"ILCE":"KARŞIYAKA","KAPINO":null,"ENLEM":38.465361311868001,"ACIKLAMA":"3516-025-15","ILCEID":20,"MAHALLE":"YALI","MAHALLEID":null,"ADI":"15 NO LU AFET VE ACİL DURUM TOPLANMA ALANI","BOYLAM":27.098335282278999,"YOL":"CAHER DUDAYEV Blv.","Area":null},"geometry":{"type":"Point","coordinates":[27.098335282278999,38.465361311868001]}},
{"type":"Feature","properties":{"ILCE":"KEMALPAŞA","KAPINO":null,"ENLEM":38.430440834736999,"ACIKLAMA":"3517-038-15","ILCEID":6,"MAHALLE":"SEKİZ EYLÜL","MAHALLEID":null,"ADI":"15 NO LU AFET VE ACİL DURUM TOPLANMA ALANI","BOYLAM":27.409985020297,"YOL":"122/1 Sk.","Area":null},"geometry":{"type":"Point","coordinates":[27.409985020297,38.430440834736999]}},
{"type":"Feature","properties":{"ILCE":"ÇEŞME","KAPINO":null,"ENLEM":38.255304374508,"ACIKLAMA":"3509-002-15","ILCEID":1001,"MAHALLE":"ALAÇATI","MAHALLEID":null,"ADI":"15 NO LU AFET VE ACİL DURUM TOPLANMA ALANI","BOYLAM":26.377479504877002,"YOL":"18026 Sk.","Area":null},"geometry":{"type":"Point","coordinates":[26.377479504877002,38.255304374508]}},
{"type":"Feature","properties":{"ILCE":"KEMALPAŞA","KAPINO":null,"ENLEM":38.429625598725998,"ACIKLAMA":"3517-031-15","ILCEID":6,"MAHALLE":"MEHMET AKİF ERSOY","MAHALLEID":null,"ADI":"15 NO LU AFET VE ACİL DURUM TOPLANMA ALANI","BOYLAM":27.418417844859999,"YOL":"168 Sk.","Area":null},"geometry":{"type":"Point","coordinates":[27.418417844859999,38.429625598725998]}},
{"type":"Feature","properties":{"ILCE":"BAYRAKLI","KAPINO":null,"ENLEM":38.459940797579002,"ACIKLAMA":"3530-013-14","ILCEID":11,"MAHALLE":"MANAVKUYU","MAHALLEID":null,"ADI":"15 NO LU AFET VE ACİL DURUM TOPLANMA ALANI","BOYLAM":27.186145013346,"YOL":"275/8 Sk.","Area":null},"geometry":{"type":"Point","coordinates":[27.186145013346,38.459940797579002]}},
{"type":"Feature","properties":{"ILCE":"KEMALPAŞA","KAPINO":null,"ENLEM":38.433449596829,"ACIKLAMA":"3517-038-16","ILCEID":6,"MAHALLE":"SEKİZ EYLÜL","MAHALLEID":null,"ADI":"16 NO LU AFET VE ACİL DURUM TOPLANMA ALANI","BOYLAM":27.411315384474999,"YOL":"ŞEHİT ER İSA TÜRKMEN Cd.","Area":null},"geometry":{"type":"Point","coordinates":[27.411315384474999,38.433449596829]}},
{"type":"Feature","properties":{"ILCE":"ÇEŞME","KAPINO":null,"ENLEM":38.258185624448998,"ACIKLAMA":"3509-002-16","ILCEID":1001,"MAHALLE":"ALAÇATI","MAHALLEID":null,"ADI":"16 NO LU AFET VE ACİL DURUM TOPLANMA ALANI","BOYLAM":26.376202774441001,"YOL":"18026 Sk.","Area":null},"geometry":{"type":"Point","coordinates":[26.376202774441001,38.258185624448998]}},
{"type":"Feature","properties":{"ILCE":"KEMALPAŞA","KAPINO":null,"ENLEM":38.428776738312003,"ACIKLAMA":"3517-031-16","ILCEID":6,"MAHALLE":"MEHMET AKİF ERSOY","MAHALLEID":null,"ADI":"16 NO LU AFET VE ACİL DURUM TOPLANMA ALANI","BOYLAM":27.430562828311,"YOL":"19 MAYIS Cd.","Area":null},"geometry":{"type":"Point","coordinates":[27.430562828311,38.428776738312003]}},
{"type":"Feature","properties":{"ILCE":"BAYRAKLI","KAPINO":null,"ENLEM":38.463614099852002,"ACIKLAMA":"3530-013-15","ILCEID":11,"MAHALLE":"MANAVKUYU","MAHALLEID":null,"ADI":"16 NO LU AFET VE ACİL DURUM TOPLANMA ALANI","BOYLAM":27.200366008650999,"YOL":"238 Sk.","Area":null},"geometry":{"type":"Point","coordinates":[27.200366008650999,38.463614099852002]}},
{"type":"Feature","properties":{"ILCE":"KEMALPAŞA","KAPINO":null,"ENLEM":38.433315128673001,"ACIKLAMA":"3517-038-17","ILCEID":6,"MAHALLE":"SEKİZ EYLÜL","MAHALLEID":null,"ADI":"17 NO LU AFET VE ACİL DURUM TOPLANMA ALANI","BOYLAM":27.410242506416999,"YOL":"116 Sk.","Area":null},"geometry":{"type":"Point","coordinates":[27.410242506416999,38.433315128673001]}},
{"type":"Feature","properties":{"ILCE":"ÇEŞME","KAPINO":null,"ENLEM":38.232545199501999,"ACIKLAMA":"3509-002-17","ILCEID":1001,"MAHALLE":"ALAÇATI","MAHALLEID":null,"ADI":"17 NO LU AFET VE ACİL DURUM TOPLANMA ALANI","BOYLAM":26.364851770996001,"YOL":"18001 Sk.","Area":null},"geometry":{"type":"Point","coordinates":[26.364851770996001,38.232545199501999]}},
{"type":"Feature","properties":{"ILCE":"BAYRAKLI","KAPINO":null,"ENLEM":38.462927325381003,"ACIKLAMA":"3530-013-16","ILCEID":11,"MAHALLE":"MANAVKUYU","MAHALLEID":null,"ADI":"17 NO LU AFET VE ACİL DURUM TOPLANMA ALANI","BOYLAM":27.184731491202001,"YOL":"275/13 Sk.","Area":null},"geometry":{"type":"Point","coordinates":[27.184731491202001,38.462927325381003]}},
{"type":"Feature","properties":{"ILCE":"KEMALPAŞA","KAPINO":null,"ENLEM":38.428062320823003,"ACIKLAMA":"3517-031-17","ILCEID":6,"MAHALLE":"MEHMET AKİF ERSOY","MAHALLEID":null,"ADI":"17 NO LU AFET VE ACİL DURUM TOPLANMA ALANI","BOYLAM":27.418546592786999,"YOL":"ŞEHİT YZB. TEMEL KUĞUOĞLU Cd.","Area":null},"geometry":{"type":"Point","coordinates":[27.418546592786999,38.428062320823003]}},
{"type":"Feature","properties":{"ILCE":"KEMALPAŞA","KAPINO":null,"ENLEM":38.424591060453999,"ACIKLAMA":"3517-031-18","ILCEID":6,"MAHALLE":"MEHMET AKİF ERSOY","MAHALLEID":null,"ADI":"18 NO LU AFET VE ACİL DURUM TOPLANMA ALANI","BOYLAM":27.428760399581002,"YOL":"241/1 Sk.","Area":null},"geometry":{"type":"Point","coordinates":[27.428760399581002,38.424591060453999]}},
{"type":"Feature","properties":{"ILCE":"KEMALPAŞA","KAPINO":null,"ENLEM":38.430869467957002,"ACIKLAMA":"3517-038-18","ILCEID":6,"MAHALLE":"SEKİZ EYLÜL","MAHALLEID":null,"ADI":"18 NO LU AFET VE ACİL DURUM TOPLANMA ALANI","BOYLAM":27.413192925642999,"YOL":"134 Sk.","Area":null},"geometry":{"type":"Point","coordinates":[27.413192925642999,38.430869467957002]}},
{"type":"Feature","properties":{"ILCE":"BAYRAKLI","KAPINO":null,"ENLEM":38.45740572055,"ACIKLAMA":"3530-013-17","ILCEID":11,"MAHALLE":"MANAVKUYU","MAHALLEID":null,"ADI":"18 NO LU AFET VE ACİL DURUM TOPLANMA ALANI","BOYLAM":27.185646129214,"YOL":"SAKARYA Cd.","Area":null},"geometry":{"type":"Point","coordinates":[27.185646129214,38.45740572055]}},
{"type":"Feature","properties":{"ILCE":"TORBALI","KAPINO":null,"ENLEM":38.148914164396999,"ACIKLAMA":"3528-033-02","ILCEID":9,"MAHALLE":"KARŞIYAKA","MAHALLEID":null,"ADI":"2 NO LU AFET VE ACİL DURUM  TOPLANMA ALANI","BOYLAM":27.379386987534001,"YOL":"7308 Sk.","Area":null},"geometry":{"type":"Point","coordinates":[27.379386987534001,38.148914164396999]}},
{"type":"Feature","properties":{"ILCE":"ÇEŞME","KAPINO":null,"ENLEM":38.318282540155998,"ACIKLAMA":"3509-023-02","ILCEID":1001,"MAHALLE":"ŞİFNE","MAHALLEID":null,"ADI":"2 NO LU AFET VE ACİL DURUM TOPLANMA ALANI","BOYLAM":26.40221727662,"YOL":"6448 Sk.","Area":null},"geometry":{"type":"Point","coordinates":[26.40221727662,38.318282540155998]}},
{"type":"Feature","properties":{"ILCE":"BAYRAKLI","KAPINO":null,"ENLEM":38.483839995011998,"ACIKLAMA":"3530-019-02","ILCEID":11,"MAHALLE":"POSTACILAR","MAHALLEID":null,"ADI":"2 NO LU AFET VE ACİL DURUM TOPLANMA ALANI","BOYLAM":27.117164264461,"YOL":"7599 Sk.","Area":null},"geometry":{"type":"Point","coordinates":[27.117164264461,38.483839995011998]}},
{"type":"Feature","properties":{"ILCE":"BEYDAĞ","KAPINO":null,"ENLEM":38.122349887596997,"ACIKLAMA":"3506-011-02","ILCEID":993,"MAHALLE":"EĞRİDERE","MAHALLEID":null,"ADI":"2 NO LU AFET VE ACİL DURUM TOPLANMA ALANI","BOYLAM":28.309186280191,"YOL":"ÖRENLER KümeEvleri","Area":null},"geometry":{"type":"Point","coordinates":[28.309186280191,38.122349887596997]}},
{"type":"Feature","properties":{"ILCE":"ÇEŞME","KAPINO":null,"ENLEM":38.329072960509997,"ACIKLAMA":"3509-021-02","ILCEID":1001,"MAHALLE":"SAKARYA","MAHALLEID":null,"ADI":"2 NO LU AFET VE ACİL DURUM TOPLANMA ALANI","BOYLAM":26.312961835092999,"YOL":"3115 Sk.","Area":null},"geometry":{"type":"Point","coordinates":[26.312961835092999,38.329072960509997]}},
{"type":"Feature","properties":{"ILCE":"ÇEŞME","KAPINO":null,"ENLEM":38.373964513780997,"ACIKLAMA":"3509-014-02","ILCEID":1001,"MAHALLE":"ILDIR","MAHALLEID":null,"ADI":"2 NO LU AFET VE ACİL DURUM TOPLANMA ALANI","BOYLAM":26.481655758805999,"YOL":"27000 Sk.","Area":null},"geometry":{"type":"Point","coordinates":[26.481655758805999,38.373964513780997]}},
{"type":"Feature","properties":{"ILCE":"KINIK","KAPINO":null,"ENLEM":39.090008904236001,"ACIKLAMA":"3518-031-02","ILCEID":996,"MAHALLE":"POYRACIK","MAHALLEID":null,"ADI":"2 NO LU AFET VE ACİL DURUM TOPLANMA ALANI","BOYLAM":27.349956380801999,"YOL":"HACI ŞABANLAR Cd.","Area":null},"geometry":{"type":"Point","coordinates":[27.349956380801999,39.090008904236001]}},
{"type":"Feature","properties":{"ILCE":"MENDERES","KAPINO":null,"ENLEM":38.246820852576001,"ACIKLAMA":"3521-006-02","ILCEID":13,"MAHALLE":"BARBAROS","MAHALLEID":null,"ADI":"2 NO LU AFET VE ACİL DURUM TOPLANMA ALANI","BOYLAM":27.127367736949001,"YOL":"414 Sk.","Area":null},"geometry":{"type":"Point","coordinates":[27.127367736949001,38.246820852576001]}},
{"type":"Feature","properties":{"ILCE":"MENDERES","KAPINO":"34","ENLEM":38.079054117802997,"ACIKLAMA":"3521-027-02","ILCEID":13,"MAHALLE":"GÜMÜLDÜR FEVZİ ÇAKMAK","MAHALLEID":null,"ADI":"2 NO LU AFET VE ACİL DURUM TOPLANMA ALANI","BOYLAM":27.017955902196,"YOL":"TEPE","Area":null},"geometry":{"type":"Point","coordinates":[27.017955902196,38.079054117802997]}},
{"type":"Feature","properties":{"ILCE":"BAYRAKLI","KAPINO":null,"ENLEM":38.469477445704001,"ACIKLAMA":"3530-009-02","ILCEID":11,"MAHALLE":"EMEK","MAHALLEID":null,"ADI":"2 NO LU AFET VE ACİL DURUM TOPLANMA ALANI","BOYLAM":27.118870165331,"YOL":"ŞEHİT ASTEĞMEN MESUT UZLU Sk.","Area":null},"geometry":{"type":"Point","coordinates":[27.118870165331,38.469477445704001]}},
{"type":"Feature","properties":{"ILCE":"BAYINDIR","KAPINO":null,"ENLEM":38.197429113738998,"ACIKLAMA":"3504-007-02","ILCEID":7,"MAHALLE":"BURUNCUK","MAHALLEID":null,"ADI":"2 NO LU AFET VE ACİL DURUM TOPLANMA ALANI","BOYLAM":27.712408311053998,"YOL":"BURUNCUK KümeEvleri","Area":null},"geometry":{"type":"Point","coordinates":[27.712408311053998,38.197429113738998]}},
{"type":"Feature","properties":{"ILCE":"BEYDAĞ","KAPINO":null,"ENLEM":38.097902748126003,"ACIKLAMA":"3506-024-02","ILCEID":993,"MAHALLE":"YUKARIAKTEPE","MAHALLEID":null,"ADI":"2 NO LU AFET VE ACİL DURUM TOPLANMA ALANI","BOYLAM":28.282578925875001,"YOL":"HACIALİLER KümeEvleri","Area":null},"geometry":{"type":"Point","coordinates":[28.282578925875001,38.097902748126003]}},
{"type":"Feature","properties":{"ILCE":"ÇİĞLİ","KAPINO":null,"ENLEM":38.507519292285998,"ACIKLAMA":"3510-009-02","ILCEID":16,"MAHALLE":"ÇAĞDAŞ","MAHALLEID":null,"ADI":"2 NO LU AFET VE ACİL DURUM TOPLANMA ALANI","BOYLAM":27.057968165157,"YOL":"8050 Sk.","Area":null},"geometry":{"type":"Point","coordinates":[27.057968165157,38.507519292285998]}},
{"type":"Feature","properties":{"ILCE":"BAYINDIR","KAPINO":null,"ENLEM":38.219815681602,"ACIKLAMA":"3504-025-03","ILCEID":7,"MAHALLE":"MİTHATPAŞA","MAHALLEID":null,"ADI":"2 NO LU AFET VE ACİL DURUM TOPLANMA ALANI","BOYLAM":27.646131222926002,"YOL":"ALBAY ALPAT Cd.","Area":null},"geometry":{"type":"Point","coordinates":[27.646131222926002,38.219815681602]}},
{"type":"Feature","properties":{"ILCE":"GÜZELBAHÇE","KAPINO":null,"ENLEM":38.330609579392998,"ACIKLAMA":"3514-005-02","ILCEID":1,"MAHALLE":"KÜÇÜKKAYA","MAHALLEID":null,"ADI":"2 NO LU AFET VE ACİL DURUM TOPLANMA ALANI","BOYLAM":26.896022863831,"YOL":"SEVGİ Sk.","Area":null},"geometry":{"type":"Point","coordinates":[26.896022863831,38.330609579392998]}},
{"type":"Feature","properties":{"ILCE":"MENDERES","KAPINO":null,"ENLEM":38.023378675745001,"ACIKLAMA":"3521-014-02","ILCEID":13,"MAHALLE":"ÇUKURALTI","MAHALLEID":null,"ADI":"2 NO LU AFET VE ACİL DURUM TOPLANMA ALANI","BOYLAM":27.097343614667,"YOL":"2249/1 Sk.","Area":null},"geometry":{"type":"Point","coordinates":[27.097343614667,38.023378675745001]}},
{"type":"Feature","properties":{"ILCE":"MENEMEN","KAPINO":null,"ENLEM":38.583689646381998,"ACIKLAMA":"3522-029-02","ILCEID":17,"MAHALLE":"GÖLCÜK","MAHALLEID":null,"ADI":"2 NO LU AFET VE ACİL DURUM TOPLANMA ALANI","BOYLAM":27.085154770123001,"YOL":"9422 Sk.","Area":null},"geometry":{"type":"Point","coordinates":[27.085154770123001,38.583689646381998]}},
{"type":"Feature","properties":{"ILCE":"MENEMEN","KAPINO":null,"ENLEM":38.538374721041997,"ACIKLAMA":"3522-005-02","ILCEID":17,"MAHALLE":"9 EYLÜL","MAHALLEID":null,"ADI":"2 NO LU AFET VE ACİL DURUM TOPLANMA ALANI","BOYLAM":27.037631704222999,"YOL":"11. Cd.","Area":null},"geometry":{"type":"Point","coordinates":[27.037631704222999,38.538374721041997]}},
{"type":"Feature","properties":{"ILCE":"BAYRAKLI","KAPINO":null,"ENLEM":38.464437344502997,"ACIKLAMA":"3530-018-02","ILCEID":11,"MAHALLE":"OSMANGAZİ","MAHALLEID":null,"ADI":"2 NO LU AFET VE ACİL DURUM TOPLANMA ALANI","BOYLAM":27.184444493724001,"YOL":"617/11 Sk.","Area":null},"geometry":{"type":"Point","coordinates":[27.184444493724001,38.464437344502997]}},
{"type":"Feature","properties":{"ILCE":"BEYDAĞ","KAPINO":null,"ENLEM":38.085372061567,"ACIKLAMA":"3506-004-02","ILCEID":993,"MAHALLE":"ATATÜRK","MAHALLEID":null,"ADI":"2 NO LU AFET VE ACİL DURUM TOPLANMA ALANI","BOYLAM":28.216081934342998,"YOL":"YÜKSEL Sk.","Area":null},"geometry":{"type":"Point","coordinates":[28.216081934342998,38.085372061567]}},
{"type":"Feature","properties":{"ILCE":"ÇEŞME","KAPINO":null,"ENLEM":38.350687022264999,"ACIKLAMA":"3509-001-02","ILCEID":1001,"MAHALLE":"16 EYLÜL","MAHALLEID":null,"ADI":"2 NO LU AFET VE ACİL DURUM TOPLANMA ALANI","BOYLAM":26.287480936236001,"YOL":"3014 Sk.","Area":null},"geometry":{"type":"Point","coordinates":[26.287480936236001,38.350687022264999]}},
{"type":"Feature","properties":{"ILCE":"MENEMEN","KAPINO":null,"ENLEM":38.580842188382,"ACIKLAMA":"3522-027-02","ILCEID":17,"MAHALLE":"GAZİ MUSTAFA KEMAL","MAHALLEID":null,"ADI":"2 NO LU AFET VE ACİL DURUM TOPLANMA ALANI","BOYLAM":26.965555667056002,"YOL":"KAYNAKLAR Cd.","Area":null},"geometry":{"type":"Point","coordinates":[26.965555667056002,38.580842188382]}},
{"type":"Feature","properties":{"ILCE":"ÇEŞME","KAPINO":null,"ENLEM":38.294578947512001,"ACIKLAMA":"3509-002-02","ILCEID":1001,"MAHALLE":"ALAÇATI","MAHALLEID":null,"ADI":"2 NO LU AFET VE ACİL DURUM TOPLANMA ALANI","BOYLAM":26.363338896694,"YOL":"14037 Sk.","Area":null},"geometry":{"type":"Point","coordinates":[26.363338896694,38.294578947512001]}},
{"type":"Feature","properties":{"ILCE":"ÇEŞME","KAPINO":null,"ENLEM":38.302215788002997,"ACIKLAMA":"3509-007-02","ILCEID":1001,"MAHALLE":"CELAL BAYAR","MAHALLEID":null,"ADI":"2 NO LU AFET VE ACİL DURUM TOPLANMA ALANI","BOYLAM":26.371160164557001,"YOL":"5174 Sk.","Area":null},"geometry":{"type":"Point","coordinates":[26.371160164557001,38.302215788002997]}},
{"type":"Feature","properties":{"ILCE":"ÇEŞME","KAPINO":null,"ENLEM":38.293793655782999,"ACIKLAMA":"3509-010-01","ILCEID":1001,"MAHALLE":"ÇİFTLİK","MAHALLEID":null,"ADI":"2 NO LU AFET VE ACİL DURUM TOPLANMA ALANI","BOYLAM":26.284409930121999,"YOL":"4 Sk.","Area":null},"geometry":{"type":"Point","coordinates":[26.284409930121999,38.293793655782999]}},
{"type":"Feature","properties":{"ILCE":"GÜZELBAHÇE","KAPINO":null,"ENLEM":38.373220560735,"ACIKLAMA":"3514-009-02","ILCEID":1,"MAHALLE":"SİTELER","MAHALLEID":null,"ADI":"2 NO LU AFET VE ACİL DURUM TOPLANMA ALANI","BOYLAM":26.869887475708001,"YOL":"386 Sk.","Area":null},"geometry":{"type":"Point","coordinates":[26.869887475708001,38.373220560735]}},
{"type":"Feature","properties":{"ILCE":"BEYDAĞ","KAPINO":null,"ENLEM":38.112085785550001,"ACIKLAMA":"3506-023-02","ILCEID":993,"MAHALLE":"YEŞİLTEPE","MAHALLEID":null,"ADI":"2 NO LU AFET VE ACİL DURUM TOPLANMA ALANI","BOYLAM":28.296483412213,"YOL":"YONUÇ KümeEvleri","Area":null},"geometry":{"type":"Point","coordinates":[28.296483412213,38.112085785550001]}},
{"type":"Feature","properties":{"ILCE":"ÇEŞME","KAPINO":null,"ENLEM":38.314010508038002,"ACIKLAMA":"3509-020-02","ILCEID":1001,"MAHALLE":"REİSDERE","MAHALLEID":null,"ADI":"2 NO LU AFET VE ACİL DURUM TOPLANMA ALANI","BOYLAM":26.412229920514999,"YOL":"6125 Sk.","Area":null},"geometry":{"type":"Point","coordinates":[26.412229920514999,38.314010508038002]}},
{"type":"Feature","properties":{"ILCE":"ÇEŞME","KAPINO":null,"ENLEM":38.345032904865,"ACIKLAMA":"3509-013-02","ILCEID":1001,"MAHALLE":"GERMİYAN","MAHALLEID":null,"ADI":"2 NO LU AFET VE ACİL DURUM TOPLANMA ALANI","BOYLAM":26.444416209309999,"YOL":"27000 Sk.","Area":null},"geometry":{"type":"Point","coordinates":[26.444416209309999,38.345032904865]}},
{"type":"Feature","properties":{"ILCE":"GÜZELBAHÇE","KAPINO":null,"ENLEM":38.382228439287999,"ACIKLAMA":"3514-006-02","ILCEID":1,"MAHALLE":"MALTEPE","MAHALLEID":null,"ADI":"2 NO LU AFET VE ACİL DURUM TOPLANMA ALANI","BOYLAM":26.920430753647,"YOL":"3 Sk.","Area":null},"geometry":{"type":"Point","coordinates":[26.920430753647,38.382228439287999]}},
{"type":"Feature","properties":{"ILCE":"BAYRAKLI","KAPINO":null,"ENLEM":38.466108986982,"ACIKLAMA":"3530-011-02","ILCEID":11,"MAHALLE":"GÜMÜŞPALA","MAHALLEID":null,"ADI":"2 NO LU AFET VE ACİL DURUM TOPLANMA ALANI","BOYLAM":27.133810000947999,"YOL":"ANADOLU Cd.","Area":null},"geometry":{"type":"Point","coordinates":[27.133810000947999,38.466108986982]}},
{"type":"Feature","properties":{"ILCE":"KINIK","KAPINO":null,"ENLEM":39.089301117189002,"ACIKLAMA":"3518-037-02","ILCEID":996,"MAHALLE":"YENİ","MAHALLEID":null,"ADI":"2 NO LU AFET VE ACİL DURUM TOPLANMA ALANI","BOYLAM":27.378827540995001,"YOL":"PINAR Sk.","Area":null},"geometry":{"type":"Point","coordinates":[27.378827540995001,39.089301117189002]}},
{"type":"Feature","properties":{"ILCE":"KINIK","KAPINO":null,"ENLEM":39.088559990778997,"ACIKLAMA":"3518-016-02","ILCEID":996,"MAHALLE":"FATİH","MAHALLEID":null,"ADI":"2 NO LU AFET VE ACİL DURUM TOPLANMA ALANI","BOYLAM":27.385629591604999,"YOL":"ATATÜRK Cd.","Area":null},"geometry":{"type":"Point","coordinates":[27.385629591604999,39.088559990778997]}},
{"type":"Feature","properties":{"ILCE":"MENEMEN","KAPINO":null,"ENLEM":38.624734910005998,"ACIKLAMA":"3522-020-02","ILCEID":17,"MAHALLE":"DEĞİRMENDERE","MAHALLEID":null,"ADI":"2 NO LU AFET VE ACİL DURUM TOPLANMA ALANI","BOYLAM":27.1476123104,"YOL":"2701 Sk.","Area":null},"geometry":{"type":"Point","coordinates":[27.1476123104,38.624734910005998]}},
{"type":"Feature","properties":{"ILCE":"MENDERES","KAPINO":"89","ENLEM":38.214053713257996,"ACIKLAMA":"3521-037-02","ILCEID":13,"MAHALLE":"KÜNER","MAHALLEID":null,"ADI":"2 NO LU AFET VE ACİL DURUM TOPLANMA ALANI","BOYLAM":27.123097736637,"YOL":"KÜNER KümeEvleri","Area":null},"geometry":{"type":"Point","coordinates":[27.123097736637,38.214053713257996]}},
{"type":"Feature","properties":{"ILCE":"BAYINDIR","KAPINO":null,"ENLEM":38.192013574234998,"ACIKLAMA":"3504-004-01","ILCEID":7,"MAHALLE":"CUMHURİYET","MAHALLEID":null,"ADI":"2 NO LU AFET VE ACİL DURUM TOPLANMA ALANI","BOYLAM":27.553697441908,"YOL":"AYŞE HANIM Cd.","Area":null},"geometry":{"type":"Point","coordinates":[27.553697441908,38.192013574234998]}},
{"type":"Feature","properties":{"ILCE":"BAYINDIR","KAPINO":null,"ENLEM":38.224413552045,"ACIKLAMA":"3504-012-01","ILCEID":7,"MAHALLE":"CAMİİ","MAHALLEID":null,"ADI":"2 NO LU AFET VE ACİL DURUM TOPLANMA ALANI","BOYLAM":27.646697159096,"YOL":"OKTAN Sk.","Area":null},"geometry":{"type":"Point","coordinates":[27.646697159096,38.224413552045]}},
{"type":"Feature","properties":{"ILCE":"MENDERES","KAPINO":null,"ENLEM":38.023564704960002,"ACIKLAMA":"3521-001-02","ILCEID":13,"MAHALLE":"AHMETBEYLİ","MAHALLEID":null,"ADI":"2 NO LU AFET VE ACİL DURUM TOPLANMA ALANI","BOYLAM":27.186269119847001,"YOL":"4050 Sk.","Area":null},"geometry":{"type":"Point","coordinates":[27.186269119847001,38.023564704960002]}},
{"type":"Feature","properties":{"ILCE":"GÜZELBAHÇE","KAPINO":null,"ENLEM":38.350496276264998,"ACIKLAMA":"3514-004-02","ILCEID":1,"MAHALLE":"KAHRAMANDERE","MAHALLEID":null,"ADI":"2 NO LU AFET VE ACİL DURUM TOPLANMA ALANI","BOYLAM":26.878781676029,"YOL":"MİTHAT ÜNAL Cd.","Area":null},"geometry":{"type":"Point","coordinates":[26.878781676029,38.350496276264998]}},
{"type":"Feature","properties":{"ILCE":"BEYDAĞ","KAPINO":null,"ENLEM":38.074967675970001,"ACIKLAMA":"3506-017-02","ILCEID":993,"MAHALLE":"MUTAFLAR","MAHALLEID":null,"ADI":"2 NO LU AFET VE ACİL DURUM TOPLANMA ALANI","BOYLAM":28.254126219408001,"YOL":"SÜLEYMANLAR KümeEvleri","Area":null},"geometry":{"type":"Point","coordinates":[28.254126219408001,38.074967675970001]}},
{"type":"Feature","properties":{"ILCE":"GÜZELBAHÇE","KAPINO":null,"ENLEM":38.364842542632999,"ACIKLAMA":"3514-003-02","ILCEID":1,"MAHALLE":"ÇELEBİ","MAHALLEID":null,"ADI":"2 NO LU AFET VE ACİL DURUM TOPLANMA ALANI","BOYLAM":26.881109796692002,"YOL":"305 Sk.","Area":null},"geometry":{"type":"Point","coordinates":[26.881109796692002,38.364842542632999]}},
{"type":"Feature","properties":{"ILCE":"BAYINDIR","KAPINO":null,"ENLEM":38.194191349086999,"ACIKLAMA":"3504-047-02","ILCEID":7,"MAHALLE":"PINARLI","MAHALLEID":null,"ADI":"2 NO LU AFET VE ACİL DURUM TOPLANMA ALANI","BOYLAM":27.750345291066001,"YOL":"SULTAN KümeEvleri","Area":null},"geometry":{"type":"Point","coordinates":[27.750345291066001,38.194191349086999]}},
{"type":"Feature","properties":{"ILCE":"ÇEŞME","KAPINO":null,"ENLEM":38.349046334621001,"ACIKLAMA":"3509-011-02","ILCEID":1001,"MAHALLE":"DALYAN","MAHALLEID":null,"ADI":"2 NO LU AFET VE ACİL DURUM TOPLANMA ALANI","BOYLAM":26.307581313025999,"YOL":"4029 Sk.","Area":null},"geometry":{"type":"Point","coordinates":[26.307581313025999,38.349046334621001]}},
{"type":"Feature","properties":{"ILCE":"MENDERES","KAPINO":"9","ENLEM":38.246787137288003,"ACIKLAMA":"3521-018-02","ILCEID":13,"MAHALLE":"DEREKÖY","MAHALLEID":null,"ADI":"2 NO LU AFET VE ACİL DURUM TOPLANMA ALANI","BOYLAM":27.116038143110998,"YOL":"850 Sk.","Area":null},"geometry":{"type":"Point","coordinates":[27.116038143110998,38.246787137288003]}},
{"type":"Feature","properties":{"ILCE":"MENDERES","KAPINO":"30","ENLEM":38.251859358372997,"ACIKLAMA":"3521-038-02","ILCEID":13,"MAHALLE":"MİTHATPAŞA","MAHALLEID":null,"ADI":"2 NO LU AFET VE ACİL DURUM TOPLANMA ALANI","BOYLAM":27.141433161849001,"YOL":"OVA YOLU Sk.","Area":null},"geometry":{"type":"Point","coordinates":[27.141433161849001,38.251859358372997]}},
{"type":"Feature","properties":{"ILCE":"TİRE","KAPINO":null,"ENLEM":38.089255999290998,"ACIKLAMA":"3527-046-02","ILCEID":997,"MAHALLE":"İBNİ MELEK","MAHALLEID":null,"ADI":"2 NO LU AFET VE ACİL DURUM TOPLANMA ALANI","BOYLAM":27.72014392761,"YOL":"ÇAĞLAYAN Cd.","Area":null},"geometry":{"type":"Point","coordinates":[27.72014392761,38.089255999290998]}},
{"type":"Feature","properties":{"ILCE":"TİRE","KAPINO":null,"ENLEM":38.086460960940997,"ACIKLAMA":"3527-019-02","ILCEID":997,"MAHALLE":"CUMHURİYET","MAHALLEID":null,"ADI":"2 NO LU AFET VE ACİL DURUM TOPLANMA ALANI","BOYLAM":27.731360873673001,"YOL":"29 EKİM Cd.","Area":null},"geometry":{"type":"Point","coordinates":[27.731360873673001,38.086460960940997]}},
{"type":"Feature","properties":{"ILCE":"TİRE","KAPINO":null,"ENLEM":38.099489526832002,"ACIKLAMA":"3527-010-02","ILCEID":997,"MAHALLE":"ATATÜRK","MAHALLEID":null,"ADI":"2 NO LU AFET VE ACİL DURUM TOPLANMA ALANI","BOYLAM":27.720744723913,"YOL":"İSTASYON Cd.","Area":null},"geometry":{"type":"Point","coordinates":[27.720744723913,38.099489526832002]}},
{"type":"Feature","properties":{"ILCE":"ÖDEMİŞ","KAPINO":null,"ENLEM":38.108084182711004,"ACIKLAMA":"3524-075-02","ILCEID":998,"MAHALLE":"OVAKENT","MAHALLEID":null,"ADI":"2 NO LU AFET VE ACİL DURUM TOPLANMA ALANI","BOYLAM":28.019938274897001,"YOL":"OVAKENT Cd.","Area":null},"geometry":{"type":"Point","coordinates":[28.019938274897001,38.108084182711004]}},
{"type":"Feature","properties":{"ILCE":"BUCA","KAPINO":null,"ENLEM":38.377775391603997,"ACIKLAMA":"3508-043-02","ILCEID":8,"MAHALLE":"YENİGÜN","MAHALLEID":null,"ADI":"2 NO LU AFET VE ACİL DURUM TOPLANMA ALANI","BOYLAM":27.165862387960999,"YOL":"268/6 Sk.","Area":null},"geometry":{"type":"Point","coordinates":[27.165862387960999,38.377775391603997]}},
{"type":"Feature","properties":{"ILCE":"TİRE","KAPINO":null,"ENLEM":38.095673246384997,"ACIKLAMA":"3527-002-02","ILCEID":997,"MAHALLE":"ADNAN MENDERES","MAHALLEID":null,"ADI":"2 NO LU AFET VE ACİL DURUM TOPLANMA ALANI","BOYLAM":27.737546002731001,"YOL":"ALİM Sk.","Area":null},"geometry":{"type":"Point","coordinates":[27.737546002731001,38.095673246384997]}},
{"type":"Feature","properties":{"ILCE":"KARABURUN","KAPINO":null,"ENLEM":38.556498543732999,"ACIKLAMA":"3515-005-02","ILCEID":1000,"MAHALLE":"İNECİK","MAHALLEID":null,"ADI":"2 NO LU AFET VE ACİL DURUM TOPLANMA ALANI","BOYLAM":26.563870081883,"YOL":"4019/2 Sk.","Area":null},"geometry":{"type":"Point","coordinates":[26.563870081883,38.556498543732999]}},
{"type":"Feature","properties":{"ILCE":"KARABAĞLAR","KAPINO":null,"ENLEM":38.391718836827003,"ACIKLAMA":"3531-040-02","ILCEID":19,"MAHALLE":"POLİGON","MAHALLEID":null,"ADI":"2 NO LU AFET VE ACİL DURUM TOPLANMA ALANI","BOYLAM":27.083497501372999,"YOL":"123/5 Sk.","Area":null},"geometry":{"type":"Point","coordinates":[27.083497501372999,38.391718836827003]}},
{"type":"Feature","properties":{"ILCE":"FOÇA","KAPINO":null,"ENLEM":38.657206989140001,"ACIKLAMA":"3512-009-02","ILCEID":4,"MAHALLE":"KAZIM DİRİK","MAHALLEID":null,"ADI":"2 NO LU AFET VE ACİL DURUM TOPLANMA ALANI","BOYLAM":26.847002480044999,"YOL":"4/2 Sk.","Area":null},"geometry":{"type":"Point","coordinates":[26.847002480044999,38.657206989140001]}},
{"type":"Feature","properties":{"ILCE":"KEMALPAŞA","KAPINO":null,"ENLEM":38.341373546814999,"ACIKLAMA":"3517-042-02","ILCEID":6,"MAHALLE":"VİŞNELİ","MAHALLEID":null,"ADI":"2 NO LU AFET VE ACİL DURUM TOPLANMA ALANI","BOYLAM":27.397282286033001,"YOL":"4001 Sk.","Area":null},"geometry":{"type":"Point","coordinates":[27.397282286033001,38.341373546814999]}},
{"type":"Feature","properties":{"ILCE":"KEMALPAŞA","KAPINO":null,"ENLEM":38.455582864641002,"ACIKLAMA":"3517-041-02","ILCEID":6,"MAHALLE":"SÜTÇÜLER","MAHALLEID":null,"ADI":"2 NO LU AFET VE ACİL DURUM TOPLANMA ALANI","BOYLAM":27.450518320987001,"YOL":"YILDIZ Sk.","Area":null},"geometry":{"type":"Point","coordinates":[27.450518320987001,38.455582864641002]}},
{"type":"Feature","properties":{"ILCE":"KONAK","KAPINO":null,"ENLEM":38.404129546943999,"ACIKLAMA":"3520-085-02","ILCEID":21,"MAHALLE":"PİRİ REİS","MAHALLEID":null,"ADI":"2 NO LU AFET VE ACİL DURUM TOPLANMA ALANI","BOYLAM":27.114954270571999,"YOL":"271 Sk.","Area":null},"geometry":{"type":"Point","coordinates":[27.114954270571999,38.404129546943999]}},
{"type":"Feature","properties":{"ILCE":"KARABAĞLAR","KAPINO":null,"ENLEM":38.384280693815001,"ACIKLAMA":"3531-046-02","ILCEID":19,"MAHALLE":"SEVGİ","MAHALLEID":null,"ADI":"2 NO LU AFET VE ACİL DURUM TOPLANMA ALANI","BOYLAM":27.116711142319001,"YOL":"4632 Sk.","Area":null},"geometry":{"type":"Point","coordinates":[27.116711142319001,38.384280693815001]}},
{"type":"Feature","properties":{"ILCE":"URLA","KAPINO":null,"ENLEM":38.323265914658002,"ACIKLAMA":"3529-027-02","ILCEID":18,"MAHALLE":"TORASAN","MAHALLEID":null,"ADI":"2 NO LU AFET VE ACİL DURUM TOPLANMA ALANI","BOYLAM":26.704621402640999,"YOL":"529","Area":null},"geometry":{"type":"Point","coordinates":[26.704621402640999,38.323265914658002]}},
{"type":"Feature","properties":{"ILCE":"KONAK","KAPINO":null,"ENLEM":38.430709500580001,"ACIKLAMA":"3520-066-02","ILCEID":21,"MAHALLE":"KÜLTÜR","MAHALLEID":null,"ADI":"2 NO LU AFET VE ACİL DURUM TOPLANMA ALANI","BOYLAM":27.138074751988,"YOL":"VASIF ÇINAR Blv.","Area":null},"geometry":{"type":"Point","coordinates":[27.138074751988,38.430709500580001]}},
{"type":"Feature","properties":{"ILCE":"URLA","KAPINO":null,"ENLEM":38.320223178652,"ACIKLAMA":"3529-007-02","ILCEID":18,"MAHALLE":"CAMİATİK","MAHALLEID":null,"ADI":"2 NO LU AFET VE ACİL DURUM TOPLANMA ALANI","BOYLAM":26.768865355563999,"YOL":"HAYDAR ÇEŞME Sk.","Area":null},"geometry":{"type":"Point","coordinates":[26.768865355563999,38.320223178652]}},
{"type":"Feature","properties":{"ILCE":"URLA","KAPINO":null,"ENLEM":38.321435053247001,"ACIKLAMA":"3529-005-02","ILCEID":18,"MAHALLE":"BARBAROS","MAHALLEID":null,"ADI":"2 NO LU AFET VE ACİL DURUM TOPLANMA ALANI","BOYLAM":26.577753557304,"YOL":"7029/1 Sk.","Area":null},"geometry":{"type":"Point","coordinates":[26.577753557304,38.321435053247001]}},
{"type":"Feature","properties":{"ILCE":"KONAK","KAPINO":null,"ENLEM":38.437197522360002,"ACIKLAMA":"3520-073-02","ILCEID":21,"MAHALLE":"MERSİNLİ","MAHALLEID":null,"ADI":"2 NO LU AFET VE ACİL DURUM TOPLANMA ALANI","BOYLAM":27.173200775323,"YOL":"2814 Sk.","Area":null},"geometry":{"type":"Point","coordinates":[27.173200775323,38.437197522360002]}},
{"type":"Feature","properties":{"ILCE":"KARABAĞLAR","KAPINO":null,"ENLEM":38.380718995019002,"ACIKLAMA":"3531-010-02","ILCEID":19,"MAHALLE":"BAHRİYE ÜÇOK","MAHALLEID":null,"ADI":"2 NO LU AFET VE ACİL DURUM TOPLANMA ALANI","BOYLAM":27.100888876425,"YOL":"9676 Sk.","Area":null},"geometry":{"type":"Point","coordinates":[27.100888876425,38.380718995019002]}},
{"type":"Feature","properties":{"ILCE":"KEMALPAŞA","KAPINO":null,"ENLEM":38.481152780468001,"ACIKLAMA":"3517-005-02","ILCEID":6,"MAHALLE":"ANSIZCA","MAHALLEID":null,"ADI":"2 NO LU AFET VE ACİL DURUM TOPLANMA ALANI","BOYLAM":27.405629052017002,"YOL":"ANSIZCA KÖY YOLU KümeEvleri","Area":null},"geometry":{"type":"Point","coordinates":[27.405629052017002,38.481152780468001]}},
{"type":"Feature","properties":{"ILCE":"KARABAĞLAR","KAPINO":null,"ENLEM":38.359841566470998,"ACIKLAMA":"3531-057-02","ILCEID":19,"MAHALLE":"YURDOĞLU","MAHALLEID":null,"ADI":"2 NO LU AFET VE ACİL DURUM TOPLANMA ALANI","BOYLAM":27.094666218029001,"YOL":"3945/2 Sk.","Area":null},"geometry":{"type":"Point","coordinates":[27.094666218029001,38.359841566470998]}},
{"type":"Feature","properties":{"ILCE":"KEMALPAŞA","KAPINO":null,"ENLEM":38.411763761296001,"ACIKLAMA":"3517-026-02","ILCEID":6,"MAHALLE":"BAĞYURDU KAZIMPAŞA","MAHALLEID":null,"ADI":"2 NO LU AFET VE ACİL DURUM TOPLANMA ALANI","BOYLAM":27.630386435712001,"YOL":"KIRMIZI Sk.","Area":null},"geometry":{"type":"Point","coordinates":[27.630386435712001,38.411763761296001]}},
{"type":"Feature","properties":{"ILCE":"URLA","KAPINO":null,"ENLEM":38.325614293343001,"ACIKLAMA":"3529-031-02","ILCEID":18,"MAHALLE":"YELALTI","MAHALLEID":null,"ADI":"2 NO LU AFET VE ACİL DURUM TOPLANMA ALANI","BOYLAM":26.772912779073,"YOL":"SÜLEYMAN EFENDİ Sk.","Area":null},"geometry":{"type":"Point","coordinates":[26.772912779073,38.325614293343001]}},
{"type":"Feature","properties":{"ILCE":"SELÇUK","KAPINO":null,"ENLEM":37.960175276180998,"ACIKLAMA":"3526-010-03","ILCEID":10,"MAHALLE":"İSA BEY","MAHALLEID":null,"ADI":"2 NO LU AFET VE ACİL DURUM TOPLANMA ALANI","BOYLAM":27.372520868919999,"YOL":"ATATÜRK Cd.","Area":null},"geometry":{"type":"Point","coordinates":[27.372520868919999,37.960175276180998]}},
{"type":"Feature","properties":{"ILCE":"KARABURUN","KAPINO":null,"ENLEM":38.497140930893003,"ACIKLAMA":"3515-008-02","ILCEID":1000,"MAHALLE":"KÜÇÜKBAHÇE","MAHALLEID":null,"ADI":"2 NO LU AFET VE ACİL DURUM TOPLANMA ALANI","BOYLAM":26.421091552475001,"YOL":"KARAREİS KÖYÜ KümeEvleri","Area":null},"geometry":{"type":"Point","coordinates":[26.421091552475001,38.497140930893003]}},
{"type":"Feature","properties":{"ILCE":"KEMALPAŞA","KAPINO":null,"ENLEM":38.428751506410997,"ACIKLAMA":"3517-038-02","ILCEID":6,"MAHALLE":"ATATÜRK","MAHALLEID":null,"ADI":"2 NO LU AFET VE ACİL DURUM TOPLANMA ALANI","BOYLAM":27.412892523162999,"YOL":"İZMİR Cd.","Area":null},"geometry":{"type":"Point","coordinates":[27.412892523162999,38.428751506410997]}},
{"type":"Feature","properties":{"ILCE":"KONAK","KAPINO":null,"ENLEM":38.398950298422001,"ACIKLAMA":"3520-040-02","ILCEID":21,"MAHALLE":"GÜNEŞLİ","MAHALLEID":null,"ADI":"2 NO LU AFET VE ACİL DURUM TOPLANMA ALANI","BOYLAM":27.130414454939999,"YOL":"526/2 Sk.","Area":null},"geometry":{"type":"Point","coordinates":[27.130414454939999,38.398950298422001]}},
{"type":"Feature","properties":{"ILCE":"KARŞIYAKA","KAPINO":null,"ENLEM":38.491700379362001,"ACIKLAMA":"3516-027-02","ILCEID":20,"MAHALLE":"ZÜBEYDE HANIM","MAHALLEID":null,"ADI":"2 NO LU AFET VE ACİL DURUM TOPLANMA ALANI","BOYLAM":27.106939721126999,"YOL":"7448/9 Sk.","Area":null},"geometry":{"type":"Point","coordinates":[27.106939721126999,38.491700379362001]}},
{"type":"Feature","properties":{"ILCE":"ÇİĞLİ","KAPINO":null,"ENLEM":38.489567382171003,"ACIKLAMA":"3510-006-02","ILCEID":16,"MAHALLE":"AYDINLIKEVLER","MAHALLEID":null,"ADI":"2 NO LU AFET VE ACİL DURUM TOPLANMA ALANI","BOYLAM":27.082263524466999,"YOL":"6787 Sk.","Area":null},"geometry":{"type":"Point","coordinates":[27.082263524466999,38.489567382171003]}},
{"type":"Feature","properties":{"ILCE":"KİRAZ","KAPINO":null,"ENLEM":38.222079407654,"ACIKLAMA":"3519-027-02","ILCEID":994,"MAHALLE":"KARABURÇ","MAHALLEID":null,"ADI":"2 NO LU AFET VE ACİL DURUM TOPLANMA ALANI","BOYLAM":28.279231373738,"YOL":"PALAMUT ARASI KümeEvleri","Area":null},"geometry":{"type":"Point","coordinates":[28.279231373738,38.222079407654]}},
{"type":"Feature","properties":{"ILCE":"BAYINDIR","KAPINO":null,"ENLEM":38.216292273759997,"ACIKLAMA":"3504-048-03","ILCEID":7,"MAHALLE":"SADIKPAŞA","MAHALLEID":null,"ADI":"2 NO LU AFET VE ACİL DURUM TOPLANMA ALANI","BOYLAM":27.642134756912,"YOL":"NECİP FAZIL Sk.","Area":null},"geometry":{"type":"Point","coordinates":[27.642134756912,38.216292273759997]}},
{"type":"Feature","properties":{"ILCE":"BAYINDIR","KAPINO":null,"ENLEM":38.204211814910003,"ACIKLAMA":"3504-037-02","ILCEID":7,"MAHALLE":"KIZILCAOVA","MAHALLEID":null,"ADI":"2 NO LU AFET VE ACİL DURUM TOPLANMA ALANI","BOYLAM":27.512697381429,"YOL":"KIZILCAOVA OKUL Sk.","Area":null},"geometry":{"type":"Point","coordinates":[27.512697381429,38.204211814910003]}},
{"type":"Feature","properties":{"ILCE":"ÇİĞLİ","KAPINO":null,"ENLEM":38.496150842760002,"ACIKLAMA":"3510-002-02","ILCEID":16,"MAHALLE":"AHMET TANER KIŞLALI","MAHALLEID":null,"ADI":"2 NO LU AFET VE ACİL DURUM TOPLANMA ALANI","BOYLAM":27.086876889788002,"YOL":"6845","Area":null},"geometry":{"type":"Point","coordinates":[27.086876889788002,38.496150842760002]}},
{"type":"Feature","properties":{"ILCE":"KARABAĞLAR","KAPINO":null,"ENLEM":38.399168891788001,"ACIKLAMA":"3531-009-02","ILCEID":19,"MAHALLE":"BAHÇELİEVLER","MAHALLEID":null,"ADI":"2 NO LU AFET VE ACİL DURUM TOPLANMA ALANI","BOYLAM":27.111842932051001,"YOL":"GAZETECİ HASAN TAHSİN Cd.","Area":null},"geometry":{"type":"Point","coordinates":[27.111842932051001,38.399168891788001]}},
{"type":"Feature","properties":{"ILCE":"ÇİĞLİ","KAPINO":null,"ENLEM":38.504446487003001,"ACIKLAMA":"3510-014-02","ILCEID":16,"MAHALLE":"EVKA-6","MAHALLEID":null,"ADI":"2 NO LU AFET VE ACİL DURUM TOPLANMA ALANI","BOYLAM":27.089913121127999,"YOL":"6820 Sk.","Area":null},"geometry":{"type":"Point","coordinates":[27.089913121127999,38.504446487003001]}},
{"type":"Feature","properties":{"ILCE":"URLA","KAPINO":null,"ENLEM":38.227212858995998,"ACIKLAMA":"3529-009-02","ILCEID":18,"MAHALLE":"DEMİRCİLİ","MAHALLEID":null,"ADI":"2 NO LU AFET VE ACİL DURUM TOPLANMA ALANI","BOYLAM":26.687010278749,"YOL":"10001 Sk.","Area":null},"geometry":{"type":"Point","coordinates":[26.687010278749,38.227212858995998]}},
{"type":"Feature","properties":{"ILCE":"URLA","KAPINO":null,"ENLEM":38.365023212476999,"ACIKLAMA":"3529-023-02","ILCEID":18,"MAHALLE":"ÖZBEK","MAHALLEID":null,"ADI":"2 NO LU AFET VE ACİL DURUM TOPLANMA ALANI","BOYLAM":26.706734897916999,"YOL":"6002 Sk.","Area":null},"geometry":{"type":"Point","coordinates":[26.706734897916999,38.365023212476999]}},
{"type":"Feature","properties":{"ILCE":"KEMALPAŞA","KAPINO":null,"ENLEM":38.426137604696002,"ACIKLAMA":"3517-031-02","ILCEID":6,"MAHALLE":"MEHMET AKİF ERSOY","MAHALLEID":null,"ADI":"2 NO LU AFET VE ACİL DURUM TOPLANMA ALANI","BOYLAM":27.429897648050002,"YOL":"241/1 Sk.","Area":null},"geometry":{"type":"Point","coordinates":[27.429897648050002,38.426137604696002]}},
{"type":"Feature","properties":{"ILCE":"URLA","KAPINO":null,"ENLEM":38.355718902767997,"ACIKLAMA":"3529-017-02","ILCEID":18,"MAHALLE":"KALABAK","MAHALLEID":null,"ADI":"2 NO LU AFET VE ACİL DURUM TOPLANMA ALANI","BOYLAM":26.813893991678999,"YOL":"3285 Sk.","Area":null},"geometry":{"type":"Point","coordinates":[26.813893991678999,38.355718902767997]}},
{"type":"Feature","properties":{"ILCE":"KARŞIYAKA","KAPINO":null,"ENLEM":38.494152367207001,"ACIKLAMA":"3516-018-02","ILCEID":20,"MAHALLE":"MUSTAFA KEMAL","MAHALLEID":null,"ADI":"2 NO LU AFET VE ACİL DURUM TOPLANMA ALANI","BOYLAM":27.096275306892,"YOL":"BÜLENT ECEVİT Cd.","Area":null},"geometry":{"type":"Point","coordinates":[27.096275306892,38.494152367207001]}},
{"type":"Feature","properties":{"ILCE":"TORBALI","KAPINO":null,"ENLEM":38.146602319930999,"ACIKLAMA":"3528-051-02","ILCEID":9,"MAHALLE":"TEPEKÖY","MAHALLEID":null,"ADI":"2 NO LU AFET VE ACİL DURUM TOPLANMA ALANI","BOYLAM":27.364195035997,"YOL":"4556 Sk.","Area":null},"geometry":{"type":"Point","coordinates":[27.364195035997,38.146602319930999]}},
{"type":"Feature","properties":{"ILCE":"KEMALPAŞA","KAPINO":null,"ENLEM":38.338672374043,"ACIKLAMA":"3517-016-02","ILCEID":6,"MAHALLE":"DEREKÖY","MAHALLEID":null,"ADI":"2 NO LU AFET VE ACİL DURUM TOPLANMA ALANI","BOYLAM":27.454895852495,"YOL":"DEREKÖY YOLU KümeEvleri","Area":null},"geometry":{"type":"Point","coordinates":[27.454895852495,38.338672374043]}},
{"type":"Feature","properties":{"ILCE":"KEMALPAŞA","KAPINO":null,"ENLEM":38.415832524766003,"ACIKLAMA":"3517-039-02","ILCEID":6,"MAHALLE":"SİNANCILAR","MAHALLEID":null,"ADI":"2 NO LU AFET VE ACİL DURUM TOPLANMA ALANI","BOYLAM":27.662733710013999,"YOL":"SİNANCILAR KÖY YOLU KümeEvleri","Area":null},"geometry":{"type":"Point","coordinates":[27.662733710013999,38.415832524766003]}},
{"type":"Feature","properties":{"ILCE":"URLA","KAPINO":null,"ENLEM":38.307713827065001,"ACIKLAMA":"3529-014-02","ILCEID":18,"MAHALLE":"İÇMELER","MAHALLEID":null,"ADI":"2 NO LU AFET VE ACİL DURUM TOPLANMA ALANI","BOYLAM":26.683002934545001,"YOL":"1054 Sk.","Area":null},"geometry":{"type":"Point","coordinates":[26.683002934545001,38.307713827065001]}},
{"type":"Feature","properties":{"ILCE":"KARABAĞLAR","KAPINO":null,"ENLEM":38.391744054920999,"ACIKLAMA":"3531-053-02","ILCEID":19,"MAHALLE":"ESENTEPE","MAHALLEID":null,"ADI":"2 NO LU AFET VE ACİL DURUM TOPLANMA ALANI","BOYLAM":27.074942638408999,"YOL":"74 Sk.","Area":null},"geometry":{"type":"Point","coordinates":[27.074942638408999,38.391744054920999]}},
{"type":"Feature","properties":{"ILCE":"ÇİĞLİ","KAPINO":null,"ENLEM":38.504798975504002,"ACIKLAMA":"3510-023-02","ILCEID":16,"MAHALLE":"SASALI MERKEZ","MAHALLEID":null,"ADI":"2 NO LU AFET VE ACİL DURUM TOPLANMA ALANI","BOYLAM":26.959429664735001,"YOL":"169 Sk.","Area":null},"geometry":{"type":"Point","coordinates":[26.959429664735001,38.504798975504002]}},
{"type":"Feature","properties":{"ILCE":"KİRAZ","KAPINO":null,"ENLEM":38.195439796906001,"ACIKLAMA":"3519-042-02","ILCEID":994,"MAHALLE":"SOLAKLAR","MAHALLEID":null,"ADI":"2 NO LU AFET VE ACİL DURUM TOPLANMA ALANI","BOYLAM":28.339312610935998,"YOL":"SARIİMAMLAR KümeEvleri","Area":null},"geometry":{"type":"Point","coordinates":[28.339312610935998,38.195439796906001]}},
{"type":"Feature","properties":{"ILCE":"URLA","KAPINO":null,"ENLEM":38.362916090146001,"ACIKLAMA":"3529-026-02","ILCEID":18,"MAHALLE":"ŞİRİNKENT","MAHALLEID":null,"ADI":"2 NO LU AFET VE ACİL DURUM TOPLANMA ALANI","BOYLAM":26.843103088753999,"YOL":"4255 Sk.","Area":null},"geometry":{"type":"Point","coordinates":[26.843103088753999,38.362916090146001]}},
{"type":"Feature","properties":{"ILCE":"KİRAZ","KAPINO":null,"ENLEM":38.230692998305003,"ACIKLAMA":"3519-011-02","ILCEID":994,"MAHALLE":"CUMHURİYET","MAHALLEID":null,"ADI":"2 NO LU AFET VE ACİL DURUM TOPLANMA ALANI","BOYLAM":28.208271176254001,"YOL":"SAĞLIK Sk.","Area":null},"geometry":{"type":"Point","coordinates":[28.208271176254001,38.230692998305003]}},
{"type":"Feature","properties":{"ILCE":"KARABAĞLAR","KAPINO":null,"ENLEM":38.383309330990002,"ACIKLAMA":"3531-003-02","ILCEID":19,"MAHALLE":"ALİ FUAT CEBESOY","MAHALLEID":null,"ADI":"2 NO LU AFET VE ACİL DURUM TOPLANMA ALANI","BOYLAM":27.1049443518,"YOL":"İHSAN ALYANAK Blv.","Area":null},"geometry":{"type":"Point","coordinates":[27.1049443518,38.383309330990002]}},
{"type":"Feature","properties":{"ILCE":"BUCA","KAPINO":null,"ENLEM":38.394207970087997,"ACIKLAMA":"3508-021-02","ILCEID":8,"MAHALLE":"GAZİLER","MAHALLEID":null,"ADI":"2 NO LU AFET VE ACİL DURUM TOPLANMA ALANI","BOYLAM":27.179466456579998,"YOL":"1052/2 Sk.","Area":null},"geometry":{"type":"Point","coordinates":[27.179466456579998,38.394207970087997]}},
{"type":"Feature","properties":{"ILCE":"BUCA","KAPINO":null,"ENLEM":38.395839229949999,"ACIKLAMA":"3508-006-02","ILCEID":8,"MAHALLE":"BARIŞ","MAHALLEID":null,"ADI":"2 NO LU AFET VE ACİL DURUM TOPLANMA ALANI","BOYLAM":27.160970032781002,"YOL":"302/1 Sk.","Area":null},"geometry":{"type":"Point","coordinates":[27.160970032781002,38.395839229949999]}},
{"type":"Feature","properties":{"ILCE":"BUCA","KAPINO":null,"ENLEM":38.388607518176002,"ACIKLAMA":"3508-035-02","ILCEID":8,"MAHALLE":"MENDERES","MAHALLEID":null,"ADI":"2 NO LU AFET VE ACİL DURUM TOPLANMA ALANI","BOYLAM":27.172235266567,"YOL":"MENDERES Cd.","Area":null},"geometry":{"type":"Point","coordinates":[27.172235266567,38.388607518176002]}},
{"type":"Feature","properties":{"ILCE":"TORBALI","KAPINO":null,"ENLEM":38.198069448440002,"ACIKLAMA":"3528-034-02","ILCEID":9,"MAHALLE":"KAZIM KARABEKİR","MAHALLEID":null,"ADI":"2 NO LU AFET VE ACİL DURUM TOPLANMA ALANI","BOYLAM":27.243410324688,"YOL":"PALMİYE Sk.","Area":null},"geometry":{"type":"Point","coordinates":[27.243410324688,38.198069448440002]}},
{"type":"Feature","properties":{"ILCE":"KARABAĞLAR","KAPINO":null,"ENLEM":38.393064283523998,"ACIKLAMA":"3531-002-02","ILCEID":19,"MAHALLE":"ADNAN SÜVARİ","MAHALLEID":null,"ADI":"2 NO LU AFET VE ACİL DURUM TOPLANMA ALANI","BOYLAM":27.095749768672999,"YOL":"108/8 Sk.","Area":null},"geometry":{"type":"Point","coordinates":[27.095749768672999,38.393064283523998]}},
{"type":"Feature","properties":{"ILCE":"KINIK","KAPINO":null,"ENLEM":39.089163709544998,"ACIKLAMA":"3518-029-02","ILCEID":996,"MAHALLE":"OSMANİYE","MAHALLEID":null,"ADI":"2 NO LU AFET VE ACİL DURUM TOPLANMA ALANI","BOYLAM":27.371918204029001,"YOL":"8. SANAYİ Sk.","Area":null},"geometry":{"type":"Point","coordinates":[27.371918204029001,39.089163709544998]}},
{"type":"Feature","properties":{"ILCE":"URLA","KAPINO":null,"ENLEM":38.319924352455999,"ACIKLAMA":"3529-025-02","ILCEID":18,"MAHALLE":"SIRA","MAHALLEID":null,"ADI":"2 NO LU AFET VE ACİL DURUM TOPLANMA ALANI","BOYLAM":26.760000699841001,"YOL":"HARA Sk.","Area":null},"geometry":{"type":"Point","coordinates":[26.760000699841001,38.319924352455999]}},
{"type":"Feature","properties":{"ILCE":"KEMALPAŞA","KAPINO":null,"ENLEM":38.408993668771998,"ACIKLAMA":"3517-017-02","ILCEID":6,"MAHALLE":"ÖREN EGEMEN","MAHALLEID":null,"ADI":"2 NO LU AFET VE ACİL DURUM TOPLANMA ALANI","BOYLAM":27.600442406951,"YOL":"GAZİ MUSTAFA KEMAL Cd.","Area":null},"geometry":{"type":"Point","coordinates":[27.600442406951,38.408993668771998]}},
{"type":"Feature","properties":{"ILCE":"TORBALI","KAPINO":null,"ENLEM":38.106108196108003,"ACIKLAMA":"3528-001-02","ILCEID":9,"MAHALLE":"SUBAŞI","MAHALLEID":null,"ADI":"2 NO LU AFET VE ACİL DURUM TOPLANMA ALANI","BOYLAM":27.437107902661001,"YOL":"OSMAN DİRİK Cd.","Area":null},"geometry":{"type":"Point","coordinates":[27.437107902661001,38.106108196108003]}},
{"type":"Feature","properties":{"ILCE":"KARABAĞLAR","KAPINO":null,"ENLEM":38.383570070483003,"ACIKLAMA":"3531-029-02","ILCEID":19,"MAHALLE":"KARABAĞLAR","MAHALLEID":null,"ADI":"2 NO LU AFET VE ACİL DURUM TOPLANMA ALANI","BOYLAM":27.133021575066,"YOL":"5759/4 Sk.","Area":null},"geometry":{"type":"Point","coordinates":[27.133021575066,38.383570070483003]}},
{"type":"Feature","properties":{"ILCE":"KARABAĞLAR","KAPINO":null,"ENLEM":38.392004751873998,"ACIKLAMA":"3531-021-02","ILCEID":19,"MAHALLE":"ESENYALI","MAHALLEID":null,"ADI":"2 NO LU AFET VE ACİL DURUM TOPLANMA ALANI","BOYLAM":27.091350969657,"YOL":"52/74 Sk.","Area":null},"geometry":{"type":"Point","coordinates":[27.091350969657,38.392004751873998]}},
{"type":"Feature","properties":{"ILCE":"KARABAĞLAR","KAPINO":null,"ENLEM":38.401506338428,"ACIKLAMA":"3531-008-02","ILCEID":19,"MAHALLE":"BAHÇELİEVLER","MAHALLEID":null,"ADI":"2 NO LU AFET VE ACİL DURUM TOPLANMA ALANI","BOYLAM":27.123590944939,"YOL":"SAİM ÇIKRIKÇI Cd.","Area":null},"geometry":{"type":"Point","coordinates":[27.123590944939,38.401506338428]}},
{"type":"Feature","properties":{"ILCE":"TORBALI","KAPINO":null,"ENLEM":38.242717542644002,"ACIKLAMA":"3528-028-02","ILCEID":9,"MAHALLE":"İSTİKLAL","MAHALLEID":null,"ADI":"2 NO LU AFET VE ACİL DURUM TOPLANMA ALANI","BOYLAM":27.322835425529998,"YOL":"PAPATYA Sk.","Area":null},"geometry":{"type":"Point","coordinates":[27.322835425529998,38.242717542644002]}},
{"type":"Feature","properties":{"ILCE":"KEMALPAŞA","KAPINO":null,"ENLEM":38.431029139335003,"ACIKLAMA":"3517-013-02","ILCEID":6,"MAHALLE":"ÇINARKÖY","MAHALLEID":null,"ADI":"2 NO LU AFET VE ACİL DURUM TOPLANMA ALANI","BOYLAM":27.399599557645999,"YOL":"5001 Sk.","Area":null},"geometry":{"type":"Point","coordinates":[27.399599557645999,38.431029139335003]}},
{"type":"Feature","properties":{"ILCE":"ÇİĞLİ","KAPINO":null,"ENLEM":38.507074334399,"ACIKLAMA":"3510-018-02","ILCEID":16,"MAHALLE":"EGEKENT","MAHALLEID":null,"ADI":"2 NO LU AFET VE ACİL DURUM TOPLANMA ALANI","BOYLAM":27.065478313861,"YOL":"8845 Sk.","Area":null},"geometry":{"type":"Point","coordinates":[27.065478313861,38.507074334399]}},
{"type":"Feature","properties":{"ILCE":"BAYINDIR","KAPINO":null,"ENLEM":38.290113068518998,"ACIKLAMA":"3504-013-02","ILCEID":7,"MAHALLE":"ÇINARDİBİ","MAHALLEID":null,"ADI":"2 NO LU AFET VE ACİL DURUM TOPLANMA ALANI","BOYLAM":27.518598075970999,"YOL":"ÇINARDİBİ CAMİ KümeEvleri","Area":null},"geometry":{"type":"Point","coordinates":[27.518598075970999,38.290113068518998]}},
{"type":"Feature","properties":{"ILCE":"KARŞIYAKA","KAPINO":null,"ENLEM":38.461085377064997,"ACIKLAMA":"3516-023-02","ILCEID":20,"MAHALLE":"TERSANE","MAHALLEID":null,"ADI":"2 NO LU AFET VE ACİL DURUM TOPLANMA ALANI","BOYLAM":27.127410290596998,"YOL":"1663 Sk.","Area":null},"geometry":{"type":"Point","coordinates":[27.127410290596998,38.461085377064997]}},
{"type":"Feature","properties":{"ILCE":"TİRE","KAPINO":null,"ENLEM":38.096078510685999,"ACIKLAMA":"3527-038-02","ILCEID":997,"MAHALLE":"FATİH","MAHALLEID":null,"ADI":"2 NO LU AFET VE ACİL DURUM TOPLANMA ALANI","BOYLAM":27.721066592549001,"YOL":"DİCLE Sk.","Area":null},"geometry":{"type":"Point","coordinates":[27.721066592549001,38.096078510685999]}},
{"type":"Feature","properties":{"ILCE":"KEMALPAŞA","KAPINO":null,"ENLEM":38.502146270398001,"ACIKLAMA":"3517-015-02","ILCEID":6,"MAHALLE":"DAMLACIK","MAHALLEID":null,"ADI":"2 NO LU AFET VE ACİL DURUM TOPLANMA ALANI","BOYLAM":27.380952817072998,"YOL":"9503 Sk.","Area":null},"geometry":{"type":"Point","coordinates":[27.380952817072998,38.502146270398001]}},
{"type":"Feature","properties":{"ILCE":"KARABAĞLAR","KAPINO":null,"ENLEM":38.390482718816003,"ACIKLAMA":"3531-054-02","ILCEID":19,"MAHALLE":"VATAN","MAHALLEID":null,"ADI":"2 NO LU AFET VE ACİL DURUM TOPLANMA ALANI","BOYLAM":27.103796359912,"YOL":"9246 Sk.","Area":null},"geometry":{"type":"Point","coordinates":[27.103796359912,38.390482718816003]}},
{"type":"Feature","properties":{"ILCE":"KEMALPAŞA","KAPINO":null,"ENLEM":38.408363123931998,"ACIKLAMA":"3517-002-02","ILCEID":6,"MAHALLE":"ÖREN 75.YIL CUMHURİYET","MAHALLEID":null,"ADI":"2 NO LU AFET VE ACİL DURUM TOPLANMA ALANI","BOYLAM":27.585255815783,"YOL":"ÖREN CUMHURİYET Myd.","Area":null},"geometry":{"type":"Point","coordinates":[27.585255815783,38.408363123931998]}},
{"type":"Feature","properties":{"ILCE":"BUCA","KAPINO":null,"ENLEM":38.367580950254002,"ACIKLAMA":"3508-015-02","ILCEID":8,"MAHALLE":"ÇAMLIPINAR","MAHALLEID":null,"ADI":"2 NO LU AFET VE ACİL DURUM TOPLANMA ALANI","BOYLAM":27.163502072941,"YOL":"293/52 Sk.","Area":null},"geometry":{"type":"Point","coordinates":[27.163502072941,38.367580950254002]}},
{"type":"Feature","properties":{"ILCE":"ÇEŞME","KAPINO":null,"ENLEM":38.349555373713997,"ACIKLAMA":"3509-008-02","ILCEID":1001,"MAHALLE":"CUMHURİYET","MAHALLEID":null,"ADI":"2 NO LU AFET VE ACİL DURUM TOPLANMA ALANI","BOYLAM":26.302410038988,"YOL":"4525 Sk.","Area":null},"geometry":{"type":"Point","coordinates":[26.302410038988,38.349555373713997]}},
{"type":"Feature","properties":{"ILCE":"KEMALPAŞA","KAPINO":null,"ENLEM":38.413058402990998,"ACIKLAMA":"3517-037-02","ILCEID":6,"MAHALLE":"SARILAR","MAHALLEID":null,"ADI":"2 NO LU AFET VE ACİL DURUM TOPLANMA ALANI","BOYLAM":27.651296831673001,"YOL":"BEYLER YOLU KümeEvleri","Area":null},"geometry":{"type":"Point","coordinates":[27.651296831673001,38.413058402990998]}},
{"type":"Feature","properties":{"ILCE":"URLA","KAPINO":null,"ENLEM":38.333963216230003,"ACIKLAMA":"3529-033-02","ILCEID":18,"MAHALLE":"YENİCE","MAHALLEID":null,"ADI":"2 NO LU AFET VE ACİL DURUM TOPLANMA ALANI","BOYLAM":26.788010843009001,"YOL":"KEKİK Sk.","Area":null},"geometry":{"type":"Point","coordinates":[26.788010843009001,38.333963216230003]}},
{"type":"Feature","properties":{"ILCE":"TORBALI","KAPINO":null,"ENLEM":38.237316018766002,"ACIKLAMA":"3528-027-02","ILCEID":9,"MAHALLE":"İNÖNÜ","MAHALLEID":null,"ADI":"2 NO LU AFET VE ACİL DURUM TOPLANMA ALANI","BOYLAM":27.282999466170999,"YOL":"İZMİR AYDIN Cd.","Area":null},"geometry":{"type":"Point","coordinates":[27.282999466170999,38.237316018766002]}},
{"type":"Feature","properties":{"ILCE":"TORBALI","KAPINO":null,"ENLEM":38.145547666683001,"ACIKLAMA":"3528-049-02","ILCEID":9,"MAHALLE":"ŞEHİTLER","MAHALLEID":null,"ADI":"2 NO LU AFET VE ACİL DURUM TOPLANMA ALANI","BOYLAM":27.401885248719999,"YOL":"7514 Sk.","Area":null},"geometry":{"type":"Point","coordinates":[27.401885248719999,38.145547666683001]}},
{"type":"Feature","properties":{"ILCE":"KEMALPAŞA","KAPINO":null,"ENLEM":38.463858005921999,"ACIKLAMA":"3517-004-02","ILCEID":6,"MAHALLE":"AKALAN","MAHALLEID":null,"ADI":"2 NO LU AFET VE ACİL DURUM TOPLANMA ALANI","BOYLAM":27.482929960703999,"YOL":"1528 Sk.","Area":null},"geometry":{"type":"Point","coordinates":[27.482929960703999,38.463858005921999]}},
{"type":"Feature","properties":{"ILCE":"KARŞIYAKA","KAPINO":null,"ENLEM":38.458556627135003,"ACIKLAMA":"3516-006-02","ILCEID":20,"MAHALLE":"BAHRİYE ÜÇOK","MAHALLEID":null,"ADI":"2 NO LU AFET VE ACİL DURUM TOPLANMA ALANI","BOYLAM":27.113505792552001,"YOL":"LATİFE HANIM Sk.","Area":null},"geometry":{"type":"Point","coordinates":[27.113505792552001,38.458556627135003]}},
{"type":"Feature","properties":{"ILCE":"BUCA","KAPINO":null,"ENLEM":38.369936258098001,"ACIKLAMA":"3508-033-02","ILCEID":8,"MAHALLE":"KURUÇEŞME","MAHALLEID":null,"ADI":"2 NO LU AFET VE ACİL DURUM TOPLANMA ALANI","BOYLAM":27.191783139531001,"YOL":"AHMET PİRİŞTİNA Blv.","Area":null},"geometry":{"type":"Point","coordinates":[27.191783139531001,38.369936258098001]}},
{"type":"Feature","properties":{"ILCE":"TORBALI","KAPINO":null,"ENLEM":38.295537912446001,"ACIKLAMA":"3528-032-02","ILCEID":9,"MAHALLE":"KARAOT","MAHALLEID":null,"ADI":"2 NO LU AFET VE ACİL DURUM TOPLANMA ALANI","BOYLAM":27.437045909849999,"YOL":"KARAOT KÖY YOLU KümeEvleri","Area":null},"geometry":{"type":"Point","coordinates":[27.437045909849999,38.295537912446001]}},
{"type":"Feature","properties":{"ILCE":"URLA","KAPINO":null,"ENLEM":38.357906269607,"ACIKLAMA":"3529-002-02","ILCEID":18,"MAHALLE":"ATATÜRK","MAHALLEID":null,"ADI":"2 NO LU AFET VE ACİL DURUM TOPLANMA ALANI","BOYLAM":26.778918157633999,"YOL":"2148 Sk.","Area":null},"geometry":{"type":"Point","coordinates":[26.778918157633999,38.357906269607]}},
{"type":"Feature","properties":{"ILCE":"ÇİĞLİ","KAPINO":null,"ENLEM":38.521991782222997,"ACIKLAMA":"3510-005-02","ILCEID":16,"MAHALLE":"ATATÜRK","MAHALLEID":null,"ADI":"2 NO LU AFET VE ACİL DURUM TOPLANMA ALANI","BOYLAM":27.063531014173002,"YOL":"8809/10 Sk.","Area":null},"geometry":{"type":"Point","coordinates":[27.063531014173002,38.521991782222997]}},
{"type":"Feature","properties":{"ILCE":"KARŞIYAKA","KAPINO":null,"ENLEM":38.482378653692997,"ACIKLAMA":"3516-008-02","ILCEID":20,"MAHALLE":"CUMHURİYET","MAHALLEID":null,"ADI":"2 NO LU AFET VE ACİL DURUM TOPLANMA ALANI","BOYLAM":27.098614201617998,"YOL":"6723 Sk.","Area":null},"geometry":{"type":"Point","coordinates":[27.098614201617998,38.482378653692997]}},
{"type":"Feature","properties":{"ILCE":"KARŞIYAKA","KAPINO":null,"ENLEM":38.485855535188001,"ACIKLAMA":"3516-015-02","ILCEID":20,"MAHALLE":"İNÖNÜ","MAHALLEID":null,"ADI":"2 NO LU AFET VE ACİL DURUM TOPLANMA ALANI","BOYLAM":27.091061132648001,"YOL":"6715 Sk.","Area":null},"geometry":{"type":"Point","coordinates":[27.091061132648001,38.485855535188001]}},
{"type":"Feature","properties":{"ILCE":"FOÇA","KAPINO":null,"ENLEM":38.731532232387003,"ACIKLAMA":"3512-002-02","ILCEID":4,"MAHALLE":"CUMHURİYET","MAHALLEID":null,"ADI":"2 NO LU AFET VE ACİL DURUM TOPLANMA ALANI","BOYLAM":26.892299270308001,"YOL":"ULUS Cd.","Area":null},"geometry":{"type":"Point","coordinates":[26.892299270308001,38.731532232387003]}},
{"type":"Feature","properties":{"ILCE":"KARŞIYAKA","KAPINO":null,"ENLEM":38.469905822017999,"ACIKLAMA":"3516-010-02","ILCEID":20,"MAHALLE":"ŞEMİKLER","MAHALLEID":null,"ADI":"2 NO LU AFET VE ACİL DURUM TOPLANMA ALANI","BOYLAM":27.098077783749002,"YOL":"6182 Sk.","Area":null},"geometry":{"type":"Point","coordinates":[27.098077783749002,38.469905822017999]}},
{"type":"Feature","properties":{"ILCE":"KEMALPAŞA","KAPINO":null,"ENLEM":38.439290222437997,"ACIKLAMA":"3517-029-02","ILCEID":6,"MAHALLE":"KIZILÜZÜM","MAHALLEID":null,"ADI":"2 NO LU AFET VE ACİL DURUM TOPLANMA ALANI","BOYLAM":27.365267439412001,"YOL":"KIZILÜZÜM KÖY YOLU KümeEvleri","Area":null},"geometry":{"type":"Point","coordinates":[27.365267439412001,38.439290222437997]}},
{"type":"Feature","properties":{"ILCE":"BUCA","KAPINO":null,"ENLEM":38.368809074909002,"ACIKLAMA":"3508-014-02","ILCEID":8,"MAHALLE":"ÇAMLIKULE","MAHALLEID":null,"ADI":"2 NO LU AFET VE ACİL DURUM TOPLANMA ALANI","BOYLAM":27.168887919665998,"YOL":"220/49 Sk.","Area":null},"geometry":{"type":"Point","coordinates":[27.168887919665998,38.368809074909002]}},
{"type":"Feature","properties":{"ILCE":"KARABURUN","KAPINO":null,"ENLEM":38.672184965385,"ACIKLAMA":"3515-015-02","ILCEID":1000,"MAHALLE":"TEPEBOZ","MAHALLEID":null,"ADI":"2 NO LU AFET VE ACİL DURUM TOPLANMA ALANI","BOYLAM":26.441432995614001,"YOL":"YENİLİMAN KümeEvleri","Area":null},"geometry":{"type":"Point","coordinates":[26.441432995614001,38.672184965385]}},
{"type":"Feature","properties":{"ILCE":"NARLIDERE","KAPINO":null,"ENLEM":38.397070909682,"ACIKLAMA":"3523-011-02","ILCEID":5,"MAHALLE":"YENİKALE","MAHALLEID":null,"ADI":"2 NO LU AFET VE ACİL DURUM TOPLANMA ALANI","BOYLAM":27.005488514936999,"YOL":"MUSTAFA KEMAL SAHİL Blv.","Area":null},"geometry":{"type":"Point","coordinates":[27.005488514936999,38.397070909682]}},
{"type":"Feature","properties":{"ILCE":"DİKİLİ","KAPINO":null,"ENLEM":39.078499263989002,"ACIKLAMA":"3511-003-02","ILCEID":995,"MAHALLE":"CUMHURİYET","MAHALLEID":null,"ADI":"2 NO LU AFET VE ACİL DURUM TOPLANMA ALANI","BOYLAM":26.888629403698001,"YOL":"302 Sk.","Area":null},"geometry":{"type":"Point","coordinates":[26.888629403698001,39.078499263989002]}},
{"type":"Feature","properties":{"ILCE":"URLA","KAPINO":null,"ENLEM":38.322613648537001,"ACIKLAMA":"3529-001-02","ILCEID":18,"MAHALLE":"ALTINTAŞ","MAHALLEID":null,"ADI":"2 NO LU AFET VE ACİL DURUM TOPLANMA ALANI","BOYLAM":26.753233515720002,"YOL":"ERDEK Sk.","Area":null},"geometry":{"type":"Point","coordinates":[26.753233515720002,38.322613648537001]}},
{"type":"Feature","properties":{"ILCE":"TORBALI","KAPINO":null,"ENLEM":38.138206570260998,"ACIKLAMA":"3528-058-02","ILCEID":9,"MAHALLE":"YENİ","MAHALLEID":null,"ADI":"2 NO LU AFET VE ACİL DURUM TOPLANMA ALANI","BOYLAM":27.376897927314001,"YOL":"572 Sk.","Area":null},"geometry":{"type":"Point","coordinates":[27.376897927314001,38.138206570260998]}},
{"type":"Feature","properties":{"ILCE":"DİKİLİ","KAPINO":null,"ENLEM":38.939825870265999,"ACIKLAMA":"3511-005-02","ILCEID":995,"MAHALLE":"ÇANDARLI","MAHALLEID":null,"ADI":"2 NO LU AFET VE ACİL DURUM TOPLANMA ALANI","BOYLAM":26.930450453332998,"YOL":"109 Sk.","Area":null},"geometry":{"type":"Point","coordinates":[26.930450453332998,38.939825870265999]}},
{"type":"Feature","properties":{"ILCE":"KONAK","KAPINO":null,"ENLEM":38.440037905490001,"ACIKLAMA":"3520-010-02","ILCEID":21,"MAHALLE":"ALSANCAK","MAHALLEID":null,"ADI":"2 NO LU AFET VE ACİL DURUM TOPLANMA ALANI","BOYLAM":27.146464644220998,"YOL":"1473 Sk.","Area":null},"geometry":{"type":"Point","coordinates":[27.146464644220998,38.440037905490001]}},
{"type":"Feature","properties":{"ILCE":"KARŞIYAKA","KAPINO":null,"ENLEM":38.469897432061998,"ACIKLAMA":"3516-009-02","ILCEID":20,"MAHALLE":"DEDEBAŞI","MAHALLEID":null,"ADI":"2 NO LU AFET VE ACİL DURUM TOPLANMA ALANI","BOYLAM":27.107562027659998,"YOL":"6053/4 Sk.","Area":null},"geometry":{"type":"Point","coordinates":[27.107562027659998,38.469897432061998]}},
{"type":"Feature","properties":{"ILCE":"BUCA","KAPINO":null,"ENLEM":38.366100563598003,"ACIKLAMA":"3508-001-02","ILCEID":8,"MAHALLE":"29 EKİM","MAHALLEID":null,"ADI":"2 NO LU AFET VE ACİL DURUM TOPLANMA ALANI","BOYLAM":27.273300435138999,"YOL":"ATATÜRK Cd.","Area":null},"geometry":{"type":"Point","coordinates":[27.273300435138999,38.366100563598003]}},
{"type":"Feature","properties":{"ILCE":"BORNOVA","KAPINO":null,"ENLEM":38.434777309113997,"ACIKLAMA":"3507-026-02","ILCEID":2,"MAHALLE":"KEMALPAŞA","MAHALLEID":null,"ADI":"2 NO LU AFET VE ACİL DURUM TOPLANMA ALANI","BOYLAM":27.276604786564,"YOL":"7057/8 Sk.","Area":null},"geometry":{"type":"Point","coordinates":[27.276604786564,38.434777309113997]}},
{"type":"Feature","properties":{"ILCE":"TORBALI","KAPINO":null,"ENLEM":38.280024120760999,"ACIKLAMA":"3528-030-02","ILCEID":9,"MAHALLE":"KARAKIZLAR","MAHALLEID":null,"ADI":"2 NO LU AFET VE ACİL DURUM TOPLANMA ALANI","BOYLAM":27.439746905688999,"YOL":"6170 Sk.","Area":null},"geometry":{"type":"Point","coordinates":[27.439746905688999,38.280024120760999]}},
{"type":"Feature","properties":{"ILCE":"KARABAĞLAR","KAPINO":null,"ENLEM":38.380559240884999,"ACIKLAMA":"3531-006-02","ILCEID":19,"MAHALLE":"AŞIK VEYSEL","MAHALLEID":null,"ADI":"2 NO LU AFET VE ACİL DURUM TOPLANMA ALANI","BOYLAM":27.141068166996,"YOL":"5825 Sk.","Area":null},"geometry":{"type":"Point","coordinates":[27.141068166996,38.380559240884999]}},
{"type":"Feature","properties":{"ILCE":"FOÇA","KAPINO":null,"ENLEM":38.668009602962002,"ACIKLAMA":"3512-005-03","ILCEID":4,"MAHALLE":"FEVZİPAŞA","MAHALLEID":null,"ADI":"2 NO LU AFET VE ACİL DURUM TOPLANMA ALANI","BOYLAM":26.755898999125002,"YOL":"199 Sk.","Area":null},"geometry":{"type":"Point","coordinates":[26.755898999125002,38.668009602962002]}},
{"type":"Feature","properties":{"ILCE":"BUCA","KAPINO":null,"ENLEM":38.388271110862,"ACIKLAMA":"3508-025-02","ILCEID":8,"MAHALLE":"İNKILAP","MAHALLEID":null,"ADI":"2 NO LU AFET VE ACİL DURUM TOPLANMA ALANI","BOYLAM":27.142988606056001,"YOL":"545 Sk.","Area":null},"geometry":{"type":"Point","coordinates":[27.142988606056001,38.388271110862]}},
{"type":"Feature","properties":{"ILCE":"BUCA","KAPINO":null,"ENLEM":38.317025093306,"ACIKLAMA":"3508-031-02","ILCEID":8,"MAHALLE":"KIRKLAR","MAHALLEID":null,"ADI":"2 NO LU AFET VE ACİL DURUM TOPLANMA ALANI","BOYLAM":27.314069889083999,"YOL":"5002 Sk.","Area":null},"geometry":{"type":"Point","coordinates":[27.314069889083999,38.317025093306]}},
{"type":"Feature","properties":{"ILCE":"KARABAĞLAR","KAPINO":null,"ENLEM":38.379301872863998,"ACIKLAMA":"3531-045-02","ILCEID":19,"MAHALLE":"KARABAĞLAR","MAHALLEID":null,"ADI":"2 NO LU AFET VE ACİL DURUM TOPLANMA ALANI","BOYLAM":27.129872684618999,"YOL":"4019 Sk.","Area":null},"geometry":{"type":"Point","coordinates":[27.129872684618999,38.379301872863998]}},
{"type":"Feature","properties":{"ILCE":"KARABAĞLAR","KAPINO":null,"ENLEM":38.370810968961997,"ACIKLAMA":"3531-017-02","ILCEID":19,"MAHALLE":"DEVRİM","MAHALLEID":null,"ADI":"2 NO LU AFET VE ACİL DURUM TOPLANMA ALANI","BOYLAM":27.108044991101998,"YOL":"ESKİİZMİR Cd.","Area":null},"geometry":{"type":"Point","coordinates":[27.108044991101998,38.370810968961997]}},
{"type":"Feature","properties":{"ILCE":"KARABAĞLAR","KAPINO":null,"ENLEM":38.392442045058999,"ACIKLAMA":"3531-031-02","ILCEID":19,"MAHALLE":"KAZIM KARABEKİR","MAHALLEID":null,"ADI":"2 NO LU AFET VE ACİL DURUM TOPLANMA ALANI","BOYLAM":27.116273930617002,"YOL":"9009 Sk.","Area":null},"geometry":{"type":"Point","coordinates":[27.116273930617002,38.392442045058999]}},
{"type":"Feature","properties":{"ILCE":"DİKİLİ","KAPINO":null,"ENLEM":39.158025498327,"ACIKLAMA":"3511-024-02","ILCEID":995,"MAHALLE":"SALİHLER","MAHALLEID":null,"ADI":"2 NO LU AFET VE ACİL DURUM TOPLANMA ALANI","BOYLAM":26.822604320210001,"YOL":"UÇAR Sk.","Area":null},"geometry":{"type":"Point","coordinates":[26.822604320210001,39.158025498327]}},
{"type":"Feature","properties":{"ILCE":"DİKİLİ","KAPINO":null,"ENLEM":39.109624674834997,"ACIKLAMA":"3511-018-02","ILCEID":995,"MAHALLE":"KIROBA","MAHALLEID":null,"ADI":"2 NO LU AFET VE ACİL DURUM TOPLANMA ALANI","BOYLAM":26.956789314028999,"YOL":"KIROBA DEMİRCİLER 2","Area":null},"geometry":{"type":"Point","coordinates":[26.956789314028999,39.109624674834997]}},
{"type":"Feature","properties":{"ILCE":"TİRE","KAPINO":null,"ENLEM":38.090362190165003,"ACIKLAMA":"3527-048-02","ILCEID":997,"MAHALLE":"İHSANİYE","MAHALLEID":null,"ADI":"2 NO LU AFET VE ACİL DURUM TOPLANMA ALANI","BOYLAM":27.744272957244,"YOL":"IŞIK Sk.","Area":null},"geometry":{"type":"Point","coordinates":[27.744272957244,38.090362190165003]}},
{"type":"Feature","properties":{"ILCE":"URLA","KAPINO":null,"ENLEM":38.367994890318997,"ACIKLAMA":"3529-035-02","ILCEID":18,"MAHALLE":"ZEYTİNALANI","MAHALLEID":null,"ADI":"2 NO LU AFET VE ACİL DURUM TOPLANMA ALANI","BOYLAM":26.842419119948001,"YOL":"4167 Sk.","Area":null},"geometry":{"type":"Point","coordinates":[26.842419119948001,38.367994890318997]}},
{"type":"Feature","properties":{"ILCE":"URLA","KAPINO":null,"ENLEM":38.300944652746999,"ACIKLAMA":"3529-006-02","ILCEID":18,"MAHALLE":"BİRGİ","MAHALLEID":null,"ADI":"2 NO LU AFET VE ACİL DURUM TOPLANMA ALANI","BOYLAM":26.554847644917999,"YOL":"SAVRAN KULE KümeEvleri","Area":null},"geometry":{"type":"Point","coordinates":[26.554847644917999,38.300944652746999]}},
{"type":"Feature","properties":{"ILCE":"URLA","KAPINO":null,"ENLEM":38.371748572318999,"ACIKLAMA":"3529-008-02","ILCEID":18,"MAHALLE":"ÇAMLIÇAY","MAHALLEID":null,"ADI":"2 NO LU AFET VE ACİL DURUM TOPLANMA ALANI","BOYLAM":26.855929332481001,"YOL":"MAREŞAL FEVZİ ÇAKMAK Blv.","Area":null},"geometry":{"type":"Point","coordinates":[26.855929332481001,38.371748572318999]}},
{"type":"Feature","properties":{"ILCE":"KİRAZ","KAPINO":null,"ENLEM":38.126131095458,"ACIKLAMA":"3519-036-02","ILCEID":994,"MAHALLE":"ÖRENCİK","MAHALLEID":null,"ADI":"2 NO LU AFET VE ACİL DURUM TOPLANMA ALANI","BOYLAM":28.385060249615002,"YOL":"ÖRENCİK KümeEvleri","Area":null},"geometry":{"type":"Point","coordinates":[28.385060249615002,38.126131095458]}},
{"type":"Feature","properties":{"ILCE":"KEMALPAŞA","KAPINO":null,"ENLEM":38.414109191111997,"ACIKLAMA":"3517-043-02","ILCEID":6,"MAHALLE":"BAĞYURDU YENİ","MAHALLEID":null,"ADI":"2 NO LU AFET VE ACİL DURUM TOPLANMA ALANI","BOYLAM":27.626577714092999,"YOL":"İSMAİL ULUSAN Cd.","Area":null},"geometry":{"type":"Point","coordinates":[27.626577714092999,38.414109191111997]}},
{"type":"Feature","properties":{"ILCE":"URLA","KAPINO":null,"ENLEM":38.325062987305003,"ACIKLAMA":"3529-013-02","ILCEID":18,"MAHALLE":"HACI İSA","MAHALLEID":null,"ADI":"2 NO LU AFET VE ACİL DURUM TOPLANMA ALANI","BOYLAM":26.764992256616001,"YOL":"CAMİ Sk.","Area":null},"geometry":{"type":"Point","coordinates":[26.764992256616001,38.325062987305003]}},
{"type":"Feature","properties":{"ILCE":"ÇİĞLİ","KAPINO":null,"ENLEM":38.496495097275996,"ACIKLAMA":"3510-024-02","ILCEID":16,"MAHALLE":"ŞİRİNTEPE","MAHALLEID":null,"ADI":"2 NO LU AFET VE ACİL DURUM TOPLANMA ALANI","BOYLAM":27.070987561948002,"YOL":"8413 Sk.","Area":null},"geometry":{"type":"Point","coordinates":[27.070987561948002,38.496495097275996]}},
{"type":"Feature","properties":{"ILCE":"DİKİLİ","KAPINO":null,"ENLEM":39.079532009803998,"ACIKLAMA":"3511-014-02","ILCEID":995,"MAHALLE":"İSMETPAŞA","MAHALLEID":null,"ADI":"2 NO LU AFET VE ACİL DURUM TOPLANMA ALANI","BOYLAM":26.898049274371999,"YOL":"80/1 Sk.","Area":null},"geometry":{"type":"Point","coordinates":[26.898049274371999,39.079532009803998]}},
{"type":"Feature","properties":{"ILCE":"BERGAMA","KAPINO":null,"ENLEM":39.097902463518999,"ACIKLAMA":"3505-047-02","ILCEID":999,"MAHALLE":"FATİH","MAHALLEID":null,"ADI":"2 NO LU AFET VE ACİL DURUM TOPLANMA ALANI","BOYLAM":27.160636237439,"YOL":"ÇETİN EMEÇ Cd.","Area":null},"geometry":{"type":"Point","coordinates":[27.160636237439,39.097902463518999]}},
{"type":"Feature","properties":{"ILCE":"KARABURUN","KAPINO":null,"ENLEM":38.650671402241002,"ACIKLAMA":"3515-009-02","ILCEID":1000,"MAHALLE":"MERKEZ","MAHALLEID":null,"ADI":"2 NO LU AFET VE ACİL DURUM TOPLANMA ALANI","BOYLAM":26.500098021633001,"YOL":"1200 Sk.","Area":null},"geometry":{"type":"Point","coordinates":[26.500098021633001,38.650671402241002]}},
{"type":"Feature","properties":{"ILCE":"BUCA","KAPINO":null,"ENLEM":38.368506232007,"ACIKLAMA":"3508-044-02","ILCEID":8,"MAHALLE":"YEŞİLBAĞLAR","MAHALLEID":null,"ADI":"2 NO LU AFET VE ACİL DURUM TOPLANMA ALANI","BOYLAM":27.148760724315999,"YOL":"637/48 Sk.","Area":null},"geometry":{"type":"Point","coordinates":[27.148760724315999,38.368506232007]}},
{"type":"Feature","properties":{"ILCE":"ÇİĞLİ","KAPINO":null,"ENLEM":38.543074082728999,"ACIKLAMA":"3510-008-02","ILCEID":16,"MAHALLE":"CUMHURİYET","MAHALLEID":null,"ADI":"2 NO LU AFET VE ACİL DURUM TOPLANMA ALANI","BOYLAM":27.055462933226,"YOL":"9607/2 Sk.","Area":null},"geometry":{"type":"Point","coordinates":[27.055462933226,38.543074082728999]}},
{"type":"Feature","properties":{"ILCE":"BUCA","KAPINO":null,"ENLEM":38.375134417565,"ACIKLAMA":"3508-004-02","ILCEID":8,"MAHALLE":"ATATÜRK","MAHALLEID":null,"ADI":"2 NO LU AFET VE ACİL DURUM TOPLANMA ALANI","BOYLAM":27.186676230380002,"YOL":"202/16 Sk.","Area":null},"geometry":{"type":"Point","coordinates":[27.186676230380002,38.375134417565]}},
{"type":"Feature","properties":{"ILCE":"KONAK","KAPINO":null,"ENLEM":38.404491069800002,"ACIKLAMA":"3520-079-02","ILCEID":21,"MAHALLE":"MURAT REİS","MAHALLEID":null,"ADI":"2 NO LU AFET VE ACİL DURUM TOPLANMA ALANI","BOYLAM":27.112218430418,"YOL":"255/2 Sk.","Area":null},"geometry":{"type":"Point","coordinates":[27.112218430418,38.404491069800002]}},
{"type":"Feature","properties":{"ILCE":"DİKİLİ","KAPINO":null,"ENLEM":39.064789099092998,"ACIKLAMA":"3511-025-02","ILCEID":995,"MAHALLE":"SALİMBEY","MAHALLEID":null,"ADI":"2 NO LU AFET VE ACİL DURUM TOPLANMA ALANI","BOYLAM":26.886419298966999,"YOL":"114 Sk.","Area":null},"geometry":{"type":"Point","coordinates":[26.886419298966999,39.064789099092998]}},
{"type":"Feature","properties":{"ILCE":"KONAK","KAPINO":null,"ENLEM":38.429600131360999,"ACIKLAMA":"3520-045-02","ILCEID":21,"MAHALLE":"HALKAPINAR","MAHALLEID":null,"ADI":"2 NO LU AFET VE ACİL DURUM TOPLANMA ALANI","BOYLAM":27.170411304626999,"YOL":"1443 Sk.","Area":null},"geometry":{"type":"Point","coordinates":[27.170411304626999,38.429600131360999]}},
{"type":"Feature","properties":{"ILCE":"KARABAĞLAR","KAPINO":null,"ENLEM":38.396192340432002,"ACIKLAMA":"3531-042-02","ILCEID":19,"MAHALLE":"REİS","MAHALLEID":null,"ADI":"2 NO LU AFET VE ACİL DURUM TOPLANMA ALANI","BOYLAM":27.114873818151001,"YOL":"ORDU Cd.","Area":null},"geometry":{"type":"Point","coordinates":[27.114873818151001,38.396192340432002]}},
{"type":"Feature","properties":{"ILCE":"ÖDEMİŞ","KAPINO":null,"ENLEM":38.226360800484002,"ACIKLAMA":"3524-032-02","ILCEID":998,"MAHALLE":"EMMİOĞLU","MAHALLEID":null,"ADI":"2 NO LU AFET VE ACİL DURUM TOPLANMA ALANI","BOYLAM":27.967603097901002,"YOL":"ESKİ KONAK Sk.","Area":null},"geometry":{"type":"Point","coordinates":[27.967603097901002,38.226360800484002]}},
{"type":"Feature","properties":{"ILCE":"KEMALPAŞA","KAPINO":null,"ENLEM":38.482003084764003,"ACIKLAMA":"3517-032-02","ILCEID":6,"MAHALLE":"ULUCAK MUSTAFA KEMAL ATATÜRK","MAHALLEID":null,"ADI":"2 NO LU AFET VE ACİL DURUM TOPLANMA ALANI","BOYLAM":27.354256956090001,"YOL":"9196/1 Sk.","Area":null},"geometry":{"type":"Point","coordinates":[27.354256956090001,38.482003084764003]}},
{"type":"Feature","properties":{"ILCE":"ÇEŞME","KAPINO":null,"ENLEM":38.360665142974,"ACIKLAMA":"3509-024-02","ILCEID":1001,"MAHALLE":"ÜNİVERSİTE","MAHALLEID":null,"ADI":"2 NO LU AFET VE ACİL DURUM TOPLANMA ALANI","BOYLAM":26.314088297529,"YOL":"4377 Sk.","Area":null},"geometry":{"type":"Point","coordinates":[26.314088297529,38.360665142974]}},
{"type":"Feature","properties":{"ILCE":"TORBALI","KAPINO":null,"ENLEM":38.246416561643997,"ACIKLAMA":"3528-007-02","ILCEID":9,"MAHALLE":"AYRANCILAR","MAHALLEID":null,"ADI":"2 NO LU AFET VE ACİL DURUM TOPLANMA ALANI","BOYLAM":27.274287680139999,"YOL":"93 Sk.","Area":null},"geometry":{"type":"Point","coordinates":[27.274287680139999,38.246416561643997]}},
{"type":"Feature","properties":{"ILCE":"GÜZELBAHÇE","KAPINO":null,"ENLEM":38.377026553622002,"ACIKLAMA":"3514-011-02","ILCEID":1,"MAHALLE":"YALI","MAHALLEID":null,"ADI":"2 NO LU AFET VE ACİL DURUM TOPLANMA ALANI","BOYLAM":26.897063474725002,"YOL":"75 Sk.","Area":null},"geometry":{"type":"Point","coordinates":[26.897063474725002,38.377026553622002]}},
{"type":"Feature","properties":{"ILCE":"MENEMEN","KAPINO":null,"ENLEM":38.613766304100999,"ACIKLAMA":"3522-048-02","ILCEID":17,"MAHALLE":"MERMERLİ","MAHALLEID":null,"ADI":"2 NO LU AFET VE ACİL DURUM TOPLANMA ALANI","BOYLAM":27.065778536210999,"YOL":"1403 Sk.","Area":null},"geometry":{"type":"Point","coordinates":[27.065778536210999,38.613766304100999]}},
{"type":"Feature","properties":{"ILCE":"BAYRAKLI","KAPINO":null,"ENLEM":38.462765590935,"ACIKLAMA":"3530-004-02","ILCEID":11,"MAHALLE":"BAYRAKLI","MAHALLEID":null,"ADI":"2 NO LU AFET VE ACİL DURUM TOPLANMA ALANI","BOYLAM":27.165733499506999,"YOL":"1921 Sk.","Area":null},"geometry":{"type":"Point","coordinates":[27.165733499506999,38.462765590935]}},
{"type":"Feature","properties":{"ILCE":"GÜZELBAHÇE","KAPINO":null,"ENLEM":38.358209256141997,"ACIKLAMA":"3514-001-02","ILCEID":1,"MAHALLE":"ATATÜRK","MAHALLEID":null,"ADI":"2 NO LU AFET VE ACİL DURUM TOPLANMA ALANI","BOYLAM":26.889081293543999,"YOL":"555 Sk.","Area":null},"geometry":{"type":"Point","coordinates":[26.889081293543999,38.358209256141997]}},
{"type":"Feature","properties":{"ILCE":"MENEMEN","KAPINO":null,"ENLEM":38.685217993480997,"ACIKLAMA":"3522-024-02","ILCEID":17,"MAHALLE":"FATİH","MAHALLEID":null,"ADI":"2 NO LU AFET VE ACİL DURUM TOPLANMA ALANI","BOYLAM":27.029268363351999,"YOL":"1/1 Sk.","Area":null},"geometry":{"type":"Point","coordinates":[27.029268363351999,38.685217993480997]}},
{"type":"Feature","properties":{"ILCE":"ÇEŞME","KAPINO":null,"ENLEM":38.337526744648002,"ACIKLAMA":"3509-005-02","ILCEID":1001,"MAHALLE":"ARDIÇ","MAHALLEID":null,"ADI":"2 NO LU AFET VE ACİL DURUM TOPLANMA ALANI","BOYLAM":26.385504480226999,"YOL":"5428 Sk.","Area":null},"geometry":{"type":"Point","coordinates":[26.385504480226999,38.337526744648002]}},
{"type":"Feature","properties":{"ILCE":"TORBALI","KAPINO":null,"ENLEM":38.159814193397999,"ACIKLAMA":"3528-022-02","ILCEID":9,"MAHALLE":"ERTUĞRUL","MAHALLEID":null,"ADI":"2 NO LU AFET VE ACİL DURUM TOPLANMA ALANI","BOYLAM":27.361491361666001,"YOL":"3046 Sk.","Area":null},"geometry":{"type":"Point","coordinates":[27.361491361666001,38.159814193397999]}},
{"type":"Feature","properties":{"ILCE":"TORBALI","KAPINO":null,"ENLEM":38.265010132112003,"ACIKLAMA":"3528-061-02","ILCEID":9,"MAHALLE":"YEŞİLKÖY","MAHALLEID":null,"ADI":"2 NO LU AFET VE ACİL DURUM TOPLANMA ALANI","BOYLAM":27.242219319593001,"YOL":"6428 Sk.","Area":null},"geometry":{"type":"Point","coordinates":[27.242219319593001,38.265010132112003]}},
{"type":"Feature","properties":{"ILCE":"KARŞIYAKA","KAPINO":null,"ENLEM":38.472039376864998,"ACIKLAMA":"3516-012-02","ILCEID":20,"MAHALLE":"FİKRİ ALTAY","MAHALLEID":null,"ADI":"2 NO LU AFET VE ACİL DURUM TOPLANMA ALANI","BOYLAM":27.099783656561002,"YOL":"6183/7 Sk.","Area":null},"geometry":{"type":"Point","coordinates":[27.099783656561002,38.472039376864998]}},
{"type":"Feature","properties":{"ILCE":"KARŞIYAKA","KAPINO":null,"ENLEM":38.458859077059003,"ACIKLAMA":"3516-004-02","ILCEID":20,"MAHALLE":"BAHARİYE","MAHALLEID":null,"ADI":"2 NO LU AFET VE ACİL DURUM TOPLANMA ALANI","BOYLAM":27.118408845716001,"YOL":"1875 Sk.","Area":null},"geometry":{"type":"Point","coordinates":[27.118408845716001,38.458859077059003]}},
{"type":"Feature","properties":{"ILCE":"KEMALPAŞA","KAPINO":null,"ENLEM":38.428306051184002,"ACIKLAMA":"3517-007-02","ILCEID":6,"MAHALLE":"ATATÜRK","MAHALLEID":null,"ADI":"2 NO LU AFET VE ACİL DURUM TOPLANMA ALANI","BOYLAM":27.409813363238001,"YOL":"67/1 Sk.","Area":null},"geometry":{"type":"Point","coordinates":[27.409813363238001,38.428306051184002]}},
{"type":"Feature","properties":{"ILCE":"ÇİĞLİ","KAPINO":null,"ENLEM":38.508062904938001,"ACIKLAMA":"3510-010-02","ILCEID":16,"MAHALLE":"EGEKENT","MAHALLEID":null,"ADI":"2 NO LU AFET VE ACİL DURUM TOPLANMA ALANI","BOYLAM":27.060277534714999,"YOL":"8827 Sk.","Area":null},"geometry":{"type":"Point","coordinates":[27.060277534714999,38.508062904938001]}},
{"type":"Feature","properties":{"ILCE":"BORNOVA","KAPINO":null,"ENLEM":38.428087333101999,"ACIKLAMA":"3507-019-02","ILCEID":2,"MAHALLE":"IŞIKLAR","MAHALLEID":null,"ADI":"2 NO LU AFET VE ACİL DURUM TOPLANMA ALANI","BOYLAM":27.219999740426999,"YOL":"IŞIK Cd.","Area":null},"geometry":{"type":"Point","coordinates":[27.219999740426999,38.428087333101999]}},
{"type":"Feature","properties":{"ILCE":"URLA","KAPINO":null,"ENLEM":38.422228255177998,"ACIKLAMA":"3529-004-02","ILCEID":18,"MAHALLE":"BALIKLIOVA","MAHALLEID":null,"ADI":"2 NO LU AFET VE ACİL DURUM TOPLANMA ALANI","BOYLAM":26.583772220174001,"YOL":"13011/1 Sk.","Area":null},"geometry":{"type":"Point","coordinates":[26.583772220174001,38.422228255177998]}},
{"type":"Feature","properties":{"ILCE":"KARŞIYAKA","KAPINO":null,"ENLEM":38.456271430641998,"ACIKLAMA":"3516-007-02","ILCEID":20,"MAHALLE":"BOSTANLI","MAHALLEID":null,"ADI":"2 NO LU AFET VE ACİL DURUM TOPLANMA ALANI","BOYLAM":27.097133674108001,"YOL":"HASAN ALİ YÜCEL","Area":null},"geometry":{"type":"Point","coordinates":[27.097133674108001,38.456271430641998]}},
{"type":"Feature","properties":{"ILCE":"KARŞIYAKA","KAPINO":null,"ENLEM":38.473761267703999,"ACIKLAMA":"3516-017-02","ILCEID":20,"MAHALLE":"MAVİŞEHİR","MAHALLEID":null,"ADI":"2 NO LU AFET VE ACİL DURUM TOPLANMA ALANI","BOYLAM":27.075869197005002,"YOL":"HASAN TAHSİN UZER Cd.","Area":null},"geometry":{"type":"Point","coordinates":[27.075869197005002,38.473761267703999]}},
{"type":"Feature","properties":{"ILCE":"KARŞIYAKA","KAPINO":null,"ENLEM":38.457783708019001,"ACIKLAMA":"3516-011-02","ILCEID":20,"MAHALLE":"BAHARİYE","MAHALLEID":null,"ADI":"2 NO LU AFET VE ACİL DURUM TOPLANMA ALANI","BOYLAM":27.114519663827998,"YOL":null,"Area":null},"geometry":{"type":"Point","coordinates":[27.114519663827998,38.457783708019001]}},
{"type":"Feature","properties":{"ILCE":"ÇEŞME","KAPINO":null,"ENLEM":38.286974939577,"ACIKLAMA":"3509-019-02","ILCEID":1001,"MAHALLE":"OVACIK","MAHALLEID":null,"ADI":"2 NO LU AFET VE ACİL DURUM TOPLANMA ALANI","BOYLAM":26.314018699571001,"YOL":"7000 Sk.","Area":null},"geometry":{"type":"Point","coordinates":[26.314018699571001,38.286974939577]}},
{"type":"Feature","properties":{"ILCE":"BUCA","KAPINO":null,"ENLEM":38.387867484944003,"ACIKLAMA":"3508-041-02","ILCEID":8,"MAHALLE":"VALİ RAHMİ BEY","MAHALLEID":null,"ADI":"2 NO LU AFET VE ACİL DURUM TOPLANMA ALANI","BOYLAM":27.170186070353001,"YOL":"116 Sk.","Area":null},"geometry":{"type":"Point","coordinates":[27.170186070353001,38.387867484944003]}},
{"type":"Feature","properties":{"ILCE":"BAYRAKLI","KAPINO":null,"ENLEM":38.465260583518997,"ACIKLAMA":"3530-022-02","ILCEID":11,"MAHALLE":"TEPEKULE","MAHALLEID":null,"ADI":"2 NO LU AFET VE ACİL DURUM TOPLANMA ALANI","BOYLAM":27.172170764920001,"YOL":"2073 Sk.","Area":null},"geometry":{"type":"Point","coordinates":[27.172170764920001,38.465260583518997]}},
{"type":"Feature","properties":{"ILCE":"BAYRAKLI","KAPINO":null,"ENLEM":38.474912075199001,"ACIKLAMA":"3530-001-02","ILCEID":11,"MAHALLE":"75. YIL","MAHALLEID":null,"ADI":"2 NO LU AFET VE ACİL DURUM TOPLANMA ALANI","BOYLAM":27.158212602317001,"YOL":"1620/47 Sk.","Area":null},"geometry":{"type":"Point","coordinates":[27.158212602317001,38.474912075199001]}},
{"type":"Feature","properties":{"ILCE":"BAYRAKLI","KAPINO":null,"ENLEM":38.455966975484003,"ACIKLAMA":"3530-014-02","ILCEID":11,"MAHALLE":"MANSUROĞLU","MAHALLEID":null,"ADI":"2 NO LU AFET VE ACİL DURUM TOPLANMA ALANI","BOYLAM":27.193574702039999,"YOL":"269/2 Sk.","Area":null},"geometry":{"type":"Point","coordinates":[27.193574702039999,38.455966975484003]}},
{"type":"Feature","properties":{"ILCE":"MENEMEN","KAPINO":null,"ENLEM":38.641403448856003,"ACIKLAMA":"3522-032-01","ILCEID":17,"MAHALLE":"HASANLAR","MAHALLEID":null,"ADI":"2 NO LU AFET VE ACİL DURUM TOPLANMA ALANI","BOYLAM":27.127584325988,"YOL":"903 Sk.","Area":null},"geometry":{"type":"Point","coordinates":[27.127584325988,38.641403448856003]}},
{"type":"Feature","properties":{"ILCE":"MENEMEN","KAPINO":null,"ENLEM":38.600213664998002,"ACIKLAMA":"3522-023-02","ILCEID":17,"MAHALLE":"ESATPAŞA","MAHALLEID":null,"ADI":"2 NO LU AFET VE ACİL DURUM TOPLANMA ALANI","BOYLAM":27.075799242927001,"YOL":"1205 Sk.","Area":null},"geometry":{"type":"Point","coordinates":[27.075799242927001,38.600213664998002]}},
{"type":"Feature","properties":{"ILCE":"MENEMEN","KAPINO":null,"ENLEM":38.603089404256998,"ACIKLAMA":"3522-060-02","ILCEID":17,"MAHALLE":"VİLLAKENT","MAHALLEID":null,"ADI":"2 NO LU AFET VE ACİL DURUM TOPLANMA ALANI","BOYLAM":26.918745948034999,"YOL":"5141 Sk.","Area":null},"geometry":{"type":"Point","coordinates":[26.918745948034999,38.603089404256998]}},
{"type":"Feature","properties":{"ILCE":"MENEMEN","KAPINO":null,"ENLEM":38.559196358457001,"ACIKLAMA":"3522-002-02","ILCEID":17,"MAHALLE":"30 AĞUSTOS","MAHALLEID":null,"ADI":"2 NO LU AFET VE ACİL DURUM TOPLANMA ALANI","BOYLAM":27.046295160465998,"YOL":"7106/1 Sk.","Area":null},"geometry":{"type":"Point","coordinates":[27.046295160465998,38.559196358457001]}},
{"type":"Feature","properties":{"ILCE":"MENEMEN","KAPINO":null,"ENLEM":38.608744636151997,"ACIKLAMA":"3522-042-02","ILCEID":17,"MAHALLE":"KASIMPAŞA","MAHALLEID":null,"ADI":"2 NO LU AFET VE ACİL DURUM TOPLANMA ALANI","BOYLAM":27.082343785896999,"YOL":"1023 Sk.","Area":null},"geometry":{"type":"Point","coordinates":[27.082343785896999,38.608744636151997]}},
{"type":"Feature","properties":{"ILCE":"TORBALI","KAPINO":null,"ENLEM":38.122509341376002,"ACIKLAMA":"3528-059-02","ILCEID":9,"MAHALLE":"YENİKÖY","MAHALLEID":null,"ADI":"2 NO LU AFET VE ACİL DURUM TOPLANMA ALANI","BOYLAM":27.330099005952,"YOL":"METROPOLİS ANTİK KENTİ Sk.","Area":null},"geometry":{"type":"Point","coordinates":[27.330099005952,38.122509341376002]}},
{"type":"Feature","properties":{"ILCE":"BAYRAKLI","KAPINO":null,"ENLEM":38.462101954251999,"ACIKLAMA":"3530-013-02","ILCEID":11,"MAHALLE":"MANAVKUYU","MAHALLEID":null,"ADI":"2 NO LU AFET VE ACİL DURUM TOPLANMA ALANI","BOYLAM":27.191954645546002,"YOL":"FATİH SULTAN MEHMET Cd.","Area":null},"geometry":{"type":"Point","coordinates":[27.191954645546002,38.462101954251999]}},
{"type":"Feature","properties":{"ILCE":"MENDERES","KAPINO":null,"ENLEM":38.259964009965998,"ACIKLAMA":"3521-032-02","ILCEID":13,"MAHALLE":"KASIMPAŞA","MAHALLEID":null,"ADI":"2 NO LU AFET VE ACİL DURUM TOPLANMA ALANI","BOYLAM":27.127732493482998,"YOL":"233 Sk.","Area":null},"geometry":{"type":"Point","coordinates":[27.127732493482998,38.259964009965998]}},
{"type":"Feature","properties":{"ILCE":"ÇİĞLİ","KAPINO":null,"ENLEM":38.488043172645,"ACIKLAMA":"3510-004-02","ILCEID":16,"MAHALLE":"ATAŞEHİR","MAHALLEID":null,"ADI":"2 NO LU AFET VE ACİL DURUM TOPLANMA ALANI","BOYLAM":27.063177022607999,"YOL":"8020/3 Sk.","Area":null},"geometry":{"type":"Point","coordinates":[27.063177022607999,38.488043172645]}},
{"type":"Feature","properties":{"ILCE":"ÇİĞLİ","KAPINO":null,"ENLEM":38.503459945448,"ACIKLAMA":"3510-026-02","ILCEID":16,"MAHALLE":"YAKAKENT","MAHALLEID":null,"ADI":"2 NO LU AFET VE ACİL DURUM TOPLANMA ALANI","BOYLAM":27.075842324212001,"YOL":"8087/11 Sk.","Area":null},"geometry":{"type":"Point","coordinates":[27.075842324212001,38.503459945448]}},
{"type":"Feature","properties":{"ILCE":"KEMALPAŞA","KAPINO":null,"ENLEM":38.413697289037003,"ACIKLAMA":"3517-001-02","ILCEID":6,"MAHALLE":"BAĞYURDU 29 EKİM","MAHALLEID":null,"ADI":"2 NO LU AFET VE ACİL DURUM TOPLANMA ALANI","BOYLAM":27.641469265474001,"YOL":"ÖZDİRİK Sk.","Area":null},"geometry":{"type":"Point","coordinates":[27.641469265474001,38.413697289037003]}},
{"type":"Feature","properties":{"ILCE":"BUCA","KAPINO":null,"ENLEM":38.362264594739997,"ACIKLAMA":"3508-030-02","ILCEID":8,"MAHALLE":"KAYNAKLAR MERKEZ","MAHALLEID":null,"ADI":"2 NO LU AFET VE ACİL DURUM TOPLANMA ALANI","BOYLAM":27.285917489671998,"YOL":"MEHMET MEMİŞ Sk.","Area":null},"geometry":{"type":"Point","coordinates":[27.285917489671998,38.362264594739997]}},
{"type":"Feature","properties":{"ILCE":"ÖDEMİŞ","KAPINO":null,"ENLEM":38.244428709396999,"ACIKLAMA":"3524-080-02","ILCEID":998,"MAHALLE":"SÜLEYMAN DEMİREL","MAHALLEID":null,"ADI":"2 NO LU AFET VE ACİL DURUM TOPLANMA ALANI","BOYLAM":27.989511247328998,"YOL":"1076 Sk.","Area":null},"geometry":{"type":"Point","coordinates":[27.989511247328998,38.244428709396999]}},
{"type":"Feature","properties":{"ILCE":"KARŞIYAKA","KAPINO":null,"ENLEM":38.471585805202999,"ACIKLAMA":"3516-014-02","ILCEID":20,"MAHALLE":"İMBATLI","MAHALLEID":null,"ADI":"2 NO LU AFET VE ACİL DURUM TOPLANMA ALANI","BOYLAM":27.112207587693,"YOL":"6076 Sk.","Area":null},"geometry":{"type":"Point","coordinates":[27.112207587693,38.471585805202999]}},
{"type":"Feature","properties":{"ILCE":"ÇİĞLİ","KAPINO":null,"ENLEM":38.493892040342999,"ACIKLAMA":"3510-022-02","ILCEID":16,"MAHALLE":"AHMET TANER KIŞLALI","MAHALLEID":null,"ADI":"2 NO LU AFET VE ACİL DURUM TOPLANMA ALANI","BOYLAM":27.081255011492001,"YOL":"6762 Sk.","Area":null},"geometry":{"type":"Point","coordinates":[27.081255011492001,38.493892040342999]}},
{"type":"Feature","properties":{"ILCE":"KEMALPAŞA","KAPINO":null,"ENLEM":38.460253993404997,"ACIKLAMA":"3517-051-02","ILCEID":6,"MAHALLE":"AŞAĞI YENMİŞ","MAHALLEID":null,"ADI":"2 NO LU AFET VE ACİL DURUM TOPLANMA ALANI","BOYLAM":27.436603082081,"YOL":"PINAR Sk.","Area":null},"geometry":{"type":"Point","coordinates":[27.436603082081,38.460253993404997]}},
{"type":"Feature","properties":{"ILCE":"KARŞIYAKA","KAPINO":null,"ENLEM":38.459119515171999,"ACIKLAMA":"3516-002-02","ILCEID":20,"MAHALLE":"ALAYBEY","MAHALLEID":null,"ADI":"2 NO LU AFET VE ACİL DURUM TOPLANMA ALANI","BOYLAM":27.118956013188999,"YOL":"1671 Sk.","Area":null},"geometry":{"type":"Point","coordinates":[27.118956013188999,38.459119515171999]}},
{"type":"Feature","properties":{"ILCE":"KARŞIYAKA","KAPINO":null,"ENLEM":38.484276692184999,"ACIKLAMA":"3516-020-02","ILCEID":20,"MAHALLE":"ÖRNEKKÖY","MAHALLEID":null,"ADI":"2 NO LU AFET VE ACİL DURUM TOPLANMA ALANI","BOYLAM":27.103914217046999,"YOL":"7549 Sk.","Area":null},"geometry":{"type":"Point","coordinates":[27.103914217046999,38.484276692184999]}},
{"type":"Feature","properties":{"ILCE":"MENDERES","KAPINO":null,"ENLEM":38.012948564376003,"ACIKLAMA":"3521-042-02","ILCEID":13,"MAHALLE":"ÖZDERE CUMHURİYET","MAHALLEID":null,"ADI":"2 NO LU AFET VE ACİL DURUM TOPLANMA ALANI","BOYLAM":27.123698883698001,"YOL":"3052 Sk.","Area":null},"geometry":{"type":"Point","coordinates":[27.123698883698001,38.012948564376003]}},
{"type":"Feature","properties":{"ILCE":"KARŞIYAKA","KAPINO":null,"ENLEM":38.480497344256001,"ACIKLAMA":"3516-025-02","ILCEID":20,"MAHALLE":"YALI","MAHALLEID":null,"ADI":"2 NO LU AFET VE ACİL DURUM TOPLANMA ALANI","BOYLAM":27.075912100612001,"YOL":"6522 Sk.","Area":null},"geometry":{"type":"Point","coordinates":[27.075912100612001,38.480497344256001]}},
{"type":"Feature","properties":{"ILCE":"TORBALI","KAPINO":null,"ENLEM":38.231012446645998,"ACIKLAMA":"3528-014-02","ILCEID":9,"MAHALLE":"ÇAPAK","MAHALLEID":null,"ADI":"2 NO LU AFET VE ACİL DURUM TOPLANMA ALANI","BOYLAM":27.352398603828998,"YOL":"2548 Sk.","Area":null},"geometry":{"type":"Point","coordinates":[27.352398603828998,38.231012446645998]}},
{"type":"Feature","properties":{"ILCE":"ÇEŞME","KAPINO":null,"ENLEM":38.315879186358998,"ACIKLAMA":"3509-012-02","ILCEID":1001,"MAHALLE":"FAHRETTİNPAŞA","MAHALLEID":null,"ADI":"2 NO LU AFET VE ACİL DURUM TOPLANMA ALANI","BOYLAM":26.318803681917998,"YOL":"2208/1 Sk.","Area":null},"geometry":{"type":"Point","coordinates":[26.318803681917998,38.315879186358998]}},
{"type":"Feature","properties":{"ILCE":"BUCA","KAPINO":null,"ENLEM":38.400514242691997,"ACIKLAMA":"3508-040-02","ILCEID":8,"MAHALLE":"UFUK","MAHALLEID":null,"ADI":"2 NO LU AFET VE ACİL DURUM TOPLANMA ALANI","BOYLAM":27.165154250101001,"YOL":"1007 Sk.","Area":null},"geometry":{"type":"Point","coordinates":[27.165154250101001,38.400514242691997]}},
{"type":"Feature","properties":{"ILCE":"BUCA","KAPINO":null,"ENLEM":38.365309693621001,"ACIKLAMA":"3508-022-02","ILCEID":8,"MAHALLE":"GÖKSU","MAHALLEID":null,"ADI":"2 NO LU AFET VE ACİL DURUM TOPLANMA ALANI","BOYLAM":27.141765563553999,"YOL":"693/8 Sk.","Area":null},"geometry":{"type":"Point","coordinates":[27.141765563553999,38.365309693621001]}},
{"type":"Feature","properties":{"ILCE":"URLA","KAPINO":null,"ENLEM":38.389717085907002,"ACIKLAMA":"3529-010-02","ILCEID":18,"MAHALLE":"DENİZLİ","MAHALLEID":null,"ADI":"2 NO LU AFET VE ACİL DURUM TOPLANMA ALANI","BOYLAM":26.739307436752,"YOL":"262 Sk.","Area":null},"geometry":{"type":"Point","coordinates":[26.739307436752,38.389717085907002]}},
{"type":"Feature","properties":{"ILCE":"KEMALPAŞA","KAPINO":null,"ENLEM":38.421380198701002,"ACIKLAMA":"3517-040-02","ILCEID":6,"MAHALLE":"SOĞUKPINAR","MAHALLEID":null,"ADI":"2 NO LU AFET VE ACİL DURUM TOPLANMA ALANI","BOYLAM":27.430713043234,"YOL":"258/1 Sk.","Area":null},"geometry":{"type":"Point","coordinates":[27.430713043234,38.421380198701002]}},
{"type":"Feature","properties":{"ILCE":"ÇEŞME","KAPINO":null,"ENLEM":38.323278091214,"ACIKLAMA":"3509-016-02","ILCEID":1001,"MAHALLE":"İSMET İNÖNÜ","MAHALLEID":null,"ADI":"2 NO LU AFET VE ACİL DURUM TOPLANMA ALANI","BOYLAM":26.31134716431,"YOL":"2060 Sk.","Area":null},"geometry":{"type":"Point","coordinates":[26.31134716431,38.323278091214]}},
{"type":"Feature","properties":{"ILCE":"MENDERES","KAPINO":null,"ENLEM":38.053173255346003,"ACIKLAMA":"3521-041-02","ILCEID":13,"MAHALLE":"ORTA","MAHALLEID":null,"ADI":"2 NO LU AFET VE ACİL DURUM TOPLANMA ALANI","BOYLAM":27.048940667008999,"YOL":"1147","Area":null},"geometry":{"type":"Point","coordinates":[27.048940667008999,38.053173255346003]}},
{"type":"Feature","properties":{"ILCE":"ÇİĞLİ","KAPINO":null,"ENLEM":38.520866976900997,"ACIKLAMA":"3510-025-02","ILCEID":16,"MAHALLE":"UĞUR MUMCU","MAHALLEID":null,"ADI":"2 NO LU AFET VE ACİL DURUM TOPLANMA ALANI","BOYLAM":27.046429336315999,"YOL":"8790/6","Area":null},"geometry":{"type":"Point","coordinates":[27.046429336315999,38.520866976900997]}},
{"type":"Feature","properties":{"ILCE":"KARABAĞLAR","KAPINO":null,"ENLEM":38.391844958514,"ACIKLAMA":"3531-022-02","ILCEID":19,"MAHALLE":"FAHRETTİN ALTAY","MAHALLEID":null,"ADI":"2 NO LU AFET VE ACİL DURUM TOPLANMA ALANI","BOYLAM":27.070419115330001,"YOL":"2/2 Sk.","Area":null},"geometry":{"type":"Point","coordinates":[27.070419115330001,38.391844958514]}},
{"type":"Feature","properties":{"ILCE":"MENDERES","KAPINO":null,"ENLEM":38.260520027798002,"ACIKLAMA":"3521-022-02","ILCEID":13,"MAHALLE":"GÖLCÜKLER","MAHALLEID":null,"ADI":"2 NO LU AFET VE ACİL DURUM TOPLANMA ALANI","BOYLAM":27.140778691632001,"YOL":"1008 Sk.","Area":null},"geometry":{"type":"Point","coordinates":[27.140778691632001,38.260520027798002]}},
{"type":"Feature","properties":{"ILCE":"MENEMEN","KAPINO":null,"ENLEM":38.638706092683002,"ACIKLAMA":"3522-034-02","ILCEID":17,"MAHALLE":"HAYKIRAN","MAHALLEID":null,"ADI":"2 NO LU AFET VE ACİL DURUM TOPLANMA ALANI","BOYLAM":27.111209525330999,"YOL":"802 Sk.","Area":null},"geometry":{"type":"Point","coordinates":[27.111209525330999,38.638706092683002]}},
{"type":"Feature","properties":{"ILCE":"KINIK","KAPINO":null,"ENLEM":39.087140076388998,"ACIKLAMA":"3518-035-02","ILCEID":996,"MAHALLE":"YAYAKENT","MAHALLEID":null,"ADI":"2 NO LU AFET VE ACİL DURUM TOPLANMA ALANI","BOYLAM":27.307191450914001,"YOL":"YUNUS EMRE Cd.","Area":null},"geometry":{"type":"Point","coordinates":[27.307191450914001,39.087140076388998]}},
{"type":"Feature","properties":{"ILCE":"KARŞIYAKA","KAPINO":null,"ENLEM":38.453234225159001,"ACIKLAMA":"3516-001-02","ILCEID":20,"MAHALLE":"AKSOY","MAHALLEID":null,"ADI":"2 NO LU AFET VE ACİL DURUM TOPLANMA ALANI","BOYLAM":27.107218734966999,"YOL":"HALİM ERKER Sk.","Area":null},"geometry":{"type":"Point","coordinates":[27.107218734966999,38.453234225159001]}},
{"type":"Feature","properties":{"ILCE":"KEMALPAŞA","KAPINO":null,"ENLEM":38.395856405468002,"ACIKLAMA":"3517-006-02","ILCEID":6,"MAHALLE":"AŞAĞIKIZILCA","MAHALLEID":null,"ADI":"2 NO LU AFET VE ACİL DURUM TOPLANMA ALANI","BOYLAM":27.514268844195001,"YOL":"2008 Sk.","Area":null},"geometry":{"type":"Point","coordinates":[27.514268844195001,38.395856405468002]}},
{"type":"Feature","properties":{"ILCE":"MENEMEN","KAPINO":null,"ENLEM":38.595362938963,"ACIKLAMA":"3522-039-02","ILCEID":17,"MAHALLE":"İSMET İNÖNÜ","MAHALLEID":null,"ADI":"2 NO LU AFET VE ACİL DURUM TOPLANMA ALANI","BOYLAM":27.084301811814999,"YOL":"1286 Sk.","Area":null},"geometry":{"type":"Point","coordinates":[27.084301811814999,38.595362938963]}},
{"type":"Feature","properties":{"ILCE":"KEMALPAŞA","KAPINO":null,"ENLEM":38.440223304463998,"ACIKLAMA":"3517-020-02","ILCEID":6,"MAHALLE":"HALİLBEYLİ","MAHALLEID":null,"ADI":"2 NO LU AFET VE ACİL DURUM TOPLANMA ALANI","BOYLAM":27.66796931811,"YOL":"85. YIL CUMHURİYET Cd.","Area":null},"geometry":{"type":"Point","coordinates":[27.66796931811,38.440223304463998]}},
{"type":"Feature","properties":{"ILCE":"TORBALI","KAPINO":null,"ENLEM":38.265995833863997,"ACIKLAMA":"3528-047-02","ILCEID":9,"MAHALLE":"SAİPLER","MAHALLEID":null,"ADI":"2 NO LU AFET VE ACİL DURUM TOPLANMA ALANI","BOYLAM":27.369451946525,"YOL":"SAİPLER KümeEvleri","Area":null},"geometry":{"type":"Point","coordinates":[27.369451946525,38.265995833863997]}},
{"type":"Feature","properties":{"ILCE":"MENEMEN","KAPINO":null,"ENLEM":38.60165583381,"ACIKLAMA":"3522-058-02","ILCEID":17,"MAHALLE":"UĞUR MUMCU","MAHALLEID":null,"ADI":"2 NO LU AFET VE ACİL DURUM TOPLANMA ALANI","BOYLAM":27.083636616446999,"YOL":"1295 Sk.","Area":null},"geometry":{"type":"Point","coordinates":[27.083636616446999,38.60165583381]}},
{"type":"Feature","properties":{"ILCE":"KEMALPAŞA","KAPINO":null,"ENLEM":38.405988020952996,"ACIKLAMA":"3517-003-03","ILCEID":6,"MAHALLE":"ARMUTLU 85.YIL CUMHURİYET","MAHALLEID":null,"ADI":"2 NO LU AFET VE ACİL DURUM TOPLANMA ALANI","BOYLAM":27.526993164417998,"YOL":"AÇELYA Sk.","Area":null},"geometry":{"type":"Point","coordinates":[27.526993164417998,38.405988020952996]}},
{"type":"Feature","properties":{"ILCE":"MENEMEN","KAPINO":null,"ENLEM":38.612232301389,"ACIKLAMA":"3522-010-02","ILCEID":17,"MAHALLE":"AYVACIK","MAHALLEID":null,"ADI":"2 NO LU AFET VE ACİL DURUM TOPLANMA ALANI","BOYLAM":27.190296795272001,"YOL":"AYVACIK KümeEvleri","Area":null},"geometry":{"type":"Point","coordinates":[27.190296795272001,38.612232301389]}},
{"type":"Feature","properties":{"ILCE":"KARABAĞLAR","KAPINO":null,"ENLEM":38.398529885894,"ACIKLAMA":"3531-016-02","ILCEID":19,"MAHALLE":"ÇALIKUŞU","MAHALLEID":null,"ADI":"2 NO LU AFET VE ACİL DURUM TOPLANMA ALANI","BOYLAM":27.129094815401999,"YOL":"3210 Sk.","Area":null},"geometry":{"type":"Point","coordinates":[27.129094815401999,38.398529885894]}},
{"type":"Feature","properties":{"ILCE":"MENEMEN","KAPINO":null,"ENLEM":38.551643300800997,"ACIKLAMA":"3522-040-02","ILCEID":17,"MAHALLE":"İSTİKLAL","MAHALLEID":null,"ADI":"2 NO LU AFET VE ACİL DURUM TOPLANMA ALANI","BOYLAM":27.057238532037999,"YOL":"7504 Sk.","Area":null},"geometry":{"type":"Point","coordinates":[27.057238532037999,38.551643300800997]}},
{"type":"Feature","properties":{"ILCE":"BEYDAĞ","KAPINO":null,"ENLEM":38.141489877759,"ACIKLAMA":"3506-015-02","ILCEID":993,"MAHALLE":"KURUDERE","MAHALLEID":null,"ADI":"2 NO LU AFET VE ACİL DURUM TOPLANMA ALANI","BOYLAM":28.267558566613001,"YOL":"SEHER KümeEvleri","Area":null},"geometry":{"type":"Point","coordinates":[28.267558566613001,38.141489877759]}},
{"type":"Feature","properties":{"ILCE":"ÇEŞME","KAPINO":null,"ENLEM":38.30750296886,"ACIKLAMA":"3509-009-02","ILCEID":1001,"MAHALLE":"ÇAKABEY","MAHALLEID":null,"ADI":"2 NO LU AFET VE ACİL DURUM TOPLANMA ALANI","BOYLAM":26.342852262956001,"YOL":"2236 Sk.","Area":null},"geometry":{"type":"Point","coordinates":[26.342852262956001,38.30750296886]}},
{"type":"Feature","properties":{"ILCE":"URLA","KAPINO":null,"ENLEM":38.368711902651,"ACIKLAMA":"3529-015-02","ILCEID":18,"MAHALLE":"İSKELE","MAHALLEID":null,"ADI":"2 NO LU AFET VE ACİL DURUM TOPLANMA ALANI","BOYLAM":26.760502183661998,"YOL":"2073 Sk.","Area":null},"geometry":{"type":"Point","coordinates":[26.760502183661998,38.368711902651]}},
{"type":"Feature","properties":{"ILCE":"ÇEŞME","KAPINO":null,"ENLEM":38.285699055309998,"ACIKLAMA":"3509-003-02","ILCEID":1001,"MAHALLE":"ALTINKUM","MAHALLEID":null,"ADI":"2 NO LU AFET VE ACİL DURUM TOPLANMA ALANI","BOYLAM":26.262622471029001,"YOL":"43 Sk.","Area":null},"geometry":{"type":"Point","coordinates":[26.262622471029001,38.285699055309998]}},
{"type":"Feature","properties":{"ILCE":"BUCA","KAPINO":null,"ENLEM":38.373738146629002,"ACIKLAMA":"3508-020-02","ILCEID":8,"MAHALLE":"FIRAT","MAHALLEID":null,"ADI":"2 NO LU AFET VE ACİL DURUM TOPLANMA ALANI","BOYLAM":27.151271250602999,"YOL":"289/65 Sk.","Area":null},"geometry":{"type":"Point","coordinates":[27.151271250602999,38.373738146629002]}},
{"type":"Feature","properties":{"ILCE":"KARABAĞLAR","KAPINO":null,"ENLEM":38.386778347132001,"ACIKLAMA":"3531-020-02","ILCEID":19,"MAHALLE":"ESENTEPE","MAHALLEID":null,"ADI":"2 NO LU AFET VE ACİL DURUM TOPLANMA ALANI","BOYLAM":27.073777232872999,"YOL":"14/6 Sk.","Area":null},"geometry":{"type":"Point","coordinates":[27.073777232872999,38.386778347132001]}},
{"type":"Feature","properties":{"ILCE":"FOÇA","KAPINO":null,"ENLEM":38.660826236513998,"ACIKLAMA":"3512-006-02","ILCEID":4,"MAHALLE":"HACIVELİ","MAHALLEID":null,"ADI":"2 NO LU AFET VE ACİL DURUM TOPLANMA ALANI","BOYLAM":26.856079024088,"YOL":"433 Sk.","Area":null},"geometry":{"type":"Point","coordinates":[26.856079024088,38.660826236513998]}},
{"type":"Feature","properties":{"ILCE":"KARŞIYAKA","KAPINO":null,"ENLEM":38.465386523004,"ACIKLAMA":"3516-013-02","ILCEID":20,"MAHALLE":"GONCALAR","MAHALLEID":null,"ADI":"2 NO LU AFET VE ACİL DURUM TOPLANMA ALANI","BOYLAM":27.107583492903,"YOL":"6045 Sk.","Area":null},"geometry":{"type":"Point","coordinates":[27.107583492903,38.465386523004]}},
{"type":"Feature","properties":{"ILCE":"TİRE","KAPINO":null,"ENLEM":38.086139085767002,"ACIKLAMA":"3527-022-02","ILCEID":997,"MAHALLE":"ÇİNİYERİ","MAHALLEID":null,"ADI":"2 NO LU AFET VE ACİL DURUM TOPLANMA ALANI","BOYLAM":27.804903994882,"YOL":"ÇAKIL Sk.","Area":null},"geometry":{"type":"Point","coordinates":[27.804903994882,38.086139085767002]}},
{"type":"Feature","properties":{"ILCE":"BAYRAKLI","KAPINO":null,"ENLEM":38.479556784095998,"ACIKLAMA":"3530-020-02","ILCEID":11,"MAHALLE":"R.ŞEVKET İNCE","MAHALLEID":null,"ADI":"2 NO LU AFET VE ACİL DURUM TOPLANMA ALANI","BOYLAM":27.172127825682001,"YOL":"2140/22 Sk.","Area":null},"geometry":{"type":"Point","coordinates":[27.172127825682001,38.479556784095998]}},
{"type":"Feature","properties":{"ILCE":"ÇİĞLİ","KAPINO":null,"ENLEM":38.515479933693001,"ACIKLAMA":"3510-013-02","ILCEID":16,"MAHALLE":"EVKA-5","MAHALLEID":null,"ADI":"2 NO LU AFET VE ACİL DURUM TOPLANMA ALANI","BOYLAM":27.053657862994001,"YOL":"8925 Sk.","Area":null},"geometry":{"type":"Point","coordinates":[27.053657862994001,38.515479933693001]}},
{"type":"Feature","properties":{"ILCE":"KARŞIYAKA","KAPINO":null,"ENLEM":38.467847820251002,"ACIKLAMA":"3516-005-02","ILCEID":20,"MAHALLE":"BAHÇELİEVLER","MAHALLEID":null,"ADI":"2 NO LU AFET VE ACİL DURUM TOPLANMA ALANI","BOYLAM":27.110201311689,"YOL":"GÜN SAZAK Blv.","Area":null},"geometry":{"type":"Point","coordinates":[27.110201311689,38.467847820251002]}},
{"type":"Feature","properties":{"ILCE":"KARŞIYAKA","KAPINO":null,"ENLEM":38.467007774529002,"ACIKLAMA":"3516-003-02","ILCEID":20,"MAHALLE":"ATAKENT","MAHALLEID":null,"ADI":"2 NO LU AFET VE ACİL DURUM TOPLANMA ALANI","BOYLAM":27.088443341845998,"YOL":"CAHER DUDAYEV Blv.","Area":null},"geometry":{"type":"Point","coordinates":[27.088443341845998,38.467007774529002]}},
{"type":"Feature","properties":{"ILCE":"BAYINDIR","KAPINO":null,"ENLEM":38.182570933664998,"ACIKLAMA":"3504-003-01","ILCEID":7,"MAHALLE":"ARIKBAŞI","MAHALLEID":null,"ADI":"2 NO LU AFET VE ACİL DURUM TOPLANMA ALANI","BOYLAM":27.493133481270998,"YOL":"ARIKBAŞI HÜRRİYET Sk.","Area":null},"geometry":{"type":"Point","coordinates":[27.493133481270998,38.182570933664998]}},
{"type":"Feature","properties":{"ILCE":"TORBALI","KAPINO":null,"ENLEM":38.162408185350998,"ACIKLAMA":"3528-011-03","ILCEID":9,"MAHALLE":"CUMHURİYET","MAHALLEID":null,"ADI":"2 NO LU AFET VE ACİL DURUM TOPLANMA ALANI","BOYLAM":27.348606090318999,"YOL":"2026 Sk.","Area":null},"geometry":{"type":"Point","coordinates":[27.348606090318999,38.162408185350998]}},
{"type":"Feature","properties":{"ILCE":"TORBALI","KAPINO":null,"ENLEM":38.228012066452003,"ACIKLAMA":"3528-008-02","ILCEID":9,"MAHALLE":"BAHÇELİEVLER","MAHALLEID":null,"ADI":"2 NO LU AFET VE ACİL DURUM TOPLANMA ALANI","BOYLAM":27.294114499687002,"YOL":"413 Sk.","Area":null},"geometry":{"type":"Point","coordinates":[27.294114499687002,38.228012066452003]}},
{"type":"Feature","properties":{"ILCE":"MENDERES","KAPINO":"26","ENLEM":38.282941965646003,"ACIKLAMA":"3521-024-02","ILCEID":13,"MAHALLE":"GÖRECE CUMHURİYET","MAHALLEID":null,"ADI":"2 NO LU AFET VE ACİL DURUM TOPLANMA ALANI","BOYLAM":27.122410978916001,"YOL":"NAZAR BONCUĞU Cd.","Area":null},"geometry":{"type":"Point","coordinates":[27.122410978916001,38.282941965646003]}},
{"type":"Feature","properties":{"ILCE":"BAYRAKLI","KAPINO":null,"ENLEM":38.476902651959001,"ACIKLAMA":"3530-021-02","ILCEID":11,"MAHALLE":"SOĞUKKUYU","MAHALLEID":null,"ADI":"2 NO LU AFET VE ACİL DURUM TOPLANMA ALANI","BOYLAM":27.116981886954001,"YOL":"1847/13 Sk.","Area":null},"geometry":{"type":"Point","coordinates":[27.116981886954001,38.476902651959001]}},
{"type":"Feature","properties":{"ILCE":"TORBALI","KAPINO":null,"ENLEM":38.148812910535,"ACIKLAMA":"3528-006-02","ILCEID":9,"MAHALLE":"ATATÜRK","MAHALLEID":null,"ADI":"2 NO LU AFET VE ACİL DURUM TOPLANMA ALANI","BOYLAM":27.372000221314,"YOL":"1540 Sk.","Area":null},"geometry":{"type":"Point","coordinates":[27.372000221314,38.148812910535]}},
{"type":"Feature","properties":{"ILCE":"KARABAĞLAR","KAPINO":null,"ENLEM":38.400060144571,"ACIKLAMA":"3531-012-02","ILCEID":19,"MAHALLE":"BASIN SİTESİ","MAHALLEID":null,"ADI":"2 NO LU AFET VE ACİL DURUM TOPLANMA ALANI","BOYLAM":27.104161122269002,"YOL":"166 Sk.","Area":null},"geometry":{"type":"Point","coordinates":[27.104161122269002,38.400060144571]}},
{"type":"Feature","properties":{"ILCE":"URLA","KAPINO":null,"ENLEM":38.3313500573,"ACIKLAMA":"3529-034-02","ILCEID":18,"MAHALLE":"YENİKENT","MAHALLEID":null,"ADI":"2 NO LU AFET VE ACİL DURUM TOPLANMA ALANI","BOYLAM":26.768908250949998,"YOL":"TAVŞANLI Sk.","Area":null},"geometry":{"type":"Point","coordinates":[26.768908250949998,38.3313500573]}},
{"type":"Feature","properties":{"ILCE":"KONAK","KAPINO":null,"ENLEM":38.425943985510997,"ACIKLAMA":"3520-006-02","ILCEID":21,"MAHALLE":"AKDENİZ","MAHALLEID":null,"ADI":"2 NO LU AFET VE ACİL DURUM TOPLANMA ALANI","BOYLAM":27.133858348490001,"YOL":"ŞEHİT FETHİBEY Cd.","Area":null},"geometry":{"type":"Point","coordinates":[27.133858348490001,38.425943985510997]}},
{"type":"Feature","properties":{"ILCE":"TİRE","KAPINO":null,"ENLEM":38.098037337617001,"ACIKLAMA":"3527-043-02","ILCEID":997,"MAHALLE":"HÜRRİYET","MAHALLEID":null,"ADI":"2 NO LU AFET VE ACİL DURUM TOPLANMA ALANI","BOYLAM":27.727353655988999,"YOL":"GÜVEN","Area":null},"geometry":{"type":"Point","coordinates":[27.727353655988999,38.098037337617001]}},
{"type":"Feature","properties":{"ILCE":"KEMALPAŞA","KAPINO":null,"ENLEM":38.487308696645002,"ACIKLAMA":"3517-030-02","ILCEID":6,"MAHALLE":"KUYUCAK","MAHALLEID":null,"ADI":"2 NO LU AFET VE ACİL DURUM TOPLANMA ALANI","BOYLAM":27.389600240351999,"YOL":"9515 Sk.","Area":null},"geometry":{"type":"Point","coordinates":[27.389600240351999,38.487308696645002]}},
{"type":"Feature","properties":{"ILCE":"KARABAĞLAR","KAPINO":null,"ENLEM":38.390793854717998,"ACIKLAMA":"3531-054-04","ILCEID":19,"MAHALLE":"VATAN","MAHALLEID":null,"ADI":"2 NO LU AFET VE ACİL DURUM TOPLANMA ALANI","BOYLAM":27.100744020770001,"YOL":"9151 Sk.","Area":null},"geometry":{"type":"Point","coordinates":[27.100744020770001,38.390793854717998]}},
{"type":"Feature","properties":{"ILCE":"URLA","KAPINO":null,"ENLEM":38.270371109895002,"ACIKLAMA":"3529-018-02","ILCEID":18,"MAHALLE":"KUŞÇULAR","MAHALLEID":null,"ADI":"2 NO LU AFET VE ACİL DURUM TOPLANMA ALANI","BOYLAM":26.732189102574999,"YOL":"8020 Sk.","Area":null},"geometry":{"type":"Point","coordinates":[26.732189102574999,38.270371109895002]}},
{"type":"Feature","properties":{"ILCE":"KARABAĞLAR","KAPINO":null,"ENLEM":38.377284358979999,"ACIKLAMA":"3531-032-02","ILCEID":19,"MAHALLE":"KİBAR","MAHALLEID":null,"ADI":"2 NO LU AFET VE ACİL DURUM TOPLANMA ALANI","BOYLAM":27.109745492155,"YOL":"ESKİİZMİR Cd.","Area":null},"geometry":{"type":"Point","coordinates":[27.109745492155,38.377284358979999]}},
{"type":"Feature","properties":{"ILCE":"KONAK","KAPINO":null,"ENLEM":38.431617188197002,"ACIKLAMA":"3520-075-02","ILCEID":21,"MAHALLE":"MİMAR SİNAN","MAHALLEID":null,"ADI":"2 NO LU AFET VE ACİL DURUM TOPLANMA ALANI","BOYLAM":27.144726595666,"YOL":"DR. MUSTAFA ENVER BEY Cd.","Area":null},"geometry":{"type":"Point","coordinates":[27.144726595666,38.431617188197002]}},
{"type":"Feature","properties":{"ILCE":"MENDERES","KAPINO":null,"ENLEM":38.246686048561003,"ACIKLAMA":"3521-008-03","ILCEID":13,"MAHALLE":"CÜNEYTBEY","MAHALLEID":null,"ADI":"2 NO LU AFET VE ACİL DURUM TOPLANMA ALANI","BOYLAM":27.136873438117,"YOL":"643 Sk.","Area":null},"geometry":{"type":"Point","coordinates":[27.136873438117,38.246686048561003]}},
{"type":"Feature","properties":{"ILCE":"KONAK","KAPINO":null,"ENLEM":38.395023506119003,"ACIKLAMA":"3520-071-02","ILCEID":21,"MAHALLE":"MEHMET ALİ AKMAN","MAHALLEID":null,"ADI":"2 NO LU AFET VE ACİL DURUM TOPLANMA ALANI","BOYLAM":27.076191194882998,"YOL":"İNÖNÜ Cd.","Area":null},"geometry":{"type":"Point","coordinates":[27.076191194882998,38.395023506119003]}},
{"type":"Feature","properties":{"ILCE":"KARABAĞLAR","KAPINO":null,"ENLEM":38.394426503067997,"ACIKLAMA":"3520-038-02","ILCEID":19,"MAHALLE":"ESENYALI","MAHALLEID":null,"ADI":"2 NO LU AFET VE ACİL DURUM TOPLANMA ALANI","BOYLAM":27.089409055912,"YOL":"İNÖNÜ Cd.","Area":null},"geometry":{"type":"Point","coordinates":[27.089409055912,38.394426503067997]}},
{"type":"Feature","properties":{"ILCE":"MENEMEN","KAPINO":null,"ENLEM":38.652385496213,"ACIKLAMA":"3522-062-02","ILCEID":17,"MAHALLE":"YANIKKÖY","MAHALLEID":null,"ADI":"2 NO LU AFET VE ACİL DURUM TOPLANMA ALANI","BOYLAM":27.080820223511001,"YOL":"502 Sk.","Area":null},"geometry":{"type":"Point","coordinates":[27.080820223511001,38.652385496213]}},
{"type":"Feature","properties":{"ILCE":"URLA","KAPINO":null,"ENLEM":38.400715576015003,"ACIKLAMA":"3529-012-02","ILCEID":18,"MAHALLE":"GÜVENDİK","MAHALLEID":null,"ADI":"2 NO LU AFET VE ACİL DURUM TOPLANMA ALANI","BOYLAM":26.738105793466001,"YOL":"205 Sk.","Area":null},"geometry":{"type":"Point","coordinates":[26.738105793466001,38.400715576015003]}},
{"type":"Feature","properties":{"ILCE":"GÜZELBAHÇE","KAPINO":null,"ENLEM":38.337969089342998,"ACIKLAMA":"3514-012-02","ILCEID":1,"MAHALLE":"YELKİ","MAHALLEID":null,"ADI":"2 NO LU AFET VE ACİL DURUM TOPLANMA ALANI","BOYLAM":26.866918346969999,"YOL":"2283 Sk.","Area":null},"geometry":{"type":"Point","coordinates":[26.866918346969999,38.337969089342998]}},
{"type":"Feature","properties":{"ILCE":"GÜZELBAHÇE","KAPINO":null,"ENLEM":38.364333621937,"ACIKLAMA":"3514-010-02","ILCEID":1,"MAHALLE":"YAKA","MAHALLEID":null,"ADI":"2 NO LU AFET VE ACİL DURUM TOPLANMA ALANI","BOYLAM":26.896811370504,"YOL":"628 Sk.","Area":null},"geometry":{"type":"Point","coordinates":[26.896811370504,38.364333621937]}},
{"type":"Feature","properties":{"ILCE":"BAYRAKLI","KAPINO":null,"ENLEM":38.491650021321,"ACIKLAMA":"3530-012-02","ILCEID":11,"MAHALLE":"KÖRFEZ","MAHALLEID":null,"ADI":"2 NO LU AFET VE ACİL DURUM TOPLANMA ALANI","BOYLAM":27.132045072855998,"YOL":"7384/6 Sk.","Area":null},"geometry":{"type":"Point","coordinates":[27.132045072855998,38.491650021321]}},
{"type":"Feature","properties":{"ILCE":"BAYRAKLI","KAPINO":null,"ENLEM":38.481034924051997,"ACIKLAMA":"3530-017-02","ILCEID":11,"MAHALLE":"ORG.NAFİZ GÜRMAN","MAHALLEID":null,"ADI":"2 NO LU AFET VE ACİL DURUM TOPLANMA ALANI","BOYLAM":27.137345109544,"YOL":"7171 Sk.","Area":null},"geometry":{"type":"Point","coordinates":[27.137345109544,38.481034924051997]}},
{"type":"Feature","properties":{"ILCE":"KINIK","KAPINO":null,"ENLEM":39.084067223124997,"ACIKLAMA":"3518-034-02","ILCEID":996,"MAHALLE":"TÜRKCEDİT","MAHALLEID":null,"ADI":"2 NO LU AFET VE ACİL DURUM TOPLANMA ALANI","BOYLAM":27.385393565935001,"YOL":"ABDULBAKİ Sk.","Area":null},"geometry":{"type":"Point","coordinates":[27.385393565935001,39.084067223124997]}},
{"type":"Feature","properties":{"ILCE":"KARŞIYAKA","KAPINO":null,"ENLEM":38.463017546305998,"ACIKLAMA":"3516-019-02","ILCEID":20,"MAHALLE":"GONCALAR","MAHALLEID":null,"ADI":"2 NO LU AFET VE ACİL DURUM TOPLANMA ALANI","BOYLAM":27.101478819594998,"YOL":"6007/3 Sk.","Area":null},"geometry":{"type":"Point","coordinates":[27.101478819594998,38.463017546305998]}},
{"type":"Feature","properties":{"ILCE":"KARABAĞLAR","KAPINO":null,"ENLEM":38.358848841674998,"ACIKLAMA":"3531-055-02","ILCEID":19,"MAHALLE":"YAŞAR KEMAL","MAHALLEID":null,"ADI":"2 NO LU AFET VE ACİL DURUM TOPLANMA ALANI","BOYLAM":27.081298156860999,"YOL":"6001 Sk.","Area":null},"geometry":{"type":"Point","coordinates":[27.081298156860999,38.358848841674998]}},
{"type":"Feature","properties":{"ILCE":"KARABAĞLAR","KAPINO":null,"ENLEM":38.376463259962001,"ACIKLAMA":"3531-032-01","ILCEID":19,"MAHALLE":"GÜNALTAY","MAHALLEID":null,"ADI":"2 NO LU AFET VE ACİL DURUM TOPLANMA ALANI","BOYLAM":27.111617666082001,"YOL":"3760 Sk.","Area":null},"geometry":{"type":"Point","coordinates":[27.111617666082001,38.376463259962001]}},
{"type":"Feature","properties":{"ILCE":"ÇİĞLİ","KAPINO":null,"ENLEM":38.502456626266003,"ACIKLAMA":"3510-012-02","ILCEID":16,"MAHALLE":"EVKA-2","MAHALLEID":null,"ADI":"2 NO LU AFET VE ACİL DURUM TOPLANMA ALANI","BOYLAM":27.088437916899,"YOL":"6820 Sk.","Area":null},"geometry":{"type":"Point","coordinates":[27.088437916899,38.502456626266003]}},
{"type":"Feature","properties":{"ILCE":"BEYDAĞ","KAPINO":null,"ENLEM":38.085515606530997,"ACIKLAMA":"3506-007-01","ILCEID":993,"MAHALLE":"CUMHURİYET","MAHALLEID":null,"ADI":"2 NO LU AFET VE ACİL DURUM TOPLANMA ALANI","BOYLAM":28.202080870334001,"YOL":"ZEYTİNLİK1 Sk.","Area":null},"geometry":{"type":"Point","coordinates":[28.202080870334001,38.085515606530997]}},
{"type":"Feature","properties":{"ILCE":"GÜZELBAHÇE","KAPINO":null,"ENLEM":38.317858034521997,"ACIKLAMA":"3514-008-02","ILCEID":1,"MAHALLE":"PAYAMLI","MAHALLEID":null,"ADI":"2 NO LU AFET VE ACİL DURUM TOPLANMA ALANI","BOYLAM":26.924035736375998,"YOL":"GAZİ Cd.","Area":null},"geometry":{"type":"Point","coordinates":[26.924035736375998,38.317858034521997]}},
{"type":"Feature","properties":{"ILCE":"ÇİĞLİ","KAPINO":null,"ENLEM":38.498669840962997,"ACIKLAMA":"3510-020-02","ILCEID":16,"MAHALLE":"KÖYİÇİ","MAHALLEID":null,"ADI":"2 NO LU AFET VE ACİL DURUM TOPLANMA ALANI","BOYLAM":27.065934301546001,"YOL":"8054/1","Area":null},"geometry":{"type":"Point","coordinates":[27.065934301546001,38.498669840962997]}},
{"type":"Feature","properties":{"ILCE":"ÇİĞLİ","KAPINO":null,"ENLEM":38.510524762834997,"ACIKLAMA":"3510-019-02","ILCEID":16,"MAHALLE":"KAKLIÇ","MAHALLEID":null,"ADI":"2 NO LU AFET VE ACİL DURUM TOPLANMA ALANI","BOYLAM":26.986863152232001,"YOL":"10324 Sk.","Area":null},"geometry":{"type":"Point","coordinates":[26.986863152232001,38.510524762834997]}},
{"type":"Feature","properties":{"ILCE":"ÇİĞLİ","KAPINO":null,"ENLEM":38.529621387570998,"ACIKLAMA":"3510-017-02","ILCEID":16,"MAHALLE":"İNÖNÜ","MAHALLEID":null,"ADI":"2 NO LU AFET VE ACİL DURUM TOPLANMA ALANI","BOYLAM":27.047781147874002,"YOL":"9 EYLÜL Cd.","Area":null},"geometry":{"type":"Point","coordinates":[27.047781147874002,38.529621387570998]}},
{"type":"Feature","properties":{"ILCE":"KEMALPAŞA","KAPINO":null,"ENLEM":38.482068180711003,"ACIKLAMA":"3517-024-02","ILCEID":6,"MAHALLE":"ULUCAK İSTİKLAL","MAHALLEID":null,"ADI":"2 NO LU AFET VE ACİL DURUM TOPLANMA ALANI","BOYLAM":27.361525706361999,"YOL":"9185 Sk.","Area":null},"geometry":{"type":"Point","coordinates":[27.361525706361999,38.482068180711003]}},
{"type":"Feature","properties":{"ILCE":"ÇİĞLİ","KAPINO":null,"ENLEM":38.495117991107001,"ACIKLAMA":"3510-027-02","ILCEID":16,"MAHALLE":"YENİ MAHALLE","MAHALLEID":null,"ADI":"2 NO LU AFET VE ACİL DURUM TOPLANMA ALANI","BOYLAM":27.060548458702002,"YOL":"ANADOLU Cd.","Area":null},"geometry":{"type":"Point","coordinates":[27.060548458702002,38.495117991107001]}},
{"type":"Feature","properties":{"ILCE":"KEMALPAŞA","KAPINO":null,"ENLEM":38.385714953278999,"ACIKLAMA":"3517-049-02","ILCEID":6,"MAHALLE":"YUKARIKIZILCA MERKEZ","MAHALLEID":null,"ADI":"2 NO LU AFET VE ACİL DURUM TOPLANMA ALANI","BOYLAM":27.494463527476,"YOL":"BÜLENT ECEVİT Cd.","Area":null},"geometry":{"type":"Point","coordinates":[27.494463527476,38.385714953278999]}},
{"type":"Feature","properties":{"ILCE":"KEMALPAŞA","KAPINO":null,"ENLEM":38.421060822858998,"ACIKLAMA":"3517-035-02","ILCEID":6,"MAHALLE":"ÖRNEKKÖY","MAHALLEID":null,"ADI":"2 NO LU AFET VE ACİL DURUM TOPLANMA ALANI","BOYLAM":27.468049207728999,"YOL":"OKUL Cd.","Area":null},"geometry":{"type":"Point","coordinates":[27.468049207728999,38.421060822858998]}},
{"type":"Feature","properties":{"ILCE":"GÜZELBAHÇE","KAPINO":null,"ENLEM":38.332545231379001,"ACIKLAMA":"3514-007-02","ILCEID":1,"MAHALLE":"MUSTAFA KEMAL PAŞA","MAHALLEID":null,"ADI":"2 NO LU AFET VE ACİL DURUM TOPLANMA ALANI","BOYLAM":26.864126190892001,"YOL":"2319/1 Sk.","Area":null},"geometry":{"type":"Point","coordinates":[26.864126190892001,38.332545231379001]}},
{"type":"Feature","properties":{"ILCE":"KEMALPAŞA","KAPINO":null,"ENLEM":38.466689002122997,"ACIKLAMA":"3517-012-02","ILCEID":6,"MAHALLE":"ÇAMBEL","MAHALLEID":null,"ADI":"2 NO LU AFET VE ACİL DURUM TOPLANMA ALANI","BOYLAM":27.517970161173999,"YOL":"ÇAMBEL MAH. YOLU KümeEvleri","Area":null},"geometry":{"type":"Point","coordinates":[27.517970161173999,38.466689002122997]}},
{"type":"Feature","properties":{"ILCE":"BUCA","KAPINO":null,"ENLEM":38.381795582682997,"ACIKLAMA":"3508-032-02","ILCEID":8,"MAHALLE":"KOZAĞAÇ","MAHALLEID":null,"ADI":"2 NO LU AFET VE ACİL DURUM TOPLANMA ALANI","BOYLAM":27.172557141475998,"YOL":"223 Sk.","Area":null},"geometry":{"type":"Point","coordinates":[27.172557141475998,38.381795582682997]}},
{"type":"Feature","properties":{"ILCE":"ÇEŞME","KAPINO":null,"ENLEM":38.311745941114999,"ACIKLAMA":"3509-004-02","ILCEID":1001,"MAHALLE":"ALTINYUNUS","MAHALLEID":null,"ADI":"2 NO LU AFET VE ACİL DURUM TOPLANMA ALANI","BOYLAM":26.350861290870998,"YOL":"3468 Sk.","Area":null},"geometry":{"type":"Point","coordinates":[26.350861290870998,38.311745941114999]}},
{"type":"Feature","properties":{"ILCE":"BAYINDIR","KAPINO":null,"ENLEM":38.216671604135001,"ACIKLAMA":"3504-021-02","ILCEID":7,"MAHALLE":"FATİH","MAHALLEID":null,"ADI":"2 NO LU AFET VE ACİL DURUM TOPLANMA ALANI","BOYLAM":27.650825070102002,"YOL":"OSMANBEY Sk.","Area":null},"geometry":{"type":"Point","coordinates":[27.650825070102002,38.216671604135001]}},
{"type":"Feature","properties":{"ILCE":"MENDERES","KAPINO":null,"ENLEM":38.264849977875997,"ACIKLAMA":"3521-021-02","ILCEID":13,"MAHALLE":"GAZİPAŞA","MAHALLEID":null,"ADI":"2 NO LU AFET VE ACİL DURUM TOPLANMA ALANI","BOYLAM":27.142817152985,"YOL":"725 Sk.","Area":null},"geometry":{"type":"Point","coordinates":[27.142817152985,38.264849977875997]}},
{"type":"Feature","properties":{"ILCE":"BUCA","KAPINO":null,"ENLEM":38.371753118778997,"ACIKLAMA":"3508-045-02","ILCEID":8,"MAHALLE":"YILDIZ","MAHALLEID":null,"ADI":"2 NO LU AFET VE ACİL DURUM TOPLANMA ALANI","BOYLAM":27.176312232185001,"YOL":"242/25 Sk.","Area":null},"geometry":{"type":"Point","coordinates":[27.176312232185001,38.371753118778997]}},
{"type":"Feature","properties":{"ILCE":"ÇEŞME","KAPINO":null,"ENLEM":38.305979162535998,"ACIKLAMA":"3509-015-02","ILCEID":1001,"MAHALLE":"ILICA","MAHALLEID":null,"ADI":"2 NO LU AFET VE ACİL DURUM TOPLANMA ALANI","BOYLAM":26.357202011946999,"YOL":"ÇEŞME ASFALTI Cd.","Area":null},"geometry":{"type":"Point","coordinates":[26.357202011946999,38.305979162535998]}},
{"type":"Feature","properties":{"ILCE":"BAYRAKLI","KAPINO":null,"ENLEM":38.488610107935003,"ACIKLAMA":"3530-024-02","ILCEID":11,"MAHALLE":"ORG.NAFİZ GÜRMAN","MAHALLEID":null,"ADI":"2 NO LU AFET VE ACİL DURUM TOPLANMA ALANI","BOYLAM":27.143181554514001,"YOL":"7171 Sk.","Area":null},"geometry":{"type":"Point","coordinates":[27.143181554514001,38.488610107935003]}},
{"type":"Feature","properties":{"ILCE":"BAYRAKLI","KAPINO":null,"ENLEM":38.486493833997002,"ACIKLAMA":"3530-016-02","ILCEID":11,"MAHALLE":"ONUR","MAHALLEID":null,"ADI":"2 NO LU AFET VE ACİL DURUM TOPLANMA ALANI","BOYLAM":27.136207849314999,"YOL":"7356/8 Sk.","Area":null},"geometry":{"type":"Point","coordinates":[27.136207849314999,38.486493833997002]}},
{"type":"Feature","properties":{"ILCE":"KARABURUN","KAPINO":null,"ENLEM":38.613912409251,"ACIKLAMA":"3515-001-02","ILCEID":1000,"MAHALLE":"ANBARSEKİ","MAHALLEID":null,"ADI":"2 NO LU AFET VE ACİL DURUM TOPLANMA ALANI","BOYLAM":26.522113552779999,"YOL":"ANBARSEKİ KümeEvleri","Area":null},"geometry":{"type":"Point","coordinates":[26.522113552779999,38.613912409251]}},
{"type":"Feature","properties":{"ILCE":"ÇİĞLİ","KAPINO":null,"ENLEM":38.511481871431997,"ACIKLAMA":"3510-007-02","ILCEID":16,"MAHALLE":"BALATÇIK","MAHALLEID":null,"ADI":"2 NO LU AFET VE ACİL DURUM TOPLANMA ALANI","BOYLAM":27.044508900355002,"YOL":"8788 Sk.","Area":null},"geometry":{"type":"Point","coordinates":[27.044508900355002,38.511481871431997]}},
{"type":"Feature","properties":{"ILCE":"KARABAĞLAR","KAPINO":null,"ENLEM":38.387852706110003,"ACIKLAMA":"3531-048-02","ILCEID":19,"MAHALLE":"REFET BELE","MAHALLEID":null,"ADI":"2 NO LU AFET VE ACİL DURUM TOPLANMA ALANI","BOYLAM":27.110625234415,"YOL":"9171 Sk.","Area":null},"geometry":{"type":"Point","coordinates":[27.110625234415,38.387852706110003]}},
{"type":"Feature","properties":{"ILCE":"ÇEŞME","KAPINO":null,"ENLEM":38.329514937676997,"ACIKLAMA":"3509-025-02","ILCEID":1001,"MAHALLE":"YALI","MAHALLEID":null,"ADI":"2 NO LU AFET VE ACİL DURUM TOPLANMA ALANI","BOYLAM":26.417572825147001,"YOL":"6179 Sk.","Area":null},"geometry":{"type":"Point","coordinates":[26.417572825147001,38.329514937676997]}},
{"type":"Feature","properties":{"ILCE":"ÇEŞME","KAPINO":null,"ENLEM":38.268538497679003,"ACIKLAMA":"3509-022-02","ILCEID":1001,"MAHALLE":"ŞEHİT MEHMET","MAHALLEID":null,"ADI":"2 NO LU AFET VE ACİL DURUM TOPLANMA ALANI","BOYLAM":26.244281650476999,"YOL":"452 Sk.","Area":null},"geometry":{"type":"Point","coordinates":[26.244281650476999,38.268538497679003]}},
{"type":"Feature","properties":{"ILCE":"ÇEŞME","KAPINO":null,"ENLEM":38.317465922714,"ACIKLAMA":"3509-018-02","ILCEID":1001,"MAHALLE":"MUSALLA","MAHALLEID":null,"ADI":"2 NO LU AFET VE ACİL DURUM TOPLANMA ALANI","BOYLAM":26.309228240797001,"YOL":"1052 Sk.","Area":null},"geometry":{"type":"Point","coordinates":[26.309228240797001,38.317465922714]}},
{"type":"Feature","properties":{"ILCE":"BAYRAKLI","KAPINO":null,"ENLEM":38.462841213169,"ACIKLAMA":"3530-002-02","ILCEID":11,"MAHALLE":"ADALET","MAHALLEID":null,"ADI":"2 NO LU AFET VE ACİL DURUM TOPLANMA ALANI","BOYLAM":27.180453389242999,"YOL":"1593/22 Sk.","Area":null},"geometry":{"type":"Point","coordinates":[27.180453389242999,38.462841213169]}},
{"type":"Feature","properties":{"ILCE":"BAYINDIR","KAPINO":null,"ENLEM":38.224811798353997,"ACIKLAMA":"3504-056-01","ILCEID":7,"MAHALLE":"KURT","MAHALLEID":null,"ADI":"2 NO LU AFET VE ACİL DURUM TOPLANMA ALANI","BOYLAM":27.649497370704001,"YOL":"TOKLU SİVRİ Sk.","Area":null},"geometry":{"type":"Point","coordinates":[27.649497370704001,38.224811798353997]}},
{"type":"Feature","properties":{"ILCE":"ÇEŞME","KAPINO":null,"ENLEM":38.321072829454003,"ACIKLAMA":"3509-006-02","ILCEID":1001,"MAHALLE":"BOYALIK","MAHALLEID":null,"ADI":"2 NO LU AFET VE ACİL DURUM TOPLANMA ALANI","BOYLAM":26.331600427108,"YOL":"3211 Sk.","Area":null},"geometry":{"type":"Point","coordinates":[26.331600427108,38.321072829454003]}},
{"type":"Feature","properties":{"ILCE":"BUCA","KAPINO":null,"ENLEM":38.395351547326001,"ACIKLAMA":"3508-042-02","ILCEID":8,"MAHALLE":"YAYLACIK","MAHALLEID":null,"ADI":"2 NO LU AFET VE ACİL DURUM TOPLANMA ALANI","BOYLAM":27.175883041298999,"YOL":"190/4 Sk.","Area":null},"geometry":{"type":"Point","coordinates":[27.175883041298999,38.395351547326001]}},
{"type":"Feature","properties":{"ILCE":"BUCA","KAPINO":null,"ENLEM":38.400732882038,"ACIKLAMA":"3508-036-02","ILCEID":8,"MAHALLE":"MURATHAN","MAHALLEID":null,"ADI":"2 NO LU AFET VE ACİL DURUM TOPLANMA ALANI","BOYLAM":27.195227027183002,"YOL":"TÜRKMENİSTAN","Area":null},"geometry":{"type":"Point","coordinates":[27.195227027183002,38.400732882038]}},
{"type":"Feature","properties":{"ILCE":"BUCA","KAPINO":null,"ENLEM":38.386976062053002,"ACIKLAMA":"3508-019-02","ILCEID":8,"MAHALLE":"EFELER","MAHALLEID":null,"ADI":"2 NO LU AFET VE ACİL DURUM TOPLANMA ALANI","BOYLAM":27.158910121449999,"YOL":"310/3 Sk.","Area":null},"geometry":{"type":"Point","coordinates":[27.158910121449999,38.386976062053002]}},
{"type":"Feature","properties":{"ILCE":"ÇİĞLİ","KAPINO":null,"ENLEM":38.503514495220998,"ACIKLAMA":"3510-021-02","ILCEID":16,"MAHALLE":"KÜÇÜK ÇİĞLİ","MAHALLEID":null,"ADI":"2 NO LU AFET VE ACİL DURUM TOPLANMA ALANI","BOYLAM":27.052812991921002,"YOL":"8714 Sk.","Area":null},"geometry":{"type":"Point","coordinates":[27.052812991921002,38.503514495220998]}},
{"type":"Feature","properties":{"ILCE":"ÖDEMİŞ","KAPINO":null,"ENLEM":38.160489806835997,"ACIKLAMA":"3524-025-02","ILCEID":998,"MAHALLE":"ÇAYLI","MAHALLEID":null,"ADI":"2 NO LU AFET VE ACİL DURUM TOPLANMA ALANI","BOYLAM":28.148511944917999,"YOL":"BİLGİN Sk.","Area":null},"geometry":{"type":"Point","coordinates":[28.148511944917999,38.160489806835997]}},
{"type":"Feature","properties":{"ILCE":"ÇİĞLİ","KAPINO":"5/1","ENLEM":38.534077924652003,"ACIKLAMA":"3510-016-02","ILCEID":16,"MAHALLE":"HARMANDALI GAZİ MUSTAFA KEMAL ATATÜRK","MAHALLEID":null,"ADI":"2 NO LU AFET VE ACİL DURUM TOPLANMA ALANI","BOYLAM":27.050999775049,"YOL":"GAZİ Blv.","Area":null},"geometry":{"type":"Point","coordinates":[27.050999775049,38.534077924652003]}},
{"type":"Feature","properties":{"ILCE":"TORBALI","KAPINO":null,"ENLEM":38.169312433454003,"ACIKLAMA":"3528-003-02","ILCEID":9,"MAHALLE":"ALPKENT","MAHALLEID":null,"ADI":"2 NO LU AFET VE ACİL DURUM TOPLANMA ALANI","BOYLAM":27.35370225062,"YOL":"1029 Sk.","Area":null},"geometry":{"type":"Point","coordinates":[27.35370225062,38.169312433454003]}},
{"type":"Feature","properties":{"ILCE":"ÇİĞLİ","KAPINO":null,"ENLEM":38.515696097953999,"ACIKLAMA":"3510-011-02","ILCEID":16,"MAHALLE":"ESENTEPE","MAHALLEID":null,"ADI":"2 NO LU AFET VE ACİL DURUM TOPLANMA ALANI","BOYLAM":27.056407113212,"YOL":"8809 Sk.","Area":null},"geometry":{"type":"Point","coordinates":[27.056407113212,38.515696097953999]}},
{"type":"Feature","properties":{"ILCE":"TİRE","KAPINO":null,"ENLEM":37.997584338556003,"ACIKLAMA":"3527-013-02","ILCEID":997,"MAHALLE":"BAŞKÖY","MAHALLEID":null,"ADI":"2 NO LU AFET VE ACİL DURUM TOPLANMA ALANI","BOYLAM":27.659605572964999,"YOL":"1.KARŞIYAKA Sk.","Area":null},"geometry":{"type":"Point","coordinates":[27.659605572964999,37.997584338556003]}},
{"type":"Feature","properties":{"ILCE":"TORBALI","KAPINO":null,"ENLEM":38.152120201156002,"ACIKLAMA":"3528-037-02","ILCEID":9,"MAHALLE":"MURATBEY","MAHALLEID":null,"ADI":"2 NO LU AFET VE ACİL DURUM TOPLANMA ALANI","BOYLAM":27.350977167740002,"YOL":"3538 Sk.","Area":null},"geometry":{"type":"Point","coordinates":[27.350977167740002,38.152120201156002]}},
{"type":"Feature","properties":{"ILCE":"TORBALI","KAPINO":null,"ENLEM":38.242405730759003,"ACIKLAMA":"3528-023-02","ILCEID":9,"MAHALLE":"FEVZİ ÇAKMAK","MAHALLEID":null,"ADI":"2 NO LU AFET VE ACİL DURUM TOPLANMA ALANI","BOYLAM":27.286690158896999,"YOL":"34 Sk.","Area":null},"geometry":{"type":"Point","coordinates":[27.286690158896999,38.242405730759003]}},
{"type":"Feature","properties":{"ILCE":"DİKİLİ","KAPINO":null,"ENLEM":39.059857451405001,"ACIKLAMA":"3511-011-02","ILCEID":995,"MAHALLE":"GAZİPAŞA","MAHALLEID":null,"ADI":"2 NO LU AFET VE ACİL DURUM TOPLANMA ALANI","BOYLAM":26.884187720783,"YOL":"SARMAŞIK Sk.","Area":null},"geometry":{"type":"Point","coordinates":[26.884187720783,39.059857451405001]}},
{"type":"Feature","properties":{"ILCE":"BUCA","KAPINO":null,"ENLEM":38.397802620211003,"ACIKLAMA":"3508-039-02","ILCEID":8,"MAHALLE":"ŞİRİNKAPI","MAHALLEID":null,"ADI":"2 NO LU AFET VE ACİL DURUM TOPLANMA ALANI","BOYLAM":27.178350657166,"YOL":"YAVUZ SULTAN SELİM Cd.","Area":null},"geometry":{"type":"Point","coordinates":[27.178350657166,38.397802620211003]}},
{"type":"Feature","properties":{"ILCE":"BAYINDIR","KAPINO":null,"ENLEM":38.222426519568998,"ACIKLAMA":"3504-024-02","ILCEID":7,"MAHALLE":"BIYIKLAR","MAHALLEID":null,"ADI":"2 NO LU AFET VE ACİL DURUM TOPLANMA ALANI","BOYLAM":27.650825061216999,"YOL":"DEMOKRASİ VE LAİKLİK Myd.","Area":null},"geometry":{"type":"Point","coordinates":[27.650825061216999,38.222426519568998]}},
{"type":"Feature","properties":{"ILCE":"BORNOVA","KAPINO":null,"ENLEM":38.483930238995001,"ACIKLAMA":"3507-020-02","ILCEID":2,"MAHALLE":"İNÖNÜ","MAHALLEID":null,"ADI":"2 NO'LU AFET VE ACİL DURUM TOPLANMA ALANI","BOYLAM":27.216364137414999,"YOL":"994","Area":null},"geometry":{"type":"Point","coordinates":[27.216364137414999,38.483930238995001]}},
{"type":"Feature","properties":{"ILCE":"GAZİEMİR","KAPINO":null,"ENLEM":38.329437667580002,"ACIKLAMA":"3513-009-02","ILCEID":15,"MAHALLE":"GAZİ","MAHALLEID":null,"ADI":"2 NO'LU AFET VE ACİL DURUM TOPLANMA ALANI","BOYLAM":27.131083129861999,"YOL":"28/25","Area":null},"geometry":{"type":"Point","coordinates":[27.131083129861999,38.329437667580002]}},
{"type":"Feature","properties":{"ILCE":"ÖDEMİŞ","KAPINO":null,"ENLEM":38.211317154341998,"ACIKLAMA":"3524-097-02","ILCEID":998,"MAHALLE":"YOLÜSTÜ","MAHALLEID":null,"ADI":"2 NO'LU AFET VE ACİL DURUM TOPLANMA ALANI","BOYLAM":28.026834852783001,"YOL":"YOLÜSTÜ","Area":null},"geometry":{"type":"Point","coordinates":[28.026834852783001,38.211317154341998]}},
{"type":"Feature","properties":{"ILCE":"ÖDEMİŞ","KAPINO":null,"ENLEM":38.218350065896999,"ACIKLAMA":"3524-087-02","ILCEID":998,"MAHALLE":"UMURBEY","MAHALLEID":null,"ADI":"2 NO'LU AFET VE ACİL DURUM TOPLANMA ALANI","BOYLAM":27.96968512346,"YOL":"SANAYİ SİTESİ ŞEREF USTA","Area":null},"geometry":{"type":"Point","coordinates":[27.96968512346,38.218350065896999]}},
{"type":"Feature","properties":{"ILCE":"BERGAMA","KAPINO":null,"ENLEM":39.111598742246997,"ACIKLAMA":"3505-092-02","ILCEID":999,"MAHALLE":"MALTEPE","MAHALLEID":null,"ADI":"2 NO'LU AFET VE ACİL DURUM TOPLANMA ALANI","BOYLAM":27.174370576842001,"YOL":"STADYUM","Area":null},"geometry":{"type":"Point","coordinates":[27.174370576842001,39.111598742246997]}},
{"type":"Feature","properties":{"ILCE":"BORNOVA","KAPINO":null,"ENLEM":38.463849198227003,"ACIKLAMA":"3507-013-02","ILCEID":2,"MAHALLE":"ERZENE","MAHALLEID":null,"ADI":"2 NO'LU AFET VE ACİL DURUM TOPLANMA ALANI","BOYLAM":27.227372438496001,"YOL":"İSTANBUL","Area":null},"geometry":{"type":"Point","coordinates":[27.227372438496001,38.463849198227003]}},
{"type":"Feature","properties":{"ILCE":"ÖDEMİŞ","KAPINO":null,"ENLEM":38.090103330939002,"ACIKLAMA":"3524-006-02","ILCEID":998,"MAHALLE":"BADEMLİ","MAHALLEID":null,"ADI":"2 NO'LU AFET VE ACİL DURUM TOPLANMA ALANI","BOYLAM":28.056845867402998,"YOL":"PAZARYERİ","Area":null},"geometry":{"type":"Point","coordinates":[28.056845867402998,38.090103330939002]}},
{"type":"Feature","properties":{"ILCE":"BAYINDIR","KAPINO":null,"ENLEM":38.208412740339,"ACIKLAMA":"3504-057-02","ILCEID":7,"MAHALLE":"YEŞİLOVA","MAHALLEID":null,"ADI":"2 NO'LU AFET VE ACİL DURUM TOPLANMA ALANI","BOYLAM":27.569097130271,"YOL":"ESKİ ÇIPLAK","Area":null},"geometry":{"type":"Point","coordinates":[27.569097130271,38.208412740339]}},
{"type":"Feature","properties":{"ILCE":"SELÇUK","KAPINO":null,"ENLEM":37.943143736712003,"ACIKLAMA":"3526-001-02","ILCEID":10,"MAHALLE":"14 MAYIS","MAHALLEID":null,"ADI":"2 NO'LU AFET VE ACİL DURUM TOPLANMA ALANI","BOYLAM":27.381466895574999,"YOL":"4124","Area":null},"geometry":{"type":"Point","coordinates":[27.381466895574999,37.943143736712003]}},
{"type":"Feature","properties":{"ILCE":"GAZİEMİR","KAPINO":null,"ENLEM":38.297744566883999,"ACIKLAMA":"3513-002-02","ILCEID":15,"MAHALLE":"ATATÜRK","MAHALLEID":null,"ADI":"2 NO'LU AFET VE ACİL DURUM TOPLANMA ALANI","BOYLAM":27.174702982235999,"YOL":"CUMHURİYET","Area":null},"geometry":{"type":"Point","coordinates":[27.174702982235999,38.297744566883999]}},
{"type":"Feature","properties":{"ILCE":"ÖDEMİŞ","KAPINO":null,"ENLEM":38.223835027793001,"ACIKLAMA":"3524-089-02","ILCEID":998,"MAHALLE":"ÜÇ EYLÜL","MAHALLEID":null,"ADI":"2 NO'LU AFET VE ACİL DURUM TOPLANMA ALANI","BOYLAM":27.959235166285001,"YOL":"PARK","Area":null},"geometry":{"type":"Point","coordinates":[27.959235166285001,38.223835027793001]}},
{"type":"Feature","properties":{"ILCE":"SELÇUK","KAPINO":null,"ENLEM":37.946913923502002,"ACIKLAMA":"3526-003-02","ILCEID":10,"MAHALLE":"ATATÜRK","MAHALLEID":null,"ADI":"2 NO'LU AFET VE ACİL DURUM TOPLANMA ALANI","BOYLAM":27.370298546699999,"YOL":"KUBİLAY","Area":null},"geometry":{"type":"Point","coordinates":[27.370298546699999,37.946913923502002]}},
{"type":"Feature","properties":{"ILCE":"ÖDEMİŞ","KAPINO":null,"ENLEM":38.225943034257,"ACIKLAMA":"3524-020-02","ILCEID":998,"MAHALLE":"CUMHURİYET","MAHALLEID":null,"ADI":"2 NO'LU AFET VE ACİL DURUM TOPLANMA ALANI","BOYLAM":27.978621067578999,"YOL":"ŞENGÜL","Area":null},"geometry":{"type":"Point","coordinates":[27.978621067578999,38.225943034257]}},
{"type":"Feature","properties":{"ILCE":"GAZİEMİR","KAPINO":null,"ENLEM":38.328588662542003,"ACIKLAMA":"3513-012-02","ILCEID":15,"MAHALLE":"IRMAK","MAHALLEID":null,"ADI":"2 NO'LU AFET VE ACİL DURUM TOPLANMA ALANI","BOYLAM":27.122219174632999,"YOL":"38/2","Area":null},"geometry":{"type":"Point","coordinates":[27.122219174632999,38.328588662542003]}},
{"type":"Feature","properties":{"ILCE":"BORNOVA","KAPINO":null,"ENLEM":38.433864203932998,"ACIKLAMA":"3507-042-02","ILCEID":2,"MAHALLE":"YEŞİLOVA","MAHALLEID":null,"ADI":"2 NO'LU AFET VE ACİL DURUM TOPLANMA ALANI","BOYLAM":27.205918580431,"YOL":"4045","Area":null},"geometry":{"type":"Point","coordinates":[27.205918580431,38.433864203932998]}},
{"type":"Feature","properties":{"ILCE":"BORNOVA","KAPINO":null,"ENLEM":38.518924513522002,"ACIKLAMA":"3507-022-02","ILCEID":2,"MAHALLE":"KARAÇAM","MAHALLEID":null,"ADI":"2 NO'LU AFET VE ACİL DURUM TOPLANMA ALANI","BOYLAM":27.272768209462999,"YOL":"DOĞAN","Area":null},"geometry":{"type":"Point","coordinates":[27.272768209462999,38.518924513522002]}},
{"type":"Feature","properties":{"ILCE":"ALİAĞA","KAPINO":null,"ENLEM":38.796727100471003,"ACIKLAMA":"3502-019-02","ILCEID":3,"MAHALLE":"KURTULUŞ","MAHALLEID":null,"ADI":"2 NO'LU AFET VE ACİL DURUM TOPLANMA ALANI","BOYLAM":26.970586118000998,"YOL":"FATİH","Area":null},"geometry":{"type":"Point","coordinates":[26.970586118000998,38.796727100471003]}},
{"type":"Feature","properties":{"ILCE":"KINIK","KAPINO":null,"ENLEM":38.962567384242,"ACIKLAMA":"3518-030-02","ILCEID":996,"MAHALLE":"ÖRTÜLÜ","MAHALLEID":null,"ADI":"2 NO'LU AFET VE ACİL DURUM TOPLANMA ALANI","BOYLAM":27.348878870446001,"YOL":"OKUL","Area":null},"geometry":{"type":"Point","coordinates":[27.348878870446001,38.962567384242]}},
{"type":"Feature","properties":{"ILCE":"SELÇUK","KAPINO":null,"ENLEM":37.957871423980002,"ACIKLAMA":"3526-013-02","ILCEID":10,"MAHALLE":"ZAFER","MAHALLEID":null,"ADI":"2 NO'LU AFET VE ACİL DURUM TOPLANMA ALANI","BOYLAM":27.373546695512999,"YOL":"3024","Area":null},"geometry":{"type":"Point","coordinates":[27.373546695512999,37.957871423980002]}},
{"type":"Feature","properties":{"ILCE":"ALİAĞA","KAPINO":null,"ENLEM":38.774202388134,"ACIKLAMA":"3502-011-02","ILCEID":3,"MAHALLE":"GÜZELHİSAR","MAHALLEID":null,"ADI":"2 NO'LU AFET VE ACİL DURUM TOPLANMA ALANI","BOYLAM":27.017792985282998,"YOL":"KÜLTÜR","Area":null},"geometry":{"type":"Point","coordinates":[27.017792985282998,38.774202388134]}},
{"type":"Feature","properties":{"ILCE":"BORNOVA","KAPINO":null,"ENLEM":38.431533200205003,"ACIKLAMA":"3507-038-02","ILCEID":2,"MAHALLE":"TUNA","MAHALLEID":null,"ADI":"2 NO'LU AFET VE ACİL DURUM TOPLANMA ALANI","BOYLAM":27.190308661418999,"YOL":"ZİYA PAŞA","Area":null},"geometry":{"type":"Point","coordinates":[27.190308661418999,38.431533200205003]}},
{"type":"Feature","properties":{"ILCE":"BORNOVA","KAPINO":null,"ENLEM":38.465706790997999,"ACIKLAMA":"3507-027-02","ILCEID":2,"MAHALLE":"KIZILAY","MAHALLEID":null,"ADI":"2 NO'LU AFET VE ACİL DURUM TOPLANMA ALANI","BOYLAM":27.210745024251999,"YOL":"YÜZBAŞI İBRAHİM HAKKI","Area":null},"geometry":{"type":"Point","coordinates":[27.210745024251999,38.465706790997999]}},
{"type":"Feature","properties":{"ILCE":"KARABAĞLAR","KAPINO":null,"ENLEM":38.388586298025999,"ACIKLAMA":"3531-034-02","ILCEID":19,"MAHALLE":"MALİYECİLER","MAHALLEID":null,"ADI":"2 NO'LU AFET VE ACİL DURUM TOPLANMA ALANI","BOYLAM":27.095966591097,"YOL":"52/120","Area":null},"geometry":{"type":"Point","coordinates":[27.095966591097,38.388586298025999]}},
{"type":"Feature","properties":{"ILCE":"ALİAĞA","KAPINO":null,"ENLEM":38.701022652825998,"ACIKLAMA":"3502-021-02","ILCEID":3,"MAHALLE":"MİMAR SİNAN","MAHALLEID":null,"ADI":"2 NO'LU AFET VE ACİL DURUM TOPLANMA ALANI","BOYLAM":27.033415977737999,"YOL":"MUAMMER AKSOY","Area":null},"geometry":{"type":"Point","coordinates":[27.033415977737999,38.701022652825998]}},
{"type":"Feature","properties":{"ILCE":"ALİAĞA","KAPINO":null,"ENLEM":38.730307476451998,"ACIKLAMA":"3502-029-02","ILCEID":3,"MAHALLE":"YUKARI ŞEHİTKEMAL","MAHALLEID":null,"ADI":"2 NO'LU AFET VE ACİL DURUM TOPLANMA ALANI","BOYLAM":27.007173056004,"YOL":"GÖKTEPE","Area":null},"geometry":{"type":"Point","coordinates":[27.007173056004,38.730307476451998]}},
{"type":"Feature","properties":{"ILCE":"BORNOVA","KAPINO":null,"ENLEM":38.427471234510001,"ACIKLAMA":"3507-028-02","ILCEID":2,"MAHALLE":"KOŞUKAVAK","MAHALLEID":null,"ADI":"2 NO'LU AFET VE ACİL DURUM TOPLANMA ALANI","BOYLAM":27.203407603664999,"YOL":"4246","Area":null},"geometry":{"type":"Point","coordinates":[27.203407603664999,38.427471234510001]}},
{"type":"Feature","properties":{"ILCE":"ÖDEMİŞ","KAPINO":null,"ENLEM":38.250722726222001,"ACIKLAMA":"3524-013-02","ILCEID":998,"MAHALLE":"BİRGİ","MAHALLEID":null,"ADI":"2 NO'LU AFET VE ACİL DURUM TOPLANMA ALANI","BOYLAM":28.060602549178999,"YOL":"UMURBEY","Area":null},"geometry":{"type":"Point","coordinates":[28.060602549178999,38.250722726222001]}},
{"type":"Feature","properties":{"ILCE":"KINIK","KAPINO":null,"ENLEM":39.030808462844,"ACIKLAMA":"3518-015-02","ILCEID":996,"MAHALLE":"ELMADERE","MAHALLEID":null,"ADI":"2 NO'LU AFET VE ACİL DURUM TOPLANMA ALANI","BOYLAM":27.483796224599001,"YOL":"GÖLCÜK","Area":null},"geometry":{"type":"Point","coordinates":[27.483796224599001,39.030808462844]}},
{"type":"Feature","properties":{"ILCE":"ÖDEMİŞ","KAPINO":null,"ENLEM":38.235544973792003,"ACIKLAMA":"3524-062-02","ILCEID":998,"MAHALLE":"KUVVETLİ","MAHALLEID":null,"ADI":"2 NO'LU AFET VE ACİL DURUM TOPLANMA ALANI","BOYLAM":27.967268109111998,"YOL":"BOZDAĞ","Area":null},"geometry":{"type":"Point","coordinates":[27.967268109111998,38.235544973792003]}},
{"type":"Feature","properties":{"ILCE":"SELÇUK","KAPINO":null,"ENLEM":38.015613634974997,"ACIKLAMA":"3526-005-02","ILCEID":10,"MAHALLE":"BELEVİ","MAHALLEID":null,"ADI":"2 NO'LU AFET VE ACİL DURUM TOPLANMA ALANI","BOYLAM":27.446698049702999,"YOL":"DOKTOR TAHSİN KAYAYURT","Area":null},"geometry":{"type":"Point","coordinates":[27.446698049702999,38.015613634974997]}},
{"type":"Feature","properties":{"ILCE":"ÖDEMİŞ","KAPINO":null,"ENLEM":38.235022989892002,"ACIKLAMA":"3524-003-02","ILCEID":998,"MAHALLE":"ANAFARTALAR","MAHALLEID":null,"ADI":"2 NO'LU AFET VE ACİL DURUM TOPLANMA ALANI","BOYLAM":27.981143042555001,"YOL":"SAĞLIK","Area":null},"geometry":{"type":"Point","coordinates":[27.981143042555001,38.235022989892002]}},
{"type":"Feature","properties":{"ILCE":"ÖDEMİŞ","KAPINO":null,"ENLEM":38.210012069976003,"ACIKLAMA":"3524-027-02","ILCEID":998,"MAHALLE":"DEMİRCİLİ","MAHALLEID":null,"ADI":"2 NO'LU AFET VE ACİL DURUM TOPLANMA ALANI","BOYLAM":27.902069678768001,"YOL":"DEMİRCİLİ","Area":null},"geometry":{"type":"Point","coordinates":[27.902069678768001,38.210012069976003]}},
{"type":"Feature","properties":{"ILCE":"ALİAĞA","KAPINO":null,"ENLEM":38.834736913805997,"ACIKLAMA":"3502-026-02","ILCEID":3,"MAHALLE":"YALI","MAHALLEID":null,"ADI":"2 NO'LU AFET VE ACİL DURUM TOPLANMA ALANI","BOYLAM":26.975339028649,"YOL":"MERKEZ","Area":null},"geometry":{"type":"Point","coordinates":[26.975339028649,38.834736913805997]}},
{"type":"Feature","properties":{"ILCE":"ALİAĞA","KAPINO":null,"ENLEM":38.788229128741001,"ACIKLAMA":"3502-023-02","ILCEID":3,"MAHALLE":"SİTELER","MAHALLEID":null,"ADI":"2 NO'LU AFET VE ACİL DURUM TOPLANMA ALANI","BOYLAM":26.957437198284001,"YOL":"9 EYLÜL","Area":null},"geometry":{"type":"Point","coordinates":[26.957437198284001,38.788229128741001]}},
{"type":"Feature","properties":{"ILCE":"FOÇA","KAPINO":null,"ENLEM":38.697809343715001,"ACIKLAMA":"3512-008-02","ILCEID":4,"MAHALLE":"İSMETPAŞA","MAHALLEID":null,"ADI":"2 NO'LU AFET VE ACİL DURUM TOPLANMA ALANI","BOYLAM":26.735000453122002,"YOL":"320","Area":null},"geometry":{"type":"Point","coordinates":[26.735000453122002,38.697809343715001]}},
{"type":"Feature","properties":{"ILCE":"FOÇA","KAPINO":null,"ENLEM":38.752309175604999,"ACIKLAMA":"3512-004-02","ILCEID":4,"MAHALLE":"FEVZİ ÇAKMAK","MAHALLEID":null,"ADI":"2 NO'LU AFET VE ACİL DURUM TOPLANMA ALANI","BOYLAM":26.83359986939,"YOL":"NERGİS","Area":null},"geometry":{"type":"Point","coordinates":[26.83359986939,38.752309175604999]}},
{"type":"Feature","properties":{"ILCE":"ALİAĞA","KAPINO":null,"ENLEM":38.886375514165003,"ACIKLAMA":"3502-028-02","ILCEID":3,"MAHALLE":"ŞAKRAN HASBİ EFENDİ","MAHALLEID":null,"ADI":"2 NO'LU AFET VE ACİL DURUM TOPLANMA ALANI","BOYLAM":27.071491140926,"YOL":"3286","Area":null},"geometry":{"type":"Point","coordinates":[27.071491140926,38.886375514165003]}},
{"type":"Feature","properties":{"ILCE":"ÖDEMİŞ","KAPINO":null,"ENLEM":38.323955877708002,"ACIKLAMA":"3524-036-02","ILCEID":998,"MAHALLE":"GÖLCÜK","MAHALLEID":null,"ADI":"2 NO'LU AFET VE ACİL DURUM TOPLANMA ALANI","BOYLAM":28.028301386401001,"YOL":"MUSTAFA KEMAL ATATÜRK","Area":null},"geometry":{"type":"Point","coordinates":[28.028301386401001,38.323955877708002]}},
{"type":"Feature","properties":{"ILCE":"FOÇA","KAPINO":null,"ENLEM":38.663009533043002,"ACIKLAMA":"3512-001-02","ILCEID":4,"MAHALLE":"ATATÜRK","MAHALLEID":null,"ADI":"2 NO'LU AFET VE ACİL DURUM TOPLANMA ALANI","BOYLAM":26.745800462805001,"YOL":"54","Area":null},"geometry":{"type":"Point","coordinates":[26.745800462805001,38.663009533043002]}},
{"type":"Feature","properties":{"ILCE":"BORNOVA","KAPINO":null,"ENLEM":38.442306318596003,"ACIKLAMA":"3507-039-02","ILCEID":2,"MAHALLE":"ÜMİT","MAHALLEID":null,"ADI":"2 NO'LU AFET VE ACİL DURUM TOPLANMA ALANI","BOYLAM":27.259399432249001,"YOL":"7312/2","Area":null},"geometry":{"type":"Point","coordinates":[27.259399432249001,38.442306318596003]}},
{"type":"Feature","properties":{"ILCE":"ÖDEMİŞ","KAPINO":null,"ENLEM":38.231430988070002,"ACIKLAMA":"3524-085-02","ILCEID":998,"MAHALLE":"TÜRKMEN","MAHALLEID":null,"ADI":"2 NO'LU AFET VE ACİL DURUM TOPLANMA ALANI","BOYLAM":27.959354154724998,"YOL":"ASLAN","Area":null},"geometry":{"type":"Point","coordinates":[27.959354154724998,38.231430988070002]}},
{"type":"Feature","properties":{"ILCE":"ÖDEMİŞ","KAPINO":null,"ENLEM":38.228401673287998,"ACIKLAMA":"3524-001-02","ILCEID":998,"MAHALLE":"AKINCILAR","MAHALLEID":null,"ADI":"2 NO'LU AFET VE ACİL DURUM TOPLANMA ALANI","BOYLAM":27.973732361115001,"YOL":"MİTHATPAŞA","Area":null},"geometry":{"type":"Point","coordinates":[27.973732361115001,38.228401673287998]}},
{"type":"Feature","properties":{"ILCE":"BORNOVA","KAPINO":null,"ENLEM":38.453362167470999,"ACIKLAMA":"3507-034-02","ILCEID":2,"MAHALLE":"NALDÖKEN","MAHALLEID":null,"ADI":"2 NO'LU AFET VE ACİL DURUM TOPLANMA ALANI","BOYLAM":27.268141238255001,"YOL":"1201","Area":null},"geometry":{"type":"Point","coordinates":[27.268141238255001,38.453362167470999]}},
{"type":"Feature","properties":{"ILCE":"ÖDEMİŞ","KAPINO":null,"ENLEM":38.256817108743,"ACIKLAMA":"3524-059-02","ILCEID":998,"MAHALLE":"KÖSELER","MAHALLEID":null,"ADI":"2 NO'LU AFET VE ACİL DURUM TOPLANMA ALANI","BOYLAM":27.887296658259999,"YOL":"KÖSELER","Area":null},"geometry":{"type":"Point","coordinates":[27.887296658259999,38.256817108743]}},
{"type":"Feature","properties":{"ILCE":"BALÇOVA","KAPINO":null,"ENLEM":38.379169160802,"ACIKLAMA":"3503-002-02","ILCEID":14,"MAHALLE":"ÇETİN EMEÇ","MAHALLEID":null,"ADI":"2 NO'LU AFET VE ACİL DURUM TOPLANMA ALANI","BOYLAM":27.060025656901999,"YOL":"YAREN","Area":null},"geometry":{"type":"Point","coordinates":[27.060025656901999,38.379169160802]}},
{"type":"Feature","properties":{"ILCE":"SEFERİHİSAR","KAPINO":null,"ENLEM":38.072712795789997,"ACIKLAMA":"3525-005-02","ILCEID":12,"MAHALLE":"CUMHURİYET","MAHALLEID":null,"ADI":"2 NO'LU AFET VE ACİL DURUM TOPLANMA ALANI","BOYLAM":26.924710606643998,"YOL":"KUŞADASI SEFERİHİSAR YOLU","Area":null},"geometry":{"type":"Point","coordinates":[26.924710606643998,38.072712795789997]}},
{"type":"Feature","properties":{"ILCE":"ÖDEMİŞ","KAPINO":null,"ENLEM":38.071549334962,"ACIKLAMA":"3524-012-02","ILCEID":998,"MAHALLE":"BIÇAKÇI","MAHALLEID":null,"ADI":"2 NO'LU AFET VE ACİL DURUM TOPLANMA ALANI","BOYLAM":28.095244828803001,"YOL":"BIÇAKÇI","Area":null},"geometry":{"type":"Point","coordinates":[28.095244828803001,38.071549334962]}},
{"type":"Feature","properties":{"ILCE":"SEFERİHİSAR","KAPINO":null,"ENLEM":38.080335790793001,"ACIKLAMA":"3525-014-02","ILCEID":12,"MAHALLE":"MERSİN ALANI","MAHALLEID":null,"ADI":"2 NO'LU AFET VE ACİL DURUM TOPLANMA ALANI","BOYLAM":26.958219422942001,"YOL":"6086","Area":null},"geometry":{"type":"Point","coordinates":[26.958219422942001,38.080335790793001]}},
{"type":"Feature","properties":{"ILCE":"SEFERİHİSAR","KAPINO":null,"ENLEM":38.070279728575997,"ACIKLAMA":"3525-001-02","ILCEID":12,"MAHALLE":"ATATÜRK","MAHALLEID":null,"ADI":"2 NO'LU AFET VE ACİL DURUM TOPLANMA ALANI","BOYLAM":26.850770987093998,"YOL":"5752","Area":null},"geometry":{"type":"Point","coordinates":[26.850770987093998,38.070279728575997]}},
{"type":"Feature","properties":{"ILCE":"SEFERİHİSAR","KAPINO":null,"ENLEM":38.122202519909003,"ACIKLAMA":"3525-013-02","ILCEID":12,"MAHALLE":"KAVAKDERE","MAHALLEID":null,"ADI":"2 NO'LU AFET VE ACİL DURUM TOPLANMA ALANI","BOYLAM":26.911150589790999,"YOL":"KAVAKDERE YOLU","Area":null},"geometry":{"type":"Point","coordinates":[26.911150589790999,38.122202519909003]}},
{"type":"Feature","properties":{"ILCE":"KARŞIYAKA","KAPINO":null,"ENLEM":38.469344010474998,"ACIKLAMA":"3516-022-02","ILCEID":20,"MAHALLE":"ŞEMİKLER","MAHALLEID":null,"ADI":"2 NO'LU AFET VE ACİL DURUM TOPLANMA ALANI","BOYLAM":27.097420420218,"YOL":"6182","Area":null},"geometry":{"type":"Point","coordinates":[27.097420420218,38.469344010474998]}},
{"type":"Feature","properties":{"ILCE":"SEFERİHİSAR","KAPINO":null,"ENLEM":38.194812059444999,"ACIKLAMA":"3525-004-02","ILCEID":12,"MAHALLE":"HIDIRLIK","MAHALLEID":null,"ADI":"2 NO'LU AFET VE ACİL DURUM TOPLANMA ALANI","BOYLAM":26.838490831839,"YOL":"İNÖNÜ","Area":null},"geometry":{"type":"Point","coordinates":[26.838490831839,38.194812059444999]}},
{"type":"Feature","properties":{"ILCE":"ALİAĞA","KAPINO":null,"ENLEM":38.758586383807,"ACIKLAMA":"3502-008-02","ILCEID":3,"MAHALLE":"ÇITAK","MAHALLEID":null,"ADI":"2 NO'LU AFET VE ACİL DURUM TOPLANMA ALANI","BOYLAM":27.054717773446999,"YOL":"VATAN","Area":null},"geometry":{"type":"Point","coordinates":[27.054717773446999,38.758586383807]}},
{"type":"Feature","properties":{"ILCE":"ALİAĞA","KAPINO":null,"ENLEM":38.922273603583001,"ACIKLAMA":"3502-001-02","ILCEID":3,"MAHALLE":"AŞAĞIŞAKRAN","MAHALLEID":null,"ADI":"2 NO'LU AFET VE ACİL DURUM TOPLANMA ALANI","BOYLAM":27.097353279181998,"YOL":"11/32","Area":null},"geometry":{"type":"Point","coordinates":[27.097353279181998,38.922273603583001]}},
{"type":"Feature","properties":{"ILCE":"ALİAĞA","KAPINO":null,"ENLEM":38.797284394579997,"ACIKLAMA":"3502-002-02","ILCEID":3,"MAHALLE":"ATATÜRK","MAHALLEID":null,"ADI":"2 NO'LU AFET VE ACİL DURUM TOPLANMA ALANI","BOYLAM":26.967534236367001,"YOL":"364","Area":null},"geometry":{"type":"Point","coordinates":[26.967534236367001,38.797284394579997]}},
{"type":"Feature","properties":{"ILCE":"ÖDEMİŞ","KAPINO":null,"ENLEM":38.110945806132001,"ACIKLAMA":"3524-057-02","ILCEID":998,"MAHALLE":"KONAKLI","MAHALLEID":null,"ADI":"2 NO'LU AFET VE ACİL DURUM TOPLANMA ALANI","BOYLAM":27.992585747214001,"YOL":"MEHMET KUTLU","Area":null},"geometry":{"type":"Point","coordinates":[27.992585747214001,38.110945806132001]}},
{"type":"Feature","properties":{"ILCE":"BALÇOVA","KAPINO":null,"ENLEM":38.387682271833,"ACIKLAMA":"3503-004-02","ILCEID":14,"MAHALLE":"FEVZİ ÇAKMAK","MAHALLEID":null,"ADI":"2 NO'LU AFET VE ACİL DURUM TOPLANMA ALANI","BOYLAM":27.042863471394,"YOL":"SAKARYA","Area":null},"geometry":{"type":"Point","coordinates":[27.042863471394,38.387682271833]}},
{"type":"Feature","properties":{"ILCE":"BALÇOVA","KAPINO":null,"ENLEM":38.392966245726001,"ACIKLAMA":"3503-006-02","ILCEID":14,"MAHALLE":"KORUTÜRK","MAHALLEID":null,"ADI":"2 NO'LU AFET VE ACİL DURUM TOPLANMA ALANI","BOYLAM":27.043696458064002,"YOL":"ORTANCA","Area":null},"geometry":{"type":"Point","coordinates":[27.043696458064002,38.392966245726001]}},
{"type":"Feature","properties":{"ILCE":"NARLIDERE","KAPINO":null,"ENLEM":38.406766102036997,"ACIKLAMA":"3523-010-02","ILCEID":5,"MAHALLE":"SAHİLEVLERİ","MAHALLEID":null,"ADI":"2 NO'LU AFET VE ACİL DURUM TOPLANMA ALANI","BOYLAM":27.009040916623999,"YOL":"ŞAİR CAN YÜCEL","Area":null},"geometry":{"type":"Point","coordinates":[27.009040916623999,38.406766102036997]}},
{"type":"Feature","properties":{"ILCE":"NARLIDERE","KAPINO":null,"ENLEM":38.395678557770999,"ACIKLAMA":"3523-006-02","ILCEID":5,"MAHALLE":"HUZUR","MAHALLEID":null,"ADI":"2 NO'LU AFET VE ACİL DURUM TOPLANMA ALANI","BOYLAM":26.992020381343,"YOL":"YAPICILAR","Area":null},"geometry":{"type":"Point","coordinates":[26.992020381343,38.395678557770999]}},
{"type":"Feature","properties":{"ILCE":"ALİAĞA","KAPINO":null,"ENLEM":38.703009632639002,"ACIKLAMA":"3502-004-02","ILCEID":3,"MAHALLE":"B.HAYRETTİN PAŞA","MAHALLEID":null,"ADI":"2 NO'LU AFET VE ACİL DURUM TOPLANMA ALANI","BOYLAM":27.023385023837001,"YOL":"2226","Area":null},"geometry":{"type":"Point","coordinates":[27.023385023837001,38.703009632639002]}},
{"type":"Feature","properties":{"ILCE":"NARLIDERE","KAPINO":null,"ENLEM":38.396819222028,"ACIKLAMA":"3523-009-02","ILCEID":5,"MAHALLE":"NARLI","MAHALLEID":null,"ADI":"2 NO'LU AFET VE ACİL DURUM TOPLANMA ALANI","BOYLAM":27.004120951562001,"YOL":"TÜLAY AKTAŞ","Area":null},"geometry":{"type":"Point","coordinates":[27.004120951562001,38.396819222028]}},
{"type":"Feature","properties":{"ILCE":"BORNOVA","KAPINO":null,"ENLEM":38.427617303775001,"ACIKLAMA":"3507-018-02","ILCEID":2,"MAHALLE":"GÜRPINAR","MAHALLEID":null,"ADI":"2 NO'LU AFET VE ACİL DURUM TOPLANMA ALANI","BOYLAM":27.271631262991999,"YOL":"7048","Area":null},"geometry":{"type":"Point","coordinates":[27.271631262991999,38.427617303775001]}},
{"type":"Feature","properties":{"ILCE":"ÖDEMİŞ","KAPINO":null,"ENLEM":38.228526049915999,"ACIKLAMA":"3524-070-02","ILCEID":998,"MAHALLE":"OCAKLI","MAHALLEID":null,"ADI":"2 NO'LU AFET VE ACİL DURUM TOPLANMA ALANI","BOYLAM":28.010436908368,"YOL":"OCAKLI","Area":null},"geometry":{"type":"Point","coordinates":[28.010436908368,38.228526049915999]}},
{"type":"Feature","properties":{"ILCE":"BALÇOVA","KAPINO":null,"ENLEM":38.394178255009997,"ACIKLAMA":"3503-003-02","ILCEID":14,"MAHALLE":"EĞİTİM","MAHALLEID":null,"ADI":"2 NO'LU AFET VE ACİL DURUM TOPLANMA ALANI","BOYLAM":27.058610381497001,"YOL":"ERTUĞRUL GAZİ","Area":null},"geometry":{"type":"Point","coordinates":[27.058610381497001,38.394178255009997]}},
{"type":"Feature","properties":{"ILCE":"ÖDEMİŞ","KAPINO":null,"ENLEM":38.222221052305997,"ACIKLAMA":"3524-042-02","ILCEID":998,"MAHALLE":"HÜRRİYET","MAHALLEID":null,"ADI":"2 NO'LU AFET VE ACİL DURUM TOPLANMA ALANI","BOYLAM":27.976490084080002,"YOL":"ŞEHİT ÖZPOLAT","Area":null},"geometry":{"type":"Point","coordinates":[27.976490084080002,38.222221052305997]}},
{"type":"Feature","properties":{"ILCE":"NARLIDERE","KAPINO":null,"ENLEM":38.392629434942997,"ACIKLAMA":"3523-004-02","ILCEID":5,"MAHALLE":"ÇAMTEPE","MAHALLEID":null,"ADI":"2 NO'LU AFET VE ACİL DURUM TOPLANMA ALANI","BOYLAM":27.007495828115999,"YOL":"ÇAĞATAY","Area":null},"geometry":{"type":"Point","coordinates":[27.007495828115999,38.392629434942997]}},
{"type":"Feature","properties":{"ILCE":"MENEMEN","KAPINO":null,"ENLEM":38.556038405945003,"ACIKLAMA":"3522-001-02","ILCEID":17,"MAHALLE":"30 AĞUSTOS","MAHALLEID":null,"ADI":"2 NO'LU AFET VE ACİL DURUM TOPLANMA ALANI","BOYLAM":27.044538173854999,"YOL":"7112","Area":null},"geometry":{"type":"Point","coordinates":[27.044538173854999,38.556038405945003]}},
{"type":"Feature","properties":{"ILCE":"ÖDEMİŞ","KAPINO":null,"ENLEM":38.231019022428001,"ACIKLAMA":"3524-099-02","ILCEID":998,"MAHALLE":"ZAFER","MAHALLEID":null,"ADI":"2 NO'LU AFET VE ACİL DURUM TOPLANMA ALANI","BOYLAM":27.994827981442999,"YOL":"ŞEHİT TURAN EMEKSİZ","Area":null},"geometry":{"type":"Point","coordinates":[27.994827981442999,38.231019022428001]}},
{"type":"Feature","properties":{"ILCE":"GAZİEMİR","KAPINO":null,"ENLEM":38.305729521472003,"ACIKLAMA":"3513-014-02","ILCEID":15,"MAHALLE":"SEVGİ","MAHALLEID":null,"ADI":"2 NO'LU AFET VE ACİL DURUM TOPLANMA ALANI","BOYLAM":27.140356379261998,"YOL":"666","Area":null},"geometry":{"type":"Point","coordinates":[27.140356379261998,38.305729521472003]}},
{"type":"Feature","properties":{"ILCE":"BORNOVA","KAPINO":null,"ENLEM":38.480687058375999,"ACIKLAMA":"3507-001-02","ILCEID":2,"MAHALLE":"ATATÜRK","MAHALLEID":null,"ADI":"2 NO'LU AFET VE ACİL DURUM TOPLANMA ALANI","BOYLAM":27.204248133634,"YOL":"BARBAROS","Area":null},"geometry":{"type":"Point","coordinates":[27.204248133634,38.480687058375999]}},
{"type":"Feature","properties":{"ILCE":"GAZİEMİR","KAPINO":null,"ENLEM":38.322421712295998,"ACIKLAMA":"3513-006-02","ILCEID":15,"MAHALLE":"DOKUZ EYLÜL","MAHALLEID":null,"ADI":"2 NO'LU AFET VE ACİL DURUM TOPLANMA ALANI","BOYLAM":27.138945102148,"YOL":"ORHANGAZİ","Area":null},"geometry":{"type":"Point","coordinates":[27.138945102148,38.322421712295998]}},
{"type":"Feature","properties":{"ILCE":"ÖDEMİŞ","KAPINO":null,"ENLEM":38.235574975619997,"ACIKLAMA":"3524-010-02","ILCEID":998,"MAHALLE":"BENGİSU","MAHALLEID":null,"ADI":"2 NO'LU AFET VE ACİL DURUM TOPLANMA ALANI","BOYLAM":27.969376099341002,"YOL":"BOZDAĞ","Area":null},"geometry":{"type":"Point","coordinates":[27.969376099341002,38.235574975619997]}},
{"type":"Feature","properties":{"ILCE":"ÖDEMİŞ","KAPINO":null,"ENLEM":38.025786097168002,"ACIKLAMA":"3524-064-02","ILCEID":998,"MAHALLE":"KÜÇÜKÖREN","MAHALLEID":null,"ADI":"2 NO'LU AFET VE ACİL DURUM TOPLANMA ALANI","BOYLAM":27.994055282573999,"YOL":"KÜÇÜKÖREN","Area":null},"geometry":{"type":"Point","coordinates":[27.994055282573999,38.025786097168002]}},
{"type":"Feature","properties":{"ILCE":"ÖDEMİŞ","KAPINO":null,"ENLEM":38.271668759133,"ACIKLAMA":"3524-038-02","ILCEID":998,"MAHALLE":"DEREUZUNYER","MAHALLEID":null,"ADI":"2 NO'LU AFET VE ACİL DURUM TOPLANMA ALANI","BOYLAM":27.937652202249001,"YOL":"KANAL","Area":null},"geometry":{"type":"Point","coordinates":[27.937652202249001,38.271668759133]}},
{"type":"Feature","properties":{"ILCE":"SEFERİHİSAR","KAPINO":null,"ENLEM":38.200772167723002,"ACIKLAMA":"3525-015-02","ILCEID":12,"MAHALLE":"ORHANLI","MAHALLEID":null,"ADI":"2 NO'LU AFET VE ACİL DURUM TOPLANMA ALANI","BOYLAM":26.967920168814999,"YOL":"KOCAPINAR","Area":null},"geometry":{"type":"Point","coordinates":[26.967920168814999,38.200772167723002]}},
{"type":"Feature","properties":{"ILCE":"BAYINDIR","KAPINO":null,"ENLEM":38.221812744588,"ACIKLAMA":"3504-025-02","ILCEID":7,"MAHALLE":"HACI İBRAHİM","MAHALLEID":null,"ADI":"2 NO'LU AFET VE ACİL DURUM TOPLANMA ALANI","BOYLAM":27.645196728291999,"YOL":"ALBAY ALPAT","Area":null},"geometry":{"type":"Point","coordinates":[27.645196728291999,38.221812744588]}},
{"type":"Feature","properties":{"ILCE":"TORBALI","KAPINO":null,"ENLEM":38.153019610922001,"ACIKLAMA":"3528-006-02","ILCEID":9,"MAHALLE":"ATATÜRK","MAHALLEID":null,"ADI":"2 NO'LU AFET VE ACİL DURUM TOPLANMA ALANI","BOYLAM":27.377898281644999,"YOL":"1601","Area":null},"geometry":{"type":"Point","coordinates":[27.377898281644999,38.153019610922001]}},
{"type":"Feature","properties":{"ILCE":"SELÇUK","KAPINO":null,"ENLEM":37.943617538201003,"ACIKLAMA":"3526-006-02","ILCEID":10,"MAHALLE":"CUMHURİYET","MAHALLEID":null,"ADI":"2 NO'LU AFET VE ACİL DURUM TOPLANMA ALANI","BOYLAM":27.369647561907001,"YOL":"5028","Area":null},"geometry":{"type":"Point","coordinates":[27.369647561907001,37.943617538201003]}},
{"type":"Feature","properties":{"ILCE":"ÖDEMİŞ","KAPINO":null,"ENLEM":38.169492432585002,"ACIKLAMA":"3524-049-02","ILCEID":998,"MAHALLE":"KAYMAKÇI","MAHALLEID":null,"ADI":"2 NO'LU AFET VE ACİL DURUM TOPLANMA ALANI","BOYLAM":28.115334315329001,"YOL":"SANAT","Area":null},"geometry":{"type":"Point","coordinates":[28.115334315329001,38.169492432585002]}},
{"type":"Feature","properties":{"ILCE":"ÖDEMİŞ","KAPINO":null,"ENLEM":38.203128016111997,"ACIKLAMA":"3524-048-02","ILCEID":998,"MAHALLE":"KAYAKÖY","MAHALLEID":null,"ADI":"2 NO'LU AFET VE ACİL DURUM TOPLANMA ALANI","BOYLAM":27.829333839431001,"YOL":"23 NİSAN","Area":null},"geometry":{"type":"Point","coordinates":[27.829333839431001,38.203128016111997]}},
{"type":"Feature","properties":{"ILCE":"BALÇOVA","KAPINO":null,"ENLEM":38.381876480663998,"ACIKLAMA":"3503-008-02","ILCEID":14,"MAHALLE":"TELEFERİK","MAHALLEID":null,"ADI":"2 NO'LU AFET VE ACİL DURUM TOPLANMA ALANI","BOYLAM":27.057261026041999,"YOL":"UZUN HASAN","Area":null},"geometry":{"type":"Point","coordinates":[27.057261026041999,38.381876480663998]}},
{"type":"Feature","properties":{"ILCE":"BALÇOVA","KAPINO":null,"ENLEM":38.390835713891001,"ACIKLAMA":"3503-007-02","ILCEID":14,"MAHALLE":"ONUR","MAHALLEID":null,"ADI":"2 NO'LU AFET VE ACİL DURUM TOPLANMA ALANI","BOYLAM":27.057851159515,"YOL":"ATA","Area":null},"geometry":{"type":"Point","coordinates":[27.057851159515,38.390835713891001]}},
{"type":"Feature","properties":{"ILCE":"BORNOVA","KAPINO":null,"ENLEM":38.493837904011997,"ACIKLAMA":"3507-015-02","ILCEID":2,"MAHALLE":"EVKA 4","MAHALLEID":null,"ADI":"2 NO'LU AFET VE ACİL DURUM TOPLANMA ALANI","BOYLAM":27.21440243767,"YOL":"1030","Area":null},"geometry":{"type":"Point","coordinates":[27.21440243767,38.493837904011997]}},
{"type":"Feature","properties":{"ILCE":"NARLIDERE","KAPINO":null,"ENLEM":38.382955170325999,"ACIKLAMA":"3523-008-02","ILCEID":5,"MAHALLE":"LİMANREİS","MAHALLEID":null,"ADI":"2 NO'LU AFET VE ACİL DURUM TOPLANMA ALANI","BOYLAM":26.924791069813999,"YOL":"TOLGA","Area":null},"geometry":{"type":"Point","coordinates":[26.924791069813999,38.382955170325999]}},
{"type":"Feature","properties":{"ILCE":"NARLIDERE","KAPINO":null,"ENLEM":38.395288185214,"ACIKLAMA":"3523-005-02","ILCEID":5,"MAHALLE":"ÇATALKAYA","MAHALLEID":null,"ADI":"2 NO'LU AFET VE ACİL DURUM TOPLANMA ALANI","BOYLAM":26.998054682726998,"YOL":"ENDER","Area":null},"geometry":{"type":"Point","coordinates":[26.998054682726998,38.395288185214]}},
{"type":"Feature","properties":{"ILCE":"SEFERİHİSAR","KAPINO":null,"ENLEM":38.246851790007,"ACIKLAMA":"3525-021-02","ILCEID":12,"MAHALLE":"ULAMIŞ","MAHALLEID":null,"ADI":"2 NO'LU AFET VE ACİL DURUM TOPLANMA ALANI","BOYLAM":26.841830724046002,"YOL":"75. YIL CUMHURİYET","Area":null},"geometry":{"type":"Point","coordinates":[26.841830724046002,38.246851790007]}},
{"type":"Feature","properties":{"ILCE":"NARLIDERE","KAPINO":null,"ENLEM":38.395137209013001,"ACIKLAMA":"3523-007-02","ILCEID":5,"MAHALLE":"ILICA","MAHALLEID":null,"ADI":"2 NO'LU AFET VE ACİL DURUM TOPLANMA ALANI","BOYLAM":27.021844595404001,"YOL":"ARDIÇ","Area":null},"geometry":{"type":"Point","coordinates":[27.021844595404001,38.395137209013001]}},
{"type":"Feature","properties":{"ILCE":"SEFERİHİSAR","KAPINO":null,"ENLEM":38.192562012814001,"ACIKLAMA":"3525-017-02","ILCEID":12,"MAHALLE":"SIĞACIK","MAHALLEID":null,"ADI":"2 NO'LU AFET VE ACİL DURUM TOPLANMA ALANI","BOYLAM":26.785481103671,"YOL":"AKKUM","Area":null},"geometry":{"type":"Point","coordinates":[26.785481103671,38.192562012814001]}},
{"type":"Feature","properties":{"ILCE":"SEFERİHİSAR","KAPINO":null,"ENLEM":38.226161884391999,"ACIKLAMA":"3525-008-02","ILCEID":12,"MAHALLE":"DÜZCE","MAHALLEID":null,"ADI":"2 NO'LU AFET VE ACİL DURUM TOPLANMA ALANI","BOYLAM":26.828820826396001,"YOL":"İZMİR","Area":null},"geometry":{"type":"Point","coordinates":[26.828820826396001,38.226161884391999]}},
{"type":"Feature","properties":{"ILCE":"ÖDEMİŞ","KAPINO":null,"ENLEM":38.228973010281997,"ACIKLAMA":"3524-068-02","ILCEID":998,"MAHALLE":"MİMAR SİNAN","MAHALLEID":null,"ADI":"2 NO'LU AFET VE ACİL DURUM TOPLANMA ALANI","BOYLAM":27.969747107505999,"YOL":"LOZAN","Area":null},"geometry":{"type":"Point","coordinates":[27.969747107505999,38.228973010281997]}},
{"type":"Feature","properties":{"ILCE":"KİRAZ","KAPINO":null,"ENLEM":38.222968251650002,"ACIKLAMA":"3519-053-02","ILCEID":994,"MAHALLE":"YENİ","MAHALLEID":null,"ADI":"2 NO'LU AFET VE ACİL DURUM TOPLANMA ALANI","BOYLAM":28.20537997065,"YOL":"MENDERES","Area":null},"geometry":{"type":"Point","coordinates":[28.20537997065,38.222968251650002]}},
{"type":"Feature","properties":{"ILCE":"ÖDEMİŞ","KAPINO":null,"ENLEM":38.230494012895001,"ACIKLAMA":"3524-005-02","ILCEID":998,"MAHALLE":"ATATÜRK","MAHALLEID":null,"ADI":"2 NO'LU AFET VE ACİL DURUM TOPLANMA ALANI","BOYLAM":27.980804050814001,"YOL":"NAMIK KEMAL","Area":null},"geometry":{"type":"Point","coordinates":[27.980804050814001,38.230494012895001]}},
{"type":"Feature","properties":{"ILCE":"FOÇA","KAPINO":null,"ENLEM":38.650609769241001,"ACIKLAMA":"3512-010-02","ILCEID":4,"MAHALLE":"MAREŞAL FEVZİ ÇAKMAK","MAHALLEID":null,"ADI":"2 NO'LU AFET VE ACİL DURUM TOPLANMA ALANI","BOYLAM":26.903099708247002,"YOL":"85. YIL CUMHURİYET","Area":null},"geometry":{"type":"Point","coordinates":[26.903099708247002,38.650609769241001]}},
{"type":"Feature","properties":{"ILCE":"FOÇA","KAPINO":null,"ENLEM":38.740809243760999,"ACIKLAMA":"3512-014-02","ILCEID":4,"MAHALLE":"MUSTAFA KEMAL ATATÜRK","MAHALLEID":null,"ADI":"2 NO'LU AFET VE ACİL DURUM TOPLANMA ALANI","BOYLAM":26.841999849482001,"YOL":"ORHANGAZİ","Area":null},"geometry":{"type":"Point","coordinates":[26.841999849482001,38.740809243760999]}},
{"type":"Feature","properties":{"ILCE":"GAZİEMİR","KAPINO":null,"ENLEM":38.304859069800997,"ACIKLAMA":"3513-008-02","ILCEID":15,"MAHALLE":"FATİH","MAHALLEID":null,"ADI":"2 NO'LU AFET VE ACİL DURUM TOPLANMA ALANI","BOYLAM":27.158857110012001,"YOL":"ATATÜRK","Area":null},"geometry":{"type":"Point","coordinates":[27.158857110012001,38.304859069800997]}},
{"type":"Feature","properties":{"ILCE":"GAZİEMİR","KAPINO":null,"ENLEM":38.318922223165998,"ACIKLAMA":"3513-003-02","ILCEID":15,"MAHALLE":"ATIFBEY","MAHALLEID":null,"ADI":"2 NO'LU AFET VE ACİL DURUM TOPLANMA ALANI","BOYLAM":27.133933117836001,"YOL":"63","Area":null},"geometry":{"type":"Point","coordinates":[27.133933117836001,38.318922223165998]}},
{"type":"Feature","properties":{"ILCE":"FOÇA","KAPINO":null,"ENLEM":38.665409627709998,"ACIKLAMA":"3512-015-02","ILCEID":4,"MAHALLE":"YENİBAĞARASI","MAHALLEID":null,"ADI":"2 NO'LU AFET VE ACİL DURUM TOPLANMA ALANI","BOYLAM":26.84209998347,"YOL":"YENİFOÇA","Area":null},"geometry":{"type":"Point","coordinates":[26.84209998347,38.665409627709998]}},
{"type":"Feature","properties":{"ILCE":"ALİAĞA","KAPINO":null,"ENLEM":38.801555067896999,"ACIKLAMA":"3502-018-02","ILCEID":3,"MAHALLE":"KAZIM DİRİK","MAHALLEID":null,"ADI":"2 NO'LU AFET VE ACİL DURUM TOPLANMA ALANI","BOYLAM":26.963290145163999,"YOL":"392","Area":null},"geometry":{"type":"Point","coordinates":[26.963290145163999,38.801555067896999]}},
{"type":"Feature","properties":{"ILCE":"KINIK","KAPINO":null,"ENLEM":39.086708080704,"ACIKLAMA":"3518-003-02","ILCEID":996,"MAHALLE":"AŞAĞI","MAHALLEID":null,"ADI":"2 NO'LU AFET VE ACİL DURUM TOPLANMA ALANI","BOYLAM":27.380796625812,"YOL":"13 EYLÜL","Area":null},"geometry":{"type":"Point","coordinates":[27.380796625812,39.086708080704]}},
{"type":"Feature","properties":{"ILCE":"GAZİEMİR","KAPINO":null,"ENLEM":38.340525690042,"ACIKLAMA":"3513-004-02","ILCEID":15,"MAHALLE":"BEYAZEVLER","MAHALLEID":null,"ADI":"2 NO'LU AFET VE ACİL DURUM TOPLANMA ALANI","BOYLAM":27.143062816101999,"YOL":"516","Area":null},"geometry":{"type":"Point","coordinates":[27.143062816101999,38.340525690042]}},
{"type":"Feature","properties":{"ILCE":"NARLIDERE","KAPINO":null,"ENLEM":38.401165400700997,"ACIKLAMA":"3523-002-02","ILCEID":5,"MAHALLE":"ALTIEVLER","MAHALLEID":null,"ADI":"2 NO'LU AFET VE ACİL DURUM TOPLANMA ALANI","BOYLAM":26.990811555396999,"YOL":"DUMLUPINAR","Area":null},"geometry":{"type":"Point","coordinates":[26.990811555396999,38.401165400700997]}},
{"type":"Feature","properties":{"ILCE":"BALÇOVA","KAPINO":null,"ENLEM":38.394298186283997,"ACIKLAMA":"3503-001-02","ILCEID":14,"MAHALLE":"BAHÇELERARASI","MAHALLEID":null,"ADI":"2 NO'LU AFET VE ACİL DURUM TOPLANMA ALANI","BOYLAM":27.051462056708001,"YOL":"MİTHATPAŞA","Area":null},"geometry":{"type":"Point","coordinates":[27.051462056708001,38.394298186283997]}},
{"type":"Feature","properties":{"ILCE":"SEFERİHİSAR","KAPINO":null,"ENLEM":38.102157273827999,"ACIKLAMA":"3525-016-02","ILCEID":12,"MAHALLE":"PAYAMLI","MAHALLEID":null,"ADI":"2 NO'LU AFET VE ACİL DURUM TOPLANMA ALANI","BOYLAM":26.942388939276999,"YOL":"PAYAMLI","Area":null},"geometry":{"type":"Point","coordinates":[26.942388939276999,38.102157273827999]}},
{"type":"Feature","properties":{"ILCE":"ALİAĞA","KAPINO":null,"ENLEM":38.801080015559997,"ACIKLAMA":"3502-020-02","ILCEID":3,"MAHALLE":"KÜLTÜR","MAHALLEID":null,"ADI":"2 NO'LU AFET VE ACİL DURUM TOPLANMA ALANI","BOYLAM":26.987224535810999,"YOL":"720","Area":null},"geometry":{"type":"Point","coordinates":[26.987224535810999,38.801080015559997]}},
{"type":"Feature","properties":{"ILCE":"ÖDEMİŞ","KAPINO":null,"ENLEM":38.017038933576998,"ACIKLAMA":"3524-037-02","ILCEID":998,"MAHALLE":"GÜNEY","MAHALLEID":null,"ADI":"2 NO'LU AFET VE ACİL DURUM TOPLANMA ALANI","BOYLAM":27.973974010850998,"YOL":"GÜNEY","Area":null},"geometry":{"type":"Point","coordinates":[27.973974010850998,38.017038933576998]}},
{"type":"Feature","properties":{"ILCE":"ÖDEMİŞ","KAPINO":null,"ENLEM":38.314012558098,"ACIKLAMA":"3524-026-02","ILCEID":998,"MAHALLE":"ÇOBANLAR","MAHALLEID":null,"ADI":"2 NO'LU AFET VE ACİL DURUM TOPLANMA ALANI","BOYLAM":27.957843040621999,"YOL":"ÇOBANLAR YAYLASI","Area":null},"geometry":{"type":"Point","coordinates":[27.957843040621999,38.314012558098]}},
{"type":"Feature","properties":{"ILCE":"ÖDEMİŞ","KAPINO":null,"ENLEM":38.281429418560997,"ACIKLAMA":"3524-021-02","ILCEID":998,"MAHALLE":"ÇAĞLAYAN","MAHALLEID":null,"ADI":"2 NO'LU AFET VE ACİL DURUM TOPLANMA ALANI","BOYLAM":27.987345140108001,"YOL":"30 AĞUSTOS","Area":null},"geometry":{"type":"Point","coordinates":[27.987345140108001,38.281429418560997]}},
{"type":"Feature","properties":{"ILCE":"ALİAĞA","KAPINO":null,"ENLEM":38.696675660221999,"ACIKLAMA":"3502-010-02","ILCEID":3,"MAHALLE":"FATİH","MAHALLEID":null,"ADI":"2 NO'LU AFET VE ACİL DURUM TOPLANMA ALANI","BOYLAM":27.01928505507,"YOL":"MÜNİR NURETTİN BAYRAV","Area":null},"geometry":{"type":"Point","coordinates":[27.01928505507,38.696675660221999]}},
{"type":"Feature","properties":{"ILCE":"ALİAĞA","KAPINO":null,"ENLEM":38.718599490054999,"ACIKLAMA":"3502-005-02","ILCEID":3,"MAHALLE":"BOZKÖY","MAHALLEID":null,"ADI":"2 NO'LU AFET VE ACİL DURUM TOPLANMA ALANI","BOYLAM":26.964602285977001,"YOL":"BOZKÖY OKUL","Area":null},"geometry":{"type":"Point","coordinates":[26.964602285977001,38.718599490054999]}},
{"type":"Feature","properties":{"ILCE":"BORNOVA","KAPINO":null,"ENLEM":38.462008204870003,"ACIKLAMA":"3507-025-02","ILCEID":2,"MAHALLE":"KAZIMDİRİK","MAHALLEID":null,"ADI":"2 NO'LU AFET VE ACİL DURUM TOPLANMA ALANI","BOYLAM":27.203267942496002,"YOL":"206","Area":null},"geometry":{"type":"Point","coordinates":[27.203267942496002,38.462008204870003]}},
{"type":"Feature","properties":{"ILCE":"SEFERİHİSAR","KAPINO":null,"ENLEM":38.197133121092001,"ACIKLAMA":null,"ILCEID":12,"MAHALLE":"TURABİYE","MAHALLEID":null,"ADI":"2 NOLU AFET VE ACİL DURUM TOPLANMA ALANI","BOYLAM":26.841950035137,"YOL":"32 Sk.","Area":null},"geometry":{"type":"Point","coordinates":[26.841950035137,38.197133121092001]}},
{"type":"Feature","properties":{"ILCE":"SEFERİHİSAR","KAPINO":null,"ENLEM":38.1701900925,"ACIKLAMA":null,"ILCEID":12,"MAHALLE":"AKARCA","MAHALLEID":null,"ADI":"2 NOLU AFET VE ACİL DURUM TOPLANMA ALANI","BOYLAM":26.814778117517999,"YOL":"2132/1 Sk.","Area":null},"geometry":{"type":"Point","coordinates":[26.814778117517999,38.1701900925]}},
{"type":"Feature","properties":{"ILCE":"SEFERİHİSAR","KAPINO":null,"ENLEM":38.193768831132999,"ACIKLAMA":"YENİ EKLENEN","ILCEID":12,"MAHALLE":"HIDIRLIK","MAHALLEID":null,"ADI":"2 NOLU TOPLAMA ALANI","BOYLAM":26.845340336069,"YOL":"KOCAÇAY Cd.","Area":null},"geometry":{"type":"Point","coordinates":[26.845340336069,38.193768831132999]}},
{"type":"Feature","properties":{"ILCE":"KEMALPAŞA","KAPINO":null,"ENLEM":38.407030537352,"ACIKLAMA":null,"ILCEID":6,"MAHALLE":"ARMUTLU HÜRRİYET","MAHALLEID":null,"ADI":"2 NOLU TOPLANMA ALANI","BOYLAM":27.535924874435,"YOL":"YARIŞ Sk.","Area":null},"geometry":{"type":"Point","coordinates":[27.535924874435,38.407030537352]}},
{"type":"Feature","properties":{"ILCE":"MENDERES","KAPINO":null,"ENLEM":38.182361819609,"ACIKLAMA":null,"ILCEID":13,"MAHALLE":"ŞAŞAL","MAHALLEID":null,"ADI":"2 NOLU TOPLANMA ALANI","BOYLAM":27.109206699316001,"YOL":"7910 Sk.","Area":null},"geometry":{"type":"Point","coordinates":[27.109206699316001,38.182361819609]}},
{"type":"Feature","properties":{"ILCE":"MENDERES","KAPINO":null,"ENLEM":38.058917812567003,"ACIKLAMA":null,"ILCEID":13,"MAHALLE":"GÜMÜLDÜR FEVZİ ÇAKMAK","MAHALLEID":null,"ADI":"2 NOLU TOPLANMA ALANI","BOYLAM":27.015713620882,"YOL":"6201 Sk.","Area":null},"geometry":{"type":"Point","coordinates":[27.015713620882,38.058917812567003]}},
{"type":"Feature","properties":{"ILCE":"MENDERES","KAPINO":null,"ENLEM":38.242456141266999,"ACIKLAMA":null,"ILCEID":13,"MAHALLE":"ALTINTEPE","MAHALLEID":null,"ADI":"2 NOLU TOPLANMA ALANI","BOYLAM":27.143203426637999,"YOL":"DUMLUPINAR ŞEHİTLİK Sk.","Area":null},"geometry":{"type":"Point","coordinates":[27.143203426637999,38.242456141266999]}},
{"type":"Feature","properties":{"ILCE":"ALİAĞA","KAPINO":null,"ENLEM":38.882598540830003,"ACIKLAMA":null,"ILCEID":3,"MAHALLE":"ŞAKRAN HASBİ EFENDİ","MAHALLEID":null,"ADI":"2 NOLU TOPLANMA ALANI","BOYLAM":27.069136178531,"YOL":"3331 Sk.","Area":null},"geometry":{"type":"Point","coordinates":[27.069136178531,38.882598540830003]}},
{"type":"Feature","properties":{"ILCE":"ALİAĞA","KAPINO":null,"ENLEM":38.789086239607997,"ACIKLAMA":null,"ILCEID":3,"MAHALLE":"YENİ","MAHALLEID":null,"ADI":"2 NOLU TOPLANMA ALANI","BOYLAM":26.979969421913999,"YOL":"623 Sk.","Area":null},"geometry":{"type":"Point","coordinates":[26.979969421913999,38.789086239607997]}},
{"type":"Feature","properties":{"ILCE":"MENDERES","KAPINO":null,"ENLEM":38.109797036133003,"ACIKLAMA":null,"ILCEID":13,"MAHALLE":"ÇAMÖNÜ","MAHALLEID":null,"ADI":"2 NOLU TOPLANMA ALANI","BOYLAM":27.155294984885,"YOL":"12/1 Sk.","Area":null},"geometry":{"type":"Point","coordinates":[27.155294984885,38.109797036133003]}},
{"type":"Feature","properties":{"ILCE":"ALİAĞA","KAPINO":null,"ENLEM":38.782983356640997,"ACIKLAMA":null,"ILCEID":3,"MAHALLE":"ÖRNEKKENT","MAHALLEID":null,"ADI":"2 NOLU TOPLANMA ALANI","BOYLAM":26.985832712832998,"YOL":"1042 Sk.","Area":null},"geometry":{"type":"Point","coordinates":[26.985832712832998,38.782983356640997]}},
{"type":"Feature","properties":{"ILCE":"MENDERES","KAPINO":null,"ENLEM":38.204599283166999,"ACIKLAMA":null,"ILCEID":13,"MAHALLE":"DEVELİ","MAHALLEID":null,"ADI":"2 NOLU TOPLANMA ALANI","BOYLAM":27.168260560282,"YOL":"9121 Sk.","Area":null},"geometry":{"type":"Point","coordinates":[27.168260560282,38.204599283166999]}},
{"type":"Feature","properties":{"ILCE":"BAYINDIR","KAPINO":null,"ENLEM":38.165052848263997,"ACIKLAMA":null,"ILCEID":7,"MAHALLE":"NECATİ UZA","MAHALLEID":null,"ADI":"2 NOLU TOPLANMA ALANI","BOYLAM":27.487500898337,"YOL":"2 KümeEvleri","Area":null},"geometry":{"type":"Point","coordinates":[27.487500898337,38.165052848263997]}},
{"type":"Feature","properties":{"ILCE":"KEMALPAŞA","KAPINO":null,"ENLEM":38.427913386297,"ACIKLAMA":null,"ILCEID":6,"MAHALLE":"YEŞİLYURT","MAHALLEID":null,"ADI":"2 NOLU TOPLANMA ALNI","BOYLAM":27.67393990507,"YOL":"YEŞİLYURT YOLU KümeEvleri","Area":null},"geometry":{"type":"Point","coordinates":[27.67393990507,38.427913386297]}},
{"type":"Feature","properties":{"ILCE":"BAYRAKLI","KAPINO":null,"ENLEM":38.464286138809001,"ACIKLAMA":"3530-013-20","ILCEID":11,"MAHALLE":"MANAVKUYU","MAHALLEID":null,"ADI":"20 NO?LU AFET VE ACİL DURUM TOPLANMA ALANI","BOYLAM":27.189100785674,"YOL":"YÜZBAŞI İBRAHİM HAKKI Cd.","Area":null},"geometry":{"type":"Point","coordinates":[27.189100785674,38.464286138809001]}},
{"type":"Feature","properties":{"ILCE":"BAYRAKLI","KAPINO":null,"ENLEM":38.466621474992003,"ACIKLAMA":"3530-013-21","ILCEID":11,"MAHALLE":"MANAVKUYU","MAHALLEID":null,"ADI":"22 NO?LU AFET VE ACİL DURUM TOPLANMA ALANI","BOYLAM":27.197619435225999,"YOL":"YÜZBAŞI İBRAHİM HAKKI Cd.","Area":null},"geometry":{"type":"Point","coordinates":[27.197619435225999,38.466621474992003]}},
{"type":"Feature","properties":{"ILCE":"TORBALI","KAPINO":null,"ENLEM":38.155123680879001,"ACIKLAMA":"3528-033-03","ILCEID":9,"MAHALLE":"KARŞIYAKA","MAHALLEID":null,"ADI":"3 NO LU AFET VE ACİL DURUM  TOPLANMA ALANI","BOYLAM":27.381511276392999,"YOL":"7318 Sk.","Area":null},"geometry":{"type":"Point","coordinates":[27.381511276392999,38.155123680879001]}},
{"type":"Feature","properties":{"ILCE":"TORBALI","KAPINO":null,"ENLEM":38.110261608483,"ACIKLAMA":"3528-001-03","ILCEID":9,"MAHALLE":"19 MAYIS","MAHALLEID":null,"ADI":"3 NO LU AFET VE ACİL DURUM  TOPLANMA ALANI","BOYLAM":27.430627711798,"YOL":"126 Sk.","Area":null},"geometry":{"type":"Point","coordinates":[27.430627711798,38.110261608483]}},
{"type":"Feature","properties":{"ILCE":"KARABAĞLAR","KAPINO":null,"ENLEM":38.376509537460002,"ACIKLAMA":"3531-045-03","ILCEID":19,"MAHALLE":"SELVİLİ","MAHALLEID":null,"ADI":"3 NO LU AFET VE ACİL DURUM TOPLANMA ALANI","BOYLAM":27.128837361828001,"YOL":"4139 Sk.","Area":null},"geometry":{"type":"Point","coordinates":[27.128837361828001,38.376509537460002]}},
{"type":"Feature","properties":{"ILCE":"MENEMEN","KAPINO":null,"ENLEM":38.641165657290003,"ACIKLAMA":"3522-034-03","ILCEID":17,"MAHALLE":"HAYKIRAN","MAHALLEID":null,"ADI":"3 NO LU AFET VE ACİL DURUM TOPLANMA ALANI","BOYLAM":27.117319563113,"YOL":"807 Sk.","Area":null},"geometry":{"type":"Point","coordinates":[27.117319563113,38.641165657290003]}},
{"type":"Feature","properties":{"ILCE":"MENEMEN","KAPINO":null,"ENLEM":38.604135347669001,"ACIKLAMA":"3522-060-03","ILCEID":17,"MAHALLE":"VİLLAKENT","MAHALLEID":null,"ADI":"3 NO LU AFET VE ACİL DURUM TOPLANMA ALANI","BOYLAM":26.915833081616999,"YOL":"5130 Sk.","Area":null},"geometry":{"type":"Point","coordinates":[26.915833081616999,38.604135347669001]}},
{"type":"Feature","properties":{"ILCE":"BAYRAKLI","KAPINO":null,"ENLEM":38.468805483559002,"ACIKLAMA":"3530-010-03","ILCEID":11,"MAHALLE":"FUAT EDİP BAKSI","MAHALLEID":null,"ADI":"3 NO LU AFET VE ACİL DURUM TOPLANMA ALANI","BOYLAM":27.157193378277999,"YOL":"ZEKİ YAVAŞ Sk.","Area":null},"geometry":{"type":"Point","coordinates":[27.157193378277999,38.468805483559002]}},
{"type":"Feature","properties":{"ILCE":"BAYRAKLI","KAPINO":null,"ENLEM":38.469170868687002,"ACIKLAMA":"3530-011-03","ILCEID":11,"MAHALLE":"TURAN","MAHALLEID":null,"ADI":"3 NO LU AFET VE ACİL DURUM TOPLANMA ALANI","BOYLAM":27.141041195296999,"YOL":"7000 Sk.","Area":null},"geometry":{"type":"Point","coordinates":[27.141041195296999,38.469170868687002]}},
{"type":"Feature","properties":{"ILCE":"BAYRAKLI","KAPINO":null,"ENLEM":38.458875939221002,"ACIKLAMA":"3530-002-03","ILCEID":11,"MAHALLE":"ADALET","MAHALLEID":null,"ADI":"3 NO LU AFET VE ACİL DURUM TOPLANMA ALANI","BOYLAM":27.175518155879999,"YOL":"1586/17 Sk.","Area":null},"geometry":{"type":"Point","coordinates":[27.175518155879999,38.458875939221002]}},
{"type":"Feature","properties":{"ILCE":"ÇEŞME","KAPINO":null,"ENLEM":38.331905126842997,"ACIKLAMA":"3509-025-03","ILCEID":1001,"MAHALLE":"YALI","MAHALLEID":null,"ADI":"3 NO LU AFET VE ACİL DURUM TOPLANMA ALANI","BOYLAM":26.424932765266,"YOL":"6191 Sk.","Area":null},"geometry":{"type":"Point","coordinates":[26.424932765266,38.331905126842997]}},
{"type":"Feature","properties":{"ILCE":"ÇEŞME","KAPINO":null,"ENLEM":38.298485873598999,"ACIKLAMA":"3509-002-03","ILCEID":1001,"MAHALLE":"ALAÇATI","MAHALLEID":null,"ADI":"3 NO LU AFET VE ACİL DURUM TOPLANMA ALANI","BOYLAM":26.364390310023001,"YOL":"14000 Sk.","Area":null},"geometry":{"type":"Point","coordinates":[26.364390310023001,38.298485873598999]}},
{"type":"Feature","properties":{"ILCE":"MENEMEN","KAPINO":null,"ENLEM":38.601320454905,"ACIKLAMA":"3522-058-05","ILCEID":17,"MAHALLE":"UĞUR MUMCU","MAHALLEID":null,"ADI":"3 NO LU AFET VE ACİL DURUM TOPLANMA ALANI","BOYLAM":27.088051511242,"YOL":"1295 Sk.","Area":null},"geometry":{"type":"Point","coordinates":[27.088051511242,38.601320454905]}},
{"type":"Feature","properties":{"ILCE":"BAYRAKLI","KAPINO":null,"ENLEM":38.467226291141003,"ACIKLAMA":"3530-018-04","ILCEID":11,"MAHALLE":"OSMANGAZİ","MAHALLEID":null,"ADI":"3 NO LU AFET VE ACİL DURUM TOPLANMA ALANI","BOYLAM":27.193285005991001,"YOL":"574/8 Sk.","Area":null},"geometry":{"type":"Point","coordinates":[27.193285005991001,38.467226291141003]}},
{"type":"Feature","properties":{"ILCE":"BAYRAKLI","KAPINO":null,"ENLEM":38.462521992239999,"ACIKLAMA":"3530-013-03","ILCEID":11,"MAHALLE":"MANAVKUYU","MAHALLEID":null,"ADI":"3 NO LU AFET VE ACİL DURUM TOPLANMA ALANI","BOYLAM":27.188864755421001,"YOL":"275/4 Sk.","Area":null},"geometry":{"type":"Point","coordinates":[27.188864755421001,38.462521992239999]}},
{"type":"Feature","properties":{"ILCE":"ÇİĞLİ","KAPINO":null,"ENLEM":38.530234066486997,"ACIKLAMA":"3510-017-03","ILCEID":16,"MAHALLE":"İNÖNÜ","MAHALLEID":null,"ADI":"3 NO LU AFET VE ACİL DURUM TOPLANMA ALANI","BOYLAM":27.042212908532999,"YOL":"9508 Sk.","Area":null},"geometry":{"type":"Point","coordinates":[27.042212908532999,38.530234066486997]}},
{"type":"Feature","properties":{"ILCE":"ÇEŞME","KAPINO":null,"ENLEM":38.321594702799999,"ACIKLAMA":"3509-006-03","ILCEID":1001,"MAHALLE":"BOYALIK","MAHALLEID":null,"ADI":"3 NO LU AFET VE ACİL DURUM TOPLANMA ALANI","BOYLAM":26.336597356439,"YOL":"3256 Sk.","Area":null},"geometry":{"type":"Point","coordinates":[26.336597356439,38.321594702799999]}},
{"type":"Feature","properties":{"ILCE":"ÇEŞME","KAPINO":null,"ENLEM":38.270947523608001,"ACIKLAMA":"3509-022-03","ILCEID":1001,"MAHALLE":"ŞEHİT MEHMET","MAHALLEID":null,"ADI":"3 NO LU AFET VE ACİL DURUM TOPLANMA ALANI","BOYLAM":26.235355299115,"YOL":"412 Sk.","Area":null},"geometry":{"type":"Point","coordinates":[26.235355299115,38.270947523608001]}},
{"type":"Feature","properties":{"ILCE":"ÇEŞME","KAPINO":null,"ENLEM":38.346109957186002,"ACIKLAMA":"3509-013-03","ILCEID":1001,"MAHALLE":"GERMİYAN","MAHALLEID":null,"ADI":"3 NO LU AFET VE ACİL DURUM TOPLANMA ALANI","BOYLAM":26.452012185107002,"YOL":"27036 Sk.","Area":null},"geometry":{"type":"Point","coordinates":[26.452012185107002,38.346109957186002]}},
{"type":"Feature","properties":{"ILCE":"KINIK","KAPINO":null,"ENLEM":39.084708462917,"ACIKLAMA":"3518-029-03","ILCEID":996,"MAHALLE":"OSMANİYE","MAHALLEID":null,"ADI":"3 NO LU AFET VE ACİL DURUM TOPLANMA ALANI","BOYLAM":27.378768540446,"YOL":"DELEZ YOLU Sk.","Area":null},"geometry":{"type":"Point","coordinates":[27.378768540446,39.084708462917]}},
{"type":"Feature","properties":{"ILCE":"BAYRAKLI","KAPINO":null,"ENLEM":38.465714204061001,"ACIKLAMA":"3530-022-03","ILCEID":11,"MAHALLE":"TEPEKULE","MAHALLEID":null,"ADI":"3 NO LU AFET VE ACİL DURUM TOPLANMA ALANI","BOYLAM":27.168351317511998,"YOL":"ŞEHİT HAKAN UYSAL Sk.","Area":null},"geometry":{"type":"Point","coordinates":[27.168351317511998,38.465714204061001]}},
{"type":"Feature","properties":{"ILCE":"ÇİĞLİ","KAPINO":null,"ENLEM":38.496209579956002,"ACIKLAMA":"3510-027-03","ILCEID":16,"MAHALLE":"YENİ MAHALLE","MAHALLEID":null,"ADI":"3 NO LU AFET VE ACİL DURUM TOPLANMA ALANI","BOYLAM":27.048199627896999,"YOL":"8200/5 Sk.","Area":null},"geometry":{"type":"Point","coordinates":[27.048199627896999,38.496209579956002]}},
{"type":"Feature","properties":{"ILCE":"GÜZELBAHÇE","KAPINO":null,"ENLEM":38.372307928817001,"ACIKLAMA":"3514-009-03","ILCEID":1,"MAHALLE":"SİTELER","MAHALLEID":null,"ADI":"3 NO LU AFET VE ACİL DURUM TOPLANMA ALANI","BOYLAM":26.858815373944001,"YOL":"MİTHATPAŞA Cd.","Area":null},"geometry":{"type":"Point","coordinates":[26.858815373944001,38.372307928817001]}},
{"type":"Feature","properties":{"ILCE":"ÇEŞME","KAPINO":null,"ENLEM":38.316047529652003,"ACIKLAMA":"3509-018-03","ILCEID":1001,"MAHALLE":"MUSALLA","MAHALLEID":null,"ADI":"3 NO LU AFET VE ACİL DURUM TOPLANMA ALANI","BOYLAM":26.307254147546999,"YOL":"1067 Sk.","Area":null},"geometry":{"type":"Point","coordinates":[26.307254147546999,38.316047529652003]}},
{"type":"Feature","properties":{"ILCE":"GÜZELBAHÇE","KAPINO":null,"ENLEM":38.339732073485997,"ACIKLAMA":"3514-007-03","ILCEID":1,"MAHALLE":"MUSTAFA KEMAL PAŞA","MAHALLEID":null,"ADI":"3 NO LU AFET VE ACİL DURUM TOPLANMA ALANI","BOYLAM":26.869812432892999,"YOL":"MAREŞAL FEVZİ ÇAKMAK Cd.","Area":null},"geometry":{"type":"Point","coordinates":[26.869812432892999,38.339732073485997]}},
{"type":"Feature","properties":{"ILCE":"BEYDAĞ","KAPINO":null,"ENLEM":38.08840780717,"ACIKLAMA":"3506-004-03","ILCEID":993,"MAHALLE":"ATATÜRK","MAHALLEID":null,"ADI":"3 NO LU AFET VE ACİL DURUM TOPLANMA ALANI","BOYLAM":28.210379581131001,"YOL":"LAVANTA Sk.","Area":null},"geometry":{"type":"Point","coordinates":[28.210379581131001,38.08840780717]}},
{"type":"Feature","properties":{"ILCE":"BAYINDIR","KAPINO":null,"ENLEM":38.224312411424002,"ACIKLAMA":"3504-045-01","ILCEID":7,"MAHALLE":"CAMİİ","MAHALLEID":null,"ADI":"3 NO LU AFET VE ACİL DURUM TOPLANMA ALANI","BOYLAM":27.647697618216998,"YOL":"KALAYCILAR Sk.","Area":null},"geometry":{"type":"Point","coordinates":[27.647697618216998,38.224312411424002]}},
{"type":"Feature","properties":{"ILCE":"ÇEŞME","KAPINO":null,"ENLEM":38.316569538155001,"ACIKLAMA":"3509-023-03","ILCEID":1001,"MAHALLE":"ŞİFNE","MAHALLEID":null,"ADI":"3 NO LU AFET VE ACİL DURUM TOPLANMA ALANI","BOYLAM":26.397177434403002,"YOL":"6478 Sk.","Area":null},"geometry":{"type":"Point","coordinates":[26.397177434403002,38.316569538155001]}},
{"type":"Feature","properties":{"ILCE":"ÇEŞME","KAPINO":null,"ENLEM":38.382707320884997,"ACIKLAMA":"3509-014-03","ILCEID":1001,"MAHALLE":"ILDIR","MAHALLEID":null,"ADI":"3 NO LU AFET VE ACİL DURUM TOPLANMA ALANI","BOYLAM":26.475797827497001,"YOL":"30001 Sk.","Area":null},"geometry":{"type":"Point","coordinates":[26.475797827497001,38.382707320884997]}},
{"type":"Feature","properties":{"ILCE":"ÇEŞME","KAPINO":null,"ENLEM":38.358768032660997,"ACIKLAMA":"3509-008-03","ILCEID":1001,"MAHALLE":"CUMHURİYET","MAHALLEID":null,"ADI":"3 NO LU AFET VE ACİL DURUM TOPLANMA ALANI","BOYLAM":26.285935976245,"YOL":"3394 Sk.","Area":null},"geometry":{"type":"Point","coordinates":[26.285935976245,38.358768032660997]}},
{"type":"Feature","properties":{"ILCE":"ÇEŞME","KAPINO":null,"ENLEM":38.327326586704999,"ACIKLAMA":"3509-004-03","ILCEID":1001,"MAHALLE":"ALTINYUNUS","MAHALLEID":null,"ADI":"3 NO LU AFET VE ACİL DURUM TOPLANMA ALANI","BOYLAM":26.341570136207999,"YOL":"3400 Sk.","Area":null},"geometry":{"type":"Point","coordinates":[26.341570136207999,38.327326586704999]}},
{"type":"Feature","properties":{"ILCE":"BAYRAKLI","KAPINO":null,"ENLEM":38.482664244669003,"ACIKLAMA":"3530-017-03","ILCEID":11,"MAHALLE":"ORG.NAFİZ GÜRMAN","MAHALLEID":null,"ADI":"3 NO LU AFET VE ACİL DURUM TOPLANMA ALANI","BOYLAM":27.139555236025,"YOL":"7171 Sk.","Area":null},"geometry":{"type":"Point","coordinates":[27.139555236025,38.482664244669003]}},
{"type":"Feature","properties":{"ILCE":"BAYRAKLI","KAPINO":null,"ENLEM":38.480287422944002,"ACIKLAMA":"3530-019-03","ILCEID":11,"MAHALLE":"POSTACILAR","MAHALLEID":null,"ADI":"3 NO LU AFET VE ACİL DURUM TOPLANMA ALANI","BOYLAM":27.120168329666001,"YOL":"1844/16 Sk.","Area":null},"geometry":{"type":"Point","coordinates":[27.120168329666001,38.480287422944002]}},
{"type":"Feature","properties":{"ILCE":"ÇEŞME","KAPINO":null,"ENLEM":38.33472429031,"ACIKLAMA":"3509-021-03","ILCEID":1001,"MAHALLE":"SAKARYA","MAHALLEID":null,"ADI":"3 NO LU AFET VE ACİL DURUM TOPLANMA ALANI","BOYLAM":26.305993480333999,"YOL":"3073 Sk.","Area":null},"geometry":{"type":"Point","coordinates":[26.305993480333999,38.33472429031]}},
{"type":"Feature","properties":{"ILCE":"ÇEŞME","KAPINO":null,"ENLEM":38.325070887526998,"ACIKLAMA":"3509-016-03","ILCEID":1001,"MAHALLE":"İSMET İNÖNÜ","MAHALLEID":null,"ADI":"3 NO LU AFET VE ACİL DURUM TOPLANMA ALANI","BOYLAM":26.310639061296001,"YOL":"2051 Sk.","Area":null},"geometry":{"type":"Point","coordinates":[26.310639061296001,38.325070887526998]}},
{"type":"Feature","properties":{"ILCE":"MENDERES","KAPINO":"4","ENLEM":38.267730853257,"ACIKLAMA":"3521-021-03","ILCEID":13,"MAHALLE":"GAZİPAŞA","MAHALLEID":null,"ADI":"3 NO LU AFET VE ACİL DURUM TOPLANMA ALANI","BOYLAM":27.145134565105,"YOL":"752 Sk.","Area":null},"geometry":{"type":"Point","coordinates":[27.145134565105,38.267730853257]}},
{"type":"Feature","properties":{"ILCE":"MENDERES","KAPINO":null,"ENLEM":38.016283138566003,"ACIKLAMA":"3521-014-03","ILCEID":13,"MAHALLE":"ÇUKURALTI","MAHALLEID":null,"ADI":"3 NO LU AFET VE ACİL DURUM TOPLANMA ALANI","BOYLAM":27.104687477399999,"YOL":"2342 Sk.","Area":null},"geometry":{"type":"Point","coordinates":[27.104687477399999,38.016283138566003]}},
{"type":"Feature","properties":{"ILCE":"ÖDEMİŞ","KAPINO":null,"ENLEM":38.219247028817001,"ACIKLAMA":"3524-087-03","ILCEID":998,"MAHALLE":"UMURBEY","MAHALLEID":null,"ADI":"3 NO LU AFET VE ACİL DURUM TOPLANMA ALANI","BOYLAM":27.973718514849001,"YOL":"SANAYİ SİTESİ ŞEREF USTA Cd.","Area":null},"geometry":{"type":"Point","coordinates":[27.973718514849001,38.219247028817001]}},
{"type":"Feature","properties":{"ILCE":"KEMALPAŞA","KAPINO":null,"ENLEM":38.412621265733002,"ACIKLAMA":"3517-037-03","ILCEID":6,"MAHALLE":"SARILAR","MAHALLEID":null,"ADI":"3 NO LU AFET VE ACİL DURUM TOPLANMA ALANI","BOYLAM":27.65653247845,"YOL":"BEYLER YOLU KümeEvleri","Area":null},"geometry":{"type":"Point","coordinates":[27.65653247845,38.412621265733002]}},
{"type":"Feature","properties":{"ILCE":"KONAK","KAPINO":null,"ENLEM":38.435146952605997,"ACIKLAMA":"3520-010-03","ILCEID":21,"MAHALLE":"MİMAR SİNAN","MAHALLEID":null,"ADI":"3 NO LU AFET VE ACİL DURUM TOPLANMA ALANI","BOYLAM":27.148202715269001,"YOL":"1420/1 Sk.","Area":null},"geometry":{"type":"Point","coordinates":[27.148202715269001,38.435146952605997]}},
{"type":"Feature","properties":{"ILCE":"BUCA","KAPINO":null,"ENLEM":38.377842668279001,"ACIKLAMA":"3508-020-03","ILCEID":8,"MAHALLE":"FIRAT","MAHALLEID":null,"ADI":"3 NO LU AFET VE ACİL DURUM TOPLANMA ALANI","BOYLAM":27.157622682913999,"YOL":"270/12 Sk.","Area":null},"geometry":{"type":"Point","coordinates":[27.157622682913999,38.377842668279001]}},
{"type":"Feature","properties":{"ILCE":"KARABAĞLAR","KAPINO":null,"ENLEM":38.399639754440003,"ACIKLAMA":"3531-009-03","ILCEID":19,"MAHALLE":"BAHÇELİEVLER","MAHALLEID":null,"ADI":"3 NO LU AFET VE ACİL DURUM TOPLANMA ALANI","BOYLAM":27.118033438758999,"YOL":"9165/4 Sk.","Area":null},"geometry":{"type":"Point","coordinates":[27.118033438758999,38.399639754440003]}},
{"type":"Feature","properties":{"ILCE":"KARŞIYAKA","KAPINO":null,"ENLEM":38.460119256947003,"ACIKLAMA":"3516-002-03","ILCEID":20,"MAHALLE":"ALAYBEY","MAHALLEID":null,"ADI":"3 NO LU AFET VE ACİL DURUM TOPLANMA ALANI","BOYLAM":27.125060688830999,"YOL":"1680 Sk.","Area":null},"geometry":{"type":"Point","coordinates":[27.125060688830999,38.460119256947003]}},
{"type":"Feature","properties":{"ILCE":"KEMALPAŞA","KAPINO":null,"ENLEM":38.464269670565002,"ACIKLAMA":"3517-012-03","ILCEID":6,"MAHALLE":"ÇAMBEL","MAHALLEID":null,"ADI":"3 NO LU AFET VE ACİL DURUM TOPLANMA ALANI","BOYLAM":27.517498098594999,"YOL":"ÇAMBEL MAH. YOLU KümeEvleri","Area":null},"geometry":{"type":"Point","coordinates":[27.517498098594999,38.464269670565002]}},
{"type":"Feature","properties":{"ILCE":"KARABAĞLAR","KAPINO":null,"ENLEM":38.371761484213998,"ACIKLAMA":"3531-056-03","ILCEID":19,"MAHALLE":"YUNUS EMRE","MAHALLEID":null,"ADI":"3 NO LU AFET VE ACİL DURUM TOPLANMA ALANI","BOYLAM":27.132249122659999,"YOL":"4163 Sk.","Area":null},"geometry":{"type":"Point","coordinates":[27.132249122659999,38.371761484213998]}},
{"type":"Feature","properties":{"ILCE":"KARŞIYAKA","KAPINO":null,"ENLEM":38.459262320971,"ACIKLAMA":"3516-019-03","ILCEID":20,"MAHALLE":"BOSTANLI","MAHALLEID":null,"ADI":"3 NO LU AFET VE ACİL DURUM TOPLANMA ALANI","BOYLAM":27.105266086267999,"YOL":"1775 Sk.","Area":null},"geometry":{"type":"Point","coordinates":[27.105266086267999,38.459262320971]}},
{"type":"Feature","properties":{"ILCE":"ÇİĞLİ","KAPINO":null,"ENLEM":38.502616140450002,"ACIKLAMA":"3510-026-03","ILCEID":16,"MAHALLE":"YAKAKENT","MAHALLEID":null,"ADI":"3 NO LU AFET VE ACİL DURUM TOPLANMA ALANI","BOYLAM":27.076684535104999,"YOL":"8186/1 Sk.","Area":null},"geometry":{"type":"Point","coordinates":[27.076684535104999,38.502616140450002]}},
{"type":"Feature","properties":{"ILCE":"BORNOVA","KAPINO":null,"ENLEM":38.464151747396002,"ACIKLAMA":"3507-025-03","ILCEID":2,"MAHALLE":"KAZIMDİRİK","MAHALLEID":null,"ADI":"3 NO LU AFET VE ACİL DURUM TOPLANMA ALANI","BOYLAM":27.206653074420998,"YOL":"198 Sk.","Area":null},"geometry":{"type":"Point","coordinates":[27.206653074420998,38.464151747396002]}},
{"type":"Feature","properties":{"ILCE":"KARABAĞLAR","KAPINO":null,"ENLEM":38.397949680046999,"ACIKLAMA":"3531-012-03","ILCEID":19,"MAHALLE":"BASIN SİTESİ","MAHALLEID":null,"ADI":"3 NO LU AFET VE ACİL DURUM TOPLANMA ALANI","BOYLAM":27.096264741934,"YOL":"250 Sk.","Area":null},"geometry":{"type":"Point","coordinates":[27.096264741934,38.397949680046999]}},
{"type":"Feature","properties":{"ILCE":"FOÇA","KAPINO":null,"ENLEM":38.667209612691998,"ACIKLAMA":"3512-005-04","ILCEID":4,"MAHALLE":"FEVZİPAŞA","MAHALLEID":null,"ADI":"3 NO LU AFET VE ACİL DURUM TOPLANMA ALANI","BOYLAM":26.755700518084002,"YOL":"211 Sk.","Area":null},"geometry":{"type":"Point","coordinates":[26.755700518084002,38.667209612691998]}},
{"type":"Feature","properties":{"ILCE":"DİKİLİ","KAPINO":null,"ENLEM":38.941811934367003,"ACIKLAMA":"3511-005-03","ILCEID":995,"MAHALLE":"ÇANDARLI","MAHALLEID":null,"ADI":"3 NO LU AFET VE ACİL DURUM TOPLANMA ALANI","BOYLAM":26.931931021956,"YOL":"FERHAT UYSAL Cd.","Area":null},"geometry":{"type":"Point","coordinates":[26.931931021956,38.941811934367003]}},
{"type":"Feature","properties":{"ILCE":"URLA","KAPINO":null,"ENLEM":38.335642145666,"ACIKLAMA":"3529-033-03","ILCEID":18,"MAHALLE":"YENİCE","MAHALLEID":null,"ADI":"3 NO LU AFET VE ACİL DURUM TOPLANMA ALANI","BOYLAM":26.793917034639001,"YOL":"KEKLİKTEPE Cd.","Area":null},"geometry":{"type":"Point","coordinates":[26.793917034639001,38.335642145666]}},
{"type":"Feature","properties":{"ILCE":"KEMALPAŞA","KAPINO":null,"ENLEM":38.482878633486003,"ACIKLAMA":"3517-024-03","ILCEID":6,"MAHALLE":"ULUCAK İSTİKLAL","MAHALLEID":null,"ADI":"3 NO LU AFET VE ACİL DURUM TOPLANMA ALANI","BOYLAM":27.361431828183001,"YOL":"MUSTAFA İSMET İNÖNÜ Cd.","Area":null},"geometry":{"type":"Point","coordinates":[27.361431828183001,38.482878633486003]}},
{"type":"Feature","properties":{"ILCE":"KARABAĞLAR","KAPINO":null,"ENLEM":38.387703431955998,"ACIKLAMA":"3531-048-03","ILCEID":19,"MAHALLE":"TAHSİN YAZICI","MAHALLEID":null,"ADI":"3 NO LU AFET VE ACİL DURUM TOPLANMA ALANI","BOYLAM":27.105319851737001,"YOL":"9313 Sk.","Area":null},"geometry":{"type":"Point","coordinates":[27.105319851737001,38.387703431955998]}},
{"type":"Feature","properties":{"ILCE":"KEMALPAŞA","KAPINO":null,"ENLEM":38.414790119481999,"ACIKLAMA":"3517-001-03","ILCEID":6,"MAHALLE":"BAĞYURDU 29 EKİM","MAHALLEID":null,"ADI":"3 NO LU AFET VE ACİL DURUM TOPLANMA ALANI","BOYLAM":27.637226030103999,"YOL":"TURGUTLU Cd.","Area":null},"geometry":{"type":"Point","coordinates":[27.637226030103999,38.414790119481999]}},
{"type":"Feature","properties":{"ILCE":"KARŞIYAKA","KAPINO":null,"ENLEM":38.466167783844,"ACIKLAMA":"3516-005-03","ILCEID":20,"MAHALLE":"BAHÇELİEVLER","MAHALLEID":null,"ADI":"3 NO LU AFET VE ACİL DURUM TOPLANMA ALANI","BOYLAM":27.128290042153999,"YOL":"1851/10 Sk.","Area":null},"geometry":{"type":"Point","coordinates":[27.128290042153999,38.466167783844]}},
{"type":"Feature","properties":{"ILCE":"KEMALPAŞA","KAPINO":null,"ENLEM":38.431159421220002,"ACIKLAMA":"3517-038-03","ILCEID":6,"MAHALLE":"SEKİZ EYLÜL","MAHALLEID":null,"ADI":"3 NO LU AFET VE ACİL DURUM TOPLANMA ALANI","BOYLAM":27.412313164987001,"YOL":"102 Sk.","Area":null},"geometry":{"type":"Point","coordinates":[27.412313164987001,38.431159421220002]}},
{"type":"Feature","properties":{"ILCE":"KARABURUN","KAPINO":null,"ENLEM":38.500029575592002,"ACIKLAMA":"3515-010-03","ILCEID":1000,"MAHALLE":"MORDOĞAN","MAHALLEID":null,"ADI":"3 NO LU AFET VE ACİL DURUM TOPLANMA ALANI","BOYLAM":26.60923147874,"YOL":"ŞEHİT SÜLEYMAN AŞKIN Sk.","Area":null},"geometry":{"type":"Point","coordinates":[26.60923147874,38.500029575592002]}},
{"type":"Feature","properties":{"ILCE":"DİKİLİ","KAPINO":null,"ENLEM":39.079332123542002,"ACIKLAMA":"3511-003-03","ILCEID":995,"MAHALLE":"CUMHURİYET","MAHALLEID":null,"ADI":"3 NO LU AFET VE ACİL DURUM TOPLANMA ALANI","BOYLAM":26.895173960563,"YOL":"345 Sk.","Area":null},"geometry":{"type":"Point","coordinates":[26.895173960563,39.079332123542002]}},
{"type":"Feature","properties":{"ILCE":"KARŞIYAKA","KAPINO":null,"ENLEM":38.482378646703999,"ACIKLAMA":"3516-008-03","ILCEID":20,"MAHALLE":"CUMHURİYET","MAHALLEID":null,"ADI":"3 NO LU AFET VE ACİL DURUM TOPLANMA ALANI","BOYLAM":27.091983813898,"YOL":"6705 Sk.","Area":null},"geometry":{"type":"Point","coordinates":[27.091983813898,38.482378646703999]}},
{"type":"Feature","properties":{"ILCE":"NARLIDERE","KAPINO":null,"ENLEM":38.394418002003,"ACIKLAMA":"3523-009-03","ILCEID":5,"MAHALLE":"ÇATALKAYA","MAHALLEID":null,"ADI":"3 NO LU AFET VE ACİL DURUM TOPLANMA ALANI","BOYLAM":27.002264520379001,"YOL":"KOÇYİĞİT Sk.","Area":null},"geometry":{"type":"Point","coordinates":[27.002264520379001,38.394418002003]}},
{"type":"Feature","properties":{"ILCE":"TİRE","KAPINO":null,"ENLEM":38.094837340425997,"ACIKLAMA":"3527-043-03","ILCEID":997,"MAHALLE":"HÜRRİYET","MAHALLEID":null,"ADI":"3 NO LU AFET VE ACİL DURUM TOPLANMA ALANI","BOYLAM":27.727857913598999,"YOL":"İSTASYON","Area":null},"geometry":{"type":"Point","coordinates":[27.727857913598999,38.094837340425997]}},
{"type":"Feature","properties":{"ILCE":"BUCA","KAPINO":null,"ENLEM":38.395132911344,"ACIKLAMA":"3508-006-03","ILCEID":8,"MAHALLE":"BARIŞ","MAHALLEID":null,"ADI":"3 NO LU AFET VE ACİL DURUM TOPLANMA ALANI","BOYLAM":27.164725107849002,"YOL":"355 Sk.","Area":null},"geometry":{"type":"Point","coordinates":[27.164725107849002,38.395132911344]}},
{"type":"Feature","properties":{"ILCE":"KEMALPAŞA","KAPINO":null,"ENLEM":38.461194953408999,"ACIKLAMA":"3517-004-03","ILCEID":6,"MAHALLE":"AKALAN","MAHALLEID":null,"ADI":"3 NO LU AFET VE ACİL DURUM TOPLANMA ALANI","BOYLAM":27.483734623701999,"YOL":"1518 Sk.","Area":null},"geometry":{"type":"Point","coordinates":[27.483734623701999,38.461194953408999]}},
{"type":"Feature","properties":{"ILCE":"BUCA","KAPINO":null,"ENLEM":38.396965973459999,"ACIKLAMA":"3508-035-03","ILCEID":8,"MAHALLE":"MENDERES","MAHALLEID":null,"ADI":"3 NO LU AFET VE ACİL DURUM TOPLANMA ALANI","BOYLAM":27.165969643539,"YOL":"İSTİKLAL Cd.","Area":null},"geometry":{"type":"Point","coordinates":[27.165969643539,38.396965973459999]}},
{"type":"Feature","properties":{"ILCE":"KARABAĞLAR","KAPINO":null,"ENLEM":38.387093709177996,"ACIKLAMA":"3531-020-03","ILCEID":19,"MAHALLE":"ESENTEPE","MAHALLEID":null,"ADI":"3 NO LU AFET VE ACİL DURUM TOPLANMA ALANI","BOYLAM":27.075872027110002,"YOL":"52/78 Sk.","Area":null},"geometry":{"type":"Point","coordinates":[27.075872027110002,38.387093709177996]}},
{"type":"Feature","properties":{"ILCE":"KARABAĞLAR","KAPINO":null,"ENLEM":38.360548233094001,"ACIKLAMA":"3531-057-03","ILCEID":19,"MAHALLE":"YURDOĞLU","MAHALLEID":null,"ADI":"3 NO LU AFET VE ACİL DURUM TOPLANMA ALANI","BOYLAM":27.094172692840001,"YOL":"3945 Sk.","Area":null},"geometry":{"type":"Point","coordinates":[27.094172692840001,38.360548233094001]}},
{"type":"Feature","properties":{"ILCE":"ÇİĞLİ","KAPINO":null,"ENLEM":38.496184432781,"ACIKLAMA":"3510-002-03","ILCEID":16,"MAHALLE":"AHMET TANER KIŞLALI","MAHALLEID":null,"ADI":"3 NO LU AFET VE ACİL DURUM TOPLANMA ALANI","BOYLAM":27.089247950718999,"YOL":"6794/4","Area":null},"geometry":{"type":"Point","coordinates":[27.089247950718999,38.496184432781]}},
{"type":"Feature","properties":{"ILCE":"KARABAĞLAR","KAPINO":null,"ENLEM":38.389599716455002,"ACIKLAMA":"3531-053-03","ILCEID":19,"MAHALLE":"ESENTEPE","MAHALLEID":null,"ADI":"3 NO LU AFET VE ACİL DURUM TOPLANMA ALANI","BOYLAM":27.072709714213001,"YOL":"14/4 Sk.","Area":null},"geometry":{"type":"Point","coordinates":[27.072709714213001,38.389599716455002]}},
{"type":"Feature","properties":{"ILCE":"ÇİĞLİ","KAPINO":null,"ENLEM":38.511935200328999,"ACIKLAMA":"3510-007-03","ILCEID":16,"MAHALLE":"BALATÇIK","MAHALLEID":null,"ADI":"3 NO LU AFET VE ACİL DURUM TOPLANMA ALANI","BOYLAM":27.040034997157001,"YOL":"8788/6 Sk.","Area":null},"geometry":{"type":"Point","coordinates":[27.040034997157001,38.511935200328999]}},
{"type":"Feature","properties":{"ILCE":"KEMALPAŞA","KAPINO":null,"ENLEM":38.497612187340998,"ACIKLAMA":"3517-015-03","ILCEID":6,"MAHALLE":"DAMLACIK","MAHALLEID":null,"ADI":"3 NO LU AFET VE ACİL DURUM TOPLANMA ALANI","BOYLAM":27.379193304097001,"YOL":"9520 Sk.","Area":null},"geometry":{"type":"Point","coordinates":[27.379193304097001,38.497612187340998]}},
{"type":"Feature","properties":{"ILCE":"URLA","KAPINO":null,"ENLEM":38.362112679081001,"ACIKLAMA":"3529-017-03","ILCEID":18,"MAHALLE":"KALABAK","MAHALLEID":null,"ADI":"3 NO LU AFET VE ACİL DURUM TOPLANMA ALANI","BOYLAM":26.821511415810001,"YOL":"3044 Sk.","Area":null},"geometry":{"type":"Point","coordinates":[26.821511415810001,38.362112679081001]}},
{"type":"Feature","properties":{"ILCE":"TORBALI","KAPINO":null,"ENLEM":38.166916899146997,"ACIKLAMA":"3528-003-03","ILCEID":9,"MAHALLE":"ALPKENT","MAHALLEID":null,"ADI":"3 NO LU AFET VE ACİL DURUM TOPLANMA ALANI","BOYLAM":27.353144357822,"YOL":"1006 Sk.","Area":null},"geometry":{"type":"Point","coordinates":[27.353144357822,38.166916899146997]}},
{"type":"Feature","properties":{"ILCE":"KARŞIYAKA","KAPINO":null,"ENLEM":38.456825938310999,"ACIKLAMA":"3516-007-03","ILCEID":20,"MAHALLE":"BOSTANLI","MAHALLEID":null,"ADI":"3 NO LU AFET VE ACİL DURUM TOPLANMA ALANI","BOYLAM":27.105673784155002,"YOL":"1735 Sk.","Area":null},"geometry":{"type":"Point","coordinates":[27.105673784155002,38.456825938310999]}},
{"type":"Feature","properties":{"ILCE":"ÇİĞLİ","KAPINO":null,"ENLEM":38.483394830409999,"ACIKLAMA":"3510-004-03","ILCEID":16,"MAHALLE":"ATAŞEHİR","MAHALLEID":null,"ADI":"3 NO LU AFET VE ACİL DURUM TOPLANMA ALANI","BOYLAM":27.067404170964998,"YOL":"8273 Sk.","Area":null},"geometry":{"type":"Point","coordinates":[27.067404170964998,38.483394830409999]}},
{"type":"Feature","properties":{"ILCE":"BUCA","KAPINO":null,"ENLEM":38.365545252375,"ACIKLAMA":"3508-015-03","ILCEID":8,"MAHALLE":"ÇAMLIPINAR","MAHALLEID":null,"ADI":"3 NO LU AFET VE ACİL DURUM TOPLANMA ALANI","BOYLAM":27.161012998835002,"YOL":"293/31 Sk.","Area":null},"geometry":{"type":"Point","coordinates":[27.161012998835002,38.365545252375]}},
{"type":"Feature","properties":{"ILCE":"BUCA","KAPINO":null,"ENLEM":38.370306344733997,"ACIKLAMA":"3508-014-03","ILCEID":8,"MAHALLE":"ÇAMLIKULE","MAHALLEID":null,"ADI":"3 NO LU AFET VE ACİL DURUM TOPLANMA ALANI","BOYLAM":27.170990758514002,"YOL":"220/46 Sk.","Area":null},"geometry":{"type":"Point","coordinates":[27.170990758514002,38.370306344733997]}},
{"type":"Feature","properties":{"ILCE":"KARŞIYAKA","KAPINO":null,"ENLEM":38.468536631528004,"ACIKLAMA":"3516-009-03","ILCEID":20,"MAHALLE":"DEDEBAŞI","MAHALLEID":null,"ADI":"3 NO LU AFET VE ACİL DURUM TOPLANMA ALANI","BOYLAM":27.110083293908001,"YOL":"ANADOLU Cd.","Area":null},"geometry":{"type":"Point","coordinates":[27.110083293908001,38.468536631528004]}},
{"type":"Feature","properties":{"ILCE":"BUCA","KAPINO":null,"ENLEM":38.401027152499999,"ACIKLAMA":"3508-027-02","ILCEID":8,"MAHALLE":"ŞİRİNKAPI","MAHALLEID":null,"ADI":"3 NO LU AFET VE ACİL DURUM TOPLANMA ALANI","BOYLAM":27.186906855829001,"YOL":"1060/1 Sk.","Area":null},"geometry":{"type":"Point","coordinates":[27.186906855829001,38.401027152499999]}},
{"type":"Feature","properties":{"ILCE":"KEMALPAŞA","KAPINO":null,"ENLEM":38.431281275019998,"ACIKLAMA":"3517-013-03","ILCEID":6,"MAHALLE":"ÇINARKÖY","MAHALLEID":null,"ADI":"3 NO LU AFET VE ACİL DURUM TOPLANMA ALANI","BOYLAM":27.401723856219,"YOL":"5003 Sk.","Area":null},"geometry":{"type":"Point","coordinates":[27.401723856219,38.431281275019998]}},
{"type":"Feature","properties":{"ILCE":"KEMALPAŞA","KAPINO":null,"ENLEM":38.475508631789999,"ACIKLAMA":"3517-011-03","ILCEID":6,"MAHALLE":"ULUCAK CUMHURİYET","MAHALLEID":null,"ADI":"3 NO LU AFET VE ACİL DURUM TOPLANMA ALANI","BOYLAM":27.357220793006,"YOL":"107 Sk.","Area":null},"geometry":{"type":"Point","coordinates":[27.357220793006,38.475508631789999]}},
{"type":"Feature","properties":{"ILCE":"KEMALPAŞA","KAPINO":null,"ENLEM":38.41707663879,"ACIKLAMA":"3517-039-03","ILCEID":6,"MAHALLE":"SİNANCILAR","MAHALLEID":null,"ADI":"3 NO LU AFET VE ACİL DURUM TOPLANMA ALANI","BOYLAM":27.664793634412,"YOL":"SİNANCILAR KÖY YOLU KümeEvleri","Area":null},"geometry":{"type":"Point","coordinates":[27.664793634412,38.41707663879]}},
{"type":"Feature","properties":{"ILCE":"KİRAZ","KAPINO":null,"ENLEM":38.248035284105001,"ACIKLAMA":"3519-027-03","ILCEID":994,"MAHALLE":"KARABURÇ","MAHALLEID":null,"ADI":"3 NO LU AFET VE ACİL DURUM TOPLANMA ALANI","BOYLAM":28.302319684673002,"YOL":"BAĞARASI KümeEvleri","Area":null},"geometry":{"type":"Point","coordinates":[28.302319684673002,38.248035284105001]}},
{"type":"Feature","properties":{"ILCE":"KARABAĞLAR","KAPINO":null,"ENLEM":38.397445214328002,"ACIKLAMA":"3531-016-03","ILCEID":19,"MAHALLE":"ÇALIKUŞU","MAHALLEID":null,"ADI":"3 NO LU AFET VE ACİL DURUM TOPLANMA ALANI","BOYLAM":27.129556154883002,"YOL":"3205 Sk.","Area":null},"geometry":{"type":"Point","coordinates":[27.129556154883002,38.397445214328002]}},
{"type":"Feature","properties":{"ILCE":"KARABAĞLAR","KAPINO":null,"ENLEM":38.371139020488002,"ACIKLAMA":"3531-017-03","ILCEID":19,"MAHALLE":"DEVRİM","MAHALLEID":null,"ADI":"3 NO LU AFET VE ACİL DURUM TOPLANMA ALANI","BOYLAM":27.112744197249,"YOL":"3771/14 Sk.","Area":null},"geometry":{"type":"Point","coordinates":[27.112744197249,38.371139020488002]}},
{"type":"Feature","properties":{"ILCE":"BUCA","KAPINO":null,"ENLEM":38.386320116165997,"ACIKLAMA":"3508-032-03","ILCEID":8,"MAHALLE":"KOZAĞAÇ","MAHALLEID":null,"ADI":"3 NO LU AFET VE ACİL DURUM TOPLANMA ALANI","BOYLAM":27.163888277628001,"YOL":"HAYRETTİN PAŞA Cd.","Area":null},"geometry":{"type":"Point","coordinates":[27.163888277628001,38.386320116165997]}},
{"type":"Feature","properties":{"ILCE":"TORBALI","KAPINO":null,"ENLEM":38.239338447605,"ACIKLAMA":"3528-027-03","ILCEID":9,"MAHALLE":"İNÖNÜ","MAHALLEID":null,"ADI":"3 NO LU AFET VE ACİL DURUM TOPLANMA ALANI","BOYLAM":27.268837470422,"YOL":"144","Area":null},"geometry":{"type":"Point","coordinates":[27.268837470422,38.239338447605]}},
{"type":"Feature","properties":{"ILCE":"TORBALI","KAPINO":null,"ENLEM":38.246180642220999,"ACIKLAMA":"3528-007-03","ILCEID":9,"MAHALLE":"AYRANCILAR","MAHALLEID":null,"ADI":"3 NO LU AFET VE ACİL DURUM TOPLANMA ALANI","BOYLAM":27.280585475660001,"YOL":"90/7 Sk.","Area":null},"geometry":{"type":"Point","coordinates":[27.280585475660001,38.246180642220999]}},
{"type":"Feature","properties":{"ILCE":"URLA","KAPINO":null,"ENLEM":38.349206622975998,"ACIKLAMA":"3529-023-03","ILCEID":18,"MAHALLE":"ÖZBEK","MAHALLEID":null,"ADI":"3 NO LU AFET VE ACİL DURUM TOPLANMA ALANI","BOYLAM":26.676780166343001,"YOL":"6213 Sk.","Area":null},"geometry":{"type":"Point","coordinates":[26.676780166343001,38.349206622975998]}},
{"type":"Feature","properties":{"ILCE":"TORBALI","KAPINO":null,"ENLEM":38.142906615015001,"ACIKLAMA":"3528-037-03","ILCEID":9,"MAHALLE":"MURATBEY","MAHALLEID":null,"ADI":"3 NO LU AFET VE ACİL DURUM TOPLANMA ALANI","BOYLAM":27.363293824262001,"YOL":"3570 Sk.","Area":null},"geometry":{"type":"Point","coordinates":[27.363293824262001,38.142906615015001]}},
{"type":"Feature","properties":{"ILCE":"ÖDEMİŞ","KAPINO":null,"ENLEM":38.231059392619002,"ACIKLAMA":"3524-045-02","ILCEID":998,"MAHALLE":"AKINCILAR","MAHALLEID":null,"ADI":"3 NO LU AFET VE ACİL DURUM TOPLANMA ALANI","BOYLAM":27.971427902308001,"YOL":"GAZİ Cd.","Area":null},"geometry":{"type":"Point","coordinates":[27.971427902308001,38.231059392619002]}},
{"type":"Feature","properties":{"ILCE":"KARABAĞLAR","KAPINO":null,"ENLEM":38.391870200645002,"ACIKLAMA":"3531-040-03","ILCEID":19,"MAHALLE":"POLİGON","MAHALLEID":null,"ADI":"3 NO LU AFET VE ACİL DURUM TOPLANMA ALANI","BOYLAM":27.084699124753001,"YOL":"123 Sk.","Area":null},"geometry":{"type":"Point","coordinates":[27.084699124753001,38.391870200645002]}},
{"type":"Feature","properties":{"ILCE":"KONAK","KAPINO":null,"ENLEM":38.405710154647998,"ACIKLAMA":"3520-079-03","ILCEID":21,"MAHALLE":"MURAT REİS","MAHALLEID":null,"ADI":"3 NO LU AFET VE ACİL DURUM TOPLANMA ALANI","BOYLAM":27.112025310265999,"YOL":"188 Sk.","Area":null},"geometry":{"type":"Point","coordinates":[27.112025310265999,38.405710154647998]}},
{"type":"Feature","properties":{"ILCE":"KARŞIYAKA","KAPINO":null,"ENLEM":38.467091799362997,"ACIKLAMA":"3516-013-03","ILCEID":20,"MAHALLE":"GONCALAR","MAHALLEID":null,"ADI":"3 NO LU AFET VE ACİL DURUM TOPLANMA ALANI","BOYLAM":27.109439569405001,"YOL":"GİRNE Blv.","Area":null},"geometry":{"type":"Point","coordinates":[27.109439569405001,38.467091799362997]}},
{"type":"Feature","properties":{"ILCE":"TİRE","KAPINO":null,"ENLEM":38.088496030656003,"ACIKLAMA":"3527-046-03","ILCEID":997,"MAHALLE":"İBNİ MELEK","MAHALLEID":null,"ADI":"3 NO LU AFET VE ACİL DURUM TOPLANMA ALANI","BOYLAM":27.724253052358002,"YOL":"ŞHT. YZB. GÜLTEKİN BAŞARGAN Cd.","Area":null},"geometry":{"type":"Point","coordinates":[27.724253052358002,38.088496030656003]}},
{"type":"Feature","properties":{"ILCE":"KEMALPAŞA","KAPINO":null,"ENLEM":38.415958494587002,"ACIKLAMA":"3517-003-04","ILCEID":6,"MAHALLE":"ARMUTLU 85.YIL CUMHURİYET","MAHALLEID":null,"ADI":"3 NO LU AFET VE ACİL DURUM TOPLANMA ALANI","BOYLAM":27.535887309500001,"YOL":"SANAYİ Cd.","Area":null},"geometry":{"type":"Point","coordinates":[27.535887309500001,38.415958494587002]}},
{"type":"Feature","properties":{"ILCE":"MENEMEN","KAPINO":null,"ENLEM":38.600163369771003,"ACIKLAMA":"3522-058-03","ILCEID":17,"MAHALLE":"UĞUR MUMCU","MAHALLEID":null,"ADI":"3 NO LU AFET VE ACİL DURUM TOPLANMA ALANI","BOYLAM":27.088282182065999,"YOL":"1265 Sk.","Area":null},"geometry":{"type":"Point","coordinates":[27.088282182065999,38.600163369771003]}},
{"type":"Feature","properties":{"ILCE":"KEMALPAŞA","KAPINO":null,"ENLEM":38.406181398902,"ACIKLAMA":"3517-023-02","ILCEID":6,"MAHALLE":"ARMUTLU HÜRRİYET","MAHALLEID":null,"ADI":"3 NO LU AFET VE ACİL DURUM TOPLANMA ALANI","BOYLAM":27.535592283518,"YOL":"DERELİ Sk.","Area":null},"geometry":{"type":"Point","coordinates":[27.535592283518,38.406181398902]}},
{"type":"Feature","properties":{"ILCE":"KEMALPAŞA","KAPINO":null,"ENLEM":38.41598380752,"ACIKLAMA":"3517-043-03","ILCEID":6,"MAHALLE":"BAĞYURDU YENİ","MAHALLEID":null,"ADI":"3 NO LU AFET VE ACİL DURUM TOPLANMA ALANI","BOYLAM":27.632414169078999,"YOL":"GARDELYA Sk.","Area":null},"geometry":{"type":"Point","coordinates":[27.632414169078999,38.41598380752]}},
{"type":"Feature","properties":{"ILCE":"BUCA","KAPINO":null,"ENLEM":38.372493317059003,"ACIKLAMA":"3508-045-03","ILCEID":8,"MAHALLE":"YILDIZ","MAHALLEID":null,"ADI":"3 NO LU AFET VE ACİL DURUM TOPLANMA ALANI","BOYLAM":27.178543817695999,"YOL":"242/16 Sk.","Area":null},"geometry":{"type":"Point","coordinates":[27.178543817695999,38.372493317059003]}},
{"type":"Feature","properties":{"ILCE":"KARABAĞLAR","KAPINO":null,"ENLEM":38.377049915802999,"ACIKLAMA":"3531-027-02","ILCEID":19,"MAHALLE":"GÜNALTAY","MAHALLEID":null,"ADI":"3 NO LU AFET VE ACİL DURUM TOPLANMA ALANI","BOYLAM":27.115429065051998,"YOL":"4858 Sk.","Area":null},"geometry":{"type":"Point","coordinates":[27.115429065051998,38.377049915802999]}},
{"type":"Feature","properties":{"ILCE":"URLA","KAPINO":null,"ENLEM":38.322226416135997,"ACIKLAMA":"3529-027-03","ILCEID":18,"MAHALLE":"TORASAN","MAHALLEID":null,"ADI":"3 NO LU AFET VE ACİL DURUM TOPLANMA ALANI","BOYLAM":26.711503918245,"YOL":"607","Area":null},"geometry":{"type":"Point","coordinates":[26.711503918245,38.322226416135997]}},
{"type":"Feature","properties":{"ILCE":"KARABAĞLAR","KAPINO":null,"ENLEM":38.389524078062998,"ACIKLAMA":"3531-031-03","ILCEID":19,"MAHALLE":"KAZIM KARABEKİR","MAHALLEID":null,"ADI":"3 NO LU AFET VE ACİL DURUM TOPLANMA ALANI","BOYLAM":27.115694581303998,"YOL":"9184 Sk.","Area":null},"geometry":{"type":"Point","coordinates":[27.115694581303998,38.389524078062998]}},
{"type":"Feature","properties":{"ILCE":"KARŞIYAKA","KAPINO":null,"ENLEM":38.461547386737998,"ACIKLAMA":"3516-003-03","ILCEID":20,"MAHALLE":"ATAKENT","MAHALLEID":null,"ADI":"3 NO LU AFET VE ACİL DURUM TOPLANMA ALANI","BOYLAM":27.087456303159001,"YOL":"CENGİZ TOPEL Cd.","Area":null},"geometry":{"type":"Point","coordinates":[27.087456303159001,38.461547386737998]}},
{"type":"Feature","properties":{"ILCE":"KARABAĞLAR","KAPINO":null,"ENLEM":38.393627671015999,"ACIKLAMA":"3531-021-03","ILCEID":19,"MAHALLE":"ESENYALI","MAHALLEID":null,"ADI":"3 NO LU AFET VE ACİL DURUM TOPLANMA ALANI","BOYLAM":27.090546308213,"YOL":"119/2 Sk.","Area":null},"geometry":{"type":"Point","coordinates":[27.090546308213,38.393627671015999]}},
{"type":"Feature","properties":{"ILCE":"URLA","KAPINO":null,"ENLEM":38.325618492582002,"ACIKLAMA":"3529-013-03","ILCEID":18,"MAHALLE":"HACI İSA","MAHALLEID":null,"ADI":"3 NO LU AFET VE ACİL DURUM TOPLANMA ALANI","BOYLAM":26.764627477036001,"YOL":"YAVUZ Sk.","Area":null},"geometry":{"type":"Point","coordinates":[26.764627477036001,38.325618492582002]}},
{"type":"Feature","properties":{"ILCE":"KEMALPAŞA","KAPINO":null,"ENLEM":38.458422539719002,"ACIKLAMA":"3517-051-03","ILCEID":6,"MAHALLE":"AŞAĞI YENMİŞ","MAHALLEID":null,"ADI":"3 NO LU AFET VE ACİL DURUM TOPLANMA ALANI","BOYLAM":27.438062199512999,"YOL":"KOCATEPE Cd.","Area":null},"geometry":{"type":"Point","coordinates":[27.438062199512999,38.458422539719002]}},
{"type":"Feature","properties":{"ILCE":"URLA","KAPINO":null,"ENLEM":38.399286211662996,"ACIKLAMA":"3529-012-03","ILCEID":18,"MAHALLE":"GÜVENDİK","MAHALLEID":null,"ADI":"3 NO LU AFET VE ACİL DURUM TOPLANMA ALANI","BOYLAM":26.745873434448999,"YOL":"168 Sk.","Area":null},"geometry":{"type":"Point","coordinates":[26.745873434448999,38.399286211662996]}},
{"type":"Feature","properties":{"ILCE":"KEMALPAŞA","KAPINO":null,"ENLEM":38.481035146727997,"ACIKLAMA":"3517-032-03","ILCEID":6,"MAHALLE":"ULUCAK MUSTAFA KEMAL ATATÜRK","MAHALLEID":null,"ADI":"3 NO LU AFET VE ACİL DURUM TOPLANMA ALANI","BOYLAM":27.353331600158999,"YOL":"200/1 Sk.","Area":null},"geometry":{"type":"Point","coordinates":[27.353331600158999,38.481035146727997]}},
{"type":"Feature","properties":{"ILCE":"ÇİĞLİ","KAPINO":null,"ENLEM":38.494001183729999,"ACIKLAMA":"3510-020-03","ILCEID":16,"MAHALLE":"KÖYİÇİ","MAHALLEID":null,"ADI":"3 NO LU AFET VE ACİL DURUM TOPLANMA ALANI","BOYLAM":27.062908792820998,"YOL":"8072 Sk.","Area":null},"geometry":{"type":"Point","coordinates":[27.062908792820998,38.494001183729999]}},
{"type":"Feature","properties":{"ILCE":"BUCA","KAPINO":null,"ENLEM":38.376446518102,"ACIKLAMA":"3508-004-03","ILCEID":8,"MAHALLE":"ATATÜRK","MAHALLEID":null,"ADI":"3 NO LU AFET VE ACİL DURUM TOPLANMA ALANI","BOYLAM":27.18809242747,"YOL":"202/42 Sk.","Area":null},"geometry":{"type":"Point","coordinates":[27.18809242747,38.376446518102]}},
{"type":"Feature","properties":{"ILCE":"ÇEŞME","KAPINO":null,"ENLEM":38.369068888295999,"ACIKLAMA":"3509-024-03","ILCEID":1001,"MAHALLE":"ÜNİVERSİTE","MAHALLEID":null,"ADI":"3 NO LU AFET VE ACİL DURUM TOPLANMA ALANI","BOYLAM":26.311223696745,"YOL":"4403 Sk.","Area":null},"geometry":{"type":"Point","coordinates":[26.311223696745,38.369068888295999]}},
{"type":"Feature","properties":{"ILCE":"GÜZELBAHÇE","KAPINO":null,"ENLEM":38.364110681588997,"ACIKLAMA":"3514-003-03","ILCEID":1,"MAHALLE":"ÇELEBİ","MAHALLEID":null,"ADI":"3 NO LU AFET VE ACİL DURUM TOPLANMA ALANI","BOYLAM":26.881952007384001,"YOL":"488 Sk.","Area":null},"geometry":{"type":"Point","coordinates":[26.881952007384001,38.364110681588997]}},
{"type":"Feature","properties":{"ILCE":"URLA","KAPINO":null,"ENLEM":38.320521997204999,"ACIKLAMA":"3529-033-02","ILCEID":18,"MAHALLE":"YELALTI","MAHALLEID":null,"ADI":"3 NO LU AFET VE ACİL DURUM TOPLANMA ALANI","BOYLAM":26.771912329166,"YOL":"TOPALTI Sk.","Area":null},"geometry":{"type":"Point","coordinates":[26.771912329166,38.320521997204999]}},
{"type":"Feature","properties":{"ILCE":"GÜZELBAHÇE","KAPINO":null,"ENLEM":38.335802117951999,"ACIKLAMA":"3514-012-03","ILCEID":1,"MAHALLE":"YELKİ","MAHALLEID":null,"ADI":"3 NO LU AFET VE ACİL DURUM TOPLANMA ALANI","BOYLAM":26.864340760832999,"YOL":"2362 Sk.","Area":null},"geometry":{"type":"Point","coordinates":[26.864340760832999,38.335802117951999]}},
{"type":"Feature","properties":{"ILCE":"BAYRAKLI","KAPINO":null,"ENLEM":38.473559737210003,"ACIKLAMA":"3530-009-03","ILCEID":11,"MAHALLE":"ORG.NAFİZ GÜRMAN","MAHALLEID":null,"ADI":"3 NO LU AFET VE ACİL DURUM TOPLANMA ALANI","BOYLAM":27.130543073978998,"YOL":"1660 Sk.","Area":null},"geometry":{"type":"Point","coordinates":[27.130543073978998,38.473559737210003]}},
{"type":"Feature","properties":{"ILCE":"KINIK","KAPINO":null,"ENLEM":39.092015766719001,"ACIKLAMA":"3518-037-03","ILCEID":996,"MAHALLE":"YENİ","MAHALLEID":null,"ADI":"3 NO LU AFET VE ACİL DURUM TOPLANMA ALANI","BOYLAM":27.381472181778999,"YOL":"KIYI Sk.","Area":null},"geometry":{"type":"Point","coordinates":[27.381472181778999,39.092015766719001]}},
{"type":"Feature","properties":{"ILCE":"BAYRAKLI","KAPINO":null,"ENLEM":38.475995604273997,"ACIKLAMA":"3530-020-03","ILCEID":11,"MAHALLE":"R.ŞEVKET İNCE","MAHALLEID":null,"ADI":"3 NO LU AFET VE ACİL DURUM TOPLANMA ALANI","BOYLAM":27.177642426015002,"YOL":"2166 Sk.","Area":null},"geometry":{"type":"Point","coordinates":[27.177642426015002,38.475995604273997]}},
{"type":"Feature","properties":{"ILCE":"KEMALPAŞA","KAPINO":null,"ENLEM":38.408695210796999,"ACIKLAMA":"3517-002-03","ILCEID":6,"MAHALLE":"ÖREN 75.YIL CUMHURİYET","MAHALLEID":null,"ADI":"3 NO LU AFET VE ACİL DURUM TOPLANMA ALANI","BOYLAM":27.592460192956999,"YOL":"BİLGE Sk.","Area":null},"geometry":{"type":"Point","coordinates":[27.592460192956999,38.408695210796999]}},
{"type":"Feature","properties":{"ILCE":"KARŞIYAKA","KAPINO":null,"ENLEM":38.497141678535002,"ACIKLAMA":"3516-018-03","ILCEID":20,"MAHALLE":"MUSTAFA KEMAL","MAHALLEID":null,"ADI":"3 NO LU AFET VE ACİL DURUM TOPLANMA ALANI","BOYLAM":27.096919028754002,"YOL":"6753/21 Sk.","Area":null},"geometry":{"type":"Point","coordinates":[27.096919028754002,38.497141678535002]}},
{"type":"Feature","properties":{"ILCE":"ÇEŞME","KAPINO":null,"ENLEM":38.350842702003,"ACIKLAMA":"3509-011-03","ILCEID":1001,"MAHALLE":"DALYAN","MAHALLEID":null,"ADI":"3 NO LU AFET VE ACİL DURUM TOPLANMA ALANI","BOYLAM":26.308289409259999,"YOL":"4004 Sk.","Area":null},"geometry":{"type":"Point","coordinates":[26.308289409259999,38.350842702003]}},
{"type":"Feature","properties":{"ILCE":"KARŞIYAKA","KAPINO":null,"ENLEM":38.457628277479003,"ACIKLAMA":"3516-006-03","ILCEID":20,"MAHALLE":"AKSOY","MAHALLEID":null,"ADI":"3 NO LU AFET VE ACİL DURUM TOPLANMA ALANI","BOYLAM":27.109407399155,"YOL":"1671 Sk.","Area":null},"geometry":{"type":"Point","coordinates":[27.109407399155,38.457628277479003]}},
{"type":"Feature","properties":{"ILCE":"ÇEŞME","KAPINO":null,"ENLEM":38.290183346961001,"ACIKLAMA":"3509-019-03","ILCEID":1001,"MAHALLE":"OVACIK","MAHALLEID":null,"ADI":"3 NO LU AFET VE ACİL DURUM TOPLANMA ALANI","BOYLAM":26.313117475822999,"YOL":"7047 Sk.","Area":null},"geometry":{"type":"Point","coordinates":[26.313117475822999,38.290183346961001]}},
{"type":"Feature","properties":{"ILCE":"BUCA","KAPINO":null,"ENLEM":38.370684848857998,"ACIKLAMA":"3508-044-03","ILCEID":8,"MAHALLE":"YEŞİLBAĞLAR","MAHALLEID":null,"ADI":"3 NO LU AFET VE ACİL DURUM TOPLANMA ALANI","BOYLAM":27.157837270597,"YOL":"292/34 Sk.","Area":null},"geometry":{"type":"Point","coordinates":[27.157837270597,38.370684848857998]}},
{"type":"Feature","properties":{"ILCE":"BAYRAKLI","KAPINO":null,"ENLEM":38.481589222463001,"ACIKLAMA":"3530-016-03","ILCEID":11,"MAHALLE":"ONUR","MAHALLEID":null,"ADI":"3 NO LU AFET VE ACİL DURUM TOPLANMA ALANI","BOYLAM":27.127914508583,"YOL":"7334 Sk.","Area":null},"geometry":{"type":"Point","coordinates":[27.127914508583,38.481589222463001]}},
{"type":"Feature","properties":{"ILCE":"ÇİĞLİ","KAPINO":null,"ENLEM":38.504511522841,"ACIKLAMA":"3510-009-03","ILCEID":16,"MAHALLE":"ÇAĞDAŞ","MAHALLEID":null,"ADI":"3 NO LU AFET VE ACİL DURUM TOPLANMA ALANI","BOYLAM":27.059220755710999,"YOL":"8823 Sk.","Area":null},"geometry":{"type":"Point","coordinates":[27.059220755710999,38.504511522841]}},
{"type":"Feature","properties":{"ILCE":"ÇİĞLİ","KAPINO":null,"ENLEM":38.511607804251,"ACIKLAMA":"3510-011-03","ILCEID":16,"MAHALLE":"ESENTEPE","MAHALLEID":null,"ADI":"3 NO LU AFET VE ACİL DURUM TOPLANMA ALANI","BOYLAM":27.050645763885999,"YOL":"8809 Sk.","Area":null},"geometry":{"type":"Point","coordinates":[27.050645763885999,38.511607804251]}},
{"type":"Feature","properties":{"ILCE":"GÜZELBAHÇE","KAPINO":null,"ENLEM":38.382077055266002,"ACIKLAMA":"3514-006-03","ILCEID":1,"MAHALLE":"MALTEPE","MAHALLEID":null,"ADI":"3 NO LU AFET VE ACİL DURUM TOPLANMA ALANI","BOYLAM":26.919234494674999,"YOL":"20 Sk.","Area":null},"geometry":{"type":"Point","coordinates":[26.919234494674999,38.382077055266002]}},
{"type":"Feature","properties":{"ILCE":"BORNOVA","KAPINO":null,"ENLEM":38.438138847746004,"ACIKLAMA":"3507-026-03","ILCEID":2,"MAHALLE":"KEMALPAŞA","MAHALLEID":null,"ADI":"3 NO LU AFET VE ACİL DURUM TOPLANMA ALANI","BOYLAM":27.281389818070998,"YOL":"7420 Sk.","Area":null},"geometry":{"type":"Point","coordinates":[27.281389818070998,38.438138847746004]}},
{"type":"Feature","properties":{"ILCE":"KEMALPAŞA","KAPINO":null,"ENLEM":38.440609562970003,"ACIKLAMA":"3517-029-03","ILCEID":6,"MAHALLE":"KIZILÜZÜM","MAHALLEID":null,"ADI":"3 NO LU AFET VE ACİL DURUM TOPLANMA ALANI","BOYLAM":27.367595583109999,"YOL":"KIZILÜZÜM KÖY YOLU KümeEvleri","Area":null},"geometry":{"type":"Point","coordinates":[27.367595583109999,38.440609562970003]}},
{"type":"Feature","properties":{"ILCE":"KARŞIYAKA","KAPINO":null,"ENLEM":38.473895696204998,"ACIKLAMA":"3516-014-03","ILCEID":20,"MAHALLE":"İMBATLI","MAHALLEID":null,"ADI":"3 NO LU AFET VE ACİL DURUM TOPLANMA ALANI","BOYLAM":27.110759198097998,"YOL":"6072 Sk.","Area":null},"geometry":{"type":"Point","coordinates":[27.110759198097998,38.473895696204998]}},
{"type":"Feature","properties":{"ILCE":"KARŞIYAKA","KAPINO":null,"ENLEM":38.472198937710999,"ACIKLAMA":"3516-017-03","ILCEID":20,"MAHALLE":"MAVİŞEHİR","MAHALLEID":null,"ADI":"3 NO LU AFET VE ACİL DURUM TOPLANMA ALANI","BOYLAM":27.068423424496999,"YOL":"OPERA Cd.","Area":null},"geometry":{"type":"Point","coordinates":[27.068423424496999,38.472198937710999]}},
{"type":"Feature","properties":{"ILCE":"ÇİĞLİ","KAPINO":null,"ENLEM":38.492842393536002,"ACIKLAMA":"3510-006-03","ILCEID":16,"MAHALLE":"AYDINLIKEVLER","MAHALLEID":null,"ADI":"3 NO LU AFET VE ACİL DURUM TOPLANMA ALANI","BOYLAM":27.084956443332999,"YOL":"6796/1 Sk.","Area":null},"geometry":{"type":"Point","coordinates":[27.084956443332999,38.492842393536002]}},
{"type":"Feature","properties":{"ILCE":"TORBALI","KAPINO":null,"ENLEM":38.144712303752002,"ACIKLAMA":"3528-051-03","ILCEID":9,"MAHALLE":"TEPEKÖY","MAHALLEID":null,"ADI":"3 NO LU AFET VE ACİL DURUM TOPLANMA ALANI","BOYLAM":27.365031884031001,"YOL":"4541 Sk.","Area":null},"geometry":{"type":"Point","coordinates":[27.365031884031001,38.144712303752002]}},
{"type":"Feature","properties":{"ILCE":"MENDERES","KAPINO":null,"ENLEM":38.258582426110003,"ACIKLAMA":"3521-022-03","ILCEID":13,"MAHALLE":"GÖLCÜKLER","MAHALLEID":null,"ADI":"3 NO LU AFET VE ACİL DURUM TOPLANMA ALANI","BOYLAM":27.147730945704001,"YOL":"1025 Sk.","Area":null},"geometry":{"type":"Point","coordinates":[27.147730945704001,38.258582426110003]}},
{"type":"Feature","properties":{"ILCE":"MENDERES","KAPINO":null,"ENLEM":38.263552690296002,"ACIKLAMA":"3521-032-03","ILCEID":13,"MAHALLE":"KASIMPAŞA","MAHALLEID":null,"ADI":"3 NO LU AFET VE ACİL DURUM TOPLANMA ALANI","BOYLAM":27.128354756823001,"YOL":"260 Sk.","Area":null},"geometry":{"type":"Point","coordinates":[27.128354756823001,38.263552690296002]}},
{"type":"Feature","properties":{"ILCE":"BEYDAĞ","KAPINO":null,"ENLEM":38.088663242522003,"ACIKLAMA":"3506-007-03","ILCEID":993,"MAHALLE":"CUMHURİYET","MAHALLEID":null,"ADI":"3 NO LU AFET VE ACİL DURUM TOPLANMA ALANI","BOYLAM":28.209167228123,"YOL":"2 EYLÜL KURTULUŞ PARKI Sk.","Area":null},"geometry":{"type":"Point","coordinates":[28.209167228123,38.088663242522003]}},
{"type":"Feature","properties":{"ILCE":"BAYRAKLI","KAPINO":null,"ENLEM":38.454456775182997,"ACIKLAMA":"3530-014-03","ILCEID":11,"MAHALLE":"MANSUROĞLU","MAHALLEID":null,"ADI":"3 NO LU AFET VE ACİL DURUM TOPLANMA ALANI","BOYLAM":27.190146858508001,"YOL":"269/12","Area":null},"geometry":{"type":"Point","coordinates":[27.190146858508001,38.454456775182997]}},
{"type":"Feature","properties":{"ILCE":"KEMALPAŞA","KAPINO":null,"ENLEM":38.396680440388998,"ACIKLAMA":"3517-006-03","ILCEID":6,"MAHALLE":"AŞAĞIKIZILCA","MAHALLEID":null,"ADI":"3 NO LU AFET VE ACİL DURUM TOPLANMA ALANI","BOYLAM":27.515170060631998,"YOL":"2002 Sk.","Area":null},"geometry":{"type":"Point","coordinates":[27.515170060631998,38.396680440388998]}},
{"type":"Feature","properties":{"ILCE":"BUCA","KAPINO":null,"ENLEM":38.388733633108998,"ACIKLAMA":"3508-025-03","ILCEID":8,"MAHALLE":"İNKILAP","MAHALLEID":null,"ADI":"3 NO LU AFET VE ACİL DURUM TOPLANMA ALANI","BOYLAM":27.147301575837002,"YOL":"531 Sk.","Area":null},"geometry":{"type":"Point","coordinates":[27.147301575837002,38.388733633108998]}},
{"type":"Feature","properties":{"ILCE":"KARŞIYAKA","KAPINO":null,"ENLEM":38.489105537889003,"ACIKLAMA":"3516-027-03","ILCEID":20,"MAHALLE":"ZÜBEYDE HANIM","MAHALLEID":null,"ADI":"3 NO LU AFET VE ACİL DURUM TOPLANMA ALANI","BOYLAM":27.108699245918999,"YOL":"7448/18 Sk.","Area":null},"geometry":{"type":"Point","coordinates":[27.108699245918999,38.489105537889003]}},
{"type":"Feature","properties":{"ILCE":"URLA","KAPINO":null,"ENLEM":38.366726799238002,"ACIKLAMA":"3529-035-03","ILCEID":18,"MAHALLE":"ZEYTİNALANI","MAHALLEID":null,"ADI":"3 NO LU AFET VE ACİL DURUM TOPLANMA ALANI","BOYLAM":26.841043155847998,"YOL":"4171","Area":null},"geometry":{"type":"Point","coordinates":[26.841043155847998,38.366726799238002]}},
{"type":"Feature","properties":{"ILCE":"KEMALPAŞA","KAPINO":null,"ENLEM":38.424708730185003,"ACIKLAMA":"3517-040-03","ILCEID":6,"MAHALLE":"SOĞUKPINAR","MAHALLEID":null,"ADI":"3 NO LU AFET VE ACİL DURUM TOPLANMA ALANI","BOYLAM":27.425573950916,"YOL":"271 Sk.","Area":null},"geometry":{"type":"Point","coordinates":[27.425573950916,38.424708730185003]}},
{"type":"Feature","properties":{"ILCE":"KEMALPAŞA","KAPINO":null,"ENLEM":38.457901670234001,"ACIKLAMA":"3517-041-03","ILCEID":6,"MAHALLE":"SÜTÇÜLER","MAHALLEID":null,"ADI":"3 NO LU AFET VE ACİL DURUM TOPLANMA ALANI","BOYLAM":27.449638557046999,"YOL":"AKEVLER Cd.","Area":null},"geometry":{"type":"Point","coordinates":[27.449638557046999,38.457901670234001]}},
{"type":"Feature","properties":{"ILCE":"MENEMEN","KAPINO":null,"ENLEM":38.613129185851001,"ACIKLAMA":"3522-048-03","ILCEID":17,"MAHALLE":"MERMERLİ","MAHALLEID":null,"ADI":"3 NO LU AFET VE ACİL DURUM TOPLANMA ALANI","BOYLAM":27.069876932437001,"YOL":"1417 Sk.","Area":null},"geometry":{"type":"Point","coordinates":[27.069876932437001,38.613129185851001]}},
{"type":"Feature","properties":{"ILCE":"BAYRAKLI","KAPINO":null,"ENLEM":38.495143261559001,"ACIKLAMA":"3530-012-03","ILCEID":11,"MAHALLE":"KÖRFEZ","MAHALLEID":null,"ADI":"3 NO LU AFET VE ACİL DURUM TOPLANMA ALANI","BOYLAM":27.135928886285999,"YOL":"7383/3 Sk.","Area":null},"geometry":{"type":"Point","coordinates":[27.135928886285999,38.495143261559001]}},
{"type":"Feature","properties":{"ILCE":"KEMALPAŞA","KAPINO":null,"ENLEM":38.427717710148002,"ACIKLAMA":"3517-007-03","ILCEID":6,"MAHALLE":"ATATÜRK","MAHALLEID":null,"ADI":"3 NO LU AFET VE ACİL DURUM TOPLANMA ALANI","BOYLAM":27.406015375104001,"YOL":"TEPEEVLER 1.ÇIKMAZI Sk.","Area":null},"geometry":{"type":"Point","coordinates":[27.406015375104001,38.427717710148002]}},
{"type":"Feature","properties":{"ILCE":"GÜZELBAHÇE","KAPINO":null,"ENLEM":38.376576574045998,"ACIKLAMA":"3514-011-03","ILCEID":1,"MAHALLE":"YALI","MAHALLEID":null,"ADI":"3 NO LU AFET VE ACİL DURUM TOPLANMA ALANI","BOYLAM":26.894129153537001,"YOL":"85 Sk.","Area":null},"geometry":{"type":"Point","coordinates":[26.894129153537001,38.376576574045998]}},
{"type":"Feature","properties":{"ILCE":"BUCA","KAPINO":null,"ENLEM":38.377085706519999,"ACIKLAMA":"3508-043-03","ILCEID":8,"MAHALLE":"YENİGÜN","MAHALLEID":null,"ADI":"3 NO LU AFET VE ACİL DURUM TOPLANMA ALANI","BOYLAM":27.158545359478001,"YOL":"292/42 Sk.","Area":null},"geometry":{"type":"Point","coordinates":[27.158545359478001,38.377085706519999]}},
{"type":"Feature","properties":{"ILCE":"MENDERES","KAPINO":null,"ENLEM":38.246197336210997,"ACIKLAMA":"3521-006-03","ILCEID":13,"MAHALLE":"BARBAROS","MAHALLEID":null,"ADI":"3 NO LU AFET VE ACİL DURUM TOPLANMA ALANI","BOYLAM":27.12749648338,"YOL":"415 Sk.","Area":null},"geometry":{"type":"Point","coordinates":[27.12749648338,38.246197336210997]}},
{"type":"Feature","properties":{"ILCE":"ÇİĞLİ","KAPINO":null,"ENLEM":38.536830601132998,"ACIKLAMA":"3510-008-03","ILCEID":16,"MAHALLE":"CUMHURİYET","MAHALLEID":null,"ADI":"3 NO LU AFET VE ACİL DURUM TOPLANMA ALANI","BOYLAM":27.053488847929,"YOL":"9600 Sk.","Area":null},"geometry":{"type":"Point","coordinates":[27.053488847929,38.536830601132998]}},
{"type":"Feature","properties":{"ILCE":"ÇEŞME","KAPINO":null,"ENLEM":38.343051204022998,"ACIKLAMA":"3509-005-03","ILCEID":1001,"MAHALLE":"ARDIÇ","MAHALLEID":null,"ADI":"3 NO LU AFET VE ACİL DURUM TOPLANMA ALANI","BOYLAM":26.386378865640001,"YOL":"5415 Sk.","Area":null},"geometry":{"type":"Point","coordinates":[26.386378865640001,38.343051204022998]}},
{"type":"Feature","properties":{"ILCE":"KONAK","KAPINO":null,"ENLEM":38.429432038469997,"ACIKLAMA":"3520-045-03","ILCEID":21,"MAHALLE":"HALKAPINAR","MAHALLEID":null,"ADI":"3 NO LU AFET VE ACİL DURUM TOPLANMA ALANI","BOYLAM":27.170368389779998,"YOL":"1443 Sk.","Area":null},"geometry":{"type":"Point","coordinates":[27.170368389779998,38.429432038469997]}},
{"type":"Feature","properties":{"ILCE":"URLA","KAPINO":null,"ENLEM":38.328522208457997,"ACIKLAMA":"3529-034-03","ILCEID":18,"MAHALLE":"YENİKENT","MAHALLEID":null,"ADI":"3 NO LU AFET VE ACİL DURUM TOPLANMA ALANI","BOYLAM":26.769605626810002,"YOL":"YAĞMUR Sk.","Area":null},"geometry":{"type":"Point","coordinates":[26.769605626810002,38.328522208457997]}},
{"type":"Feature","properties":{"ILCE":"KARŞIYAKA","KAPINO":null,"ENLEM":38.485385257185001,"ACIKLAMA":"3516-020-03","ILCEID":20,"MAHALLE":"ÖRNEKKÖY","MAHALLEID":null,"ADI":"3 NO LU AFET VE ACİL DURUM TOPLANMA ALANI","BOYLAM":27.106317462488999,"YOL":"7532 Sk.","Area":null},"geometry":{"type":"Point","coordinates":[27.106317462488999,38.485385257185001]}},
{"type":"Feature","properties":{"ILCE":"ÇİĞLİ","KAPINO":null,"ENLEM":38.498359183482002,"ACIKLAMA":"3510-012-03","ILCEID":16,"MAHALLE":"EVKA-2","MAHALLEID":null,"ADI":"3 NO LU AFET VE ACİL DURUM TOPLANMA ALANI","BOYLAM":27.081941645945001,"YOL":"6851 Sk.","Area":null},"geometry":{"type":"Point","coordinates":[27.081941645945001,38.498359183482002]}},
{"type":"Feature","properties":{"ILCE":"URLA","KAPINO":null,"ENLEM":38.383123921733997,"ACIKLAMA":"3529-010-03","ILCEID":18,"MAHALLE":"DENİZLİ","MAHALLEID":null,"ADI":"3 NO LU AFET VE ACİL DURUM TOPLANMA ALANI","BOYLAM":26.744457264043,"YOL":"HARBİYE Cd.","Area":null},"geometry":{"type":"Point","coordinates":[26.744457264043,38.383123921733997]}},
{"type":"Feature","properties":{"ILCE":"URLA","KAPINO":null,"ENLEM":38.320850259262997,"ACIKLAMA":"3529-025-03","ILCEID":18,"MAHALLE":"SIRA","MAHALLEID":null,"ADI":"3 NO LU AFET VE ACİL DURUM TOPLANMA ALANI","BOYLAM":26.760673929277001,"YOL":"1.ONDEĞİRMENLER Sk.","Area":null},"geometry":{"type":"Point","coordinates":[26.760673929277001,38.320850259262997]}},
{"type":"Feature","properties":{"ILCE":"BAYINDIR","KAPINO":null,"ENLEM":38.213860353348998,"ACIKLAMA":"3504-048-01","ILCEID":7,"MAHALLE":"SADIKPAŞA","MAHALLEID":null,"ADI":"3 NO LU AFET VE ACİL DURUM TOPLANMA ALANI","BOYLAM":27.644419991326998,"YOL":"BAHADIR Cd.","Area":null},"geometry":{"type":"Point","coordinates":[27.644419991326998,38.213860353348998]}},
{"type":"Feature","properties":{"ILCE":"URLA","KAPINO":null,"ENLEM":38.369712982705998,"ACIKLAMA":"3529-008-03","ILCEID":18,"MAHALLE":"ÇAMLIÇAY","MAHALLEID":null,"ADI":"3 NO LU AFET VE ACİL DURUM TOPLANMA ALANI","BOYLAM":26.845302477171,"YOL":"5172 Sk.","Area":null},"geometry":{"type":"Point","coordinates":[26.845302477171,38.369712982705998]}},
{"type":"Feature","properties":{"ILCE":"BAYRAKLI","KAPINO":null,"ENLEM":38.479388754532003,"ACIKLAMA":"3530-021-03","ILCEID":11,"MAHALLE":"SOĞUKKUYU","MAHALLEID":null,"ADI":"3 NO LU AFET VE ACİL DURUM TOPLANMA ALANI","BOYLAM":27.121402141207,"YOL":"1844/7 Sk.","Area":null},"geometry":{"type":"Point","coordinates":[27.121402141207,38.479388754532003]}},
{"type":"Feature","properties":{"ILCE":"SELÇUK","KAPINO":null,"ENLEM":37.956212137927999,"ACIKLAMA":"3526-013-03","ILCEID":10,"MAHALLE":"ZAFER","MAHALLEID":null,"ADI":"3 NO LU AFET VE ACİL DURUM TOPLANMA ALANI","BOYLAM":27.375197706194001,"YOL":"3032 Sk.","Area":null},"geometry":{"type":"Point","coordinates":[27.375197706194001,37.956212137927999]}},
{"type":"Feature","properties":{"ILCE":"SEFERİHİSAR","KAPINO":null,"ENLEM":38.202558654004001,"ACIKLAMA":"3525-004-04","ILCEID":12,"MAHALLE":"CAMİKEBİR","MAHALLEID":null,"ADI":"3 NO LU AFET VE ACİL DURUM TOPLANMA ALANI","BOYLAM":26.831199786241001,"YOL":"84/17 Sk.","Area":null},"geometry":{"type":"Point","coordinates":[26.831199786241001,38.202558654004001]}},
{"type":"Feature","properties":{"ILCE":"KINIK","KAPINO":null,"ENLEM":39.091882543129998,"ACIKLAMA":"3518-016-03","ILCEID":996,"MAHALLE":"FATİH","MAHALLEID":null,"ADI":"3 NO LU AFET VE ACİL DURUM TOPLANMA ALANI","BOYLAM":27.389438304483999,"YOL":"LALE Sk.","Area":null},"geometry":{"type":"Point","coordinates":[27.389438304483999,39.091882543129998]}},
{"type":"Feature","properties":{"ILCE":"KARABAĞLAR","KAPINO":null,"ENLEM":38.393198797497,"ACIKLAMA":"3531-022-03","ILCEID":19,"MAHALLE":"FAHRETTİN ALTAY","MAHALLEID":null,"ADI":"3 NO LU AFET VE ACİL DURUM TOPLANMA ALANI","BOYLAM":27.069153116691002,"YOL":"2/2 Sk.","Area":null},"geometry":{"type":"Point","coordinates":[27.069153116691002,38.393198797497]}},
{"type":"Feature","properties":{"ILCE":"KARABAĞLAR","KAPINO":null,"ENLEM":38.381829154624,"ACIKLAMA":"3531-003-03","ILCEID":19,"MAHALLE":"ALİ FUAT CEBESOY","MAHALLEID":null,"ADI":"3 NO LU AFET VE ACİL DURUM TOPLANMA ALANI","BOYLAM":27.106682417066999,"YOL":"9593 Sk.","Area":null},"geometry":{"type":"Point","coordinates":[27.106682417066999,38.381829154624]}},
{"type":"Feature","properties":{"ILCE":"KONAK","KAPINO":null,"ENLEM":38.440037909704998,"ACIKLAMA":"3520-100-03","ILCEID":21,"MAHALLE":"UMURBEY","MAHALLEID":null,"ADI":"3 NO LU AFET VE ACİL DURUM TOPLANMA ALANI","BOYLAM":27.150498666490002,"YOL":"LİMAN Cd.","Area":null},"geometry":{"type":"Point","coordinates":[27.150498666490002,38.440037909704998]}},
{"type":"Feature","properties":{"ILCE":"MENDERES","KAPINO":null,"ENLEM":38.046752306075,"ACIKLAMA":"3521-041-03","ILCEID":13,"MAHALLE":"ORTA","MAHALLEID":null,"ADI":"3 NO LU AFET VE ACİL DURUM TOPLANMA ALANI","BOYLAM":27.059326138319001,"YOL":"1208 Sk.","Area":null},"geometry":{"type":"Point","coordinates":[27.059326138319001,38.046752306075]}},
{"type":"Feature","properties":{"ILCE":"MENDERES","KAPINO":null,"ENLEM":38.255018772734999,"ACIKLAMA":"3521-038-03","ILCEID":13,"MAHALLE":"MİTHATPAŞA","MAHALLEID":null,"ADI":"3 NO LU AFET VE ACİL DURUM TOPLANMA ALANI","BOYLAM":27.144920010749999,"YOL":"537/2 Sk.","Area":null},"geometry":{"type":"Point","coordinates":[27.144920010749999,38.255018772734999]}},
{"type":"Feature","properties":{"ILCE":"KARŞIYAKA","KAPINO":null,"ENLEM":38.468629019209999,"ACIKLAMA":"3516-010-03","ILCEID":20,"MAHALLE":"DEMİRKÖPRÜ","MAHALLEID":null,"ADI":"3 NO LU AFET VE ACİL DURUM TOPLANMA ALANI","BOYLAM":27.097401872616999,"YOL":"6179/1 Sk.","Area":null},"geometry":{"type":"Point","coordinates":[27.097401872616999,38.468629019209999]}},
{"type":"Feature","properties":{"ILCE":"SELÇUK","KAPINO":null,"ENLEM":37.951580445312999,"ACIKLAMA":"3526-010-06","ILCEID":10,"MAHALLE":"İSA BEY","MAHALLEID":null,"ADI":"3 NO LU AFET VE ACİL DURUM TOPLANMA ALANI","BOYLAM":27.372231205493001,"YOL":"TABAK Cd.","Area":null},"geometry":{"type":"Point","coordinates":[27.372231205493001,37.951580445312999]}},
{"type":"Feature","properties":{"ILCE":"URLA","KAPINO":null,"ENLEM":38.306720410879002,"ACIKLAMA":"3529-014-03","ILCEID":18,"MAHALLE":"İÇMELER","MAHALLEID":null,"ADI":"3 NO LU AFET VE ACİL DURUM TOPLANMA ALANI","BOYLAM":26.691006607769001,"YOL":"1084 Sk.","Area":null},"geometry":{"type":"Point","coordinates":[26.691006607769001,38.306720410879002]}},
{"type":"Feature","properties":{"ILCE":"URLA","KAPINO":null,"ENLEM":38.352218898335998,"ACIKLAMA":"3529-002-03","ILCEID":18,"MAHALLE":"ATATÜRK","MAHALLEID":null,"ADI":"3 NO LU AFET VE ACİL DURUM TOPLANMA ALANI","BOYLAM":26.796899606770001,"YOL":"2220 Sk.","Area":null},"geometry":{"type":"Point","coordinates":[26.796899606770001,38.352218898335998]}},
{"type":"Feature","properties":{"ILCE":"KINIK","KAPINO":null,"ENLEM":39.080277843543001,"ACIKLAMA":"3518-035-03","ILCEID":996,"MAHALLE":"YAYAKENT","MAHALLEID":null,"ADI":"3 NO LU AFET VE ACİL DURUM TOPLANMA ALANI","BOYLAM":27.311493705181999,"YOL":"ŞEHİT Sk.","Area":null},"geometry":{"type":"Point","coordinates":[27.311493705181999,39.080277843543001]}},
{"type":"Feature","properties":{"ILCE":"KEMALPAŞA","KAPINO":null,"ENLEM":38.387388477758002,"ACIKLAMA":"3517-049-03","ILCEID":6,"MAHALLE":"YUKARIKIZILCA MERKEZ","MAHALLEID":null,"ADI":"3 NO LU AFET VE ACİL DURUM TOPLANMA ALANI","BOYLAM":27.500557473377999,"YOL":"ULU ÖNDER ATATÜRK Cd.","Area":null},"geometry":{"type":"Point","coordinates":[27.500557473377999,38.387388477758002]}},
{"type":"Feature","properties":{"ILCE":"TORBALI","KAPINO":null,"ENLEM":38.153318232426997,"ACIKLAMA":"3528-022-03","ILCEID":9,"MAHALLE":"ERTUĞRUL","MAHALLEID":null,"ADI":"3 NO LU AFET VE ACİL DURUM TOPLANMA ALANI","BOYLAM":27.362392589816,"YOL":"3035 Sk.","Area":null},"geometry":{"type":"Point","coordinates":[27.362392589816,38.153318232426997]}},
{"type":"Feature","properties":{"ILCE":"DİKİLİ","KAPINO":null,"ENLEM":39.167608523574998,"ACIKLAMA":"3511-024-03","ILCEID":995,"MAHALLE":"SALİHLER","MAHALLEID":null,"ADI":"3 NO LU AFET VE ACİL DURUM TOPLANMA ALANI","BOYLAM":26.809558100783999,"YOL":"HALK EĞİTİMCİLER 3 Sk.","Area":null},"geometry":{"type":"Point","coordinates":[26.809558100783999,39.167608523574998]}},
{"type":"Feature","properties":{"ILCE":"KARŞIYAKA","KAPINO":null,"ENLEM":38.462051471217002,"ACIKLAMA":"3516-004-03","ILCEID":20,"MAHALLE":"BAHARİYE","MAHALLEID":null,"ADI":"3 NO LU AFET VE ACİL DURUM TOPLANMA ALANI","BOYLAM":27.117346690807999,"YOL":"1872 Sk.","Area":null},"geometry":{"type":"Point","coordinates":[27.117346690807999,38.462051471217002]}},
{"type":"Feature","properties":{"ILCE":"BUCA","KAPINO":null,"ENLEM":38.370541885652003,"ACIKLAMA":"3508-033-03","ILCEID":8,"MAHALLE":"KURUÇEŞME","MAHALLEID":null,"ADI":"3 NO LU AFET VE ACİL DURUM TOPLANMA ALANI","BOYLAM":27.188800536995,"YOL":"203/28 Sk.","Area":null},"geometry":{"type":"Point","coordinates":[27.188800536995,38.370541885652003]}},
{"type":"Feature","properties":{"ILCE":"ÇİĞLİ","KAPINO":null,"ENLEM":38.508514167666,"ACIKLAMA":"3510-018-03","ILCEID":16,"MAHALLE":"İZKENT","MAHALLEID":null,"ADI":"3 NO LU AFET VE ACİL DURUM TOPLANMA ALANI","BOYLAM":27.066325885228999,"YOL":"8843/2 Sk.","Area":null},"geometry":{"type":"Point","coordinates":[27.066325885228999,38.508514167666]}},
{"type":"Feature","properties":{"ILCE":"ÇİĞLİ","KAPINO":null,"ENLEM":38.493169877846,"ACIKLAMA":"3510-022-03","ILCEID":16,"MAHALLE":"MALTEPE","MAHALLEID":null,"ADI":"3 NO LU AFET VE ACİL DURUM TOPLANMA ALANI","BOYLAM":27.077049329893001,"YOL":"8114/1 Sk.","Area":null},"geometry":{"type":"Point","coordinates":[27.077049329893001,38.493169877846]}},
{"type":"Feature","properties":{"ILCE":"MENEMEN","KAPINO":null,"ENLEM":38.558353205454999,"ACIKLAMA":"3522-002-03","ILCEID":17,"MAHALLE":"30 AĞUSTOS","MAHALLEID":null,"ADI":"3 NO LU AFET VE ACİL DURUM TOPLANMA ALANI","BOYLAM":27.045823095473001,"YOL":"7106 Sk.","Area":null},"geometry":{"type":"Point","coordinates":[27.045823095473001,38.558353205454999]}},
{"type":"Feature","properties":{"ILCE":"KEMALPAŞA","KAPINO":null,"ENLEM":38.426894052884002,"ACIKLAMA":"3517-031-03","ILCEID":6,"MAHALLE":"MEHMET AKİF ERSOY","MAHALLEID":null,"ADI":"3 NO LU AFET VE ACİL DURUM TOPLANMA ALANI","BOYLAM":27.428846226116999,"YOL":"244/1 Sk.","Area":null},"geometry":{"type":"Point","coordinates":[27.428846226116999,38.426894052884002]}},
{"type":"Feature","properties":{"ILCE":"KARŞIYAKA","KAPINO":null,"ENLEM":38.487199215666998,"ACIKLAMA":"3516-015-03","ILCEID":20,"MAHALLE":"İNÖNÜ","MAHALLEID":null,"ADI":"3 NO LU AFET VE ACİL DURUM TOPLANMA ALANI","BOYLAM":27.091082587917999,"YOL":"6718 Sk.","Area":null},"geometry":{"type":"Point","coordinates":[27.091082587917999,38.487199215666998]}},
{"type":"Feature","properties":{"ILCE":"KEMALPAŞA","KAPINO":null,"ENLEM":38.432827952459,"ACIKLAMA":"3517-018-03","ILCEID":6,"MAHALLE":"GÖKÇEYURT","MAHALLEID":null,"ADI":"3 NO LU AFET VE ACİL DURUM TOPLANMA ALANI","BOYLAM":27.683955216421001,"YOL":"GÖKÇEYURT KÖY YOLU KümeEvleri","Area":null},"geometry":{"type":"Point","coordinates":[27.683955216421001,38.432827952459]}},
{"type":"Feature","properties":{"ILCE":"GÜZELBAHÇE","KAPINO":null,"ENLEM":38.349749543500998,"ACIKLAMA":"3514-004-03","ILCEID":1,"MAHALLE":"KAHRAMANDERE","MAHALLEID":null,"ADI":"3 NO LU AFET VE ACİL DURUM TOPLANMA ALANI","BOYLAM":26.877472765897998,"YOL":"802 Sk.","Area":null},"geometry":{"type":"Point","coordinates":[26.877472765897998,38.349749543500998]}},
{"type":"Feature","properties":{"ILCE":"MENEMEN","KAPINO":null,"ENLEM":38.686951555842001,"ACIKLAMA":"3522-024-03","ILCEID":17,"MAHALLE":"FATİH","MAHALLEID":null,"ADI":"3 NO LU AFET VE ACİL DURUM TOPLANMA ALANI","BOYLAM":27.029279089117001,"YOL":"HANIMELİ Sk.","Area":null},"geometry":{"type":"Point","coordinates":[27.029279089117001,38.686951555842001]}},
{"type":"Feature","properties":{"ILCE":"BUCA","KAPINO":null,"ENLEM":38.366285497654999,"ACIKLAMA":"3508-022-03","ILCEID":8,"MAHALLE":"GÖKSU","MAHALLEID":null,"ADI":"3 NO LU AFET VE ACİL DURUM TOPLANMA ALANI","BOYLAM":27.147408901466999,"YOL":"679/27 Sk.","Area":null},"geometry":{"type":"Point","coordinates":[27.147408901466999,38.366285497654999]}},
{"type":"Feature","properties":{"ILCE":"BAYRAKLI","KAPINO":null,"ENLEM":38.497343253194003,"ACIKLAMA":"3530-024-03","ILCEID":11,"MAHALLE":"YAMANLAR","MAHALLEID":null,"ADI":"3 NO LU AFET VE ACİL DURUM TOPLANMA ALANI","BOYLAM":27.146958071246999,"YOL":"7355 Sk.","Area":null},"geometry":{"type":"Point","coordinates":[27.146958071246999,38.497343253194003]}},
{"type":"Feature","properties":{"ILCE":"ÇİĞLİ","KAPINO":null,"ENLEM":38.498854440545003,"ACIKLAMA":"3510-023-03","ILCEID":16,"MAHALLE":"SASALI MERKEZ","MAHALLEID":null,"ADI":"3 NO LU AFET VE ACİL DURUM TOPLANMA ALANI","BOYLAM":26.948797451430998,"YOL":"1 Sk.","Area":null},"geometry":{"type":"Point","coordinates":[26.948797451430998,38.498854440545003]}},
{"type":"Feature","properties":{"ILCE":"ÇEŞME","KAPINO":null,"ENLEM":38.287665428882001,"ACIKLAMA":"3509-010-03","ILCEID":1001,"MAHALLE":"ÇİFTLİK","MAHALLEID":null,"ADI":"3 NO LU AFET VE ACİL DURUM TOPLANMA ALANI","BOYLAM":26.274611881397,"YOL":"135 Sk.","Area":null},"geometry":{"type":"Point","coordinates":[26.274611881397,38.287665428882001]}},
{"type":"Feature","properties":{"ILCE":"BUCA","KAPINO":null,"ENLEM":38.396057866524998,"ACIKLAMA":"3508-042-03","ILCEID":8,"MAHALLE":"YAYLACIK","MAHALLEID":null,"ADI":"3 NO LU AFET VE ACİL DURUM TOPLANMA ALANI","BOYLAM":27.174745789166,"YOL":"190/8 Sk.","Area":null},"geometry":{"type":"Point","coordinates":[27.174745789166,38.396057866524998]}},
{"type":"Feature","properties":{"ILCE":"BERGAMA","KAPINO":null,"ENLEM":39.108026536574002,"ACIKLAMA":"3505-049-01","ILCEID":999,"MAHALLE":"FEVZİPAŞA","MAHALLEID":null,"ADI":"3 NO LU AFET VE ACİL DURUM TOPLANMA ALANI","BOYLAM":27.199485148127,"YOL":"YENİ Cd.","Area":null},"geometry":{"type":"Point","coordinates":[27.199485148127,39.108026536574002]}},
{"type":"Feature","properties":{"ILCE":"DİKİLİ","KAPINO":null,"ENLEM":39.074817940949004,"ACIKLAMA":"3511-014-03","ILCEID":995,"MAHALLE":"İSMETPAŞA","MAHALLEID":null,"ADI":"3 NO LU AFET VE ACİL DURUM TOPLANMA ALANI","BOYLAM":26.890582049087001,"YOL":"GÜL Sk.","Area":null},"geometry":{"type":"Point","coordinates":[26.890582049087001,39.074817940949004]}},
{"type":"Feature","properties":{"ILCE":"ÇİĞLİ","KAPINO":null,"ENLEM":38.516224948123003,"ACIKLAMA":"3510-013-03","ILCEID":16,"MAHALLE":"EVKA-5","MAHALLEID":null,"ADI":"3 NO LU AFET VE ACİL DURUM TOPLANMA ALANI","BOYLAM":27.049004252176999,"YOL":"8927 Sk.","Area":null},"geometry":{"type":"Point","coordinates":[27.049004252176999,38.516224948123003]}},
{"type":"Feature","properties":{"ILCE":"TORBALI","KAPINO":null,"ENLEM":38.179315466671,"ACIKLAMA":"3528-052-03","ILCEID":9,"MAHALLE":"TORBALI","MAHALLEID":null,"ADI":"3 NO LU AFET VE ACİL DURUM TOPLANMA ALANI","BOYLAM":27.353895352546001,"YOL":"5004 Sk.","Area":null},"geometry":{"type":"Point","coordinates":[27.353895352546001,38.179315466671]}},
{"type":"Feature","properties":{"ILCE":"FOÇA","KAPINO":null,"ENLEM":38.730393984791,"ACIKLAMA":"3512-002-03","ILCEID":4,"MAHALLE":"CUMHURİYET","MAHALLEID":null,"ADI":"3 NO LU AFET VE ACİL DURUM TOPLANMA ALANI","BOYLAM":26.889123552476999,"YOL":"ZAFER Cd.","Area":null},"geometry":{"type":"Point","coordinates":[26.889123552476999,38.730393984791]}},
{"type":"Feature","properties":{"ILCE":"MENEMEN","KAPINO":null,"ENLEM":38.609038053338999,"ACIKLAMA":"3522-042-03","ILCEID":17,"MAHALLE":"KASIMPAŞA","MAHALLEID":null,"ADI":"3 NO LU AFET VE ACİL DURUM TOPLANMA ALANI","BOYLAM":27.069919854622,"YOL":"DİYEM KAHYA Cd.","Area":null},"geometry":{"type":"Point","coordinates":[27.069919854622,38.609038053338999]}},
{"type":"Feature","properties":{"ILCE":"MENEMEN","KAPINO":null,"ENLEM":38.580448004707002,"ACIKLAMA":"3522-027-03","ILCEID":17,"MAHALLE":"GAZİ MUSTAFA KEMAL","MAHALLEID":null,"ADI":"3 NO LU AFET VE ACİL DURUM TOPLANMA ALANI","BOYLAM":26.971547693009999,"YOL":"4123 Sk.","Area":null},"geometry":{"type":"Point","coordinates":[26.971547693009999,38.580448004707002]}},
{"type":"Feature","properties":{"ILCE":"TİRE","KAPINO":null,"ENLEM":38.092743328734002,"ACIKLAMA":"3527-038-03","ILCEID":997,"MAHALLE":"FATİH","MAHALLEID":null,"ADI":"3 NO LU AFET VE ACİL DURUM TOPLANMA ALANI","BOYLAM":27.721527935238001,"YOL":"TURGUT ÖZAL Blv.","Area":null},"geometry":{"type":"Point","coordinates":[27.721527935238001,38.092743328734002]}},
{"type":"Feature","properties":{"ILCE":"FOÇA","KAPINO":null,"ENLEM":38.751409176833,"ACIKLAMA":"3512-004-03","ILCEID":4,"MAHALLE":"FEVZİ ÇAKMAK","MAHALLEID":null,"ADI":"3 NO'LU AFET VE ACİL DURUM TOPLANMA ALANI","BOYLAM":26.830399886561,"YOL":"SARDUNYA","Area":null},"geometry":{"type":"Point","coordinates":[26.830399886561,38.751409176833]}},
{"type":"Feature","properties":{"ILCE":"GAZİEMİR","KAPINO":null,"ENLEM":38.329437656736999,"ACIKLAMA":"3513-012-03","ILCEID":15,"MAHALLE":"IRMAK","MAHALLEID":null,"ADI":"3 NO'LU AFET VE ACİL DURUM TOPLANMA ALANI","BOYLAM":27.120816180188001,"YOL":"38/6","Area":null},"geometry":{"type":"Point","coordinates":[27.120816180188001,38.329437656736999]}},
{"type":"Feature","properties":{"ILCE":"ÖDEMİŞ","KAPINO":null,"ENLEM":38.162284488117997,"ACIKLAMA":"3524-049-03","ILCEID":998,"MAHALLE":"KAYMAKÇI","MAHALLEID":null,"ADI":"3 NO'LU AFET VE ACİL DURUM TOPLANMA ALANI","BOYLAM":28.114216497088002,"YOL":"BİLGE","Area":null},"geometry":{"type":"Point","coordinates":[28.114216497088002,38.162284488117997]}},
{"type":"Feature","properties":{"ILCE":"ÖDEMİŞ","KAPINO":null,"ENLEM":38.223522035138998,"ACIKLAMA":"3524-089-03","ILCEID":998,"MAHALLE":"ÜÇ EYLÜL","MAHALLEID":null,"ADI":"3 NO'LU AFET VE ACİL DURUM TOPLANMA ALANI","BOYLAM":27.965041138747001,"YOL":"KIBRIS","Area":null},"geometry":{"type":"Point","coordinates":[27.965041138747001,38.223522035138998]}},
{"type":"Feature","properties":{"ILCE":"BORNOVA","KAPINO":null,"ENLEM":38.434340219728,"ACIKLAMA":"3507-042-03","ILCEID":2,"MAHALLE":"YEŞİLOVA","MAHALLEID":null,"ADI":"3 NO'LU AFET VE ACİL DURUM TOPLANMA ALANI","BOYLAM":27.209038595837001,"YOL":"4088","Area":null},"geometry":{"type":"Point","coordinates":[27.209038595837001,38.434340219728]}},
{"type":"Feature","properties":{"ILCE":"BORNOVA","KAPINO":null,"ENLEM":38.429585207989,"ACIKLAMA":"3507-038-03","ILCEID":2,"MAHALLE":"TUNA","MAHALLEID":null,"ADI":"3 NO'LU AFET VE ACİL DURUM TOPLANMA ALANI","BOYLAM":27.188816672645999,"YOL":"5639","Area":null},"geometry":{"type":"Point","coordinates":[27.188816672645999,38.429585207989]}},
{"type":"Feature","properties":{"ILCE":"KARABAĞLAR","KAPINO":null,"ENLEM":38.389393327678,"ACIKLAMA":"3531-054-03","ILCEID":19,"MAHALLE":"TAHSİN YAZICI","MAHALLEID":null,"ADI":"3 NO'LU AFET VE ACİL DURUM TOPLANMA ALANI","BOYLAM":27.104097162814,"YOL":"9243","Area":null},"geometry":{"type":"Point","coordinates":[27.104097162814,38.389393327678]}},
{"type":"Feature","properties":{"ILCE":"BORNOVA","KAPINO":null,"ENLEM":38.503221724367997,"ACIKLAMA":"3507-022-03","ILCEID":2,"MAHALLE":"KARAÇAM","MAHALLEID":null,"ADI":"3 NO'LU AFET VE ACİL DURUM TOPLANMA ALANI","BOYLAM":27.275074139284001,"YOL":"ÇAMLIK","Area":null},"geometry":{"type":"Point","coordinates":[27.275074139284001,38.503221724367997]}},
{"type":"Feature","properties":{"ILCE":"SELÇUK","KAPINO":null,"ENLEM":37.945013930984999,"ACIKLAMA":"3526-003-03","ILCEID":10,"MAHALLE":"ATATÜRK","MAHALLEID":null,"ADI":"3 NO'LU AFET VE ACİL DURUM TOPLANMA ALANI","BOYLAM":27.367698563857999,"YOL":"ATATÜRK","Area":null},"geometry":{"type":"Point","coordinates":[27.367698563857999,37.945013930984999]}},
{"type":"Feature","properties":{"ILCE":"ÖDEMİŞ","KAPINO":null,"ENLEM":38.079798870824,"ACIKLAMA":"3524-006-03","ILCEID":998,"MAHALLE":"BADEMLİ","MAHALLEID":null,"ADI":"3 NO'LU AFET VE ACİL DURUM TOPLANMA ALANI","BOYLAM":28.058171888067001,"YOL":"HACIAHMETLER","Area":null},"geometry":{"type":"Point","coordinates":[28.058171888067001,38.079798870824]}},
{"type":"Feature","properties":{"ILCE":"FOÇA","KAPINO":null,"ENLEM":38.690709378355997,"ACIKLAMA":"3512-008-03","ILCEID":4,"MAHALLE":"İSMETPAŞA","MAHALLEID":null,"ADI":"3 NO'LU AFET VE ACİL DURUM TOPLANMA ALANI","BOYLAM":26.733700472628001,"YOL":"342","Area":null},"geometry":{"type":"Point","coordinates":[26.733700472628001,38.690709378355997]}},
{"type":"Feature","properties":{"ILCE":"FOÇA","KAPINO":null,"ENLEM":38.747709224773999,"ACIKLAMA":"3512-014-03","ILCEID":4,"MAHALLE":"MUSTAFA KEMAL ATATÜRK","MAHALLEID":null,"ADI":"3 NO'LU AFET VE ACİL DURUM TOPLANMA ALANI","BOYLAM":26.857299761996,"YOL":"BARBAROS","Area":null},"geometry":{"type":"Point","coordinates":[26.857299761996,38.747709224773999]}},
{"type":"Feature","properties":{"ILCE":"ALİAĞA","KAPINO":null,"ENLEM":38.784844146769998,"ACIKLAMA":"3502-023-03","ILCEID":3,"MAHALLE":"SİTELER","MAHALLEID":null,"ADI":"3 NO'LU AFET VE ACİL DURUM TOPLANMA ALANI","BOYLAM":26.958449198654002,"YOL":"EMEK","Area":null},"geometry":{"type":"Point","coordinates":[26.958449198654002,38.784844146769998]}},
{"type":"Feature","properties":{"ILCE":"FOÇA","KAPINO":null,"ENLEM":38.66070965782,"ACIKLAMA":"3512-006-03","ILCEID":4,"MAHALLE":"HACIVELİ","MAHALLEID":null,"ADI":"3 NO'LU AFET VE ACİL DURUM TOPLANMA ALANI","BOYLAM":26.847899962791999,"YOL":"422","Area":null},"geometry":{"type":"Point","coordinates":[26.847899962791999,38.66070965782]}},
{"type":"Feature","properties":{"ILCE":"GAZİEMİR","KAPINO":null,"ENLEM":38.307704790441001,"ACIKLAMA":"3513-014-03","ILCEID":15,"MAHALLE":"SEVGİ","MAHALLEID":null,"ADI":"3 NO'LU AFET VE ACİL DURUM TOPLANMA ALANI","BOYLAM":27.140904116255999,"YOL":"667","Area":null},"geometry":{"type":"Point","coordinates":[27.140904116255999,38.307704790441001]}},
{"type":"Feature","properties":{"ILCE":"ÖDEMİŞ","KAPINO":null,"ENLEM":38.226978030463002,"ACIKLAMA":"3524-020-03","ILCEID":998,"MAHALLE":"CUMHURİYET","MAHALLEID":null,"ADI":"3 NO'LU AFET VE ACİL DURUM TOPLANMA ALANI","BOYLAM":27.980503057105,"YOL":"POLAT","Area":null},"geometry":{"type":"Point","coordinates":[27.980503057105,38.226978030463002]}},
{"type":"Feature","properties":{"ILCE":"FOÇA","KAPINO":null,"ENLEM":38.658909670081002,"ACIKLAMA":"3512-009-03","ILCEID":4,"MAHALLE":"KAZIM DİRİK","MAHALLEID":null,"ADI":"3 NO'LU AFET VE ACİL DURUM TOPLANMA ALANI","BOYLAM":26.85129995002,"YOL":"401","Area":null},"geometry":{"type":"Point","coordinates":[26.85129995002,38.658909670081002]}},
{"type":"Feature","properties":{"ILCE":"BORNOVA","KAPINO":null,"ENLEM":38.483129271209997,"ACIKLAMA":"3507-001-03","ILCEID":2,"MAHALLE":"ATATÜRK","MAHALLEID":null,"ADI":"3 NO'LU AFET VE ACİL DURUM TOPLANMA ALANI","BOYLAM":27.194480233794,"YOL":"TÜRKAY","Area":null},"geometry":{"type":"Point","coordinates":[27.194480233794,38.483129271209997]}},
{"type":"Feature","properties":{"ILCE":"GAZİEMİR","KAPINO":null,"ENLEM":38.291176913939999,"ACIKLAMA":"3513-002-03","ILCEID":15,"MAHALLE":"ATATÜRK","MAHALLEID":null,"ADI":"3 NO'LU AFET VE ACİL DURUM TOPLANMA ALANI","BOYLAM":27.176138967759002,"YOL":"İSTİKLAL","Area":null},"geometry":{"type":"Point","coordinates":[27.176138967759002,38.291176913939999]}},
{"type":"Feature","properties":{"ILCE":"ÖDEMİŞ","KAPINO":null,"ENLEM":38.229637999676001,"ACIKLAMA":"3524-085-03","ILCEID":998,"MAHALLE":"TÜRKMEN","MAHALLEID":null,"ADI":"3 NO'LU AFET VE ACİL DURUM TOPLANMA ALANI","BOYLAM":27.961666145599001,"YOL":"PROF. DR. MUZAFFER ŞERİF","Area":null},"geometry":{"type":"Point","coordinates":[27.961666145599001,38.229637999676001]}},
{"type":"Feature","properties":{"ILCE":"SELÇUK","KAPINO":null,"ENLEM":37.942696048983002,"ACIKLAMA":"3526-006-03","ILCEID":10,"MAHALLE":"CUMHURİYET","MAHALLEID":null,"ADI":"3 NO'LU AFET VE ACİL DURUM TOPLANMA ALANI","BOYLAM":27.370300282940001,"YOL":"5016","Area":null},"geometry":{"type":"Point","coordinates":[27.370300282940001,37.942696048983002]}},
{"type":"Feature","properties":{"ILCE":"BALÇOVA","KAPINO":null,"ENLEM":38.383900309064998,"ACIKLAMA":"3503-002-03","ILCEID":14,"MAHALLE":"ÇETİN EMEÇ","MAHALLEID":null,"ADI":"3 NO'LU AFET VE ACİL DURUM TOPLANMA ALANI","BOYLAM":27.058888398215,"YOL":"FEVZİ ÇAKMAK","Area":null},"geometry":{"type":"Point","coordinates":[27.058888398215,38.383900309064998]}},
{"type":"Feature","properties":{"ILCE":"NARLIDERE","KAPINO":null,"ENLEM":38.396573381084998,"ACIKLAMA":"3523-011-03","ILCEID":5,"MAHALLE":"YENİKALE","MAHALLEID":null,"ADI":"3 NO'LU AFET VE ACİL DURUM TOPLANMA ALANI","BOYLAM":27.010238148136001,"YOL":"MUSTAFA KEMAL SAHİL","Area":null},"geometry":{"type":"Point","coordinates":[27.010238148136001,38.396573381084998]}},
{"type":"Feature","properties":{"ILCE":"ÖDEMİŞ","KAPINO":null,"ENLEM":38.22883502194,"ACIKLAMA":"3524-005-03","ILCEID":998,"MAHALLE":"ATATÜRK","MAHALLEID":null,"ADI":"3 NO'LU AFET VE ACİL DURUM TOPLANMA ALANI","BOYLAM":27.981639048520002,"YOL":"BAŞOĞLU","Area":null},"geometry":{"type":"Point","coordinates":[27.981639048520002,38.22883502194]}},
{"type":"Feature","properties":{"ILCE":"KARŞIYAKA","KAPINO":null,"ENLEM":38.482072976566002,"ACIKLAMA":"3516-025-03","ILCEID":20,"MAHALLE":"ATAŞEHİR","MAHALLEID":null,"ADI":"3 NO'LU AFET VE ACİL DURUM TOPLANMA ALANI","BOYLAM":27.080590639425001,"YOL":"FLAMİNGO","Area":null},"geometry":{"type":"Point","coordinates":[27.080590639425001,38.482072976566002]}},
{"type":"Feature","properties":{"ILCE":"NARLIDERE","KAPINO":null,"ENLEM":38.396196257124998,"ACIKLAMA":"3523-006-03","ILCEID":5,"MAHALLE":"HUZUR","MAHALLEID":null,"ADI":"3 NO'LU AFET VE ACİL DURUM TOPLANMA ALANI","BOYLAM":26.989724900279999,"YOL":"AÇELYA","Area":null},"geometry":{"type":"Point","coordinates":[26.989724900279999,38.396196257124998]}},
{"type":"Feature","properties":{"ILCE":"NARLIDERE","KAPINO":null,"ENLEM":38.394128932511997,"ACIKLAMA":"3523-005-03","ILCEID":5,"MAHALLE":"ÇATALKAYA","MAHALLEID":null,"ADI":"3 NO'LU AFET VE ACİL DURUM TOPLANMA ALANI","BOYLAM":26.997721364722999,"YOL":"ZAKKUM","Area":null},"geometry":{"type":"Point","coordinates":[26.997721364722999,38.394128932511997]}},
{"type":"Feature","properties":{"ILCE":"NARLIDERE","KAPINO":null,"ENLEM":38.394388095509001,"ACIKLAMA":"3523-007-03","ILCEID":5,"MAHALLE":"ILICA","MAHALLEID":null,"ADI":"3 NO'LU AFET VE ACİL DURUM TOPLANMA ALANI","BOYLAM":27.021829888767002,"YOL":"ARDIÇ","Area":null},"geometry":{"type":"Point","coordinates":[27.021829888767002,38.394388095509001]}},
{"type":"Feature","properties":{"ILCE":"NARLIDERE","KAPINO":null,"ENLEM":38.408627710787002,"ACIKLAMA":"3523-010-03","ILCEID":5,"MAHALLE":"SAHİLEVLERİ","MAHALLEID":null,"ADI":"3 NO'LU AFET VE ACİL DURUM TOPLANMA ALANI","BOYLAM":27.013006092586998,"YOL":"MÜFİT SOYLU","Area":null},"geometry":{"type":"Point","coordinates":[27.013006092586998,38.408627710787002]}},
{"type":"Feature","properties":{"ILCE":"NARLIDERE","KAPINO":null,"ENLEM":38.405443915074002,"ACIKLAMA":"3523-002-03","ILCEID":5,"MAHALLE":"ALTIEVLER","MAHALLEID":null,"ADI":"3 NO'LU AFET VE ACİL DURUM TOPLANMA ALANI","BOYLAM":26.996785757352999,"YOL":"EKİN","Area":null},"geometry":{"type":"Point","coordinates":[26.996785757352999,38.405443915074002]}},
{"type":"Feature","properties":{"ILCE":"ALİAĞA","KAPINO":null,"ENLEM":38.890325726397997,"ACIKLAMA":"3502-028-03","ILCEID":3,"MAHALLE":"ŞAKRAN SAYFİYE","MAHALLEID":null,"ADI":"3 NO'LU AFET VE ACİL DURUM TOPLANMA ALANI","BOYLAM":27.062106506302001,"YOL":"3162","Area":null},"geometry":{"type":"Point","coordinates":[27.062106506302001,38.890325726397997]}},
{"type":"Feature","properties":{"ILCE":"BALÇOVA","KAPINO":null,"ENLEM":38.390289271528999,"ACIKLAMA":"3503-007-03","ILCEID":14,"MAHALLE":"ONUR","MAHALLEID":null,"ADI":"3 NO'LU AFET VE ACİL DURUM TOPLANMA ALANI","BOYLAM":27.055277404996001,"YOL":"EREN","Area":null},"geometry":{"type":"Point","coordinates":[27.055277404996001,38.390289271528999]}},
{"type":"Feature","properties":{"ILCE":"GAZİEMİR","KAPINO":null,"ENLEM":38.301669263020997,"ACIKLAMA":"3513-008-03","ILCEID":15,"MAHALLE":"FATİH","MAHALLEID":null,"ADI":"3 NO'LU AFET VE ACİL DURUM TOPLANMA ALANI","BOYLAM":27.169868535372999,"YOL":"1099","Area":null},"geometry":{"type":"Point","coordinates":[27.169868535372999,38.301669263020997]}},
{"type":"Feature","properties":{"ILCE":"GAZİEMİR","KAPINO":null,"ENLEM":38.315916907121,"ACIKLAMA":"3513-003-03","ILCEID":15,"MAHALLE":"ATIFBEY","MAHALLEID":null,"ADI":"3 NO'LU AFET VE ACİL DURUM TOPLANMA ALANI","BOYLAM":27.136555390516001,"YOL":"GAZİ ATATÜRK","Area":null},"geometry":{"type":"Point","coordinates":[27.136555390516001,38.315916907121]}},
{"type":"Feature","properties":{"ILCE":"ALİAĞA","KAPINO":null,"ENLEM":38.819270001568,"ACIKLAMA":"3502-026-03","ILCEID":3,"MAHALLE":"YALI","MAHALLEID":null,"ADI":"3 NO'LU AFET VE ACİL DURUM TOPLANMA ALANI","BOYLAM":26.984550010071001,"YOL":"176","Area":null},"geometry":{"type":"Point","coordinates":[26.984550010071001,38.819270001568]}},
{"type":"Feature","properties":{"ILCE":"ÖDEMİŞ","KAPINO":null,"ENLEM":38.225822041195002,"ACIKLAMA":"3524-042-03","ILCEID":998,"MAHALLE":"HÜRRİYET","MAHALLEID":null,"ADI":"3 NO'LU AFET VE ACİL DURUM TOPLANMA ALANI","BOYLAM":27.985340035082999,"YOL":"MENDERES","Area":null},"geometry":{"type":"Point","coordinates":[27.985340035082999,38.225822041195002]}},
{"type":"Feature","properties":{"ILCE":"KARŞIYAKA","KAPINO":null,"ENLEM":38.475518814352,"ACIKLAMA":"3516-022-03","ILCEID":20,"MAHALLE":"ŞEMİKLER","MAHALLEID":null,"ADI":"3 NO'LU AFET VE ACİL DURUM TOPLANMA ALANI","BOYLAM":27.098104013827999,"YOL":"6276/7","Area":null},"geometry":{"type":"Point","coordinates":[27.098104013827999,38.475518814352]}},
{"type":"Feature","properties":{"ILCE":"ÖDEMİŞ","KAPINO":null,"ENLEM":38.231407000604001,"ACIKLAMA":"3524-045-03","ILCEID":998,"MAHALLE":"İNÖNÜ","MAHALLEID":null,"ADI":"3 NO'LU AFET VE ACİL DURUM TOPLANMA ALANI","BOYLAM":27.972955088231998,"YOL":"LİSE","Area":null},"geometry":{"type":"Point","coordinates":[27.972955088231998,38.231407000604001]}},
{"type":"Feature","properties":{"ILCE":"BERGAMA","KAPINO":null,"ENLEM":39.107533775557997,"ACIKLAMA":"3505-047-03","ILCEID":999,"MAHALLE":"GAZİOSMANPAŞA","MAHALLEID":null,"ADI":"3 NO'LU AFET VE ACİL DURUM TOPLANMA ALANI","BOYLAM":27.186556525217,"YOL":"FATİH","Area":null},"geometry":{"type":"Point","coordinates":[27.186556525217,39.107533775557997]}},
{"type":"Feature","properties":{"ILCE":"GAZİEMİR","KAPINO":null,"ENLEM":38.324728698126997,"ACIKLAMA":"3513-006-03","ILCEID":15,"MAHALLE":"DOKUZ EYLÜL","MAHALLEID":null,"ADI":"3 NO'LU AFET VE ACİL DURUM TOPLANMA ALANI","BOYLAM":27.137125106774,"YOL":"AKÇAY","Area":null},"geometry":{"type":"Point","coordinates":[27.137125106774,38.324728698126997]}},
{"type":"Feature","properties":{"ILCE":"BALÇOVA","KAPINO":null,"ENLEM":38.382980308454002,"ACIKLAMA":"3503-008-03","ILCEID":14,"MAHALLE":"TELEFERİK","MAHALLEID":null,"ADI":"3 NO'LU AFET VE ACİL DURUM TOPLANMA ALANI","BOYLAM":27.054161423415,"YOL":"METİN OKTAY","Area":null},"geometry":{"type":"Point","coordinates":[27.054161423415,38.382980308454002]}},
{"type":"Feature","properties":{"ILCE":"ÖDEMİŞ","KAPINO":null,"ENLEM":38.234657977970997,"ACIKLAMA":"3524-068-03","ILCEID":998,"MAHALLE":"MİMAR SİNAN","MAHALLEID":null,"ADI":"3 NO'LU AFET VE ACİL DURUM TOPLANMA ALANI","BOYLAM":27.966165116070002,"YOL":"BARBAROS","Area":null},"geometry":{"type":"Point","coordinates":[27.966165116070002,38.234657977970997]}},
{"type":"Feature","properties":{"ILCE":"BORNOVA","KAPINO":null,"ENLEM":38.491120912790002,"ACIKLAMA":"3507-015-03","ILCEID":2,"MAHALLE":"EVKA 4","MAHALLEID":null,"ADI":"3 NO'LU AFET VE ACİL DURUM TOPLANMA ALANI","BOYLAM":27.210064463433,"YOL":"1024","Area":null},"geometry":{"type":"Point","coordinates":[27.210064463433,38.491120912790002]}},
{"type":"Feature","properties":{"ILCE":"FOÇA","KAPINO":null,"ENLEM":38.667309518429001,"ACIKLAMA":"3512-001-03","ILCEID":4,"MAHALLE":"ATATÜRK","MAHALLEID":null,"ADI":"3 NO'LU AFET VE ACİL DURUM TOPLANMA ALANI","BOYLAM":26.752700421351999,"YOL":"AŞIKLAR","Area":null},"geometry":{"type":"Point","coordinates":[26.752700421351999,38.667309518429001]}},
{"type":"Feature","properties":{"ILCE":"ALİAĞA","KAPINO":null,"ENLEM":38.702373638555002,"ACIKLAMA":"3502-004-03","ILCEID":3,"MAHALLE":"B.HAYRETTİN PAŞA","MAHALLEID":null,"ADI":"3 NO'LU AFET VE ACİL DURUM TOPLANMA ALANI","BOYLAM":27.026116011795001,"YOL":"MİTHAT PAŞA","Area":null},"geometry":{"type":"Point","coordinates":[27.026116011795001,38.702373638555002]}},
{"type":"Feature","properties":{"ILCE":"ÖDEMİŞ","KAPINO":null,"ENLEM":38.231282030128,"ACIKLAMA":"3524-099-03","ILCEID":998,"MAHALLE":"ZAFER","MAHALLEID":null,"ADI":"3 NO'LU AFET VE ACİL DURUM TOPLANMA ALANI","BOYLAM":28.003973935527,"YOL":"1347","Area":null},"geometry":{"type":"Point","coordinates":[28.003973935527,38.231282030128]}},
{"type":"Feature","properties":{"ILCE":"ÖDEMİŞ","KAPINO":null,"ENLEM":38.242482952231001,"ACIKLAMA":"3524-080-03","ILCEID":998,"MAHALLE":"SÜLEYMAN DEMİREL","MAHALLEID":null,"ADI":"3 NO'LU AFET VE ACİL DURUM TOPLANMA ALANI","BOYLAM":27.983174021806999,"YOL":"1020","Area":null},"geometry":{"type":"Point","coordinates":[27.983174021806999,38.242482952231001]}},
{"type":"Feature","properties":{"ILCE":"ÖDEMİŞ","KAPINO":null,"ENLEM":38.234967991973001,"ACIKLAMA":"3524-003-03","ILCEID":998,"MAHALLE":"ANAFARTALAR","MAHALLEID":null,"ADI":"3 NO'LU AFET VE ACİL DURUM TOPLANMA ALANI","BOYLAM":27.983830028905,"YOL":"ÖZEN","Area":null},"geometry":{"type":"Point","coordinates":[27.983830028905,38.234967991973001]}},
{"type":"Feature","properties":{"ILCE":"FOÇA","KAPINO":null,"ENLEM":38.662009642647,"ACIKLAMA":"3512-015-03","ILCEID":4,"MAHALLE":"YENİBAĞARASI","MAHALLEID":null,"ADI":"3 NO'LU AFET VE ACİL DURUM TOPLANMA ALANI","BOYLAM":26.839999999450999,"YOL":"1003","Area":null},"geometry":{"type":"Point","coordinates":[26.839999999450999,38.662009642647]}},
{"type":"Feature","properties":{"ILCE":"GAZİEMİR","KAPINO":null,"ENLEM":38.341375617571003,"ACIKLAMA":"3513-004-03","ILCEID":15,"MAHALLE":"BEYAZEVLER","MAHALLEID":null,"ADI":"3 NO'LU AFET VE ACİL DURUM TOPLANMA ALANI","BOYLAM":27.142439052278998,"YOL":"516","Area":null},"geometry":{"type":"Point","coordinates":[27.142439052278998,38.341375617571003]}},
{"type":"Feature","properties":{"ILCE":"SELÇUK","KAPINO":null,"ENLEM":37.946380593999002,"ACIKLAMA":"3526-001-03","ILCEID":10,"MAHALLE":"14 MAYIS","MAHALLEID":null,"ADI":"3 NO'LU AFET VE ACİL DURUM TOPLANMA ALANI","BOYLAM":27.377398694347001,"YOL":"4044","Area":null},"geometry":{"type":"Point","coordinates":[27.377398694347001,37.946380593999002]}},
{"type":"Feature","properties":{"ILCE":"SEFERİHİSAR","KAPINO":null,"ENLEM":38.066539796965998,"ACIKLAMA":"3525-001-03","ILCEID":12,"MAHALLE":"ATATÜRK","MAHALLEID":null,"ADI":"3 NO'LU AFET VE ACİL DURUM TOPLANMA ALANI","BOYLAM":26.895637765410001,"YOL":"KUŞADASI SEFERİHİSAR YOLU","Area":null},"geometry":{"type":"Point","coordinates":[26.895637765410001,38.066539796965998]}},
{"type":"Feature","properties":{"ILCE":"BALÇOVA","KAPINO":null,"ENLEM":38.390289282335999,"ACIKLAMA":"3503-003-03","ILCEID":14,"MAHALLE":"EĞİTİM","MAHALLEID":null,"ADI":"3 NO'LU AFET VE ACİL DURUM TOPLANMA ALANI","BOYLAM":27.064999357137999,"YOL":"MOLLA GÜRANİ","Area":null},"geometry":{"type":"Point","coordinates":[27.064999357137999,38.390289282335999]}},
{"type":"Feature","properties":{"ILCE":"KONAK","KAPINO":null,"ENLEM":38.397716588202002,"ACIKLAMA":"3520-040-03","ILCEID":21,"MAHALLE":"GÜNEŞLİ","MAHALLEID":null,"ADI":"3 NO'LU AFET VE ACİL DURUM TOPLANMA ALANI","BOYLAM":27.131675400635999,"YOL":"HALİDE EDİP ADIVAR","Area":null},"geometry":{"type":"Point","coordinates":[27.131675400635999,38.397716588202002]}},
{"type":"Feature","properties":{"ILCE":"NARLIDERE","KAPINO":null,"ENLEM":38.392911243248001,"ACIKLAMA":"3523-004-03","ILCEID":5,"MAHALLE":"ÇAMTEPE","MAHALLEID":null,"ADI":"3 NO'LU AFET VE ACİL DURUM TOPLANMA ALANI","BOYLAM":27.008615686323999,"YOL":"ULUDAĞ","Area":null},"geometry":{"type":"Point","coordinates":[27.008615686323999,38.392911243248001]}},
{"type":"Feature","properties":{"ILCE":"NARLIDERE","KAPINO":null,"ENLEM":38.380412989241997,"ACIKLAMA":"3523-008-03","ILCEID":5,"MAHALLE":"LİMANREİS","MAHALLEID":null,"ADI":"3 NO'LU AFET VE ACİL DURUM TOPLANMA ALANI","BOYLAM":26.926252633829002,"YOL":"BAŞAK","Area":null},"geometry":{"type":"Point","coordinates":[26.926252633829002,38.380412989241997]}},
{"type":"Feature","properties":{"ILCE":"KEMALPAŞA","KAPINO":null,"ENLEM":38.415802183427999,"ACIKLAMA":"3517-035-03","ILCEID":6,"MAHALLE":"ÖRNEKKÖY","MAHALLEID":null,"ADI":"3 NO'LU AFET VE ACİL DURUM TOPLANMA ALANI","BOYLAM":27.469370473181002,"YOL":"BAYKAL","Area":null},"geometry":{"type":"Point","coordinates":[27.469370473181002,38.415802183427999]}},
{"type":"Feature","properties":{"ILCE":"BALÇOVA","KAPINO":null,"ENLEM":38.389733268402999,"ACIKLAMA":"3503-006-03","ILCEID":14,"MAHALLE":"KORUTÜRK","MAHALLEID":null,"ADI":"3 NO'LU AFET VE ACİL DURUM TOPLANMA ALANI","BOYLAM":27.049166436465001,"YOL":"MURAT","Area":null},"geometry":{"type":"Point","coordinates":[27.049166436465001,38.389733268402999]}},
{"type":"Feature","properties":{"ILCE":"MENDERES","KAPINO":null,"ENLEM":38.248992596199997,"ACIKLAMA":null,"ILCEID":13,"MAHALLE":"CÜNEYTBEY","MAHALLEID":null,"ADI":"3 NOLU TOPLANMA ALANI","BOYLAM":27.136967311096001,"YOL":"612 Sk.","Area":null},"geometry":{"type":"Point","coordinates":[27.136967311096001,38.248992596199997]}},
{"type":"Feature","properties":{"ILCE":"ALİAĞA","KAPINO":null,"ENLEM":38.786761382496003,"ACIKLAMA":null,"ILCEID":3,"MAHALLE":"YENİ","MAHALLEID":null,"ADI":"3 NOLU TOPLANMA ALANI","BOYLAM":26.972094498935999,"YOL":"CENGİZ TOPEL Cd.","Area":null},"geometry":{"type":"Point","coordinates":[26.972094498935999,38.786761382496003]}},
{"type":"Feature","properties":{"ILCE":"ALİAĞA","KAPINO":null,"ENLEM":38.784934070135002,"ACIKLAMA":null,"ILCEID":3,"MAHALLE":"ÖRNEKKENT","MAHALLEID":null,"ADI":"3 NOLU TOPLANMA ALANI","BOYLAM":26.976681057094002,"YOL":"VUSLAT Cd.","Area":null},"geometry":{"type":"Point","coordinates":[26.976681057094002,38.784934070135002]}},
{"type":"Feature","properties":{"ILCE":"ALİAĞA","KAPINO":null,"ENLEM":38.800523293345996,"ACIKLAMA":null,"ILCEID":3,"MAHALLE":"KAZIM DİRİK","MAHALLEID":null,"ADI":"3 NOLU TOPLANMA ALANI","BOYLAM":26.967282615249999,"YOL":"384 Sk.","Area":null},"geometry":{"type":"Point","coordinates":[26.967282615249999,38.800523293345996]}},
{"type":"Feature","properties":{"ILCE":"ALİAĞA","KAPINO":null,"ENLEM":38.795182324007001,"ACIKLAMA":null,"ILCEID":3,"MAHALLE":"ATATÜRK","MAHALLEID":null,"ADI":"3 NOLU TOPLANMA ALANI","BOYLAM":26.969728787320001,"YOL":"354 Sk.","Area":null},"geometry":{"type":"Point","coordinates":[26.969728787320001,38.795182324007001]}},
{"type":"Feature","properties":{"ILCE":"ALİAĞA","KAPINO":null,"ENLEM":38.885218820939997,"ACIKLAMA":null,"ILCEID":3,"MAHALLE":"ŞAKRAN HASBİ EFENDİ","MAHALLEID":null,"ADI":"3 NOLU TOPLANMA ALANI","BOYLAM":27.068068659963998,"YOL":"3294 Sk.","Area":null},"geometry":{"type":"Point","coordinates":[27.068068659963998,38.885218820939997]}},
{"type":"Feature","properties":{"ILCE":"ALİAĞA","KAPINO":null,"ENLEM":38.804076765074001,"ACIKLAMA":null,"ILCEID":3,"MAHALLE":"KÜLTÜR","MAHALLEID":null,"ADI":"3 NOLU TOPLANMA ALANI","BOYLAM":26.979778959583001,"YOL":"213 Sk.","Area":null},"geometry":{"type":"Point","coordinates":[26.979778959583001,38.804076765074001]}},
{"type":"Feature","properties":{"ILCE":"ALİAĞA","KAPINO":null,"ENLEM":38.883166452843,"ACIKLAMA":null,"ILCEID":3,"MAHALLE":"ŞAKRAN HASBİ EFENDİ","MAHALLEID":null,"ADI":"4 MOLU TOPLANMA ALANI","BOYLAM":27.071212197198001,"YOL":"MUHTAR EMİR ALİ Cd.","Area":null},"geometry":{"type":"Point","coordinates":[27.071212197198001,38.883166452843]}},
{"type":"Feature","properties":{"ILCE":"ÇEŞME","KAPINO":null,"ENLEM":38.335102994049002,"ACIKLAMA":"3509-021-04","ILCEID":1001,"MAHALLE":"SAKARYA","MAHALLEID":null,"ADI":"4 NO LU AFET VE ACİL DURUM TOPLANMA ALANI","BOYLAM":26.305907649360002,"YOL":"3168 Sk.","Area":null},"geometry":{"type":"Point","coordinates":[26.305907649360002,38.335102994049002]}},
{"type":"Feature","properties":{"ILCE":"BAYRAKLI","KAPINO":null,"ENLEM":38.473576533378001,"ACIKLAMA":"3530-009-04","ILCEID":11,"MAHALLE":"EMEK","MAHALLEID":null,"ADI":"4 NO LU AFET VE ACİL DURUM TOPLANMA ALANI","BOYLAM":27.127817963142,"YOL":"7243/1 Sk.","Area":null},"geometry":{"type":"Point","coordinates":[27.127817963142,38.473576533378001]}},
{"type":"Feature","properties":{"ILCE":"BAYRAKLI","KAPINO":null,"ENLEM":38.477809812716004,"ACIKLAMA":"3530-020-04","ILCEID":11,"MAHALLE":"R.ŞEVKET İNCE","MAHALLEID":null,"ADI":"4 NO LU AFET VE ACİL DURUM TOPLANMA ALANI","BOYLAM":27.175325005885,"YOL":"2165 Sk.","Area":null},"geometry":{"type":"Point","coordinates":[27.175325005885,38.477809812716004]}},
{"type":"Feature","properties":{"ILCE":"BAYRAKLI","KAPINO":null,"ENLEM":38.480027070752001,"ACIKLAMA":"3530-024-04","ILCEID":11,"MAHALLE":"YAMANLAR","MAHALLEID":null,"ADI":"4 NO LU AFET VE ACİL DURUM TOPLANMA ALANI","BOYLAM":27.128654797244,"YOL":"7323/7 Sk.","Area":null},"geometry":{"type":"Point","coordinates":[27.128654797244,38.480027070752001]}},
{"type":"Feature","properties":{"ILCE":"BAYRAKLI","KAPINO":null,"ENLEM":38.464302929485001,"ACIKLAMA":"3530-002-04","ILCEID":11,"MAHALLE":"ADALET","MAHALLEID":null,"ADI":"4 NO LU AFET VE ACİL DURUM TOPLANMA ALANI","BOYLAM":27.178994272333998,"YOL":"1643/34 Sk.","Area":null},"geometry":{"type":"Point","coordinates":[27.178994272333998,38.464302929485001]}},
{"type":"Feature","properties":{"ILCE":"BAYRAKLI","KAPINO":null,"ENLEM":38.474399669214002,"ACIKLAMA":"3530-021-04","ILCEID":11,"MAHALLE":"SOĞUKKUYU","MAHALLEID":null,"ADI":"4 NO LU AFET VE ACİL DURUM TOPLANMA ALANI","BOYLAM":27.116745857990001,"YOL":"1847/15 Sk.","Area":null},"geometry":{"type":"Point","coordinates":[27.116745857990001,38.474399669214002]}},
{"type":"Feature","properties":{"ILCE":"KINIK","KAPINO":null,"ENLEM":39.088280939196999,"ACIKLAMA":"3518-035-04","ILCEID":996,"MAHALLE":"YAYAKENT","MAHALLEID":null,"ADI":"4 NO LU AFET VE ACİL DURUM TOPLANMA ALANI","BOYLAM":27.304584354349998,"YOL":"POYRAZ Sk.","Area":null},"geometry":{"type":"Point","coordinates":[27.304584354349998,39.088280939196999]}},
{"type":"Feature","properties":{"ILCE":"MENDERES","KAPINO":null,"ENLEM":38.254429026681002,"ACIKLAMA":"3521-038-04","ILCEID":13,"MAHALLE":"MİTHATPAŞA","MAHALLEID":null,"ADI":"4 NO LU AFET VE ACİL DURUM TOPLANMA ALANI","BOYLAM":27.145102401033,"YOL":"537 Sk.","Area":null},"geometry":{"type":"Point","coordinates":[27.145102401033,38.254429026681002]}},
{"type":"Feature","properties":{"ILCE":"MENEMEN","KAPINO":null,"ENLEM":38.605751579854001,"ACIKLAMA":"3522-058-04","ILCEID":17,"MAHALLE":"UĞUR MUMCU","MAHALLEID":null,"ADI":"4 NO LU AFET VE ACİL DURUM TOPLANMA ALANI","BOYLAM":27.084138180010001,"YOL":"GAFFAR OKKAN Cd.","Area":null},"geometry":{"type":"Point","coordinates":[27.084138180010001,38.605751579854001]}},
{"type":"Feature","properties":{"ILCE":"ÇEŞME","KAPINO":null,"ENLEM":38.364732512139,"ACIKLAMA":"3509-008-04","ILCEID":1001,"MAHALLE":"CUMHURİYET","MAHALLEID":null,"ADI":"4 NO LU AFET VE ACİL DURUM TOPLANMA ALANI","BOYLAM":26.286472404043,"YOL":"4309 Sk.","Area":null},"geometry":{"type":"Point","coordinates":[26.286472404043,38.364732512139]}},
{"type":"Feature","properties":{"ILCE":"ÇEŞME","KAPINO":null,"ENLEM":38.316981901753998,"ACIKLAMA":"3509-018-04","ILCEID":1001,"MAHALLE":"MUSALLA","MAHALLEID":null,"ADI":"4 NO LU AFET VE ACİL DURUM TOPLANMA ALANI","BOYLAM":26.306245640253,"YOL":"1057 Sk.","Area":null},"geometry":{"type":"Point","coordinates":[26.306245640253,38.316981901753998]}},
{"type":"Feature","properties":{"ILCE":"ÇEŞME","KAPINO":null,"ENLEM":38.350830082253999,"ACIKLAMA":"3509-011-04","ILCEID":1001,"MAHALLE":"DALYAN","MAHALLEID":null,"ADI":"4 NO LU AFET VE ACİL DURUM TOPLANMA ALANI","BOYLAM":26.309088703566999,"YOL":"4173 Sk.","Area":null},"geometry":{"type":"Point","coordinates":[26.309088703566999,38.350830082253999]}},
{"type":"Feature","properties":{"ILCE":"BAYRAKLI","KAPINO":null,"ENLEM":38.469987760428999,"ACIKLAMA":"3530-011-04","ILCEID":11,"MAHALLE":"GÜMÜŞPALA","MAHALLEID":null,"ADI":"4 NO LU AFET VE ACİL DURUM TOPLANMA ALANI","BOYLAM":27.135247651254002,"YOL":"7075 Sk.","Area":null},"geometry":{"type":"Point","coordinates":[27.135247651254002,38.469987760428999]}},
{"type":"Feature","properties":{"ILCE":"GÜZELBAHÇE","KAPINO":null,"ENLEM":38.357410019565002,"ACIKLAMA":"3514-001-04","ILCEID":1,"MAHALLE":"ATATÜRK","MAHALLEID":null,"ADI":"4 NO LU AFET VE ACİL DURUM TOPLANMA ALANI","BOYLAM":26.885975312465,"YOL":"627 Sk.","Area":null},"geometry":{"type":"Point","coordinates":[26.885975312465,38.357410019565002]}},
{"type":"Feature","properties":{"ILCE":"GÜZELBAHÇE","KAPINO":null,"ENLEM":38.362783640471001,"ACIKLAMA":"3514-003-04","ILCEID":1,"MAHALLE":"ÇELEBİ","MAHALLEID":null,"ADI":"4 NO LU AFET VE ACİL DURUM TOPLANMA ALANI","BOYLAM":26.885009712664001,"YOL":"ESKİ SEFERİHİSAR Cd.","Area":null},"geometry":{"type":"Point","coordinates":[26.885009712664001,38.362783640471001]}},
{"type":"Feature","properties":{"ILCE":"TORBALI","KAPINO":null,"ENLEM":38.146906069756,"ACIKLAMA":"3528-051-04","ILCEID":9,"MAHALLE":"TEPEKÖY","MAHALLEID":null,"ADI":"4 NO LU AFET VE ACİL DURUM TOPLANMA ALANI","BOYLAM":27.365847267928999,"YOL":"4555 Sk.","Area":null},"geometry":{"type":"Point","coordinates":[27.365847267928999,38.146906069756]}},
{"type":"Feature","properties":{"ILCE":"KARABAĞLAR","KAPINO":null,"ENLEM":38.401035484799003,"ACIKLAMA":"3531-009-04","ILCEID":19,"MAHALLE":"BAHÇELİEVLER","MAHALLEID":null,"ADI":"4 NO LU AFET VE ACİL DURUM TOPLANMA ALANI","BOYLAM":27.114407107906999,"YOL":"GAZETECİ HASAN TAHSİN Cd.","Area":null},"geometry":{"type":"Point","coordinates":[27.114407107906999,38.401035484799003]}},
{"type":"Feature","properties":{"ILCE":"KEMALPAŞA","KAPINO":null,"ENLEM":38.431903211345002,"ACIKLAMA":"3517-038-04","ILCEID":6,"MAHALLE":"SEKİZ EYLÜL","MAHALLEID":null,"ADI":"4 NO LU AFET VE ACİL DURUM TOPLANMA ALANI","BOYLAM":27.412345350129002,"YOL":"KİRAZLI Cd.","Area":null},"geometry":{"type":"Point","coordinates":[27.412345350129002,38.431903211345002]}},
{"type":"Feature","properties":{"ILCE":"KONAK","KAPINO":null,"ENLEM":38.429423634621998,"ACIKLAMA":"3520-045-04","ILCEID":21,"MAHALLE":"HALKAPINAR","MAHALLEID":null,"ADI":"4 NO LU AFET VE ACİL DURUM TOPLANMA ALANI","BOYLAM":27.171140862142,"YOL":"1443 Sk.","Area":null},"geometry":{"type":"Point","coordinates":[27.171140862142,38.429423634621998]}},
{"type":"Feature","properties":{"ILCE":"URLA","KAPINO":null,"ENLEM":38.354524190554997,"ACIKLAMA":"3529-002-04","ILCEID":18,"MAHALLE":"ATATÜRK","MAHALLEID":null,"ADI":"4 NO LU AFET VE ACİL DURUM TOPLANMA ALANI","BOYLAM":26.791513753998,"YOL":"2203 Sk.","Area":null},"geometry":{"type":"Point","coordinates":[26.791513753998,38.354524190554997]}},
{"type":"Feature","properties":{"ILCE":"BAYRAKLI","KAPINO":null,"ENLEM":38.458491604519999,"ACIKLAMA":"3530-014-14","ILCEID":11,"MAHALLE":"MANSUROĞLU","MAHALLEID":null,"ADI":"4 NO LU AFET VE ACİL DURUM TOPLANMA ALANI","BOYLAM":27.19699717948,"YOL":"258 Sk.","Area":null},"geometry":{"type":"Point","coordinates":[27.19699717948,38.458491604519999]}},
{"type":"Feature","properties":{"ILCE":"KONAK","KAPINO":null,"ENLEM":38.436844551575,"ACIKLAMA":"3520-100-04","ILCEID":21,"MAHALLE":"UMURBEY","MAHALLEID":null,"ADI":"4 NO LU AFET VE ACİL DURUM TOPLANMA ALANI","BOYLAM":27.161205996939,"YOL":"ŞEHİTLER Cd.","Area":null},"geometry":{"type":"Point","coordinates":[27.161205996939,38.436844551575]}},
{"type":"Feature","properties":{"ILCE":"NARLIDERE","KAPINO":null,"ENLEM":38.392277972137997,"ACIKLAMA":"3523-007-04","ILCEID":5,"MAHALLE":"ILICA","MAHALLEID":null,"ADI":"4 NO LU AFET VE ACİL DURUM TOPLANMA ALANI","BOYLAM":27.023357310346,"YOL":"PALANDÖKEN Sk.","Area":null},"geometry":{"type":"Point","coordinates":[27.023357310346,38.392277972137997]}},
{"type":"Feature","properties":{"ILCE":"KARŞIYAKA","KAPINO":null,"ENLEM":38.468335020112001,"ACIKLAMA":"3516-010-04","ILCEID":20,"MAHALLE":"DEMİRKÖPRÜ","MAHALLEID":null,"ADI":"4 NO LU AFET VE ACİL DURUM TOPLANMA ALANI","BOYLAM":27.101757758887,"YOL":"CAHER DUDAYEV Blv.","Area":null},"geometry":{"type":"Point","coordinates":[27.101757758887,38.468335020112001]}},
{"type":"Feature","properties":{"ILCE":"KEMALPAŞA","KAPINO":null,"ENLEM":38.395486425767999,"ACIKLAMA":"3517-006-04","ILCEID":6,"MAHALLE":"AŞAĞIKIZILCA","MAHALLEID":null,"ADI":"4 NO LU AFET VE ACİL DURUM TOPLANMA ALANI","BOYLAM":27.51205871554,"YOL":"2001 Sk.","Area":null},"geometry":{"type":"Point","coordinates":[27.51205871554,38.395486425767999]}},
{"type":"Feature","properties":{"ILCE":"MENEMEN","KAPINO":null,"ENLEM":38.605533415215,"ACIKLAMA":"3522-060-04","ILCEID":17,"MAHALLE":"VİLLAKENT","MAHALLEID":null,"ADI":"4 NO LU AFET VE ACİL DURUM TOPLANMA ALANI","BOYLAM":26.918091487969999,"YOL":"5104 Sk.","Area":null},"geometry":{"type":"Point","coordinates":[26.918091487969999,38.605533415215]}},
{"type":"Feature","properties":{"ILCE":"KEMALPAŞA","KAPINO":null,"ENLEM":38.418875325491001,"ACIKLAMA":"3517-035-04","ILCEID":6,"MAHALLE":"ÖRNEKKÖY","MAHALLEID":null,"ADI":"4 NO LU AFET VE ACİL DURUM TOPLANMA ALANI","BOYLAM":27.466590096787002,"YOL":"1005 Sk.","Area":null},"geometry":{"type":"Point","coordinates":[27.466590096787002,38.418875325491001]}},
{"type":"Feature","properties":{"ILCE":"KEMALPAŞA","KAPINO":null,"ENLEM":38.483670180937999,"ACIKLAMA":"3517-024-04","ILCEID":6,"MAHALLE":"ULUCAK İSTİKLAL","MAHALLEID":null,"ADI":"4 NO LU AFET VE ACİL DURUM TOPLANMA ALANI","BOYLAM":27.361380865166002,"YOL":"9232 Sk.","Area":null},"geometry":{"type":"Point","coordinates":[27.361380865166002,38.483670180937999]}},
{"type":"Feature","properties":{"ILCE":"URLA","KAPINO":null,"ENLEM":38.365275704818004,"ACIKLAMA":"3529-017-04","ILCEID":18,"MAHALLE":"KALABAK","MAHALLEID":null,"ADI":"4 NO LU AFET VE ACİL DURUM TOPLANMA ALANI","BOYLAM":26.82329238809,"YOL":"3058 Sk.","Area":null},"geometry":{"type":"Point","coordinates":[26.82329238809,38.365275704818004]}},
{"type":"Feature","properties":{"ILCE":"KEMALPAŞA","KAPINO":null,"ENLEM":38.463866440963997,"ACIKLAMA":"3517-012-04","ILCEID":6,"MAHALLE":"ÇAMBEL","MAHALLEID":null,"ADI":"4 NO LU AFET VE ACİL DURUM TOPLANMA ALANI","BOYLAM":27.517637573417002,"YOL":"ÇAMBEL MAH. YOLU KümeEvleri","Area":null},"geometry":{"type":"Point","coordinates":[27.517637573417002,38.463866440963997]}},
{"type":"Feature","properties":{"ILCE":"KEMALPAŞA","KAPINO":null,"ENLEM":38.413697287127,"ACIKLAMA":"3517-001-04","ILCEID":6,"MAHALLE":"BAĞYURDU 29 EKİM","MAHALLEID":null,"ADI":"4 NO LU AFET VE ACİL DURUM TOPLANMA ALANI","BOYLAM":27.639495169408999,"YOL":"ZEYTİNCİK Sk.","Area":null},"geometry":{"type":"Point","coordinates":[27.639495169408999,38.413697287127]}},
{"type":"Feature","properties":{"ILCE":"KARABAĞLAR","KAPINO":null,"ENLEM":38.386950782786002,"ACIKLAMA":"3531-048-04","ILCEID":19,"MAHALLE":"TAHSİN YAZICI","MAHALLEID":null,"ADI":"4 NO LU AFET VE ACİL DURUM TOPLANMA ALANI","BOYLAM":27.110625235943001,"YOL":"9323 Sk.","Area":null},"geometry":{"type":"Point","coordinates":[27.110625235943001,38.386950782786002]}},
{"type":"Feature","properties":{"ILCE":"KEMALPAŞA","KAPINO":null,"ENLEM":38.429331430299001,"ACIKLAMA":"3517-007-04","ILCEID":6,"MAHALLE":"ATATÜRK","MAHALLEID":null,"ADI":"4 NO LU AFET VE ACİL DURUM TOPLANMA ALANI","BOYLAM":27.412645760217998,"YOL":"İZMİR Cd.","Area":null},"geometry":{"type":"Point","coordinates":[27.412645760217998,38.429331430299001]}},
{"type":"Feature","properties":{"ILCE":"KARŞIYAKA","KAPINO":null,"ENLEM":38.474198061773002,"ACIKLAMA":"3516-022-04","ILCEID":20,"MAHALLE":"ŞEMİKLER","MAHALLEID":null,"ADI":"4 NO LU AFET VE ACİL DURUM TOPLANMA ALANI","BOYLAM":27.096618661985001,"YOL":"ORDU Blv.","Area":null},"geometry":{"type":"Point","coordinates":[27.096618661985001,38.474198061773002]}},
{"type":"Feature","properties":{"ILCE":"KARŞIYAKA","KAPINO":null,"ENLEM":38.463849211524,"ACIKLAMA":"3516-007-04","ILCEID":20,"MAHALLE":"BOSTANLI","MAHALLEID":null,"ADI":"4 NO LU AFET VE ACİL DURUM TOPLANMA ALANI","BOYLAM":27.098227997028999,"YOL":"1813/5 Sk.","Area":null},"geometry":{"type":"Point","coordinates":[27.098227997028999,38.463849211524]}},
{"type":"Feature","properties":{"ILCE":"URLA","KAPINO":null,"ENLEM":38.311670572661001,"ACIKLAMA":"3529-014-04","ILCEID":18,"MAHALLE":"İÇMELER","MAHALLEID":null,"ADI":"4 NO LU AFET VE ACİL DURUM TOPLANMA ALANI","BOYLAM":26.699139015735,"YOL":"1034 Sk.","Area":null},"geometry":{"type":"Point","coordinates":[26.699139015735,38.311670572661001]}},
{"type":"Feature","properties":{"ILCE":"NARLIDERE","KAPINO":null,"ENLEM":38.393343779708999,"ACIKLAMA":"3523-009-04","ILCEID":5,"MAHALLE":"NARLI","MAHALLEID":null,"ADI":"4 NO LU AFET VE ACİL DURUM TOPLANMA ALANI","BOYLAM":27.002615889853999,"YOL":"KOÇYİĞİT Sk.","Area":null},"geometry":{"type":"Point","coordinates":[27.002615889853999,38.393343779708999]}},
{"type":"Feature","properties":{"ILCE":"BUCA","KAPINO":null,"ENLEM":38.372779312657997,"ACIKLAMA":"3508-033-04","ILCEID":8,"MAHALLE":"KURUÇEŞME","MAHALLEID":null,"ADI":"4 NO LU AFET VE ACİL DURUM TOPLANMA ALANI","BOYLAM":27.190903374613999,"YOL":"HACI BEKTAŞ VELİ Sk.","Area":null},"geometry":{"type":"Point","coordinates":[27.190903374613999,38.372779312657997]}},
{"type":"Feature","properties":{"ILCE":"URLA","KAPINO":null,"ENLEM":38.320113757610997,"ACIKLAMA":"3529-033-01","ILCEID":18,"MAHALLE":"YELALTI","MAHALLEID":null,"ADI":"4 NO LU AFET VE ACİL DURUM TOPLANMA ALANI","BOYLAM":26.773001301278999,"YOL":"TOPALTI Sk.","Area":null},"geometry":{"type":"Point","coordinates":[26.773001301278999,38.320113757610997]}},
{"type":"Feature","properties":{"ILCE":"ÇİĞLİ","KAPINO":null,"ENLEM":38.507997817754998,"ACIKLAMA":"3510-007-04","ILCEID":16,"MAHALLE":"BALATÇIK","MAHALLEID":null,"ADI":"4 NO LU AFET VE ACİL DURUM TOPLANMA ALANI","BOYLAM":27.039477107235999,"YOL":"8914/5 Sk.","Area":null},"geometry":{"type":"Point","coordinates":[27.039477107235999,38.507997817754998]}},
{"type":"Feature","properties":{"ILCE":"KARABAĞLAR","KAPINO":null,"ENLEM":38.390264049853002,"ACIKLAMA":"3531-020-04","ILCEID":19,"MAHALLE":"ESENTEPE","MAHALLEID":null,"ADI":"4 NO LU AFET VE ACİL DURUM TOPLANMA ALANI","BOYLAM":27.075424095043999,"YOL":"75 Sk.","Area":null},"geometry":{"type":"Point","coordinates":[27.075424095043999,38.390264049853002]}},
{"type":"Feature","properties":{"ILCE":"KARŞIYAKA","KAPINO":null,"ENLEM":38.479304725079999,"ACIKLAMA":"3516-025-04","ILCEID":20,"MAHALLE":"YALI","MAHALLEID":null,"ADI":"4 NO LU AFET VE ACİL DURUM TOPLANMA ALANI","BOYLAM":27.082413744970999,"YOL":"6523 Sk.","Area":null},"geometry":{"type":"Point","coordinates":[27.082413744970999,38.479304725079999]}},
{"type":"Feature","properties":{"ILCE":"TORBALI","KAPINO":null,"ENLEM":38.175250317589999,"ACIKLAMA":"3528-052-04","ILCEID":9,"MAHALLE":"TORBALI","MAHALLEID":null,"ADI":"4 NO LU AFET VE ACİL DURUM TOPLANMA ALANI","BOYLAM":27.352801023344,"YOL":"5024 Sk.","Area":null},"geometry":{"type":"Point","coordinates":[27.352801023344,38.175250317589999]}},
{"type":"Feature","properties":{"ILCE":"KARŞIYAKA","KAPINO":null,"ENLEM":38.466621378835001,"ACIKLAMA":"3516-009-04","ILCEID":20,"MAHALLE":"DEDEBAŞI","MAHALLEID":null,"ADI":"4 NO LU AFET VE ACİL DURUM TOPLANMA ALANI","BOYLAM":27.105609394788001,"YOL":"6133 Sk.","Area":null},"geometry":{"type":"Point","coordinates":[27.105609394788001,38.466621378835001]}},
{"type":"Feature","properties":{"ILCE":"KEMALPAŞA","KAPINO":null,"ENLEM":38.400245556664999,"ACIKLAMA":"3517-023-04","ILCEID":6,"MAHALLE":"ARMUTLU HÜRRİYET","MAHALLEID":null,"ADI":"4 NO LU AFET VE ACİL DURUM TOPLANMA ALANI","BOYLAM":27.531434889625,"YOL":"SELVİ Sk.","Area":null},"geometry":{"type":"Point","coordinates":[27.531434889625,38.400245556664999]}},
{"type":"Feature","properties":{"ILCE":"KEMALPAŞA","KAPINO":null,"ENLEM":38.458724999181001,"ACIKLAMA":"3517-041-04","ILCEID":6,"MAHALLE":"SÜTÇÜLER","MAHALLEID":null,"ADI":"4 NO LU AFET VE ACİL DURUM TOPLANMA ALANI","BOYLAM":27.452192006036,"YOL":"TIĞTEPE Sk.","Area":null},"geometry":{"type":"Point","coordinates":[27.452192006036,38.458724999181001]}},
{"type":"Feature","properties":{"ILCE":"KEMALPAŞA","KAPINO":null,"ENLEM":38.385336519043001,"ACIKLAMA":"3517-049-04","ILCEID":6,"MAHALLE":"YUKARIKIZILCA MERKEZ","MAHALLEID":null,"ADI":"4 NO LU AFET VE ACİL DURUM TOPLANMA ALANI","BOYLAM":27.49946850521,"YOL":"YUKARIKIZILCA BELEDİYE Cd.","Area":null},"geometry":{"type":"Point","coordinates":[27.49946850521,38.385336519043001]}},
{"type":"Feature","properties":{"ILCE":"KARABAĞLAR","KAPINO":null,"ENLEM":38.368817423492999,"ACIKLAMA":"3531-017-04","ILCEID":19,"MAHALLE":"DEVRİM","MAHALLEID":null,"ADI":"4 NO LU AFET VE ACİL DURUM TOPLANMA ALANI","BOYLAM":27.108463416991999,"YOL":"ESKİİZMİR Cd.","Area":null},"geometry":{"type":"Point","coordinates":[27.108463416991999,38.368817423492999]}},
{"type":"Feature","properties":{"ILCE":"KARABAĞLAR","KAPINO":null,"ENLEM":38.372270350709002,"ACIKLAMA":"3531-027-03","ILCEID":19,"MAHALLE":"GÜNALTAY","MAHALLEID":null,"ADI":"4 NO LU AFET VE ACİL DURUM TOPLANMA ALANI","BOYLAM":27.114120161681001,"YOL":"4906 Sk.","Area":null},"geometry":{"type":"Point","coordinates":[27.114120161681001,38.372270350709002]}},
{"type":"Feature","properties":{"ILCE":"ÇEŞME","KAPINO":null,"ENLEM":38.327402389291997,"ACIKLAMA":"3509-005-04","ILCEID":1001,"MAHALLE":"ARDIÇ","MAHALLEID":null,"ADI":"4 NO LU AFET VE ACİL DURUM TOPLANMA ALANI","BOYLAM":26.387902381985999,"YOL":"5461 Sk.","Area":null},"geometry":{"type":"Point","coordinates":[26.387902381985999,38.327402389291997]}},
{"type":"Feature","properties":{"ILCE":"TORBALI","KAPINO":null,"ENLEM":38.242843876297997,"ACIKLAMA":"3528-027-04","ILCEID":9,"MAHALLE":"İNÖNÜ","MAHALLEID":null,"ADI":"4 NO LU AFET VE ACİL DURUM TOPLANMA ALANI","BOYLAM":27.262571855889,"YOL":"187/8 Sk.","Area":null},"geometry":{"type":"Point","coordinates":[27.262571855889,38.242843876297997]}},
{"type":"Feature","properties":{"ILCE":"URLA","KAPINO":null,"ENLEM":38.329532163042998,"ACIKLAMA":"3529-013-01","ILCEID":18,"MAHALLE":"HACI İSA","MAHALLEID":null,"ADI":"4 NO LU AFET VE ACİL DURUM TOPLANMA ALANI","BOYLAM":26.765635975612,"YOL":"TUTKU Sk.","Area":null},"geometry":{"type":"Point","coordinates":[26.765635975612,38.329532163042998]}},
{"type":"Feature","properties":{"ILCE":"ÇİĞLİ","KAPINO":null,"ENLEM":38.498888151275999,"ACIKLAMA":"3510-020-04","ILCEID":16,"MAHALLE":"KÖYİÇİ","MAHALLEID":null,"ADI":"4 NO LU AFET VE ACİL DURUM TOPLANMA ALANI","BOYLAM":27.065333489337998,"YOL":"8089/1 Sk.","Area":null},"geometry":{"type":"Point","coordinates":[27.065333489337998,38.498888151275999]}},
{"type":"Feature","properties":{"ILCE":"KARŞIYAKA","KAPINO":null,"ENLEM":38.452436041744001,"ACIKLAMA":"3516-001-04","ILCEID":20,"MAHALLE":"AKSOY","MAHALLEID":null,"ADI":"4 NO LU AFET VE ACİL DURUM TOPLANMA ALANI","BOYLAM":27.106939787976,"YOL":"HALİM ERKER Sk.","Area":null},"geometry":{"type":"Point","coordinates":[27.106939787976,38.452436041744001]}},
{"type":"Feature","properties":{"ILCE":"BUCA","KAPINO":null,"ENLEM":38.365831246281999,"ACIKLAMA":"3508-022-04","ILCEID":8,"MAHALLE":"GÖKSU","MAHALLEID":null,"ADI":"4 NO LU AFET VE ACİL DURUM TOPLANMA ALANI","BOYLAM":27.145348976006002,"YOL":"693/18 Sk.","Area":null},"geometry":{"type":"Point","coordinates":[27.145348976006002,38.365831246281999]}},
{"type":"Feature","properties":{"ILCE":"KARŞIYAKA","KAPINO":null,"ENLEM":38.462958727988003,"ACIKLAMA":"3516-003-04","ILCEID":20,"MAHALLE":"ATAKENT","MAHALLEID":null,"ADI":"4 NO LU AFET VE ACİL DURUM TOPLANMA ALANI","BOYLAM":27.089044160583999,"YOL":"2031 Sk.","Area":null},"geometry":{"type":"Point","coordinates":[27.089044160583999,38.462958727988003]}},
{"type":"Feature","properties":{"ILCE":"TİRE","KAPINO":null,"ENLEM":38.095436824236998,"ACIKLAMA":"3527-043-04","ILCEID":997,"MAHALLE":"HÜRRİYET","MAHALLEID":null,"ADI":"4 NO LU AFET VE ACİL DURUM TOPLANMA ALANI","BOYLAM":27.729220468040001,"YOL":"TÜRKİSTAN Cd.","Area":null},"geometry":{"type":"Point","coordinates":[27.729220468040001,38.095436824236998]}},
{"type":"Feature","properties":{"ILCE":"KEMALPAŞA","KAPINO":null,"ENLEM":38.461077340829,"ACIKLAMA":"3517-004-04","ILCEID":6,"MAHALLE":"AKALAN","MAHALLEID":null,"ADI":"4 NO LU AFET VE ACİL DURUM TOPLANMA ALANI","BOYLAM":27.484614384088001,"YOL":"1521 Sk.","Area":null},"geometry":{"type":"Point","coordinates":[27.484614384088001,38.461077340829]}},
{"type":"Feature","properties":{"ILCE":"URLA","KAPINO":null,"ENLEM":38.369633074360003,"ACIKLAMA":"3529-008-04","ILCEID":18,"MAHALLE":"ÇAMLIÇAY","MAHALLEID":null,"ADI":"4 NO LU AFET VE ACİL DURUM TOPLANMA ALANI","BOYLAM":26.847024446873,"YOL":"5182 Sk.","Area":null},"geometry":{"type":"Point","coordinates":[26.847024446873,38.369633074360003]}},
{"type":"Feature","properties":{"ILCE":"BAYRAKLI","KAPINO":null,"ENLEM":38.483898785026,"ACIKLAMA":"3530-019-04","ILCEID":11,"MAHALLE":"POSTACILAR","MAHALLEID":null,"ADI":"4 NO LU AFET VE ACİL DURUM TOPLANMA ALANI","BOYLAM":27.118902327164001,"YOL":"7651/1 Sk.","Area":null},"geometry":{"type":"Point","coordinates":[27.118902327164001,38.483898785026]}},
{"type":"Feature","properties":{"ILCE":"ÇEŞME","KAPINO":null,"ENLEM":38.403002226551997,"ACIKLAMA":"3509-014-04","ILCEID":1001,"MAHALLE":"ILDIR","MAHALLEID":null,"ADI":"4 NO LU AFET VE ACİL DURUM TOPLANMA ALANI","BOYLAM":26.483136277008999,"YOL":"30015 Sk.","Area":null},"geometry":{"type":"Point","coordinates":[26.483136277008999,38.403002226551997]}},
{"type":"Feature","properties":{"ILCE":"ÇİĞLİ","KAPINO":null,"ENLEM":38.504410771304002,"ACIKLAMA":"3510-009-04","ILCEID":16,"MAHALLE":"ÇAĞDAŞ","MAHALLEID":null,"ADI":"4 NO LU AFET VE ACİL DURUM TOPLANMA ALANI","BOYLAM":27.058668223571999,"YOL":"8819 Sk.","Area":null},"geometry":{"type":"Point","coordinates":[27.058668223571999,38.504410771304002]}},
{"type":"Feature","properties":{"ILCE":"KARŞIYAKA","KAPINO":null,"ENLEM":38.463840825722002,"ACIKLAMA":"3516-006-04","ILCEID":20,"MAHALLE":"BAHRİYE ÜÇOK","MAHALLEID":null,"ADI":"4 NO LU AFET VE ACİL DURUM TOPLANMA ALANI","BOYLAM":27.112336346258001,"YOL":"1834/3 Sk.","Area":null},"geometry":{"type":"Point","coordinates":[27.112336346258001,38.463840825722002]}},
{"type":"Feature","properties":{"ILCE":"URLA","KAPINO":null,"ENLEM":38.383073474596998,"ACIKLAMA":"3529-010-04","ILCEID":18,"MAHALLE":"DENİZLİ","MAHALLEID":null,"ADI":"4 NO LU AFET VE ACİL DURUM TOPLANMA ALANI","BOYLAM":26.756323297375001,"YOL":"49 Sk.","Area":null},"geometry":{"type":"Point","coordinates":[26.756323297375001,38.383073474596998]}},
{"type":"Feature","properties":{"ILCE":"URLA","KAPINO":null,"ENLEM":38.396746884071,"ACIKLAMA":"3529-012-04","ILCEID":18,"MAHALLE":"GÜVENDİK","MAHALLEID":null,"ADI":"4 NO LU AFET VE ACİL DURUM TOPLANMA ALANI","BOYLAM":26.72881467505,"YOL":"259 Sk.","Area":null},"geometry":{"type":"Point","coordinates":[26.72881467505,38.396746884071]}},
{"type":"Feature","properties":{"ILCE":"URLA","KAPINO":null,"ENLEM":38.364466957352001,"ACIKLAMA":"3529-023-04","ILCEID":18,"MAHALLE":"ÖZBEK","MAHALLEID":null,"ADI":"4 NO LU AFET VE ACİL DURUM TOPLANMA ALANI","BOYLAM":26.706696007079,"YOL":"6040 Sk.","Area":null},"geometry":{"type":"Point","coordinates":[26.706696007079,38.364466957352001]}},
{"type":"Feature","properties":{"ILCE":"URLA","KAPINO":null,"ENLEM":38.327857313787,"ACIKLAMA":"3529-034-04","ILCEID":18,"MAHALLE":"YENİKENT","MAHALLEID":null,"ADI":"4 NO LU AFET VE ACİL DURUM TOPLANMA ALANI","BOYLAM":26.772019603979,"YOL":"KOLYOZ Sk.","Area":null},"geometry":{"type":"Point","coordinates":[26.772019603979,38.327857313787]}},
{"type":"Feature","properties":{"ILCE":"KARŞIYAKA","KAPINO":null,"ENLEM":38.469385002568998,"ACIKLAMA":"3516-017-04","ILCEID":20,"MAHALLE":"MAVİŞEHİR","MAHALLEID":null,"ADI":"4 NO LU AFET VE ACİL DURUM TOPLANMA ALANI","BOYLAM":27.077864758067001,"YOL":"OPERA Cd.","Area":null},"geometry":{"type":"Point","coordinates":[27.077864758067001,38.469385002568998]}},
{"type":"Feature","properties":{"ILCE":"MENEMEN","KAPINO":null,"ENLEM":38.556058605779,"ACIKLAMA":"3522-002-04","ILCEID":17,"MAHALLE":"30 AĞUSTOS","MAHALLEID":null,"ADI":"4 NO LU AFET VE ACİL DURUM TOPLANMA ALANI","BOYLAM":27.045581701816999,"YOL":"7123 Sk.","Area":null},"geometry":{"type":"Point","coordinates":[27.045581701816999,38.556058605779]}},
{"type":"Feature","properties":{"ILCE":"MENEMEN","KAPINO":null,"ENLEM":38.611339345474001,"ACIKLAMA":"3522-048-04","ILCEID":17,"MAHALLE":"MERMERLİ","MAHALLEID":null,"ADI":"4 NO LU AFET VE ACİL DURUM TOPLANMA ALANI","BOYLAM":27.071207304621002,"YOL":"ŞEHİT AYCAN AKSOY Cd.","Area":null},"geometry":{"type":"Point","coordinates":[27.071207304621002,38.611339345474001]}},
{"type":"Feature","properties":{"ILCE":"TORBALI","KAPINO":null,"ENLEM":38.151040283954003,"ACIKLAMA":"3528-037-04","ILCEID":9,"MAHALLE":"MURATBEY","MAHALLEID":null,"ADI":"4 NO LU AFET VE ACİL DURUM TOPLANMA ALANI","BOYLAM":27.355783663798,"YOL":"ATİLLA SUNAR Cd.","Area":null},"geometry":{"type":"Point","coordinates":[27.355783663798,38.151040283954003]}},
{"type":"Feature","properties":{"ILCE":"KARABAĞLAR","KAPINO":null,"ENLEM":38.392904510473002,"ACIKLAMA":"3531-021-04","ILCEID":19,"MAHALLE":"ESENYALI","MAHALLEID":null,"ADI":"4 NO LU AFET VE ACİL DURUM TOPLANMA ALANI","BOYLAM":27.091855220904002,"YOL":"119/1 Sk.","Area":null},"geometry":{"type":"Point","coordinates":[27.091855220904002,38.392904510473002]}},
{"type":"Feature","properties":{"ILCE":"ÇİĞLİ","KAPINO":null,"ENLEM":38.502611939799003,"ACIKLAMA":"3510-026-04","ILCEID":16,"MAHALLE":"YAKAKENT","MAHALLEID":null,"ADI":"4 NO LU AFET VE ACİL DURUM TOPLANMA ALANI","BOYLAM":27.074238372642,"YOL":"8087/1 Sk.","Area":null},"geometry":{"type":"Point","coordinates":[27.074238372642,38.502611939799003]}},
{"type":"Feature","properties":{"ILCE":"KEMALPAŞA","KAPINO":null,"ENLEM":38.427196617383999,"ACIKLAMA":"3517-007-05","ILCEID":6,"MAHALLE":"ATATÜRK","MAHALLEID":null,"ADI":"4 NO LU AFET VE ACİL DURUM TOPLANMA ALANI","BOYLAM":27.415896584852,"YOL":"30 Sk.","Area":null},"geometry":{"type":"Point","coordinates":[27.415896584852,38.427196617383999]}},
{"type":"Feature","properties":{"ILCE":"KEMALPAŞA","KAPINO":null,"ENLEM":38.426532637161998,"ACIKLAMA":"3517-031-04","ILCEID":6,"MAHALLE":"MEHMET AKİF ERSOY","MAHALLEID":null,"ADI":"4 NO LU AFET VE ACİL DURUM TOPLANMA ALANI","BOYLAM":27.426775571631001,"YOL":"229 Sk.","Area":null},"geometry":{"type":"Point","coordinates":[27.426775571631001,38.426532637161998]}},
{"type":"Feature","properties":{"ILCE":"ÇEŞME","KAPINO":null,"ENLEM":38.324835225957003,"ACIKLAMA":"3509-016-04","ILCEID":1001,"MAHALLE":"İSMET İNÖNÜ","MAHALLEID":null,"ADI":"4 NO LU AFET VE ACİL DURUM TOPLANMA ALANI","BOYLAM":26.318117022959999,"YOL":"2163 Sk.","Area":null},"geometry":{"type":"Point","coordinates":[26.318117022959999,38.324835225957003]}},
{"type":"Feature","properties":{"ILCE":"ÇİĞLİ","KAPINO":null,"ENLEM":38.499433945352003,"ACIKLAMA":"3510-012-04","ILCEID":16,"MAHALLE":"EVKA-2","MAHALLEID":null,"ADI":"4 NO LU AFET VE ACİL DURUM TOPLANMA ALANI","BOYLAM":27.083862096219999,"YOL":"6858 Sk.","Area":null},"geometry":{"type":"Point","coordinates":[27.083862096219999,38.499433945352003]}},
{"type":"Feature","properties":{"ILCE":"ÇİĞLİ","KAPINO":null,"ENLEM":38.484822543655,"ACIKLAMA":"3510-004-04","ILCEID":16,"MAHALLE":"ATAŞEHİR","MAHALLEID":null,"ADI":"4 NO LU AFET VE ACİL DURUM TOPLANMA ALANI","BOYLAM":27.071985358736999,"YOL":"8273/3 Sk.","Area":null},"geometry":{"type":"Point","coordinates":[27.071985358736999,38.484822543655]}},
{"type":"Feature","properties":{"ILCE":"ÇİĞLİ","KAPINO":null,"ENLEM":38.518785245886001,"ACIKLAMA":"3510-013-04","ILCEID":16,"MAHALLE":"EVKA-5","MAHALLEID":null,"ADI":"4 NO LU AFET VE ACİL DURUM TOPLANMA ALANI","BOYLAM":27.056804072864999,"YOL":"8930 Sk.","Area":null},"geometry":{"type":"Point","coordinates":[27.056804072864999,38.518785245886001]}},
{"type":"Feature","properties":{"ILCE":"ÇİĞLİ","KAPINO":null,"ENLEM":38.497024079174999,"ACIKLAMA":"3510-027-04","ILCEID":16,"MAHALLE":"YENİ MAHALLE","MAHALLEID":null,"ADI":"4 NO LU AFET VE ACİL DURUM TOPLANMA ALANI","BOYLAM":27.054797827881998,"YOL":"1671/1 Sk.","Area":null},"geometry":{"type":"Point","coordinates":[27.054797827881998,38.497024079174999]}},
{"type":"Feature","properties":{"ILCE":"ÇEŞME","KAPINO":null,"ENLEM":38.355230536202001,"ACIKLAMA":"3509-013-04","ILCEID":1001,"MAHALLE":"GERMİYAN","MAHALLEID":null,"ADI":"4 NO LU AFET VE ACİL DURUM TOPLANMA ALANI","BOYLAM":26.459286282529,"YOL":"27068/4 Sk.","Area":null},"geometry":{"type":"Point","coordinates":[26.459286282529,38.355230536202001]}},
{"type":"Feature","properties":{"ILCE":"BUCA","KAPINO":null,"ENLEM":38.378565975152,"ACIKLAMA":"3508-020-04","ILCEID":8,"MAHALLE":"FIRAT","MAHALLEID":null,"ADI":"4 NO LU AFET VE ACİL DURUM TOPLANMA ALANI","BOYLAM":27.152193917769001,"YOL":"272/3 Sk.","Area":null},"geometry":{"type":"Point","coordinates":[27.152193917769001,38.378565975152]}},
{"type":"Feature","properties":{"ILCE":"BUCA","KAPINO":null,"ENLEM":38.380870444829,"ACIKLAMA":"3508-043-04","ILCEID":8,"MAHALLE":"YENİGÜN","MAHALLEID":null,"ADI":"4 NO LU AFET VE ACİL DURUM TOPLANMA ALANI","BOYLAM":27.16230042698,"YOL":"271/3 Sk.","Area":null},"geometry":{"type":"Point","coordinates":[27.16230042698,38.380870444829]}},
{"type":"Feature","properties":{"ILCE":"GÜZELBAHÇE","KAPINO":null,"ENLEM":38.381564032451003,"ACIKLAMA":"3514-006-04","ILCEID":1,"MAHALLE":"MALTEPE","MAHALLEID":null,"ADI":"4 NO LU AFET VE ACİL DURUM TOPLANMA ALANI","BOYLAM":26.918118702202001,"YOL":"26 Sk.","Area":null},"geometry":{"type":"Point","coordinates":[26.918118702202001,38.381564032451003]}},
{"type":"Feature","properties":{"ILCE":"BUCA","KAPINO":null,"ENLEM":38.370844688120002,"ACIKLAMA":"3508-045-04","ILCEID":8,"MAHALLE":"YILDIZ","MAHALLEID":null,"ADI":"4 NO LU AFET VE ACİL DURUM TOPLANMA ALANI","BOYLAM":27.17824341455,"YOL":"206/5 Sk.","Area":null},"geometry":{"type":"Point","coordinates":[27.17824341455,38.370844688120002]}},
{"type":"Feature","properties":{"ILCE":"BAYRAKLI","KAPINO":null,"ENLEM":38.481723609949,"ACIKLAMA":"3530-017-04","ILCEID":11,"MAHALLE":"ORG.NAFİZ GÜRMAN","MAHALLEID":null,"ADI":"4 NO LU AFET VE ACİL DURUM TOPLANMA ALANI","BOYLAM":27.137795717250999,"YOL":"7171 Sk.","Area":null},"geometry":{"type":"Point","coordinates":[27.137795717250999,38.481723609949]}},
{"type":"Feature","properties":{"ILCE":"GÜZELBAHÇE","KAPINO":null,"ENLEM":38.376559748574998,"ACIKLAMA":"3514-011-04","ILCEID":1,"MAHALLE":"YALI","MAHALLEID":null,"ADI":"4 NO LU AFET VE ACİL DURUM TOPLANMA ALANI","BOYLAM":26.890556469044,"YOL":"196 Sk.","Area":null},"geometry":{"type":"Point","coordinates":[26.890556469044,38.376559748574998]}},
{"type":"Feature","properties":{"ILCE":"GÜZELBAHÇE","KAPINO":null,"ENLEM":38.339229266369998,"ACIKLAMA":"3514-012-04","ILCEID":1,"MAHALLE":"YELKİ","MAHALLEID":null,"ADI":"4 NO LU AFET VE ACİL DURUM TOPLANMA ALANI","BOYLAM":26.865891063864002,"YOL":"İNÖNÜ Cd.","Area":null},"geometry":{"type":"Point","coordinates":[26.865891063864002,38.339229266369998]}},
{"type":"Feature","properties":{"ILCE":"BUCA","KAPINO":null,"ENLEM":38.369246460698001,"ACIKLAMA":"3508-044-04","ILCEID":8,"MAHALLE":"YEŞİLBAĞLAR","MAHALLEID":null,"ADI":"4 NO LU AFET VE ACİL DURUM TOPLANMA ALANI","BOYLAM":27.148299385424998,"YOL":"637/48 Sk.","Area":null},"geometry":{"type":"Point","coordinates":[27.148299385424998,38.369246460698001]}},
{"type":"Feature","properties":{"ILCE":"KARABAĞLAR","KAPINO":null,"ENLEM":38.396024121106997,"ACIKLAMA":"3531-022-04","ILCEID":19,"MAHALLE":"FAHRETTİN ALTAY","MAHALLEID":null,"ADI":"4 NO LU AFET VE ACİL DURUM TOPLANMA ALANI","BOYLAM":27.068563028837001,"YOL":"65/17 Sk.","Area":null},"geometry":{"type":"Point","coordinates":[27.068563028837001,38.396024121106997]}},
{"type":"Feature","properties":{"ILCE":"KARŞIYAKA","KAPINO":null,"ENLEM":38.464126436226998,"ACIKLAMA":"3516-013-04","ILCEID":20,"MAHALLE":"GONCALAR","MAHALLEID":null,"ADI":"4 NO LU AFET VE ACİL DURUM TOPLANMA ALANI","BOYLAM":27.101983070492,"YOL":"6007/3 Sk.","Area":null},"geometry":{"type":"Point","coordinates":[27.101983070492,38.464126436226998]}},
{"type":"Feature","properties":{"ILCE":"MENEMEN","KAPINO":null,"ENLEM":38.601446226354,"ACIKLAMA":"3522-023-04","ILCEID":17,"MAHALLE":"UĞUR MUMCU","MAHALLEID":null,"ADI":"4 NO LU AFET VE ACİL DURUM TOPLANMA ALANI","BOYLAM":27.090342106203,"YOL":"1311 Sk.","Area":null},"geometry":{"type":"Point","coordinates":[27.090342106203,38.601446226354]}},
{"type":"Feature","properties":{"ILCE":"BAYRAKLI","KAPINO":null,"ENLEM":38.460186535308999,"ACIKLAMA":"3530-013-04","ILCEID":11,"MAHALLE":"MANAVKUYU","MAHALLEID":null,"ADI":"4 NO LU AFET VE ACİL DURUM TOPLANMA ALANI","BOYLAM":27.191890276068001,"YOL":"274/5 Sk.","Area":null},"geometry":{"type":"Point","coordinates":[27.191890276068001,38.460186535308999]}},
{"type":"Feature","properties":{"ILCE":"BUCA","KAPINO":null,"ENLEM":38.383872867328002,"ACIKLAMA":"3508-032-04","ILCEID":8,"MAHALLE":"KOZAĞAÇ","MAHALLEID":null,"ADI":"4 NO LU AFET VE ACİL DURUM TOPLANMA ALANI","BOYLAM":27.169402875938999,"YOL":"ÖZMEN Cd.","Area":null},"geometry":{"type":"Point","coordinates":[27.169402875938999,38.383872867328002]}},
{"type":"Feature","properties":{"ILCE":"ÇİĞLİ","KAPINO":null,"ENLEM":38.491935338479003,"ACIKLAMA":"3510-023-04","ILCEID":16,"MAHALLE":"SASALI MERKEZ","MAHALLEID":null,"ADI":"4 NO LU AFET VE ACİL DURUM TOPLANMA ALANI","BOYLAM":26.949430461675998,"YOL":"10 Sk.","Area":null},"geometry":{"type":"Point","coordinates":[26.949430461675998,38.491935338479003]}},
{"type":"Feature","properties":{"ILCE":"KARŞIYAKA","KAPINO":null,"ENLEM":38.464638889846,"ACIKLAMA":"3516-005-04","ILCEID":20,"MAHALLE":"BAHÇELİEVLER","MAHALLEID":null,"ADI":"4 NO LU AFET VE ACİL DURUM TOPLANMA ALANI","BOYLAM":27.119170579468001,"YOL":"YAŞAR AKSOY Sk.","Area":null},"geometry":{"type":"Point","coordinates":[27.119170579468001,38.464638889846]}},
{"type":"Feature","properties":{"ILCE":"KARŞIYAKA","KAPINO":null,"ENLEM":38.494857716167999,"ACIKLAMA":"3516-018-04","ILCEID":20,"MAHALLE":"MUSTAFA KEMAL","MAHALLEID":null,"ADI":"4 NO LU AFET VE ACİL DURUM TOPLANMA ALANI","BOYLAM":27.091361523187999,"YOL":"6753/17 Sk.","Area":null},"geometry":{"type":"Point","coordinates":[27.091361523187999,38.494857716167999]}},
{"type":"Feature","properties":{"ILCE":"KEMALPAŞA","KAPINO":null,"ENLEM":38.417631407123999,"ACIKLAMA":"3517-043-04","ILCEID":6,"MAHALLE":"BAĞYURDU YENİ","MAHALLEID":null,"ADI":"4 NO LU AFET VE ACİL DURUM TOPLANMA ALANI","BOYLAM":27.632231777188,"YOL":"DOĞAN Sk.","Area":null},"geometry":{"type":"Point","coordinates":[27.632231777188,38.417631407123999]}},
{"type":"Feature","properties":{"ILCE":"KEMALPAŞA","KAPINO":null,"ENLEM":38.479439390614999,"ACIKLAMA":"3517-032-04","ILCEID":6,"MAHALLE":"ULUCAK MUSTAFA KEMAL ATATÜRK","MAHALLEID":null,"ADI":"4 NO LU AFET VE ACİL DURUM TOPLANMA ALANI","BOYLAM":27.356984753334999,"YOL":"9173 Sk.","Area":null},"geometry":{"type":"Point","coordinates":[27.356984753334999,38.479439390614999]}},
{"type":"Feature","properties":{"ILCE":"TORBALI","KAPINO":null,"ENLEM":38.163509031643002,"ACIKLAMA":"3528-022-04","ILCEID":9,"MAHALLE":"ERTUĞRUL","MAHALLEID":null,"ADI":"4 NO LU AFET VE ACİL DURUM TOPLANMA ALANI","BOYLAM":27.352393348583,"YOL":"3001 Sk.","Area":null},"geometry":{"type":"Point","coordinates":[27.352393348583,38.163509031643002]}},
{"type":"Feature","properties":{"ILCE":"GÜZELBAHÇE","KAPINO":null,"ENLEM":38.352993030135003,"ACIKLAMA":"3514-004-04","ILCEID":1,"MAHALLE":"KAHRAMANDERE","MAHALLEID":null,"ADI":"4 NO LU AFET VE ACİL DURUM TOPLANMA ALANI","BOYLAM":26.871947437349,"YOL":"731 Sk.","Area":null},"geometry":{"type":"Point","coordinates":[26.871947437349,38.352993030135003]}},
{"type":"Feature","properties":{"ILCE":"URLA","KAPINO":null,"ENLEM":38.363412335246998,"ACIKLAMA":"3529-015-04","ILCEID":18,"MAHALLE":"İSKELE","MAHALLEID":null,"ADI":"4 NO LU AFET VE ACİL DURUM TOPLANMA ALANI","BOYLAM":26.766408387733001,"YOL":"2108 Sk.","Area":null},"geometry":{"type":"Point","coordinates":[26.766408387733001,38.363412335246998]}},
{"type":"Feature","properties":{"ILCE":"DİKİLİ","KAPINO":null,"ENLEM":39.082013833634001,"ACIKLAMA":"3511-003-04","ILCEID":995,"MAHALLE":"CUMHURİYET","MAHALLEID":null,"ADI":"4 NO LU AFET VE ACİL DURUM TOPLANMA ALANI","BOYLAM":26.888157330830001,"YOL":"BAHRİYE ÜÇOK Cd.","Area":null},"geometry":{"type":"Point","coordinates":[26.888157330830001,39.082013833634001]}},
{"type":"Feature","properties":{"ILCE":"KEMALPAŞA","KAPINO":null,"ENLEM":38.427028520211998,"ACIKLAMA":"3517-040-04","ILCEID":6,"MAHALLE":"SOĞUKPINAR","MAHALLEID":null,"ADI":"4 NO LU AFET VE ACİL DURUM TOPLANMA ALANI","BOYLAM":27.417162581488,"YOL":"ATATÜRK Blv.","Area":null},"geometry":{"type":"Point","coordinates":[27.417162581488,38.427028520211998]}},
{"type":"Feature","properties":{"ILCE":"KARABAĞLAR","KAPINO":null,"ENLEM":38.379945250954002,"ACIKLAMA":"3531-003-04","ILCEID":19,"MAHALLE":"ALİ FUAT CEBESOY","MAHALLEID":null,"ADI":"4 NO LU AFET VE ACİL DURUM TOPLANMA ALANI","BOYLAM":27.109815224735001,"YOL":"9520 Sk.","Area":null},"geometry":{"type":"Point","coordinates":[27.109815224735001,38.379945250954002]}},
{"type":"Feature","properties":{"ILCE":"NARLIDERE","KAPINO":null,"ENLEM":38.395288305737999,"ACIKLAMA":"3523-011-04","ILCEID":5,"MAHALLE":"YENİKALE","MAHALLEID":null,"ADI":"4 NO LU AFET VE ACİL DURUM TOPLANMA ALANI","BOYLAM":27.007779113058,"YOL":"UTKU Sk.","Area":null},"geometry":{"type":"Point","coordinates":[27.007779113058,38.395288305737999]}},
{"type":"Feature","properties":{"ILCE":"NARLIDERE","KAPINO":null,"ENLEM":38.389755217495001,"ACIKLAMA":"3523-009-09","ILCEID":5,"MAHALLE":"NARLI","MAHALLEID":null,"ADI":"4 NO LU AFET VE ACİL DURUM TOPLANMA ALANI","BOYLAM":27.006153712038,"YOL":"KAZANÇOĞLU Sk.","Area":null},"geometry":{"type":"Point","coordinates":[27.006153712038,38.389755217495001]}},
{"type":"Feature","properties":{"ILCE":"KARŞIYAKA","KAPINO":null,"ENLEM":38.49081025145,"ACIKLAMA":"3516-027-04","ILCEID":20,"MAHALLE":"ZÜBEYDE HANIM","MAHALLEID":null,"ADI":"4 NO LU AFET VE ACİL DURUM TOPLANMA ALANI","BOYLAM":27.108827988407,"YOL":"7448/10 Sk.","Area":null},"geometry":{"type":"Point","coordinates":[27.108827988407,38.49081025145]}},
{"type":"Feature","properties":{"ILCE":"KINIK","KAPINO":null,"ENLEM":39.091749262694002,"ACIKLAMA":"3518-031-04","ILCEID":996,"MAHALLE":"POYRACIK","MAHALLEID":null,"ADI":"4 NO LU AFET VE ACİL DURUM TOPLANMA ALANI","BOYLAM":27.342371127235001,"YOL":"KIZILBEY Cd.","Area":null},"geometry":{"type":"Point","coordinates":[27.342371127235001,39.091749262694002]}},
{"type":"Feature","properties":{"ILCE":"GÜZELBAHÇE","KAPINO":null,"ENLEM":38.367277804507999,"ACIKLAMA":"3514-009-04","ILCEID":1,"MAHALLE":"SİTELER","MAHALLEID":null,"ADI":"4 NO LU AFET VE ACİL DURUM TOPLANMA ALANI","BOYLAM":26.863981291459002,"YOL":"462 Sk.","Area":null},"geometry":{"type":"Point","coordinates":[26.863981291459002,38.367277804507999]}},
{"type":"Feature","properties":{"ILCE":"KEMALPAŞA","KAPINO":null,"ENLEM":38.408812900534997,"ACIKLAMA":"3517-002-04","ILCEID":6,"MAHALLE":"ÖREN 75.YIL CUMHURİYET","MAHALLEID":null,"ADI":"4 NO LU AFET VE ACİL DURUM TOPLANMA ALANI","BOYLAM":27.583158338023999,"YOL":"1.BAHÇECİLER Sk.","Area":null},"geometry":{"type":"Point","coordinates":[27.583158338023999,38.408812900534997]}},
{"type":"Feature","properties":{"ILCE":"KEMALPAŞA","KAPINO":null,"ENLEM":38.413814970240999,"ACIKLAMA":"3517-026-04","ILCEID":6,"MAHALLE":"BAĞYURDU KAZIMPAŞA","MAHALLEID":null,"ADI":"4 NO LU AFET VE ACİL DURUM TOPLANMA ALANI","BOYLAM":27.631695344017999,"YOL":"OKUL ÖNÜ Sk.","Area":null},"geometry":{"type":"Point","coordinates":[27.631695344017999,38.413814970240999]}},
{"type":"Feature","properties":{"ILCE":"ÇİĞLİ","KAPINO":null,"ENLEM":38.491078930210001,"ACIKLAMA":"3510-022-04","ILCEID":16,"MAHALLE":"MALTEPE","MAHALLEID":null,"ADI":"4 NO LU AFET VE ACİL DURUM TOPLANMA ALANI","BOYLAM":27.070107811044998,"YOL":"8108 Sk.","Area":null},"geometry":{"type":"Point","coordinates":[27.070107811044998,38.491078930210001]}},
{"type":"Feature","properties":{"ILCE":"KARABAĞLAR","KAPINO":null,"ENLEM":38.360733308758,"ACIKLAMA":"3531-057-04","ILCEID":19,"MAHALLE":"YURDOĞLU","MAHALLEID":null,"ADI":"4 NO LU AFET VE ACİL DURUM TOPLANMA ALANI","BOYLAM":27.091619242317002,"YOL":"3948/4 Sk.","Area":null},"geometry":{"type":"Point","coordinates":[27.091619242317002,38.360733308758]}},
{"type":"Feature","properties":{"ILCE":"BAYINDIR","KAPINO":null,"ENLEM":38.215714860786001,"ACIKLAMA":"3504-048-04","ILCEID":7,"MAHALLE":"SADIKPAŞA","MAHALLEID":null,"ADI":"4 NO LU AFET VE ACİL DURUM TOPLANMA ALANI","BOYLAM":27.645498231097001,"YOL":"YILDIRIM BEYAZIT Cd.","Area":null},"geometry":{"type":"Point","coordinates":[27.645498231097001,38.215714860786001]}},
{"type":"Feature","properties":{"ILCE":"BAYRAKLI","KAPINO":null,"ENLEM":38.468385509072,"ACIKLAMA":"3530-018-05","ILCEID":11,"MAHALLE":"OSMANGAZİ","MAHALLEID":null,"ADI":"4 NO LU AFET VE ACİL DURUM TOPLANMA ALANI","BOYLAM":27.186096719619002,"YOL":"YAVUZ Cd.","Area":null},"geometry":{"type":"Point","coordinates":[27.186096719619002,38.468385509072]}},
{"type":"Feature","properties":{"ILCE":"BUCA","KAPINO":null,"ENLEM":38.377590375517997,"ACIKLAMA":"3508-004-04","ILCEID":8,"MAHALLE":"ATATÜRK","MAHALLEID":null,"ADI":"4 NO LU AFET VE ACİL DURUM TOPLANMA ALANI","BOYLAM":27.183843827695,"YOL":"202/14 Sk.","Area":null},"geometry":{"type":"Point","coordinates":[27.183843827695,38.377590375517997]}},
{"type":"Feature","properties":{"ILCE":"BAYRAKLI","KAPINO":null,"ENLEM":38.49260732146,"ACIKLAMA":"3530-012-04","ILCEID":11,"MAHALLE":"KÖRFEZ","MAHALLEID":null,"ADI":"4 NO LU AFET VE ACİL DURUM TOPLANMA ALANI","BOYLAM":27.134169370216998,"YOL":"7383/5 Sk.","Area":null},"geometry":{"type":"Point","coordinates":[27.134169370216998,38.49260732146]}},
{"type":"Feature","properties":{"ILCE":"ÇEŞME","KAPINO":null,"ENLEM":38.289661253437998,"ACIKLAMA":"3509-019-04","ILCEID":1001,"MAHALLE":"OVACIK","MAHALLEID":null,"ADI":"4 NO LU AFET VE ACİL DURUM TOPLANMA ALANI","BOYLAM":26.313138934371999,"YOL":"7000 Sk.","Area":null},"geometry":{"type":"Point","coordinates":[26.313138934371999,38.289661253437998]}},
{"type":"Feature","properties":{"ILCE":"ÇEŞME","KAPINO":null,"ENLEM":38.325887427862,"ACIKLAMA":"3509-023-04","ILCEID":1001,"MAHALLE":"ŞİFNE","MAHALLEID":null,"ADI":"4 NO LU AFET VE ACİL DURUM TOPLANMA ALANI","BOYLAM":26.411017546002,"YOL":"6364 Sk.","Area":null},"geometry":{"type":"Point","coordinates":[26.411017546002,38.325887427862]}},
{"type":"Feature","properties":{"ILCE":"ÇEŞME","KAPINO":null,"ENLEM":38.272766909255999,"ACIKLAMA":"3509-022-04","ILCEID":1001,"MAHALLE":"ALTINKUM","MAHALLEID":null,"ADI":"4 NO LU AFET VE ACİL DURUM TOPLANMA ALANI","BOYLAM":26.257735535289001,"YOL":"457 Sk.","Area":null},"geometry":{"type":"Point","coordinates":[26.257735535289001,38.272766909255999]}},
{"type":"Feature","properties":{"ILCE":"BAYRAKLI","KAPINO":null,"ENLEM":38.463605674212999,"ACIKLAMA":"3530-002-05","ILCEID":11,"MAHALLE":"TEPEKULE","MAHALLEID":null,"ADI":"4 NO LU AFET VE ACİL DURUM TOPLANMA ALANI","BOYLAM":27.176344264181001,"YOL":"YÜZBAŞI İBRAHİM HAKKI Cd.","Area":null},"geometry":{"type":"Point","coordinates":[27.176344264181001,38.463605674212999]}},
{"type":"Feature","properties":{"ILCE":"ÇEŞME","KAPINO":null,"ENLEM":38.292970649609003,"ACIKLAMA":"3509-002-04","ILCEID":1001,"MAHALLE":"ALAÇATI","MAHALLEID":null,"ADI":"4 NO LU AFET VE ACİL DURUM TOPLANMA ALANI","BOYLAM":26.364787285291001,"YOL":"14000 Sk.","Area":null},"geometry":{"type":"Point","coordinates":[26.364787285291001,38.292970649609003]}},
{"type":"Feature","properties":{"ILCE":"KARABAĞLAR","KAPINO":null,"ENLEM":38.391954322640998,"ACIKLAMA":"3531-031-04","ILCEID":19,"MAHALLE":"KAZIM KARABEKİR","MAHALLEID":null,"ADI":"4 NO LU AFET VE ACİL DURUM TOPLANMA ALANI","BOYLAM":27.114975748763001,"YOL":"9009/6 Sk.","Area":null},"geometry":{"type":"Point","coordinates":[27.114975748763001,38.391954322640998]}},
{"type":"Feature","properties":{"ILCE":"ÇİĞLİ","KAPINO":null,"ENLEM":38.49013002073,"ACIKLAMA":"3510-006-04","ILCEID":16,"MAHALLE":"AYDINLIKEVLER","MAHALLEID":null,"ADI":"4 NO LU AFET VE ACİL DURUM TOPLANMA ALANI","BOYLAM":27.080654206094,"YOL":"6792/1 Sk.","Area":null},"geometry":{"type":"Point","coordinates":[27.080654206094,38.49013002073]}},
{"type":"Feature","properties":{"ILCE":"MENDERES","KAPINO":"50","ENLEM":38.256257220201,"ACIKLAMA":"3521-022-04","ILCEID":13,"MAHALLE":"GÖLCÜKLER","MAHALLEID":null,"ADI":"4 NO LU AFET VE ACİL DURUM TOPLANMA ALANI","BOYLAM":27.141014731980999,"YOL":"536 Sk.","Area":null},"geometry":{"type":"Point","coordinates":[27.141014731980999,38.256257220201]}},
{"type":"Feature","properties":{"ILCE":"BORNOVA","KAPINO":null,"ENLEM":38.461859070269,"ACIKLAMA":"3507-025-04","ILCEID":2,"MAHALLE":"KAZIMDİRİK","MAHALLEID":null,"ADI":"4 NO'LU AFET VE ACİL DURUM TOPLANMA ALANI","BOYLAM":27.216350481102001,"YOL":"156","Area":null},"geometry":{"type":"Point","coordinates":[27.216350481102001,38.461859070269]}},
{"type":"Feature","properties":{"ILCE":"FOÇA","KAPINO":null,"ENLEM":38.673109494016998,"ACIKLAMA":"3512-008-04","ILCEID":4,"MAHALLE":"İSMETPAŞA","MAHALLEID":null,"ADI":"4 NO'LU AFET VE ACİL DURUM TOPLANMA ALANI","BOYLAM":26.756600391052999,"YOL":"202","Area":null},"geometry":{"type":"Point","coordinates":[26.756600391052999,38.673109494016998]}},
{"type":"Feature","properties":{"ILCE":"KINIK","KAPINO":null,"ENLEM":39.090308073004998,"ACIKLAMA":"3518-016-04","ILCEID":996,"MAHALLE":"FATİH","MAHALLEID":null,"ADI":"4 NO'LU AFET VE ACİL DURUM TOPLANMA ALANI","BOYLAM":27.390296574112,"YOL":"ATATÜRK","Area":null},"geometry":{"type":"Point","coordinates":[27.390296574112,39.090308073004998]}},
{"type":"Feature","properties":{"ILCE":"GAZİEMİR","KAPINO":null,"ENLEM":38.310127772038001,"ACIKLAMA":"3513-014-04","ILCEID":15,"MAHALLE":"SEVGİ","MAHALLEID":null,"ADI":"4 NO'LU AFET VE ACİL DURUM TOPLANMA ALANI","BOYLAM":27.134572144450001,"YOL":"NEVVAR SALİH İŞGÖREN","Area":null},"geometry":{"type":"Point","coordinates":[27.134572144450001,38.310127772038001]}},
{"type":"Feature","properties":{"ILCE":"SELÇUK","KAPINO":null,"ENLEM":37.947013924579998,"ACIKLAMA":"3526-003-04","ILCEID":10,"MAHALLE":"ATATÜRK","MAHALLEID":null,"ADI":"4 NO'LU AFET VE ACİL DURUM TOPLANMA ALANI","BOYLAM":27.372198537334999,"YOL":"1021","Area":null},"geometry":{"type":"Point","coordinates":[27.372198537334999,37.947013924579998]}},
{"type":"Feature","properties":{"ILCE":"GAZİEMİR","KAPINO":null,"ENLEM":38.318298730290003,"ACIKLAMA":"3513-003-04","ILCEID":15,"MAHALLE":"ATIFBEY","MAHALLEID":null,"ADI":"4 NO'LU AFET VE ACİL DURUM TOPLANMA ALANI","BOYLAM":27.135510125939,"YOL":"64","Area":null},"geometry":{"type":"Point","coordinates":[27.135510125939,38.318298730290003]}},
{"type":"Feature","properties":{"ILCE":"SELÇUK","KAPINO":null,"ENLEM":37.942533779038001,"ACIKLAMA":"3526-006-04","ILCEID":10,"MAHALLE":"CUMHURİYET","MAHALLEID":null,"ADI":"4 NO'LU AFET VE ACİL DURUM TOPLANMA ALANI","BOYLAM":27.370161097579,"YOL":"5028","Area":null},"geometry":{"type":"Point","coordinates":[27.370161097579,37.942533779038001]}},
{"type":"Feature","properties":{"ILCE":"ÖDEMİŞ","KAPINO":null,"ENLEM":38.233479992511,"ACIKLAMA":"3524-045-04","ILCEID":998,"MAHALLE":"İNÖNÜ","MAHALLEID":null,"ADI":"4 NO'LU AFET VE ACİL DURUM TOPLANMA ALANI","BOYLAM":27.975563071585999,"YOL":"KUNURİ","Area":null},"geometry":{"type":"Point","coordinates":[27.975563071585999,38.233479992511]}},
{"type":"Feature","properties":{"ILCE":"SELÇUK","KAPINO":null,"ENLEM":37.956400752477002,"ACIKLAMA":"3526-010-04","ILCEID":10,"MAHALLE":"İSA BEY","MAHALLEID":null,"ADI":"4 NO'LU AFET VE ACİL DURUM TOPLANMA ALANI","BOYLAM":27.372111643004001,"YOL":"ATATÜRK","Area":null},"geometry":{"type":"Point","coordinates":[27.372111643004001,37.956400752477002]}},
{"type":"Feature","properties":{"ILCE":"ALİAĞA","KAPINO":null,"ENLEM":38.789628161879001,"ACIKLAMA":"3502-023-04","ILCEID":3,"MAHALLE":"SİTELER","MAHALLEID":null,"ADI":"4 NO'LU AFET VE ACİL DURUM TOPLANMA ALANI","BOYLAM":26.960427094736001,"YOL":"440","Area":null},"geometry":{"type":"Point","coordinates":[26.960427094736001,38.789628161879001]}},
{"type":"Feature","properties":{"ILCE":"FOÇA","KAPINO":null,"ENLEM":38.658909574984001,"ACIKLAMA":"3512-001-04","ILCEID":4,"MAHALLE":"ATATÜRK","MAHALLEID":null,"ADI":"4 NO'LU AFET VE ACİL DURUM TOPLANMA ALANI","BOYLAM":26.764500377754999,"YOL":"101","Area":null},"geometry":{"type":"Point","coordinates":[26.764500377754999,38.658909574984001]}},
{"type":"Feature","properties":{"ILCE":"NARLIDERE","KAPINO":null,"ENLEM":38.394509732894001,"ACIKLAMA":"3523-005-04","ILCEID":5,"MAHALLE":"ÇATALKAYA","MAHALLEID":null,"ADI":"4 NO'LU AFET VE ACİL DURUM TOPLANMA ALANI","BOYLAM":26.999129632591998,"YOL":"HACI BEKTAŞ","Area":null},"geometry":{"type":"Point","coordinates":[26.999129632591998,38.394509732894001]}},
{"type":"Feature","properties":{"ILCE":"NARLIDERE","KAPINO":null,"ENLEM":38.392141659205002,"ACIKLAMA":"3523-004-04","ILCEID":5,"MAHALLE":"ÇAMTEPE","MAHALLEID":null,"ADI":"4 NO'LU AFET VE ACİL DURUM TOPLANMA ALANI","BOYLAM":27.008991245571,"YOL":"UYANIŞ","Area":null},"geometry":{"type":"Point","coordinates":[27.008991245571,38.392141659205002]}},
{"type":"Feature","properties":{"ILCE":"BORNOVA","KAPINO":null,"ENLEM":38.489643846852999,"ACIKLAMA":"3507-015-04","ILCEID":2,"MAHALLE":"EVKA 4","MAHALLEID":null,"ADI":"4 NO'LU AFET VE ACİL DURUM TOPLANMA ALANI","BOYLAM":27.213000941305001,"YOL":"İSA YUSUF ALPTEKİN","Area":null},"geometry":{"type":"Point","coordinates":[27.213000941305001,38.489643846852999]}},
{"type":"Feature","properties":{"ILCE":"ÖDEMİŞ","KAPINO":null,"ENLEM":38.234665988781998,"ACIKLAMA":"3524-003-04","ILCEID":998,"MAHALLE":"ANAFARTALAR","MAHALLEID":null,"ADI":"4 NO'LU AFET VE ACİL DURUM TOPLANMA ALANI","BOYLAM":27.978113057506999,"YOL":"SARACOĞLU","Area":null},"geometry":{"type":"Point","coordinates":[27.978113057506999,38.234665988781998]}},
{"type":"Feature","properties":{"ILCE":"SELÇUK","KAPINO":null,"ENLEM":37.942881938260001,"ACIKLAMA":"3526-001-04","ILCEID":10,"MAHALLE":"14 MAYIS","MAHALLEID":null,"ADI":"4 NO'LU AFET VE ACİL DURUM TOPLANMA ALANI","BOYLAM":27.379356600992001,"YOL":"4118","Area":null},"geometry":{"type":"Point","coordinates":[27.379356600992001,37.942881938260001]}},
{"type":"Feature","properties":{"ILCE":"ALİAĞA","KAPINO":null,"ENLEM":38.915975314477002,"ACIKLAMA":"3502-028-04","ILCEID":3,"MAHALLE":"ŞAKRAN SAYFİYE","MAHALLEID":null,"ADI":"4 NO'LU AFET VE ACİL DURUM TOPLANMA ALANI","BOYLAM":27.059922948093,"YOL":"İNCİRLİK","Area":null},"geometry":{"type":"Point","coordinates":[27.059922948093,38.915975314477002]}},
{"type":"Feature","properties":{"ILCE":"ÖDEMİŞ","KAPINO":null,"ENLEM":38.251902911289001,"ACIKLAMA":"3524-080-04","ILCEID":998,"MAHALLE":"SÜLEYMAN DEMİREL","MAHALLEID":null,"ADI":"4 NO'LU AFET VE ACİL DURUM TOPLANMA ALANI","BOYLAM":27.991933965017999,"YOL":"ŞEHİT ADNAN MENDERES","Area":null},"geometry":{"type":"Point","coordinates":[27.991933965017999,38.251902911289001]}},
{"type":"Feature","properties":{"ILCE":"BAYRAKLI","KAPINO":null,"ENLEM":38.458618603627002,"ACIKLAMA":"3530-014-04","ILCEID":11,"MAHALLE":"MANSUROĞLU","MAHALLEID":null,"ADI":"4 NO'LU AFET VE ACİL DURUM TOPLANMA ALANI","BOYLAM":27.194933162178,"YOL":"258","Area":null},"geometry":{"type":"Point","coordinates":[27.194933162178,38.458618603627002]}},
{"type":"Feature","properties":{"ILCE":"ÖDEMİŞ","KAPINO":null,"ENLEM":38.220621048894998,"ACIKLAMA":"3524-089-04","ILCEID":998,"MAHALLE":"ÜÇ EYLÜL","MAHALLEID":null,"ADI":"4 NO'LU AFET VE ACİL DURUM TOPLANMA ALANI","BOYLAM":27.964009147660001,"YOL":"FAKÜLTE","Area":null},"geometry":{"type":"Point","coordinates":[27.964009147660001,38.220621048894998]}},
{"type":"Feature","properties":{"ILCE":"BORNOVA","KAPINO":null,"ENLEM":38.436182234198,"ACIKLAMA":"3507-026-04","ILCEID":2,"MAHALLE":"KEMALPAŞA","MAHALLEID":null,"ADI":"4 NO'LU AFET VE ACİL DURUM TOPLANMA ALANI","BOYLAM":27.247044372021001,"YOL":"7401","Area":null},"geometry":{"type":"Point","coordinates":[27.247044372021001,38.436182234198]}},
{"type":"Feature","properties":{"ILCE":"ALİAĞA","KAPINO":null,"ENLEM":38.821212992974999,"ACIKLAMA":"3502-026-04","ILCEID":3,"MAHALLE":"YALI","MAHALLEID":null,"ADI":"4 NO'LU AFET VE ACİL DURUM TOPLANMA ALANI","BOYLAM":26.985880999902001,"YOL":"23 NİSAN","Area":null},"geometry":{"type":"Point","coordinates":[26.985880999902001,38.821212992974999]}},
{"type":"Feature","properties":{"ILCE":"ÖDEMİŞ","KAPINO":null,"ENLEM":38.234014004353,"ACIKLAMA":"3524-099-04","ILCEID":998,"MAHALLE":"ZAFER","MAHALLEID":null,"ADI":"4 NO'LU AFET VE ACİL DURUM TOPLANMA ALANI","BOYLAM":27.992184989573001,"YOL":"ŞEHİT ERDAL BODUR","Area":null},"geometry":{"type":"Point","coordinates":[27.992184989573001,38.234014004353]}},
{"type":"Feature","properties":{"ILCE":"KINIK","KAPINO":null,"ENLEM":39.089008069195003,"ACIKLAMA":"3518-037-04","ILCEID":996,"MAHALLE":"YENİ","MAHALLEID":null,"ADI":"4 NO'LU AFET VE ACİL DURUM TOPLANMA ALANI","BOYLAM":27.381096621314999,"YOL":"BAYRAK","Area":null},"geometry":{"type":"Point","coordinates":[27.381096621314999,39.089008069195003]}},
{"type":"Feature","properties":{"ILCE":"FOÇA","KAPINO":null,"ENLEM":38.657809665415002,"ACIKLAMA":"3512-015-04","ILCEID":4,"MAHALLE":"YENİBAĞARASI","MAHALLEID":null,"ADI":"4 NO'LU AFET VE ACİL DURUM TOPLANMA ALANI","BOYLAM":26.841300000501999,"YOL":"1052","Area":null},"geometry":{"type":"Point","coordinates":[26.841300000501999,38.657809665415002]}},
{"type":"Feature","properties":{"ILCE":"FOÇA","KAPINO":null,"ENLEM":38.749409220182997,"ACIKLAMA":"3512-014-04","ILCEID":4,"MAHALLE":"MUSTAFA KEMAL ATATÜRK","MAHALLEID":null,"ADI":"4 NO'LU AFET VE ACİL DURUM TOPLANMA ALANI","BOYLAM":26.860899741143999,"YOL":"VOLKAN","Area":null},"geometry":{"type":"Point","coordinates":[26.860899741143999,38.749409220182997]}},
{"type":"Feature","properties":{"ILCE":"GAZİEMİR","KAPINO":null,"ENLEM":38.343201609657001,"ACIKLAMA":"3513-004-04","ILCEID":15,"MAHALLE":"BEYAZEVLER","MAHALLEID":null,"ADI":"4 NO'LU AFET VE ACİL DURUM TOPLANMA ALANI","BOYLAM":27.143793042639999,"YOL":"544","Area":null},"geometry":{"type":"Point","coordinates":[27.143793042639999,38.343201609657001]}},
{"type":"Feature","properties":{"ILCE":"BALÇOVA","KAPINO":null,"ENLEM":38.388900283129999,"ACIKLAMA":"3503-003-04","ILCEID":14,"MAHALLE":"EĞİTİM","MAHALLEID":null,"ADI":"4 NO'LU AFET VE ACİL DURUM TOPLANMA ALANI","BOYLAM":27.059443386392001,"YOL":"3. SELİM","Area":null},"geometry":{"type":"Point","coordinates":[27.059443386392001,38.388900283129999]}},
{"type":"Feature","properties":{"ILCE":"BALÇOVA","KAPINO":null,"ENLEM":38.391122267714003,"ACIKLAMA":"3503-007-04","ILCEID":14,"MAHALLE":"ONUR","MAHALLEID":null,"ADI":"4 NO'LU AFET VE ACİL DURUM TOPLANMA ALANI","BOYLAM":27.055277403586999,"YOL":"DALYA","Area":null},"geometry":{"type":"Point","coordinates":[27.055277403586999,38.391122267714003]}},
{"type":"Feature","properties":{"ILCE":"NARLIDERE","KAPINO":null,"ENLEM":38.379029971069002,"ACIKLAMA":"3523-008-04","ILCEID":5,"MAHALLE":"LİMANREİS","MAHALLEID":null,"ADI":"4 NO'LU AFET VE ACİL DURUM TOPLANMA ALANI","BOYLAM":26.927932643927001,"YOL":"BUĞDAY","Area":null},"geometry":{"type":"Point","coordinates":[26.927932643927001,38.379029971069002]}},
{"type":"Feature","properties":{"ILCE":"BORNOVA","KAPINO":null,"ENLEM":38.479068953930998,"ACIKLAMA":"3507-001-04","ILCEID":2,"MAHALLE":"ATATÜRK","MAHALLEID":null,"ADI":"4 NO'LU AFET VE ACİL DURUM TOPLANMA ALANI","BOYLAM":27.189825584644002,"YOL":"909","Area":null},"geometry":{"type":"Point","coordinates":[27.189825584644002,38.479068953930998]}},
{"type":"Feature","properties":{"ILCE":"NARLIDERE","KAPINO":null,"ENLEM":38.395644577817002,"ACIKLAMA":"3523-006-04","ILCEID":5,"MAHALLE":"HUZUR","MAHALLEID":null,"ADI":"4 NO'LU AFET VE ACİL DURUM TOPLANMA ALANI","BOYLAM":26.990297348948001,"YOL":"İLHAN SELÇUK","Area":null},"geometry":{"type":"Point","coordinates":[26.990297348948001,38.395644577817002]}},
{"type":"Feature","properties":{"ILCE":"ÖDEMİŞ","KAPINO":null,"ENLEM":38.224474044117997,"ACIKLAMA":"3524-042-04","ILCEID":998,"MAHALLE":"HÜRRİYET","MAHALLEID":null,"ADI":"4 NO'LU AFET VE ACİL DURUM TOPLANMA ALANI","BOYLAM":27.981281057518999,"YOL":"MENDERES","Area":null},"geometry":{"type":"Point","coordinates":[27.981281057518999,38.224474044117997]}},
{"type":"Feature","properties":{"ILCE":"BALÇOVA","KAPINO":null,"ENLEM":38.388900271019999,"ACIKLAMA":"3503-006-04","ILCEID":14,"MAHALLE":"KORUTÜRK","MAHALLEID":null,"ADI":"4 NO'LU AFET VE ACİL DURUM TOPLANMA ALANI ","BOYLAM":27.047777445464,"YOL":"DEMİRCİ EFE","Area":null},"geometry":{"type":"Point","coordinates":[27.047777445464,38.388900271019999]}},
{"type":"Feature","properties":{"ILCE":"BALÇOVA","KAPINO":null,"ENLEM":38.363749343133001,"ACIKLAMA":"3503-002-04","ILCEID":14,"MAHALLE":"ÇETİN EMEÇ","MAHALLEID":null,"ADI":"4 NO'LU AFET VE ACİL DURUM TOPLANMA ALANI ","BOYLAM":27.082512258127998,"YOL":"YAZAR","Area":null},"geometry":{"type":"Point","coordinates":[27.082512258127998,38.363749343133001]}},
{"type":"Feature","properties":{"ILCE":"ALİAĞA","KAPINO":null,"ENLEM":38.796877673586003,"ACIKLAMA":null,"ILCEID":3,"MAHALLE":"ATATÜRK","MAHALLEID":null,"ADI":"4 NOLU TOPLANAMA ALANI","BOYLAM":26.962167674153999,"YOL":"AYHAN BAYRAK Sk.","Area":null},"geometry":{"type":"Point","coordinates":[26.962167674153999,38.796877673586003]}},
{"type":"Feature","properties":{"ILCE":"MENDERES","KAPINO":null,"ENLEM":38.242479297656999,"ACIKLAMA":null,"ILCEID":13,"MAHALLE":"BARBAROS","MAHALLEID":null,"ADI":"4 NOLU TOPLANMA ALANI","BOYLAM":27.127732522822999,"YOL":"439 Sk.","Area":null},"geometry":{"type":"Point","coordinates":[27.127732522822999,38.242479297656999]}},
{"type":"Feature","properties":{"ILCE":"ALİAĞA","KAPINO":null,"ENLEM":38.792849325821997,"ACIKLAMA":null,"ILCEID":3,"MAHALLE":"YENİ","MAHALLEID":null,"ADI":"4 NOLU TOPLANMA ALANI","BOYLAM":26.982512136972002,"YOL":"661 Sk.","Area":null},"geometry":{"type":"Point","coordinates":[26.982512136972002,38.792849325821997]}},
{"type":"Feature","properties":{"ILCE":"ALİAĞA","KAPINO":null,"ENLEM":38.781967197347001,"ACIKLAMA":null,"ILCEID":3,"MAHALLE":"ÖRNEKKENT","MAHALLEID":null,"ADI":"4 NOLU TOPLANMA ALANI","BOYLAM":26.980524648999001,"YOL":"1424 Sk.","Area":null},"geometry":{"type":"Point","coordinates":[26.980524648999001,38.781967197347001]}},
{"type":"Feature","properties":{"ILCE":"ALİAĞA","KAPINO":null,"ENLEM":38.802960562259003,"ACIKLAMA":null,"ILCEID":3,"MAHALLE":"KAZIM DİRİK","MAHALLEID":null,"ADI":"4 NOLU TOPLANMA ALANI","BOYLAM":26.963154711487,"YOL":"EGE Sk.","Area":null},"geometry":{"type":"Point","coordinates":[26.963154711487,38.802960562259003]}},
{"type":"Feature","properties":{"ILCE":"ALİAĞA","KAPINO":null,"ENLEM":38.80083476267,"ACIKLAMA":null,"ILCEID":3,"MAHALLE":"KÜLTÜR","MAHALLEID":null,"ADI":"4 NOLU TOPLANMA ALANI","BOYLAM":26.978459324927002,"YOL":"226 Sk.","Area":null},"geometry":{"type":"Point","coordinates":[26.978459324927002,38.80083476267]}},
{"type":"Feature","properties":{"ILCE":"MENDERES","KAPINO":null,"ENLEM":38.017246717166003,"ACIKLAMA":null,"ILCEID":13,"MAHALLE":"ÇUKURALTI","MAHALLEID":null,"ADI":"4 NOLU TOPLANMA ALANI","BOYLAM":27.10272276769,"YOL":"2328 Sk.","Area":null},"geometry":{"type":"Point","coordinates":[27.10272276769,38.017246717166003]}},
{"type":"Feature","properties":{"ILCE":"KEMALPAŞA","KAPINO":null,"ENLEM":38.408569048695,"ACIKLAMA":"3517-023-05","ILCEID":6,"MAHALLE":"ARMUTLU HÜRRİYET","MAHALLEID":null,"ADI":"5 NO LU AFET VE ACİL DURUM TOPLANMA ALANI","BOYLAM":27.535281145020999,"YOL":"FULYA Sk.","Area":null},"geometry":{"type":"Point","coordinates":[27.535281145020999,38.408569048695]}},
{"type":"Feature","properties":{"ILCE":"BAYRAKLI","KAPINO":null,"ENLEM":38.462488392379001,"ACIKLAMA":"3530-013-05","ILCEID":11,"MAHALLE":"MANAVKUYU","MAHALLEID":null,"ADI":"5 NO LU AFET VE ACİL DURUM TOPLANMA ALANI","BOYLAM":27.192083390289,"YOL":"248 Sk.","Area":null},"geometry":{"type":"Point","coordinates":[27.192083390289,38.462488392379001]}},
{"type":"Feature","properties":{"ILCE":"GÜZELBAHÇE","KAPINO":null,"ENLEM":38.362720549149003,"ACIKLAMA":"3514-003-05","ILCEID":1,"MAHALLE":"ÇELEBİ","MAHALLEID":null,"ADI":"5 NO LU AFET VE ACİL DURUM TOPLANMA ALANI","BOYLAM":26.886605619143001,"YOL":"İSTİKBAL Cd.","Area":null},"geometry":{"type":"Point","coordinates":[26.886605619143001,38.362720549149003]}},
{"type":"Feature","properties":{"ILCE":"BAYRAKLI","KAPINO":null,"ENLEM":38.46114423457,"ACIKLAMA":"3530-002-05","ILCEID":11,"MAHALLE":"ADALET","MAHALLEID":null,"ADI":"5 NO LU AFET VE ACİL DURUM TOPLANMA ALANI","BOYLAM":27.175990218498001,"YOL":"1643/10 Sk.","Area":null},"geometry":{"type":"Point","coordinates":[27.175990218498001,38.46114423457]}},
{"type":"Feature","properties":{"ILCE":"BAYINDIR","KAPINO":null,"ENLEM":38.218665114105001,"ACIKLAMA":"3504-055-01","ILCEID":7,"MAHALLE":"SADIKPAŞA","MAHALLEID":null,"ADI":"5 NO LU AFET VE ACİL DURUM TOPLANMA ALANI","BOYLAM":27.645111990370999,"YOL":"HANİFE ÖĞRETMEN Cd.","Area":null},"geometry":{"type":"Point","coordinates":[27.645111990370999,38.218665114105001]}},
{"type":"Feature","properties":{"ILCE":"ÇİĞLİ","KAPINO":null,"ENLEM":38.503216440018001,"ACIKLAMA":"3510-009-05","ILCEID":16,"MAHALLE":"ÇAĞDAŞ","MAHALLEID":null,"ADI":"5 NO LU AFET VE ACİL DURUM TOPLANMA ALANI","BOYLAM":27.056798735227002,"YOL":"8713 Sk.","Area":null},"geometry":{"type":"Point","coordinates":[27.056798735227002,38.503216440018001]}},
{"type":"Feature","properties":{"ILCE":"BAYRAKLI","KAPINO":null,"ENLEM":38.481320472733998,"ACIKLAMA":"3530-024-05","ILCEID":11,"MAHALLE":"YAMANLAR","MAHALLEID":null,"ADI":"5 NO LU AFET VE ACİL DURUM TOPLANMA ALANI","BOYLAM":27.132946308139999,"YOL":"KUBİLAY Cd.","Area":null},"geometry":{"type":"Point","coordinates":[27.132946308139999,38.481320472733998]}},
{"type":"Feature","properties":{"ILCE":"ÇEŞME","KAPINO":null,"ENLEM":38.321636763740997,"ACIKLAMA":"3509-016-05","ILCEID":1001,"MAHALLE":"İSMET İNÖNÜ","MAHALLEID":null,"ADI":"5 NO LU AFET VE ACİL DURUM TOPLANMA ALANI","BOYLAM":26.315241715359001,"YOL":"2149 Sk.","Area":null},"geometry":{"type":"Point","coordinates":[26.315241715359001,38.321636763740997]}},
{"type":"Feature","properties":{"ILCE":"BAYRAKLI","KAPINO":null,"ENLEM":38.455431369697997,"ACIKLAMA":"3530-014-05","ILCEID":11,"MAHALLE":"MANSUROĞLU","MAHALLEID":null,"ADI":"5 NO LU AFET VE ACİL DURUM TOPLANMA ALANI","BOYLAM":27.189567502605001,"YOL":"273/8 Sk.","Area":null},"geometry":{"type":"Point","coordinates":[27.189567502605001,38.455431369697997]}},
{"type":"Feature","properties":{"ILCE":"BAYRAKLI","KAPINO":null,"ENLEM":38.474097306224998,"ACIKLAMA":"3530-017-05","ILCEID":11,"MAHALLE":"ORG.NAFİZ GÜRMAN","MAHALLEID":null,"ADI":"5 NO LU AFET VE ACİL DURUM TOPLANMA ALANI","BOYLAM":27.132581541781999,"YOL":"7103 Sk.","Area":null},"geometry":{"type":"Point","coordinates":[27.132581541781999,38.474097306224998]}},
{"type":"Feature","properties":{"ILCE":"ÇEŞME","KAPINO":null,"ENLEM":38.398478728329003,"ACIKLAMA":"3509-014-05","ILCEID":1001,"MAHALLE":"ILDIR","MAHALLEID":null,"ADI":"5 NO LU AFET VE ACİL DURUM TOPLANMA ALANI","BOYLAM":26.483511792767999,"YOL":"TINAZTEPE KümeEvleri","Area":null},"geometry":{"type":"Point","coordinates":[26.483511792767999,38.398478728329003]}},
{"type":"Feature","properties":{"ILCE":"ÇEŞME","KAPINO":null,"ENLEM":38.318842194037998,"ACIKLAMA":"3509-018-05","ILCEID":1001,"MAHALLE":"MUSALLA","MAHALLEID":null,"ADI":"5 NO LU AFET VE ACİL DURUM TOPLANMA ALANI","BOYLAM":26.305687740062002,"YOL":"1041 Sk.","Area":null},"geometry":{"type":"Point","coordinates":[26.305687740062002,38.318842194037998]}},
{"type":"Feature","properties":{"ILCE":"BAYRAKLI","KAPINO":null,"ENLEM":38.474903703785003,"ACIKLAMA":"3530-018-06","ILCEID":11,"MAHALLE":"OSMANGAZİ","MAHALLEID":null,"ADI":"5 NO LU AFET VE ACİL DURUM TOPLANMA ALANI","BOYLAM":27.185023830376998,"YOL":"592 Sk.","Area":null},"geometry":{"type":"Point","coordinates":[27.185023830376998,38.474903703785003]}},
{"type":"Feature","properties":{"ILCE":"GÜZELBAHÇE","KAPINO":null,"ENLEM":38.379516108117002,"ACIKLAMA":"3514-006-05","ILCEID":1,"MAHALLE":"MALTEPE","MAHALLEID":null,"ADI":"5 NO LU AFET VE ACİL DURUM TOPLANMA ALANI","BOYLAM":26.911879918821001,"YOL":"31 Sk.","Area":null},"geometry":{"type":"Point","coordinates":[26.911879918821001,38.379516108117002]}},
{"type":"Feature","properties":{"ILCE":"GÜZELBAHÇE","KAPINO":null,"ENLEM":38.356248995637003,"ACIKLAMA":"3514-004-05","ILCEID":1,"MAHALLE":"KAHRAMANDERE","MAHALLEID":null,"ADI":"5 NO LU AFET VE ACİL DURUM TOPLANMA ALANI","BOYLAM":26.870477588473999,"YOL":"828 Sk.","Area":null},"geometry":{"type":"Point","coordinates":[26.870477588473999,38.356248995637003]}},
{"type":"Feature","properties":{"ILCE":"ÇEŞME","KAPINO":null,"ENLEM":38.292873816605997,"ACIKLAMA":"3509-002-05","ILCEID":1001,"MAHALLE":"ALAÇATI","MAHALLEID":null,"ADI":"5 NO LU AFET VE ACİL DURUM TOPLANMA ALANI","BOYLAM":26.367303184876,"YOL":"11500 Sk.","Area":null},"geometry":{"type":"Point","coordinates":[26.367303184876,38.292873816605997]}},
{"type":"Feature","properties":{"ILCE":"ÇEŞME","KAPINO":null,"ENLEM":38.335982418649998,"ACIKLAMA":"3509-021-05","ILCEID":1001,"MAHALLE":"SAKARYA","MAHALLEID":null,"ADI":"5 NO LU AFET VE ACİL DURUM TOPLANMA ALANI","BOYLAM":26.304003288842999,"YOL":"3118 Sk.","Area":null},"geometry":{"type":"Point","coordinates":[26.304003288842999,38.335982418649998]}},
{"type":"Feature","properties":{"ILCE":"MENDERES","KAPINO":null,"ENLEM":38.255086174657997,"ACIKLAMA":"3521-038-05","ILCEID":13,"MAHALLE":"MİTHATPAŞA","MAHALLEID":null,"ADI":"5 NO LU AFET VE ACİL DURUM TOPLANMA ALANI","BOYLAM":27.147473460783999,"YOL":"548/1 Sk.","Area":null},"geometry":{"type":"Point","coordinates":[27.147473460783999,38.255086174657997]}},
{"type":"Feature","properties":{"ILCE":"TİRE","KAPINO":null,"ENLEM":38.098814102490998,"ACIKLAMA":"3527-043-05","ILCEID":997,"MAHALLE":"HÜRRİYET","MAHALLEID":null,"ADI":"5 NO LU AFET VE ACİL DURUM TOPLANMA ALANI","BOYLAM":27.733254485067999,"YOL":"MAHMUT AŞIK Cd.","Area":null},"geometry":{"type":"Point","coordinates":[27.733254485067999,38.098814102490998]}},
{"type":"Feature","properties":{"ILCE":"SELÇUK","KAPINO":null,"ENLEM":37.957383758052003,"ACIKLAMA":"3526-010-05","ILCEID":10,"MAHALLE":"İSA BEY","MAHALLEID":null,"ADI":"5 NO LU AFET VE ACİL DURUM TOPLANMA ALANI","BOYLAM":27.372156094792,"YOL":"ATATÜRK Cd.","Area":null},"geometry":{"type":"Point","coordinates":[27.372156094792,37.957383758052003]}},
{"type":"Feature","properties":{"ILCE":"KARŞIYAKA","KAPINO":null,"ENLEM":38.473324483741003,"ACIKLAMA":"3516-017-07","ILCEID":20,"MAHALLE":"MAVİŞEHİR","MAHALLEID":null,"ADI":"5 NO LU AFET VE ACİL DURUM TOPLANMA ALANI","BOYLAM":27.067221798908999,"YOL":"AZİZ NESİN Blv.","Area":null},"geometry":{"type":"Point","coordinates":[27.067221798908999,38.473324483741003]}},
{"type":"Feature","properties":{"ILCE":"KEMALPAŞA","KAPINO":null,"ENLEM":38.39780716365,"ACIKLAMA":"3517-006-05","ILCEID":6,"MAHALLE":"AŞAĞIKIZILCA","MAHALLEID":null,"ADI":"5 NO LU AFET VE ACİL DURUM TOPLANMA ALANI","BOYLAM":27.513195962809998,"YOL":"2001 Sk.","Area":null},"geometry":{"type":"Point","coordinates":[27.513195962809998,38.39780716365]}},
{"type":"Feature","properties":{"ILCE":"ÇİĞLİ","KAPINO":"66","ENLEM":38.497309596012002,"ACIKLAMA":"3510-012-05","ILCEID":16,"MAHALLE":"ŞİRİNTEPE","MAHALLEID":null,"ADI":"5 NO LU AFET VE ACİL DURUM TOPLANMA ALANI","BOYLAM":27.080203584934999,"YOL":"6845 Sk.","Area":null},"geometry":{"type":"Point","coordinates":[27.080203584934999,38.497309596012002]}},
{"type":"Feature","properties":{"ILCE":"KEMALPAŞA","KAPINO":null,"ENLEM":38.483705867986998,"ACIKLAMA":"3517-024-06","ILCEID":6,"MAHALLE":"ULUCAK MUSTAFA KEMAL ATATÜRK","MAHALLEID":null,"ADI":"5 NO LU AFET VE ACİL DURUM TOPLANMA ALANI","BOYLAM":27.355590004562998,"YOL":"9217 Sk.","Area":null},"geometry":{"type":"Point","coordinates":[27.355590004562998,38.483705867986998]}},
{"type":"Feature","properties":{"ILCE":"TİRE","KAPINO":null,"ENLEM":38.094364496319997,"ACIKLAMA":"3527-038-05","ILCEID":997,"MAHALLE":"FATİH","MAHALLEID":null,"ADI":"5 NO LU AFET VE ACİL DURUM TOPLANMA ALANI","BOYLAM":27.717965977077,"YOL":"MEHMET HÜSNÜ TÜKEL Sk.","Area":null},"geometry":{"type":"Point","coordinates":[27.717965977077,38.094364496319997]}},
{"type":"Feature","properties":{"ILCE":"KARABAĞLAR","KAPINO":null,"ENLEM":38.385647275883002,"ACIKLAMA":"3531-048-05","ILCEID":19,"MAHALLE":"TAHSİN YAZICI","MAHALLEID":null,"ADI":"5 NO LU AFET VE ACİL DURUM TOPLANMA ALANI","BOYLAM":27.102911243560001,"YOL":"İHSAN ALYANAK Blv.","Area":null},"geometry":{"type":"Point","coordinates":[27.102911243560001,38.385647275883002]}},
{"type":"Feature","properties":{"ILCE":"BUCA","KAPINO":null,"ENLEM":38.369246454775002,"ACIKLAMA":"3508-022-05","ILCEID":8,"MAHALLE":"GÖKSU","MAHALLEID":null,"ADI":"5 NO LU AFET VE ACİL DURUM TOPLANMA ALANI","BOYLAM":27.142623859516,"YOL":"649/11 Sk.","Area":null},"geometry":{"type":"Point","coordinates":[27.142623859516,38.369246454775002]}},
{"type":"Feature","properties":{"ILCE":"KARŞIYAKA","KAPINO":null,"ENLEM":38.466402981096003,"ACIKLAMA":"3516-005-05","ILCEID":20,"MAHALLE":"BAHÇELİEVLER","MAHALLEID":null,"ADI":"5 NO LU AFET VE ACİL DURUM TOPLANMA ALANI","BOYLAM":27.116037771927001,"YOL":"CEVDET BİLSAY Cd.","Area":null},"geometry":{"type":"Point","coordinates":[27.116037771927001,38.466402981096003]}},
{"type":"Feature","properties":{"ILCE":"SELÇUK","KAPINO":null,"ENLEM":37.947614728105002,"ACIKLAMA":"3526-001-05","ILCEID":10,"MAHALLE":"14 MAYIS","MAHALLEID":null,"ADI":"5 NO LU AFET VE ACİL DURUM TOPLANMA ALANI","BOYLAM":27.374798072752998,"YOL":"4005 Sk.","Area":null},"geometry":{"type":"Point","coordinates":[27.374798072752998,37.947614728105002]}},
{"type":"Feature","properties":{"ILCE":"KEMALPAŞA","KAPINO":null,"ENLEM":38.426188033807001,"ACIKLAMA":"3517-031-05","ILCEID":6,"MAHALLE":"MEHMET AKİF ERSOY","MAHALLEID":null,"ADI":"5 NO LU AFET VE ACİL DURUM TOPLANMA ALANI","BOYLAM":27.428814040911,"YOL":"243 Sk.","Area":null},"geometry":{"type":"Point","coordinates":[27.428814040911,38.426188033807001]}},
{"type":"Feature","properties":{"ILCE":"KEMALPAŞA","KAPINO":null,"ENLEM":38.380786679358998,"ACIKLAMA":"3517-049-05","ILCEID":6,"MAHALLE":"YUKARIKIZILCA MERKEZ","MAHALLEID":null,"ADI":"5 NO LU AFET VE ACİL DURUM TOPLANMA ALANI","BOYLAM":27.494753212483001,"YOL":"MAŞATLIK Cd.","Area":null},"geometry":{"type":"Point","coordinates":[27.494753212483001,38.380786679358998]}},
{"type":"Feature","properties":{"ILCE":"ÇEŞME","KAPINO":null,"ENLEM":38.231449575052999,"ACIKLAMA":"3509-019-05","ILCEID":1001,"MAHALLE":"OVACIK","MAHALLEID":null,"ADI":"5 NO LU AFET VE ACİL DURUM TOPLANMA ALANI","BOYLAM":26.331356515785998,"YOL":"ÖZPAMİR SİTESİ KümeEvleri","Area":null},"geometry":{"type":"Point","coordinates":[26.331356515785998,38.231449575052999]}},
{"type":"Feature","properties":{"ILCE":"KINIK","KAPINO":null,"ENLEM":39.091299615804999,"ACIKLAMA":"3518-031-05","ILCEID":996,"MAHALLE":"POYRACIK","MAHALLEID":null,"ADI":"5 NO LU AFET VE ACİL DURUM TOPLANMA ALANI","BOYLAM":27.354988178523001,"YOL":"CAMİ Sk.","Area":null},"geometry":{"type":"Point","coordinates":[27.354988178523001,39.091299615804999]}},
{"type":"Feature","properties":{"ILCE":"KARŞIYAKA","KAPINO":null,"ENLEM":38.463009134701998,"ACIKLAMA":"3516-003-05","ILCEID":20,"MAHALLE":"ATAKENT","MAHALLEID":null,"ADI":"5 NO LU AFET VE ACİL DURUM TOPLANMA ALANI","BOYLAM":27.091168459466001,"YOL":"BESTEKAR SADİ HOŞSES Sk.","Area":null},"geometry":{"type":"Point","coordinates":[27.091168459466001,38.463009134701998]}},
{"type":"Feature","properties":{"ILCE":"KARŞIYAKA","KAPINO":null,"ENLEM":38.471308606615999,"ACIKLAMA":"3516-009-05","ILCEID":20,"MAHALLE":"DEDEBAŞI","MAHALLEID":null,"ADI":"5 NO LU AFET VE ACİL DURUM TOPLANMA ALANI","BOYLAM":27.10601708055,"YOL":"6117/1 Sk.","Area":null},"geometry":{"type":"Point","coordinates":[27.10601708055,38.471308606615999]}},
{"type":"Feature","properties":{"ILCE":"ÇEŞME","KAPINO":null,"ENLEM":38.358683912094001,"ACIKLAMA":"3509-008-05","ILCEID":1001,"MAHALLE":"CUMHURİYET","MAHALLEID":null,"ADI":"5 NO LU AFET VE ACİL DURUM TOPLANMA ALANI","BOYLAM":26.292888227372,"YOL":"4508 Sk.","Area":null},"geometry":{"type":"Point","coordinates":[26.292888227372,38.358683912094001]}},
{"type":"Feature","properties":{"ILCE":"ÇİĞLİ","KAPINO":null,"ENLEM":38.515440054130003,"ACIKLAMA":"3510-013-05","ILCEID":16,"MAHALLE":"BALATÇIK","MAHALLEID":null,"ADI":"5 NO LU AFET VE ACİL DURUM TOPLANMA ALANI","BOYLAM":27.048883554721002,"YOL":"8926 Sk.","Area":null},"geometry":{"type":"Point","coordinates":[27.048883554721002,38.515440054130003]}},
{"type":"Feature","properties":{"ILCE":"KARŞIYAKA","KAPINO":null,"ENLEM":38.453045179516998,"ACIKLAMA":"3516-007-05","ILCEID":20,"MAHALLE":"BOSTANLI","MAHALLEID":null,"ADI":"5 NO LU AFET VE ACİL DURUM TOPLANMA ALANI","BOYLAM":27.104300506409,"YOL":"1783 Sk.","Area":null},"geometry":{"type":"Point","coordinates":[27.104300506409,38.453045179516998]}},
{"type":"Feature","properties":{"ILCE":"SELÇUK","KAPINO":null,"ENLEM":37.940725494817997,"ACIKLAMA":"3526-006-05","ILCEID":10,"MAHALLE":"CUMHURİYET","MAHALLEID":null,"ADI":"5 NO LU AFET VE ACİL DURUM TOPLANMA ALANI","BOYLAM":27.369967449876,"YOL":"5031 Sk.","Area":null},"geometry":{"type":"Point","coordinates":[27.369967449876,37.940725494817997]}},
{"type":"Feature","properties":{"ILCE":"URLA","KAPINO":null,"ENLEM":38.385916009393,"ACIKLAMA":"3529-010-05","ILCEID":18,"MAHALLE":"DENİZLİ","MAHALLEID":null,"ADI":"5 NO LU AFET VE ACİL DURUM TOPLANMA ALANI","BOYLAM":26.752310727718999,"YOL":"68 Sk.","Area":null},"geometry":{"type":"Point","coordinates":[26.752310727718999,38.385916009393]}},
{"type":"Feature","properties":{"ILCE":"ÇEŞME","KAPINO":null,"ENLEM":38.331753598995,"ACIKLAMA":"3509-005-05","ILCEID":1001,"MAHALLE":"ARDIÇ","MAHALLEID":null,"ADI":"5 NO LU AFET VE ACİL DURUM TOPLANMA ALANI","BOYLAM":26.390488010357,"YOL":"5448/1 Sk.","Area":null},"geometry":{"type":"Point","coordinates":[26.390488010357,38.331753598995]}},
{"type":"Feature","properties":{"ILCE":"URLA","KAPINO":null,"ENLEM":38.323716302762001,"ACIKLAMA":"3529-033-03","ILCEID":18,"MAHALLE":"YELALTI","MAHALLEID":null,"ADI":"5 NO LU AFET VE ACİL DURUM TOPLANMA ALANI","BOYLAM":26.777314265322001,"YOL":"MEZBAHA","Area":null},"geometry":{"type":"Point","coordinates":[26.777314265322001,38.323716302762001]}},
{"type":"Feature","properties":{"ILCE":"KARABAĞLAR","KAPINO":null,"ENLEM":38.391256368984003,"ACIKLAMA":"3531-031-05","ILCEID":19,"MAHALLE":"KAZIM KARABEKİR","MAHALLEID":null,"ADI":"5 NO LU AFET VE ACİL DURUM TOPLANMA ALANI","BOYLAM":27.112797807101,"YOL":"9028 Sk.","Area":null},"geometry":{"type":"Point","coordinates":[27.112797807101,38.391256368984003]}},
{"type":"Feature","properties":{"ILCE":"NARLIDERE","KAPINO":null,"ENLEM":38.391907950375,"ACIKLAMA":"3523-005-05","ILCEID":5,"MAHALLE":"ÇATALKAYA","MAHALLEID":null,"ADI":"5 NO LU AFET VE ACİL DURUM TOPLANMA ALANI","BOYLAM":26.998997610448999,"YOL":"ZEYTİNDALI Sk.","Area":null},"geometry":{"type":"Point","coordinates":[26.998997610448999,38.391907950375]}},
{"type":"Feature","properties":{"ILCE":"KEMALPAŞA","KAPINO":null,"ENLEM":38.417253138832997,"ACIKLAMA":"3517-043-05","ILCEID":6,"MAHALLE":"BAĞYURDU 29 EKİM","MAHALLEID":null,"ADI":"5 NO LU AFET VE ACİL DURUM TOPLANMA ALANI","BOYLAM":27.636201427475999,"YOL":"M.ALİ SEVİNÇ Cd.","Area":null},"geometry":{"type":"Point","coordinates":[27.636201427475999,38.417253138832997]}},
{"type":"Feature","properties":{"ILCE":"ÇEŞME","KAPINO":null,"ENLEM":38.289391692796002,"ACIKLAMA":"3509-022-05","ILCEID":1001,"MAHALLE":"ŞEHİT MEHMET","MAHALLEID":null,"ADI":"5 NO LU AFET VE ACİL DURUM TOPLANMA ALANI","BOYLAM":26.235398179122999,"YOL":"342 Sk.","Area":null},"geometry":{"type":"Point","coordinates":[26.235398179122999,38.289391692796002]}},
{"type":"Feature","properties":{"ILCE":"GÜZELBAHÇE","KAPINO":null,"ENLEM":38.376261162892,"ACIKLAMA":"3514-011-05","ILCEID":1,"MAHALLE":"YALI","MAHALLEID":null,"ADI":"5 NO LU AFET VE ACİL DURUM TOPLANMA ALANI","BOYLAM":26.889081261992999,"YOL":"101 Sk.","Area":null},"geometry":{"type":"Point","coordinates":[26.889081261992999,38.376261162892]}},
{"type":"Feature","properties":{"ILCE":"GÜZELBAHÇE","KAPINO":null,"ENLEM":38.338945255326003,"ACIKLAMA":"3514-012-05","ILCEID":1,"MAHALLE":"YELKİ","MAHALLEID":null,"ADI":"5 NO LU AFET VE ACİL DURUM TOPLANMA ALANI","BOYLAM":26.866333626629,"YOL":"2265 Sk.","Area":null},"geometry":{"type":"Point","coordinates":[26.866333626629,38.338945255326003]}},
{"type":"Feature","properties":{"ILCE":"KARŞIYAKA","KAPINO":null,"ENLEM":38.48973536415,"ACIKLAMA":"3516-027-05","ILCEID":20,"MAHALLE":"ZÜBEYDE HANIM","MAHALLEID":null,"ADI":"5 NO LU AFET VE ACİL DURUM TOPLANMA ALANI","BOYLAM":27.109965241209999,"YOL":"7448/17 Sk.","Area":null},"geometry":{"type":"Point","coordinates":[27.109965241209999,38.48973536415]}},
{"type":"Feature","properties":{"ILCE":"URLA","KAPINO":null,"ENLEM":38.311266495658998,"ACIKLAMA":"3529-014-05","ILCEID":18,"MAHALLE":"İÇMELER","MAHALLEID":null,"ADI":"5 NO LU AFET VE ACİL DURUM TOPLANMA ALANI","BOYLAM":26.703130123403,"YOL":"1132 Sk.","Area":null},"geometry":{"type":"Point","coordinates":[26.703130123403,38.311266495658998]}},
{"type":"Feature","properties":{"ILCE":"URLA","KAPINO":null,"ENLEM":38.350409816187998,"ACIKLAMA":"3529-023-05","ILCEID":18,"MAHALLE":"ÖZBEK","MAHALLEID":null,"ADI":"5 NO LU AFET VE ACİL DURUM TOPLANMA ALANI","BOYLAM":26.680336755479999,"YOL":"EĞRİLİMAN Cd.","Area":null},"geometry":{"type":"Point","coordinates":[26.680336755479999,38.350409816187998]}},
{"type":"Feature","properties":{"ILCE":"BUCA","KAPINO":null,"ENLEM":38.375655857898003,"ACIKLAMA":"3508-020-05","ILCEID":8,"MAHALLE":"FIRAT","MAHALLEID":null,"ADI":"5 NO LU AFET VE ACİL DURUM TOPLANMA ALANI","BOYLAM":27.150348572083999,"YOL":"289 Sk.","Area":null},"geometry":{"type":"Point","coordinates":[27.150348572083999,38.375655857898003]}},
{"type":"Feature","properties":{"ILCE":"URLA","KAPINO":null,"ENLEM":38.352740547071001,"ACIKLAMA":"3529-002-05","ILCEID":18,"MAHALLE":"ATATÜRK","MAHALLEID":null,"ADI":"5 NO LU AFET VE ACİL DURUM TOPLANMA ALANI","BOYLAM":26.801920675940998,"YOL":"2239 Sk.","Area":null},"geometry":{"type":"Point","coordinates":[26.801920675940998,38.352740547071001]}},
{"type":"Feature","properties":{"ILCE":"URLA","KAPINO":null,"ENLEM":38.333622357990997,"ACIKLAMA":"3529-034-05","ILCEID":18,"MAHALLE":"YENİKENT","MAHALLEID":null,"ADI":"5 NO LU AFET VE ACİL DURUM TOPLANMA ALANI","BOYLAM":26.770270802254998,"YOL":"ÖĞRETMENLER Sk.","Area":null},"geometry":{"type":"Point","coordinates":[26.770270802254998,38.333622357990997]}},
{"type":"Feature","properties":{"ILCE":"TORBALI","KAPINO":null,"ENLEM":38.150702803960002,"ACIKLAMA":"3528-037-05","ILCEID":9,"MAHALLE":"MURATBEY","MAHALLEID":null,"ADI":"5 NO LU AFET VE ACİL DURUM TOPLANMA ALANI","BOYLAM":27.354710786146001,"YOL":"ATİLLA SUNAR Cd.","Area":null},"geometry":{"type":"Point","coordinates":[27.354710786146001,38.150702803960002]}},
{"type":"Feature","properties":{"ILCE":"ÇİĞLİ","KAPINO":null,"ENLEM":38.492220993185001,"ACIKLAMA":"3510-006-05","ILCEID":16,"MAHALLE":"AYDINLIKEVLER","MAHALLEID":null,"ADI":"5 NO LU AFET VE ACİL DURUM TOPLANMA ALANI","BOYLAM":27.085031545875001,"YOL":"6796 Sk.","Area":null},"geometry":{"type":"Point","coordinates":[27.085031545875001,38.492220993185001]}},
{"type":"Feature","properties":{"ILCE":"BUCA","KAPINO":null,"ENLEM":38.377539913790002,"ACIKLAMA":"3508-004-05","ILCEID":8,"MAHALLE":"ATATÜRK","MAHALLEID":null,"ADI":"5 NO LU AFET VE ACİL DURUM TOPLANMA ALANI","BOYLAM":27.186139787228999,"YOL":"202/12 Sk.","Area":null},"geometry":{"type":"Point","coordinates":[27.186139787228999,38.377539913790002]}},
{"type":"Feature","properties":{"ILCE":"BAYRAKLI","KAPINO":null,"ENLEM":38.491801171204997,"ACIKLAMA":"3530-012-05","ILCEID":11,"MAHALLE":"KÖRFEZ","MAHALLEID":null,"ADI":"5 NO LU AFET VE ACİL DURUM TOPLANMA ALANI","BOYLAM":27.128933725599001,"YOL":"7368/5 Sk.","Area":null},"geometry":{"type":"Point","coordinates":[27.128933725599001,38.491801171204997]}},
{"type":"Feature","properties":{"ILCE":"KARABAĞLAR","KAPINO":null,"ENLEM":38.385294039009999,"ACIKLAMA":"3531-020-05","ILCEID":19,"MAHALLE":"ESENTEPE","MAHALLEID":null,"ADI":"5 NO LU AFET VE ACİL DURUM TOPLANMA ALANI","BOYLAM":27.077543038041998,"YOL":"10 Sk.","Area":null},"geometry":{"type":"Point","coordinates":[27.077543038041998,38.385294039009999]}},
{"type":"Feature","properties":{"ILCE":"ÇEŞME","KAPINO":null,"ENLEM":38.299340390738998,"ACIKLAMA":"3509-010-05","ILCEID":1001,"MAHALLE":"ÇİFTLİK","MAHALLEID":null,"ADI":"5 NO LU AFET VE ACİL DURUM TOPLANMA ALANI","BOYLAM":26.283495290937999,"YOL":"22 Sk.","Area":null},"geometry":{"type":"Point","coordinates":[26.283495290937999,38.299340390738998]}},
{"type":"Feature","properties":{"ILCE":"ÇEŞME","KAPINO":null,"ENLEM":38.357148745210999,"ACIKLAMA":"3509-013-05","ILCEID":1001,"MAHALLE":"GERMİYAN","MAHALLEID":null,"ADI":"5 NO LU AFET VE ACİL DURUM TOPLANMA ALANI","BOYLAM":26.464865245729001,"YOL":"27085 Sk.","Area":null},"geometry":{"type":"Point","coordinates":[26.464865245729001,38.357148745210999]}},
{"type":"Feature","properties":{"ILCE":"GAZİEMİR","KAPINO":null,"ENLEM":38.318801021641001,"ACIKLAMA":"3513-003-05","ILCEID":15,"MAHALLE":"ATIFBEY","MAHALLEID":null,"ADI":"5 NO LU AFET VE ACİL DURUM TOPLANMA ALANI","BOYLAM":27.131117325371001,"YOL":"6 Sk.","Area":null},"geometry":{"type":"Point","coordinates":[27.131117325371001,38.318801021641001]}},
{"type":"Feature","properties":{"ILCE":"BUCA","KAPINO":null,"ENLEM":38.369936238232,"ACIKLAMA":"3508-014-05","ILCEID":8,"MAHALLE":"ÇAMLIKULE","MAHALLEID":null,"ADI":"5 NO LU AFET VE ACİL DURUM TOPLANMA ALANI","BOYLAM":27.172642991631999,"YOL":"242/36 Sk.","Area":null},"geometry":{"type":"Point","coordinates":[27.172642991631999,38.369936238232]}},
{"type":"Feature","properties":{"ILCE":"BUCA","KAPINO":null,"ENLEM":38.371088593720003,"ACIKLAMA":"3508-044-05","ILCEID":8,"MAHALLE":"YEŞİLBAĞLAR","MAHALLEID":null,"ADI":"5 NO LU AFET VE ACİL DURUM TOPLANMA ALANI","BOYLAM":27.152762555820999,"YOL":"647/56 Sk.","Area":null},"geometry":{"type":"Point","coordinates":[27.152762555820999,38.371088593720003]}},
{"type":"Feature","properties":{"ILCE":"KARŞIYAKA","KAPINO":null,"ENLEM":38.453125005398,"ACIKLAMA":"3516-001-05","ILCEID":20,"MAHALLE":"AKSOY","MAHALLEID":null,"ADI":"5 NO LU AFET VE ACİL DURUM TOPLANMA ALANI","BOYLAM":27.111762374603,"YOL":"1743 Sk.","Area":null},"geometry":{"type":"Point","coordinates":[27.111762374603,38.453125005398]}},
{"type":"Feature","properties":{"ILCE":"KEMALPAŞA","KAPINO":null,"ENLEM":38.460774902270003,"ACIKLAMA":"3517-004-05","ILCEID":6,"MAHALLE":"AKALAN","MAHALLEID":null,"ADI":"5 NO LU AFET VE ACİL DURUM TOPLANMA ALANI","BOYLAM":27.481513766319999,"YOL":"1509 Sk.","Area":null},"geometry":{"type":"Point","coordinates":[27.481513766319999,38.460774902270003]}},
{"type":"Feature","properties":{"ILCE":"URLA","KAPINO":null,"ENLEM":38.363214648087002,"ACIKLAMA":"3529-015-05","ILCEID":18,"MAHALLE":"İSKELE","MAHALLEID":null,"ADI":"5 NO LU AFET VE ACİL DURUM TOPLANMA ALANI","BOYLAM":26.769010117785001,"YOL":"NEYZEN TEVFİK Cd.","Area":null},"geometry":{"type":"Point","coordinates":[26.769010117785001,38.363214648087002]}},
{"type":"Feature","properties":{"ILCE":"KARŞIYAKA","KAPINO":null,"ENLEM":38.475004399466002,"ACIKLAMA":"3516-022-05","ILCEID":20,"MAHALLE":"ŞEMİKLER","MAHALLEID":null,"ADI":"5 NO LU AFET VE ACİL DURUM TOPLANMA ALANI","BOYLAM":27.092842129101001,"YOL":"6287","Area":null},"geometry":{"type":"Point","coordinates":[27.092842129101001,38.475004399466002]}},
{"type":"Feature","properties":{"ILCE":"BAYRAKLI","KAPINO":null,"ENLEM":38.472618976794998,"ACIKLAMA":"3530-009-05","ILCEID":11,"MAHALLE":"EMEK","MAHALLEID":null,"ADI":"5 NO LU AFET VE ACİL DURUM TOPLANMA ALANI","BOYLAM":27.122217540196001,"YOL":"7285 Sk.","Area":null},"geometry":{"type":"Point","coordinates":[27.122217540196001,38.472618976794998]}},
{"type":"Feature","properties":{"ILCE":"ÇİĞLİ","KAPINO":null,"ENLEM":38.484377425265997,"ACIKLAMA":"3510-004-05","ILCEID":16,"MAHALLE":"ATAŞEHİR","MAHALLEID":null,"ADI":"5 NO LU AFET VE ACİL DURUM TOPLANMA ALANI","BOYLAM":27.060333901475001,"YOL":"8019/12 Sk.","Area":null},"geometry":{"type":"Point","coordinates":[27.060333901475001,38.484377425265997]}},
{"type":"Feature","properties":{"ILCE":"ÇEŞME","KAPINO":null,"ENLEM":38.355238768459998,"ACIKLAMA":"3509-011-05","ILCEID":1001,"MAHALLE":"CUMHURİYET","MAHALLEID":null,"ADI":"5 NO LU AFET VE ACİL DURUM TOPLANMA ALANI","BOYLAM":26.303482906460999,"YOL":"4207 Sk.","Area":null},"geometry":{"type":"Point","coordinates":[26.303482906460999,38.355238768459998]}},
{"type":"Feature","properties":{"ILCE":"GAZİEMİR","KAPINO":null,"ENLEM":38.312916940066003,"ACIKLAMA":"3513-014-05","ILCEID":15,"MAHALLE":"SEVGİ","MAHALLEID":null,"ADI":"5 NO LU AFET VE ACİL DURUM TOPLANMA ALANI","BOYLAM":27.129363179371001,"YOL":"651/1 Sk.","Area":null},"geometry":{"type":"Point","coordinates":[27.129363179371001,38.312916940066003]}},
{"type":"Feature","properties":{"ILCE":"TORBALI","KAPINO":null,"ENLEM":38.179956419451003,"ACIKLAMA":"3528-052-05","ILCEID":9,"MAHALLE":"TORBALI","MAHALLEID":null,"ADI":"5 NO LU AFET VE ACİL DURUM TOPLANMA ALANI","BOYLAM":27.349711126519001,"YOL":"5023 Sk.","Area":null},"geometry":{"type":"Point","coordinates":[27.349711126519001,38.179956419451003]}},
{"type":"Feature","properties":{"ILCE":"KARABAĞLAR","KAPINO":null,"ENLEM":38.403910953695998,"ACIKLAMA":"3531-009-05","ILCEID":19,"MAHALLE":"BAHÇELİEVLER","MAHALLEID":null,"ADI":"5 NO LU AFET VE ACİL DURUM TOPLANMA ALANI","BOYLAM":27.119320885427001,"YOL":"490 Sk.","Area":null},"geometry":{"type":"Point","coordinates":[27.119320885427001,38.403910953695998]}},
{"type":"Feature","properties":{"ILCE":"KARŞIYAKA","KAPINO":null,"ENLEM":38.464605260809002,"ACIKLAMA":"3516-025-05","ILCEID":20,"MAHALLE":"YALI","MAHALLEID":null,"ADI":"5 NO LU AFET VE ACİL DURUM TOPLANMA ALANI","BOYLAM":27.093678991888002,"YOL":"6340 Sk.","Area":null},"geometry":{"type":"Point","coordinates":[27.093678991888002,38.464605260809002]}},
{"type":"Feature","properties":{"ILCE":"MENEMEN","KAPINO":null,"ENLEM":38.606707178180997,"ACIKLAMA":"3522-060-05","ILCEID":17,"MAHALLE":"VİLLAKENT","MAHALLEID":null,"ADI":"5 NO LU AFET VE ACİL DURUM TOPLANMA ALANI","BOYLAM":26.914599267044,"YOL":"5119 Sk.","Area":null},"geometry":{"type":"Point","coordinates":[26.914599267044,38.606707178180997]}},
{"type":"Feature","properties":{"ILCE":"MENEMEN","KAPINO":null,"ENLEM":38.554485484943001,"ACIKLAMA":"3522-002-05","ILCEID":17,"MAHALLE":"30 AĞUSTOS","MAHALLEID":null,"ADI":"5 NO LU AFET VE ACİL DURUM TOPLANMA ALANI","BOYLAM":27.047013997046999,"YOL":"7129 Sk.","Area":null},"geometry":{"type":"Point","coordinates":[27.047013997046999,38.554485484943001]}},
{"type":"Feature","properties":{"ILCE":"BAYRAKLI","KAPINO":null,"ENLEM":38.482328290726002,"ACIKLAMA":"3530-019-05","ILCEID":11,"MAHALLE":"ONUR","MAHALLEID":null,"ADI":"5 NO LU AFET VE ACİL DURUM TOPLANMA ALANI","BOYLAM":27.125210854079999,"YOL":"7368/5 Sk.","Area":null},"geometry":{"type":"Point","coordinates":[27.125210854079999,38.482328290726002]}},
{"type":"Feature","properties":{"ILCE":"KEMALPAŞA","KAPINO":null,"ENLEM":38.424851618852003,"ACIKLAMA":"3517-040-05","ILCEID":6,"MAHALLE":"SOĞUKPINAR","MAHALLEID":null,"ADI":"5 NO LU AFET VE ACİL DURUM TOPLANMA ALANI","BOYLAM":27.425949458081,"YOL":"271 Sk.","Area":null},"geometry":{"type":"Point","coordinates":[27.425949458081,38.424851618852003]}},
{"type":"Feature","properties":{"ILCE":"KEMALPAŞA","KAPINO":null,"ENLEM":38.433588269836001,"ACIKLAMA":"3517-038-05","ILCEID":6,"MAHALLE":"SEKİZ EYLÜL","MAHALLEID":null,"ADI":"5 NO LU AFET VE ACİL DURUM TOPLANMA ALANI","BOYLAM":27.415395003893,"YOL":"148/1 Sk.","Area":null},"geometry":{"type":"Point","coordinates":[27.415395003893,38.433588269836001]}},
{"type":"Feature","properties":{"ILCE":"KARABAĞLAR","KAPINO":null,"ENLEM":38.393980843605,"ACIKLAMA":"3531-021-05","ILCEID":19,"MAHALLE":"ESENYALI","MAHALLEID":null,"ADI":"5 NO LU AFET VE ACİL DURUM TOPLANMA ALANI","BOYLAM":27.093507451577,"YOL":"108/26 Sk.","Area":null},"geometry":{"type":"Point","coordinates":[27.093507451577,38.393980843605]}},
{"type":"Feature","properties":{"ILCE":"BUCA","KAPINO":null,"ENLEM":38.371265266675003,"ACIKLAMA":"3508-045-05","ILCEID":8,"MAHALLE":"YILDIZ","MAHALLEID":null,"ADI":"5 NO LU AFET VE ACİL DURUM TOPLANMA ALANI","BOYLAM":27.184466107670001,"YOL":"206/69 Sk.","Area":null},"geometry":{"type":"Point","coordinates":[27.184466107670001,38.371265266675003]}},
{"type":"Feature","properties":{"ILCE":"KEMALPAŞA","KAPINO":null,"ENLEM":38.479997911779002,"ACIKLAMA":"3517-024-05","ILCEID":6,"MAHALLE":"ULUCAK MUSTAFA KEMAL ATATÜRK","MAHALLEID":null,"ADI":"5 NO LU AFET VE ACİL DURUM TOPLANMA ALANI","BOYLAM":27.35817832951,"YOL":"SITKI AYDINEL Cd.","Area":null},"geometry":{"type":"Point","coordinates":[27.35817832951,38.479997911779002]}},
{"type":"Feature","properties":{"ILCE":"ÇİĞLİ","KAPINO":null,"ENLEM":38.509374670253997,"ACIKLAMA":"3510-007-05","ILCEID":16,"MAHALLE":"BALATÇIK","MAHALLEID":null,"ADI":"5 NO LU AFET VE ACİL DURUM TOPLANMA ALANI","BOYLAM":27.042878129001998,"YOL":"8950/1 Sk.","Area":null},"geometry":{"type":"Point","coordinates":[27.042878129001998,38.509374670253997]}},
{"type":"Feature","properties":{"ILCE":"FOÇA","KAPINO":null,"ENLEM":38.670510039809997,"ACIKLAMA":"3512-008-05","ILCEID":4,"MAHALLE":"İSMETPAŞA","MAHALLEID":null,"ADI":"5 NO LU AFET VE ACİL DURUM TOPLANMA ALANI","BOYLAM":26.757717523339998,"YOL":"MERSİNAKİ Cd.","Area":null},"geometry":{"type":"Point","coordinates":[26.757717523339998,38.670510039809997]}},
{"type":"Feature","properties":{"ILCE":"NARLIDERE","KAPINO":null,"ENLEM":38.381424752125,"ACIKLAMA":"3523-008-05","ILCEID":5,"MAHALLE":"LİMANREİS","MAHALLEID":null,"ADI":"5 NO'LU AFET VE ACİL DURUM TOPLANMA ALANI","BOYLAM":26.927173686983,"YOL":"DİLEK","Area":null},"geometry":{"type":"Point","coordinates":[26.927173686983,38.381424752125]}},
{"type":"Feature","properties":{"ILCE":"ÖDEMİŞ","KAPINO":null,"ENLEM":38.223809044692999,"ACIKLAMA":"3524-042-05","ILCEID":998,"MAHALLE":"HÜRRİYET","MAHALLEID":null,"ADI":"5 NO'LU AFET VE ACİL DURUM TOPLANMA ALANI","BOYLAM":27.977787074757,"YOL":"KÖKNAR","Area":null},"geometry":{"type":"Point","coordinates":[27.977787074757,38.223809044692999]}},
{"type":"Feature","properties":{"ILCE":"FOÇA","KAPINO":null,"ENLEM":38.736909259142003,"ACIKLAMA":"3512-014-05","ILCEID":4,"MAHALLE":"MUSTAFA KEMAL ATATÜRK","MAHALLEID":null,"ADI":"5 NO'LU AFET VE ACİL DURUM TOPLANMA ALANI","BOYLAM":26.837899875929999,"YOL":"MEHMETÇİK","Area":null},"geometry":{"type":"Point","coordinates":[26.837899875929999,38.736909259142003]}},
{"type":"Feature","properties":{"ILCE":"BORNOVA","KAPINO":null,"ENLEM":38.429582081630997,"ACIKLAMA":"3507-026-05","ILCEID":2,"MAHALLE":"KEMALPAŞA","MAHALLEID":null,"ADI":"5 NO'LU AFET VE ACİL DURUM TOPLANMA ALANI","BOYLAM":27.265356824247,"YOL":"7057","Area":null},"geometry":{"type":"Point","coordinates":[27.265356824247,38.429582081630997]}},
{"type":"Feature","properties":{"ILCE":"NARLIDERE","KAPINO":null,"ENLEM":38.395068304973996,"ACIKLAMA":"3523-011-05","ILCEID":5,"MAHALLE":"YENİKALE","MAHALLEID":null,"ADI":"5 NO'LU AFET VE ACİL DURUM TOPLANMA ALANI","BOYLAM":27.009039992619002,"YOL":"DİLMAÇ","Area":null},"geometry":{"type":"Point","coordinates":[27.009039992619002,38.395068304973996]}},
{"type":"Feature","properties":{"ILCE":"NARLIDERE","KAPINO":null,"ENLEM":38.393551539908998,"ACIKLAMA":"3523-009-05","ILCEID":5,"MAHALLE":"NARLI","MAHALLEID":null,"ADI":"5 NO'LU AFET VE ACİL DURUM TOPLANMA ALANI","BOYLAM":27.004317144354001,"YOL":"NAZIM","Area":null},"geometry":{"type":"Point","coordinates":[27.004317144354001,38.393551539908998]}},
{"type":"Feature","properties":{"ILCE":"NARLIDERE","KAPINO":null,"ENLEM":38.393945960152003,"ACIKLAMA":"3523-004-05","ILCEID":5,"MAHALLE":"ÇAMTEPE","MAHALLEID":null,"ADI":"5 NO'LU AFET VE ACİL DURUM TOPLANMA ALANI","BOYLAM":27.009905311025001,"YOL":"GÜNGÖREN","Area":null},"geometry":{"type":"Point","coordinates":[27.009905311025001,38.393945960152003]}},
{"type":"Feature","properties":{"ILCE":"ALİAĞA","KAPINO":null,"ENLEM":38.821386708010003,"ACIKLAMA":"3502-026-05","ILCEID":3,"MAHALLE":"YALI","MAHALLEID":null,"ADI":"5 NO'LU AFET VE ACİL DURUM TOPLANMA ALANI","BOYLAM":26.985031796436001,"YOL":"19 MAYIS","Area":null},"geometry":{"type":"Point","coordinates":[26.985031796436001,38.821386708010003]}},
{"type":"Feature","properties":{"ILCE":"NARLIDERE","KAPINO":null,"ENLEM":38.391884508022997,"ACIKLAMA":"3523-007-05","ILCEID":5,"MAHALLE":"ILICA","MAHALLEID":null,"ADI":"5 NO'LU AFET VE ACİL DURUM TOPLANMA ALANI","BOYLAM":27.024708570800001,"YOL":"PALANDÖKEN","Area":null},"geometry":{"type":"Point","coordinates":[27.024708570800001,38.391884508022997]}},
{"type":"Feature","properties":{"ILCE":"FOÇA","KAPINO":null,"ENLEM":38.665809529637002,"ACIKLAMA":"3512-001-05","ILCEID":4,"MAHALLE":"ATATÜRK","MAHALLEID":null,"ADI":"5 NO'LU AFET VE ACİL DURUM TOPLANMA ALANI","BOYLAM":26.755400410638,"YOL":"DEĞİRMENLİK","Area":null},"geometry":{"type":"Point","coordinates":[26.755400410638,38.665809529637002]}},
{"type":"Feature","properties":{"ILCE":"ÖDEMİŞ","KAPINO":null,"ENLEM":38.242261954470003,"ACIKLAMA":"3524-080-05","ILCEID":998,"MAHALLE":"SÜLEYMAN DEMİREL","MAHALLEID":null,"ADI":"5 NO'LU AFET VE ACİL DURUM TOPLANMA ALANI","BOYLAM":27.984191016351001,"YOL":"ŞEHİT ŞERİF ALİ ÖREN","Area":null},"geometry":{"type":"Point","coordinates":[27.984191016351001,38.242261954470003]}},
{"type":"Feature","properties":{"ILCE":"SELÇUK","KAPINO":null,"ENLEM":37.944813929604997,"ACIKLAMA":"3526-003-05","ILCEID":10,"MAHALLE":"ATATÜRK","MAHALLEID":null,"ADI":"5 NO'LU AFET VE ACİL DURUM TOPLANMA ALANI","BOYLAM":27.364698579392002,"YOL":"1084","Area":null},"geometry":{"type":"Point","coordinates":[27.364698579392002,37.944813929604997]}},
{"type":"Feature","properties":{"ILCE":"FOÇA","KAPINO":null,"ENLEM":38.663309639462,"ACIKLAMA":"3512-015-05","ILCEID":4,"MAHALLE":"YENİBAĞARASI","MAHALLEID":null,"ADI":"5 NO'LU AFET VE ACİL DURUM TOPLANMA ALANI","BOYLAM":26.843699979593001,"YOL":"1012","Area":null},"geometry":{"type":"Point","coordinates":[26.843699979593001,38.663309639462]}},
{"type":"Feature","properties":{"ILCE":"GAZİEMİR","KAPINO":null,"ENLEM":38.344196606239997,"ACIKLAMA":"3513-004-05","ILCEID":15,"MAHALLE":"BEYAZEVLER","MAHALLEID":null,"ADI":"5 NO'LU AFET VE ACİL DURUM TOPLANMA ALANI","BOYLAM":27.146173029458001,"YOL":"556","Area":null},"geometry":{"type":"Point","coordinates":[27.146173029458001,38.344196606239997]}},
{"type":"Feature","properties":{"ILCE":"NARLIDERE","KAPINO":null,"ENLEM":38.395618416190999,"ACIKLAMA":"3523-006-05","ILCEID":5,"MAHALLE":"HUZUR","MAHALLEID":null,"ADI":"5 NO'LU AFET VE ACİL DURUM TOPLANMA ALANI","BOYLAM":26.988115477914999,"YOL":"SUZAN","Area":null},"geometry":{"type":"Point","coordinates":[26.988115477914999,38.395618416190999]}},
{"type":"Feature","properties":{"ILCE":"ALİAĞA","KAPINO":null,"ENLEM":38.789564129349998,"ACIKLAMA":"3502-023-05","ILCEID":3,"MAHALLE":"SİTELER","MAHALLEID":null,"ADI":"5 NO'LU AFET VE ACİL DURUM TOPLANMA ALANI","BOYLAM":26.964429161478002,"YOL":"448","Area":null},"geometry":{"type":"Point","coordinates":[26.964429161478002,38.789564129349998]}},
{"type":"Feature","properties":{"ILCE":"BORNOVA","KAPINO":null,"ENLEM":38.487635909283,"ACIKLAMA":"3507-015-05","ILCEID":2,"MAHALLE":"EVKA 4","MAHALLEID":null,"ADI":"5 NO'LU AFET VE ACİL DURUM TOPLANMA ALANI","BOYLAM":27.201027816545999,"YOL":"BARBAROS","Area":null},"geometry":{"type":"Point","coordinates":[27.201027816545999,38.487635909283]}},
{"type":"Feature","properties":{"ILCE":"BALÇOVA","KAPINO":null,"ENLEM":38.369600619540002,"ACIKLAMA":"3503-002-05","ILCEID":14,"MAHALLE":"ÇETİN EMEÇ","MAHALLEID":null,"ADI":"5 NO'LU AFET VE ACİL DURUM TOPLANMA ALANI ","BOYLAM":27.086404011336999,"YOL":"FUTBOL","Area":null},"geometry":{"type":"Point","coordinates":[27.086404011336999,38.369600619540002]}},
{"type":"Feature","properties":{"ILCE":"ALİAĞA","KAPINO":null,"ENLEM":38.795583685032,"ACIKLAMA":null,"ILCEID":3,"MAHALLE":"ATATÜRK","MAHALLEID":null,"ADI":"5 NOLU TOPLANMA ALANI","BOYLAM":26.960775616782001,"YOL":"SANAT Cd.","Area":null},"geometry":{"type":"Point","coordinates":[26.960775616782001,38.795583685032]}},
{"type":"Feature","properties":{"ILCE":"ALİAĞA","KAPINO":null,"ENLEM":38.795955813700999,"ACIKLAMA":null,"ILCEID":3,"MAHALLE":"KURTULUŞ","MAHALLEID":null,"ADI":"5 NOLU TOPLANMA ALANI","BOYLAM":26.98539280987,"YOL":"689 Sk.","Area":null},"geometry":{"type":"Point","coordinates":[26.98539280987,38.795955813700999]}},
{"type":"Feature","properties":{"ILCE":"ALİAĞA","KAPINO":null,"ENLEM":38.791122511697999,"ACIKLAMA":null,"ILCEID":3,"MAHALLE":"YENİ","MAHALLEID":null,"ADI":"5 NOLU TOPLANMA ALANI","BOYLAM":26.981034250086999,"YOL":"632 Sk.","Area":null},"geometry":{"type":"Point","coordinates":[26.981034250086999,38.791122511697999]}},
{"type":"Feature","properties":{"ILCE":"ÇİĞLİ","KAPINO":null,"ENLEM":38.495059099030001,"ACIKLAMA":"3510-023-06","ILCEID":16,"MAHALLE":"SASALI MERKEZ","MAHALLEID":null,"ADI":"6 NO LU AFET VE ACİL DURUM TOPLANMA ALANI","BOYLAM":26.954698288530999,"YOL":"145 Sk.","Area":null},"geometry":{"type":"Point","coordinates":[26.954698288530999,38.495059099030001]}},
{"type":"Feature","properties":{"ILCE":"BAYRAKLI","KAPINO":null,"ENLEM":38.453469560804997,"ACIKLAMA":"3530-014-06","ILCEID":11,"MAHALLE":"MANSUROĞLU","MAHALLEID":null,"ADI":"6 NO LU AFET VE ACİL DURUM TOPLANMA ALANI","BOYLAM":27.186955047319,"YOL":"283/1 Sk.","Area":null},"geometry":{"type":"Point","coordinates":[27.186955047319,38.453469560804997]}},
{"type":"Feature","properties":{"ILCE":"GÜZELBAHÇE","KAPINO":null,"ENLEM":38.340817606675003,"ACIKLAMA":"3514-012-06","ILCEID":1,"MAHALLE":"YELKİ","MAHALLEID":null,"ADI":"6 NO LU AFET VE ACİL DURUM TOPLANMA ALANI","BOYLAM":26.865966162557999,"YOL":"2356 Sk.","Area":null},"geometry":{"type":"Point","coordinates":[26.865966162557999,38.340817606675003]}},
{"type":"Feature","properties":{"ILCE":"GÜZELBAHÇE","KAPINO":null,"ENLEM":38.363988707796999,"ACIKLAMA":"3514-003-06","ILCEID":1,"MAHALLE":"ÇELEBİ","MAHALLEID":null,"ADI":"6 NO LU AFET VE ACİL DURUM TOPLANMA ALANI","BOYLAM":26.885567607237,"YOL":"351 Sk.","Area":null},"geometry":{"type":"Point","coordinates":[26.885567607237,38.363988707796999]}},
{"type":"Feature","properties":{"ILCE":"BAYRAKLI","KAPINO":null,"ENLEM":38.461077024959998,"ACIKLAMA":"3530-002-06","ILCEID":11,"MAHALLE":"ADALET","MAHALLEID":null,"ADI":"6 NO LU AFET VE ACİL DURUM TOPLANMA ALANI","BOYLAM":27.174166325552999,"YOL":"1643/7 Sk.","Area":null},"geometry":{"type":"Point","coordinates":[27.174166325552999,38.461077024959998]}},
{"type":"Feature","properties":{"ILCE":"GÜZELBAHÇE","KAPINO":null,"ENLEM":38.379760012212003,"ACIKLAMA":"3514-006-06","ILCEID":1,"MAHALLE":"MALTEPE","MAHALLEID":null,"ADI":"6 NO LU AFET VE ACİL DURUM TOPLANMA ALANI","BOYLAM":26.913006440545001,"YOL":"29 Sk.","Area":null},"geometry":{"type":"Point","coordinates":[26.913006440545001,38.379760012212003]}},
{"type":"Feature","properties":{"ILCE":"GÜZELBAHÇE","KAPINO":null,"ENLEM":38.365822549168001,"ACIKLAMA":"3514-004-06","ILCEID":1,"MAHALLE":"KAHRAMANDERE","MAHALLEID":null,"ADI":"6 NO LU AFET VE ACİL DURUM TOPLANMA ALANI","BOYLAM":26.877494195335998,"YOL":"882 Sk.","Area":null},"geometry":{"type":"Point","coordinates":[26.877494195335998,38.365822549168001]}},
{"type":"Feature","properties":{"ILCE":"ÇEŞME","KAPINO":null,"ENLEM":38.241191258512004,"ACIKLAMA":"3509-019-06","ILCEID":1001,"MAHALLE":"OVACIK","MAHALLEID":null,"ADI":"6 NO LU AFET VE ACİL DURUM TOPLANMA ALANI","BOYLAM":26.314104616045,"YOL":"SAĞLIKÇILAR SİTESİ KümeEvleri","Area":null},"geometry":{"type":"Point","coordinates":[26.314104616045,38.241191258512004]}},
{"type":"Feature","properties":{"ILCE":"BAYRAKLI","KAPINO":null,"ENLEM":38.473912575340997,"ACIKLAMA":"3530-018-07","ILCEID":11,"MAHALLE":"OSMANGAZİ","MAHALLEID":null,"ADI":"6 NO LU AFET VE ACİL DURUM TOPLANMA ALANI","BOYLAM":27.187448536942998,"YOL":"590 Sk.","Area":null},"geometry":{"type":"Point","coordinates":[27.187448536942998,38.473912575340997]}},
{"type":"Feature","properties":{"ILCE":"KINIK","KAPINO":null,"ENLEM":39.086861158056998,"ACIKLAMA":"3518-031-06","ILCEID":996,"MAHALLE":"POYRACIK","MAHALLEID":null,"ADI":"6 NO LU AFET VE ACİL DURUM TOPLANMA ALANI","BOYLAM":27.360642255460998,"YOL":"DUMLUPINAR Cd.","Area":null},"geometry":{"type":"Point","coordinates":[27.360642255460998,39.086861158056998]}},
{"type":"Feature","properties":{"ILCE":"BAYRAKLI","KAPINO":null,"ENLEM":38.480707363714998,"ACIKLAMA":"3530-019-06","ILCEID":11,"MAHALLE":"POSTACILAR","MAHALLEID":null,"ADI":"6 NO LU AFET VE ACİL DURUM TOPLANMA ALANI","BOYLAM":27.125403974922001,"YOL":"6067/10 Sk.","Area":null},"geometry":{"type":"Point","coordinates":[27.125403974922001,38.480707363714998]}},
{"type":"Feature","properties":{"ILCE":"BAYRAKLI","KAPINO":null,"ENLEM":38.470099037569,"ACIKLAMA":"3530-021-06","ILCEID":11,"MAHALLE":"SOĞUKKUYU","MAHALLEID":null,"ADI":"6 NO LU AFET VE ACİL DURUM TOPLANMA ALANI","BOYLAM":27.114428448240002,"YOL":"6063/2 Sk.","Area":null},"geometry":{"type":"Point","coordinates":[27.114428448240002,38.470099037569]}},
{"type":"Feature","properties":{"ILCE":"MENDERES","KAPINO":null,"ENLEM":38.253316921112003,"ACIKLAMA":"3521-038-06","ILCEID":13,"MAHALLE":"MİTHATPAŞA","MAHALLEID":null,"ADI":"6 NO LU AFET VE ACİL DURUM TOPLANMA ALANI","BOYLAM":27.145456452705002,"YOL":"537/1 Sk.","Area":null},"geometry":{"type":"Point","coordinates":[27.145456452705002,38.253316921112003]}},
{"type":"Feature","properties":{"ILCE":"KEMALPAŞA","KAPINO":null,"ENLEM":38.407413119978003,"ACIKLAMA":"3517-002-06","ILCEID":6,"MAHALLE":"ÖREN 75.YIL CUMHURİYET","MAHALLEID":null,"ADI":"6 NO LU AFET VE ACİL DURUM TOPLANMA ALANI","BOYLAM":27.590394904274,"YOL":"KIRMAN Sk.","Area":null},"geometry":{"type":"Point","coordinates":[27.590394904274,38.407413119978003]}},
{"type":"Feature","properties":{"ILCE":"KARABAĞLAR","KAPINO":null,"ENLEM":38.392324318170999,"ACIKLAMA":"3531-031-06","ILCEID":19,"MAHALLE":"KAZIM KARABEKİR","MAHALLEID":null,"ADI":"6 NO LU AFET VE ACİL DURUM TOPLANMA ALANI","BOYLAM":27.114922104223002,"YOL":"9009 Sk.","Area":null},"geometry":{"type":"Point","coordinates":[27.114922104223002,38.392324318170999]}},
{"type":"Feature","properties":{"ILCE":"KEMALPAŞA","KAPINO":null,"ENLEM":38.407560191070999,"ACIKLAMA":"3517-023-06","ILCEID":6,"MAHALLE":"ARMUTLU HÜRRİYET","MAHALLEID":null,"ADI":"6 NO LU AFET VE ACİL DURUM TOPLANMA ALANI","BOYLAM":27.534256547866999,"YOL":"ŞEHİTLER Cd.","Area":null},"geometry":{"type":"Point","coordinates":[27.534256547866999,38.407560191070999]}},
{"type":"Feature","properties":{"ILCE":"URLA","KAPINO":null,"ENLEM":38.327529066696997,"ACIKLAMA":"3529-031-06","ILCEID":18,"MAHALLE":"YELALTI","MAHALLEID":null,"ADI":"6 NO LU AFET VE ACİL DURUM TOPLANMA ALANI","BOYLAM":26.768033861984001,"YOL":"YAKUT Sk.","Area":null},"geometry":{"type":"Point","coordinates":[26.768033861984001,38.327529066696997]}},
{"type":"Feature","properties":{"ILCE":"BAYRAKLI","KAPINO":null,"ENLEM":38.464437347849,"ACIKLAMA":"3530-013-06","ILCEID":11,"MAHALLE":"MANAVKUYU","MAHALLEID":null,"ADI":"6 NO LU AFET VE ACİL DURUM TOPLANMA ALANI","BOYLAM":27.187663128537,"YOL":"YÜZBAŞI İBRAHİM HAKKI Cd.","Area":null},"geometry":{"type":"Point","coordinates":[27.187663128537,38.464437347849]}},
{"type":"Feature","properties":{"ILCE":"KEMALPAŞA","KAPINO":null,"ENLEM":38.425154205326997,"ACIKLAMA":"3517-031-06","ILCEID":6,"MAHALLE":"MEHMET AKİF ERSOY","MAHALLEID":null,"ADI":"6 NO LU AFET VE ACİL DURUM TOPLANMA ALANI","BOYLAM":27.426389337684,"YOL":"231 Sk.","Area":null},"geometry":{"type":"Point","coordinates":[27.426389337684,38.425154205326997]}},
{"type":"Feature","properties":{"ILCE":"KARABAĞLAR","KAPINO":null,"ENLEM":38.386580750198,"ACIKLAMA":"3531-048-06","ILCEID":19,"MAHALLE":"TAHSİN YAZICI","MAHALLEID":null,"ADI":"6 NO LU AFET VE ACİL DURUM TOPLANMA ALANI","BOYLAM":27.101570144168999,"YOL":"9313 Sk.","Area":null},"geometry":{"type":"Point","coordinates":[27.101570144168999,38.386580750198]}},
{"type":"Feature","properties":{"ILCE":"KARŞIYAKA","KAPINO":null,"ENLEM":38.471925960523997,"ACIKLAMA":"3516-017-06","ILCEID":20,"MAHALLE":"MAVİŞEHİR","MAHALLEID":null,"ADI":"6 NO LU AFET VE ACİL DURUM TOPLANMA ALANI","BOYLAM":27.080418204002001,"YOL":"AZİZ NESİN Blv.","Area":null},"geometry":{"type":"Point","coordinates":[27.080418204002001,38.471925960523997]}},
{"type":"Feature","properties":{"ILCE":"BUCA","KAPINO":null,"ENLEM":38.367193985176002,"ACIKLAMA":"3508-022-06","ILCEID":8,"MAHALLE":"GÖKSU","MAHALLEID":null,"ADI":"6 NO LU AFET VE ACİL DURUM TOPLANMA ALANI","BOYLAM":27.145134398062002,"YOL":"693/24 Sk.","Area":null},"geometry":{"type":"Point","coordinates":[27.145134398062002,38.367193985176002]}},
{"type":"Feature","properties":{"ILCE":"NARLIDERE","KAPINO":null,"ENLEM":38.391680908344,"ACIKLAMA":"3523-005-06","ILCEID":5,"MAHALLE":"ÇATALKAYA","MAHALLEID":null,"ADI":"6 NO LU AFET VE ACİL DURUM TOPLANMA ALANI","BOYLAM":27.000682029682,"YOL":"EĞİTİM Sk.","Area":null},"geometry":{"type":"Point","coordinates":[27.000682029682,38.391680908344]}},
{"type":"Feature","properties":{"ILCE":"ÇİĞLİ","KAPINO":null,"ENLEM":38.488819963097001,"ACIKLAMA":"3510-004-06","ILCEID":16,"MAHALLE":"ATAŞEHİR","MAHALLEID":null,"ADI":"6 NO LU AFET VE ACİL DURUM TOPLANMA ALANI","BOYLAM":27.059132270189998,"YOL":"8211/11 Sk.","Area":null},"geometry":{"type":"Point","coordinates":[27.059132270189998,38.488819963097001]}},
{"type":"Feature","properties":{"ILCE":"BUCA","KAPINO":null,"ENLEM":38.376631554931002,"ACIKLAMA":"3508-004-06","ILCEID":8,"MAHALLE":"ATATÜRK","MAHALLEID":null,"ADI":"6 NO LU AFET VE ACİL DURUM TOPLANMA ALANI","BOYLAM":27.187255582128,"YOL":"202/51 Sk.","Area":null},"geometry":{"type":"Point","coordinates":[27.187255582128,38.376631554931002]}},
{"type":"Feature","properties":{"ILCE":"TİRE","KAPINO":null,"ENLEM":38.094685349448,"ACIKLAMA":"3527-038-06","ILCEID":997,"MAHALLE":"FATİH","MAHALLEID":null,"ADI":"6 NO LU AFET VE ACİL DURUM TOPLANMA ALANI","BOYLAM":27.718641889872,"YOL":"MEHMET HÜSNÜ TÜKEL Sk.","Area":null},"geometry":{"type":"Point","coordinates":[27.718641889872,38.094685349448]}},
{"type":"Feature","properties":{"ILCE":"KARŞIYAKA","KAPINO":null,"ENLEM":38.458157559736001,"ACIKLAMA":"3516-001-06","ILCEID":20,"MAHALLE":"AKSOY","MAHALLEID":null,"ADI":"6 NO LU AFET VE ACİL DURUM TOPLANMA ALANI","BOYLAM":27.107433302244999,"YOL":"GİRNE Blv.","Area":null},"geometry":{"type":"Point","coordinates":[27.107433302244999,38.458157559736001]}},
{"type":"Feature","properties":{"ILCE":"BAYRAKLI","KAPINO":null,"ENLEM":38.472820569591001,"ACIKLAMA":"3530-009-06","ILCEID":11,"MAHALLE":"EMEK","MAHALLEID":null,"ADI":"6 NO LU AFET VE ACİL DURUM TOPLANMA ALANI","BOYLAM":27.124234551002001,"YOL":"7267 Sk.","Area":null},"geometry":{"type":"Point","coordinates":[27.124234551002001,38.472820569591001]}},
{"type":"Feature","properties":{"ILCE":"KARŞIYAKA","KAPINO":null,"ENLEM":38.458959876601,"ACIKLAMA":"3516-007-06","ILCEID":20,"MAHALLE":"BOSTANLI","MAHALLEID":null,"ADI":"6 NO LU AFET VE ACİL DURUM TOPLANMA ALANI","BOYLAM":27.104043005560001,"YOL":"MUHARREM CANDAŞ","Area":null},"geometry":{"type":"Point","coordinates":[27.104043005560001,38.458959876601]}},
{"type":"Feature","properties":{"ILCE":"ÇEŞME","KAPINO":null,"ENLEM":38.334278265832999,"ACIKLAMA":"3509-021-06","ILCEID":1001,"MAHALLE":"SAKARYA","MAHALLEID":null,"ADI":"6 NO LU AFET VE ACİL DURUM TOPLANMA ALANI","BOYLAM":26.311985506073999,"YOL":"3139 Sk.","Area":null},"geometry":{"type":"Point","coordinates":[26.311985506073999,38.334278265832999]}},
{"type":"Feature","properties":{"ILCE":"KARŞIYAKA","KAPINO":null,"ENLEM":38.489512823780998,"ACIKLAMA":"3516-027-06","ILCEID":20,"MAHALLE":"ZÜBEYDE HANIM","MAHALLEID":null,"ADI":"6 NO LU AFET VE ACİL DURUM TOPLANMA ALANI","BOYLAM":27.107250859554998,"YOL":"7563/10 Sk.","Area":null},"geometry":{"type":"Point","coordinates":[27.107250859554998,38.489512823780998]}},
{"type":"Feature","properties":{"ILCE":"KARŞIYAKA","KAPINO":null,"ENLEM":38.466856608321002,"ACIKLAMA":"3516-005-06","ILCEID":20,"MAHALLE":"BAHÇELİEVLER","MAHALLEID":null,"ADI":"6 NO LU AFET VE ACİL DURUM TOPLANMA ALANI","BOYLAM":27.125457642354998,"YOL":"1851/11 Sk.","Area":null},"geometry":{"type":"Point","coordinates":[27.125457642354998,38.466856608321002]}},
{"type":"Feature","properties":{"ILCE":"TORBALI","KAPINO":null,"ENLEM":38.178505823544,"ACIKLAMA":"3528-052-06","ILCEID":9,"MAHALLE":"TORBALI","MAHALLEID":null,"ADI":"6 NO LU AFET VE ACİL DURUM TOPLANMA ALANI","BOYLAM":27.348745538479999,"YOL":"5104 Sk.","Area":null},"geometry":{"type":"Point","coordinates":[27.348745538479999,38.178505823544]}},
{"type":"Feature","properties":{"ILCE":"FOÇA","KAPINO":null,"ENLEM":38.661911027304001,"ACIKLAMA":"3512-001-06","ILCEID":4,"MAHALLE":"ATATÜRK","MAHALLEID":null,"ADI":"6 NO LU AFET VE ACİL DURUM TOPLANMA ALANI","BOYLAM":26.758999628447999,"YOL":"126 Sk.","Area":null},"geometry":{"type":"Point","coordinates":[26.758999628447999,38.661911027304001]}},
{"type":"Feature","properties":{"ILCE":"KARŞIYAKA","KAPINO":null,"ENLEM":38.465663721169001,"ACIKLAMA":"3516-025-06","ILCEID":20,"MAHALLE":"YALI","MAHALLEID":null,"ADI":"6 NO LU AFET VE ACİL DURUM TOPLANMA ALANI","BOYLAM":27.091747809202001,"YOL":"6403/1 Sk.","Area":null},"geometry":{"type":"Point","coordinates":[27.091747809202001,38.465663721169001]}},
{"type":"Feature","properties":{"ILCE":"URLA","KAPINO":null,"ENLEM":38.392391189919003,"ACIKLAMA":"3529-010-06","ILCEID":18,"MAHALLE":"DENİZLİ","MAHALLEID":null,"ADI":"6 NO LU AFET VE ACİL DURUM TOPLANMA ALANI","BOYLAM":26.743749147860001,"YOL":"140 Sk.","Area":null},"geometry":{"type":"Point","coordinates":[26.743749147860001,38.392391189919003]}},
{"type":"Feature","properties":{"ILCE":"URLA","KAPINO":null,"ENLEM":38.306568884145001,"ACIKLAMA":"3529-014-06","ILCEID":18,"MAHALLE":"İÇMELER","MAHALLEID":null,"ADI":"6 NO LU AFET VE ACİL DURUM TOPLANMA ALANI","BOYLAM":26.7034949104,"YOL":"1153 Sk.","Area":null},"geometry":{"type":"Point","coordinates":[26.7034949104,38.306568884145001]}},
{"type":"Feature","properties":{"ILCE":"KARŞIYAKA","KAPINO":null,"ENLEM":38.464420447259002,"ACIKLAMA":"3516-003-06","ILCEID":20,"MAHALLE":"YALI","MAHALLEID":null,"ADI":"6 NO LU AFET VE ACİL DURUM TOPLANMA ALANI","BOYLAM":27.092670486631999,"YOL":"AŞIK VEYSEL Sk.","Area":null},"geometry":{"type":"Point","coordinates":[27.092670486631999,38.464420447259002]}},
{"type":"Feature","properties":{"ILCE":"ÇEŞME","KAPINO":null,"ENLEM":38.319334616173002,"ACIKLAMA":"3509-018-06","ILCEID":1001,"MAHALLE":"MUSALLA","MAHALLEID":null,"ADI":"6 NO LU AFET VE ACİL DURUM TOPLANMA ALANI","BOYLAM":26.305381968837999,"YOL":"1025 Sk.","Area":null},"geometry":{"type":"Point","coordinates":[26.305381968837999,38.319334616173002]}},
{"type":"Feature","properties":{"ILCE":"ÇEŞME","KAPINO":null,"ENLEM":38.293139063974998,"ACIKLAMA":"3509-002-06","ILCEID":1001,"MAHALLE":"ALAÇATI","MAHALLEID":null,"ADI":"6 NO LU AFET VE ACİL DURUM TOPLANMA ALANI","BOYLAM":26.368536994321001,"YOL":"15022 Sk.","Area":null},"geometry":{"type":"Point","coordinates":[26.368536994321001,38.293139063974998]}},
{"type":"Feature","properties":{"ILCE":"MENEMEN","KAPINO":null,"ENLEM":38.554263144254001,"ACIKLAMA":"3522-002-06","ILCEID":17,"MAHALLE":"30 AĞUSTOS","MAHALLEID":null,"ADI":"6 NO LU AFET VE ACİL DURUM TOPLANMA ALANI","BOYLAM":27.043924107957999,"YOL":"7208 Sk.","Area":null},"geometry":{"type":"Point","coordinates":[27.043924107957999,38.554263144254001]}},
{"type":"Feature","properties":{"ILCE":"BAYRAKLI","KAPINO":null,"ENLEM":38.480363024723999,"ACIKLAMA":"3530-024-06","ILCEID":11,"MAHALLE":"YAMANLAR","MAHALLEID":null,"ADI":"6 NO LU AFET VE ACİL DURUM TOPLANMA ALANI","BOYLAM":27.132796106806001,"YOL":"7349/5 Sk.","Area":null},"geometry":{"type":"Point","coordinates":[27.132796106806001,38.480363024723999]}},
{"type":"Feature","properties":{"ILCE":"ÇİĞLİ","KAPINO":null,"ENLEM":38.509580353011998,"ACIKLAMA":"3510-007-06","ILCEID":16,"MAHALLE":"BALATÇIK","MAHALLEID":null,"ADI":"6 NO LU AFET VE ACİL DURUM TOPLANMA ALANI","BOYLAM":27.040271034435001,"YOL":"8914 Sk.","Area":null},"geometry":{"type":"Point","coordinates":[27.040271034435001,38.509580353011998]}},
{"type":"Feature","properties":{"ILCE":"ÇEŞME","KAPINO":null,"ENLEM":38.284591612865,"ACIKLAMA":"3509-022-06","ILCEID":1001,"MAHALLE":"ŞEHİT MEHMET","MAHALLEID":null,"ADI":"6 NO LU AFET VE ACİL DURUM TOPLANMA ALANI","BOYLAM":26.240612376428999,"YOL":"364 Sk.","Area":null},"geometry":{"type":"Point","coordinates":[26.240612376428999,38.284591612865]}},
{"type":"Feature","properties":{"ILCE":"ÇEŞME","KAPINO":null,"ENLEM":38.366099692470002,"ACIKLAMA":"3509-013-06","ILCEID":1001,"MAHALLE":"GERMİYAN","MAHALLEID":null,"ADI":"6 NO LU AFET VE ACİL DURUM TOPLANMA ALANI","BOYLAM":26.471045007714,"YOL":"27163 Sk.","Area":null},"geometry":{"type":"Point","coordinates":[26.471045007714,38.366099692470002]}},
{"type":"Feature","properties":{"ILCE":"KEMALPAŞA","KAPINO":null,"ENLEM":38.416332670453997,"ACIKLAMA":"3517-001-05","ILCEID":6,"MAHALLE":"BAĞYURDU 29 EKİM","MAHALLEID":null,"ADI":"6 NO LU AFET VE ACİL DURUM TOPLANMA ALANI","BOYLAM":27.638363278684,"YOL":"KEMAL ATATÜRK Cd.","Area":null},"geometry":{"type":"Point","coordinates":[27.638363278684,38.416332670453997]}},
{"type":"Feature","properties":{"ILCE":"GÜZELBAHÇE","KAPINO":null,"ENLEM":38.375462127544999,"ACIKLAMA":"3514-011-06","ILCEID":1,"MAHALLE":"YALI","MAHALLEID":null,"ADI":"6 NO LU AFET VE ACİL DURUM TOPLANMA ALANI","BOYLAM":26.887740165596998,"YOL":"121 Sk.","Area":null},"geometry":{"type":"Point","coordinates":[26.887740165596998,38.375462127544999]}},
{"type":"Feature","properties":{"ILCE":"KEMALPAŞA","KAPINO":null,"ENLEM":38.434710213594002,"ACIKLAMA":"3517-038-06","ILCEID":6,"MAHALLE":"SEKİZ EYLÜL","MAHALLEID":null,"ADI":"6 NO LU AFET VE ACİL DURUM TOPLANMA ALANI","BOYLAM":27.411401212689999,"YOL":"134/2 Sk.","Area":null},"geometry":{"type":"Point","coordinates":[27.411401212689999,38.434710213594002]}},
{"type":"Feature","properties":{"ILCE":"KONAK","KAPINO":null,"ENLEM":38.429566505737,"ACIKLAMA":"3520-045-06","ILCEID":21,"MAHALLE":"HALKAPINAR","MAHALLEID":null,"ADI":"6 NO LU AFET VE ACİL DURUM TOPLANMA ALANI","BOYLAM":27.163609256510998,"YOL":"PAKİSTAN Blv.","Area":null},"geometry":{"type":"Point","coordinates":[27.163609256510998,38.429566505737]}},
{"type":"Feature","properties":{"ILCE":"NARLIDERE","KAPINO":null,"ENLEM":38.392034091416001,"ACIKLAMA":"3523-009-06","ILCEID":5,"MAHALLE":"NARLI","MAHALLEID":null,"ADI":"6 NO LU AFET VE ACİL DURUM TOPLANMA ALANI","BOYLAM":27.004520250991,"YOL":"SAYGIN Sk.","Area":null},"geometry":{"type":"Point","coordinates":[27.004520250991,38.392034091416001]}},
{"type":"Feature","properties":{"ILCE":"ÇEŞME","KAPINO":null,"ENLEM":38.342676652457001,"ACIKLAMA":"3509-011-06","ILCEID":1001,"MAHALLE":"DALYAN","MAHALLEID":null,"ADI":"6 NO LU AFET VE ACİL DURUM TOPLANMA ALANI","BOYLAM":26.303590218059998,"YOL":"4010 Sk.","Area":null},"geometry":{"type":"Point","coordinates":[26.303590218059998,38.342676652457001]}},
{"type":"Feature","properties":{"ILCE":"BUCA","KAPINO":null,"ENLEM":38.373384910807999,"ACIKLAMA":"3508-045-06","ILCEID":8,"MAHALLE":"YILDIZ","MAHALLEID":null,"ADI":"6 NO LU AFET VE ACİL DURUM TOPLANMA ALANI","BOYLAM":27.182513465713001,"YOL":"206/43 Sk.","Area":null},"geometry":{"type":"Point","coordinates":[27.182513465713001,38.373384910807999]}},
{"type":"Feature","properties":{"ILCE":"BAYRAKLI","KAPINO":null,"ENLEM":38.477994550765999,"ACIKLAMA":"3530-017-06","ILCEID":11,"MAHALLE":"ORG.NAFİZ GÜRMAN","MAHALLEID":null,"ADI":"6 NO LU AFET VE ACİL DURUM TOPLANMA ALANI","BOYLAM":27.136915963391001,"YOL":"7168 Sk.","Area":null},"geometry":{"type":"Point","coordinates":[27.136915963391001,38.477994550765999]}},
{"type":"Feature","properties":{"ILCE":"ÇEŞME","KAPINO":null,"ENLEM":38.326266069249002,"ACIKLAMA":"3509-016-06","ILCEID":1001,"MAHALLE":"İSMET İNÖNÜ","MAHALLEID":null,"ADI":"6 NO LU AFET VE ACİL DURUM TOPLANMA ALANI","BOYLAM":26.317687868970001,"YOL":"2095 Sk.","Area":null},"geometry":{"type":"Point","coordinates":[26.317687868970001,38.326266069249002]}},
{"type":"Feature","properties":{"ILCE":"FOÇA","KAPINO":null,"ENLEM":38.674609482447998,"ACIKLAMA":"3512-008-06","ILCEID":4,"MAHALLE":"İSMETPAŞA","MAHALLEID":null,"ADI":"6 NO'LU AFET VE ACİL DURUM TOPLANMA ALANI","BOYLAM":26.753800402683002,"YOL":"198","Area":null},"geometry":{"type":"Point","coordinates":[26.753800402683002,38.674609482447998]}},
{"type":"Feature","properties":{"ILCE":"ÖDEMİŞ","KAPINO":null,"ENLEM":38.221306060288001,"ACIKLAMA":"3524-042-06","ILCEID":998,"MAHALLE":"HÜRRİYET","MAHALLEID":null,"ADI":"6 NO'LU AFET VE ACİL DURUM TOPLANMA ALANI","BOYLAM":27.980690065019999,"YOL":"1629","Area":null},"geometry":{"type":"Point","coordinates":[27.980690065019999,38.221306060288001]}},
{"type":"Feature","properties":{"ILCE":"BORNOVA","KAPINO":null,"ENLEM":38.429432827188997,"ACIKLAMA":"3507-026-06","ILCEID":2,"MAHALLE":"KEMALPAŞA","MAHALLEID":null,"ADI":"6 NO'LU AFET VE ACİL DURUM TOPLANMA ALANI","BOYLAM":27.265452963444002,"YOL":"PINAR","Area":null},"geometry":{"type":"Point","coordinates":[27.265452963444002,38.429432827188997]}},
{"type":"Feature","properties":{"ILCE":"FOÇA","KAPINO":null,"ENLEM":38.650409678001999,"ACIKLAMA":"3512-015-06","ILCEID":4,"MAHALLE":"YENİBAĞARASI","MAHALLEID":null,"ADI":"6 NO'LU AFET VE ACİL DURUM TOPLANMA ALANI","BOYLAM":26.818500126244,"YOL":"PALMİYE","Area":null},"geometry":{"type":"Point","coordinates":[26.818500126244,38.650409678001999]}},
{"type":"Feature","properties":{"ILCE":"GAZİEMİR","KAPINO":null,"ENLEM":38.303087522436002,"ACIKLAMA":"3513-014-06","ILCEID":15,"MAHALLE":"SEVGİ","MAHALLEID":null,"ADI":"6 NO'LU AFET VE ACİL DURUM TOPLANMA ALANI","BOYLAM":27.131287966635998,"YOL":"951","Area":null},"geometry":{"type":"Point","coordinates":[27.131287966635998,38.303087522436002]}},
{"type":"Feature","properties":{"ILCE":"SELÇUK","KAPINO":null,"ENLEM":37.940013966847999,"ACIKLAMA":"3526-006-07","ILCEID":10,"MAHALLE":"CUMHURİYET","MAHALLEID":null,"ADI":"6 NO'LU AFET VE ACİL DURUM TOPLANMA ALANI","BOYLAM":27.377198522570001,"YOL":"5112","Area":null},"geometry":{"type":"Point","coordinates":[27.377198522570001,37.940013966847999]}},
{"type":"Feature","properties":{"ILCE":"NARLIDERE","KAPINO":null,"ENLEM":38.395011176262003,"ACIKLAMA":"3523-006-06","ILCEID":5,"MAHALLE":"HUZUR","MAHALLEID":null,"ADI":"6 NO'LU AFET VE ACİL DURUM TOPLANMA ALANI","BOYLAM":26.988054733369999,"YOL":"MANDALİNLİK","Area":null},"geometry":{"type":"Point","coordinates":[26.988054733369999,38.395011176262003]}},
{"type":"Feature","properties":{"ILCE":"NARLIDERE","KAPINO":null,"ENLEM":38.392523232494,"ACIKLAMA":"3523-007-06","ILCEID":5,"MAHALLE":"ILICA","MAHALLEID":null,"ADI":"6 NO'LU AFET VE ACİL DURUM TOPLANMA ALANI","BOYLAM":27.020890481953,"YOL":"TOPRAK","Area":null},"geometry":{"type":"Point","coordinates":[27.020890481953,38.392523232494]}},
{"type":"Feature","properties":{"ILCE":"ALİAĞA","KAPINO":null,"ENLEM":38.792338118351999,"ACIKLAMA":"3502-023-06","ILCEID":3,"MAHALLE":"SİTELER","MAHALLEID":null,"ADI":"6 NO'LU AFET VE ACİL DURUM TOPLANMA ALANI","BOYLAM":26.966467146633001,"YOL":"ŞEHİT BİNBAŞI YAVUZ BAŞAYAR","Area":null},"geometry":{"type":"Point","coordinates":[26.966467146633001,38.792338118351999]}},
{"type":"Feature","properties":{"ILCE":"FOÇA","KAPINO":null,"ENLEM":38.728009300464002,"ACIKLAMA":"3512-014-06","ILCEID":4,"MAHALLE":"MUSTAFA KEMAL ATATÜRK","MAHALLEID":null,"ADI":"6 NO'LU AFET VE ACİL DURUM TOPLANMA ALANI","BOYLAM":26.834599907845,"YOL":"CENNET","Area":null},"geometry":{"type":"Point","coordinates":[26.834599907845,38.728009300464002]}},
{"type":"Feature","properties":{"ILCE":"NARLIDERE","KAPINO":null,"ENLEM":38.382725700404002,"ACIKLAMA":"3523-008-06","ILCEID":5,"MAHALLE":"LİMANREİS","MAHALLEID":null,"ADI":"6 NO'LU AFET VE ACİL DURUM TOPLANMA ALANI","BOYLAM":26.934774245673001,"YOL":"KIBRIS","Area":null},"geometry":{"type":"Point","coordinates":[26.934774245673001,38.382725700404002]}},
{"type":"Feature","properties":{"ILCE":"GAZİEMİR","KAPINO":null,"ENLEM":38.319800719195001,"ACIKLAMA":"3513-003-06","ILCEID":15,"MAHALLE":"ATIFBEY","MAHALLEID":null,"ADI":"6 NO'LU AFET VE ACİL DURUM TOPLANMA ALANI","BOYLAM":27.132363139380001,"YOL":"PROF. DR. TÜRKAN SAYLAN","Area":null},"geometry":{"type":"Point","coordinates":[27.132363139380001,38.319800719195001]}},
{"type":"Feature","properties":{"ILCE":"NARLIDERE","KAPINO":null,"ENLEM":38.391892298214003,"ACIKLAMA":"3523-004-06","ILCEID":5,"MAHALLE":"ÇAMTEPE","MAHALLEID":null,"ADI":"6 NO'LU AFET VE ACİL DURUM TOPLANMA ALANI","BOYLAM":27.010298782585,"YOL":"ACAR","Area":null},"geometry":{"type":"Point","coordinates":[27.010298782585,38.391892298214003]}},
{"type":"Feature","properties":{"ILCE":"SELÇUK","KAPINO":null,"ENLEM":37.942513940592001,"ACIKLAMA":"3526-003-06","ILCEID":10,"MAHALLE":"ATATÜRK","MAHALLEID":null,"ADI":"6 NO'LU AFET VE ACİL DURUM TOPLANMA ALANI","BOYLAM":27.364198584751001,"YOL":"1088","Area":null},"geometry":{"type":"Point","coordinates":[27.364198584751001,37.942513940592001]}},
{"type":"Feature","properties":{"ILCE":"NARLIDERE","KAPINO":null,"ENLEM":38.395678984063998,"ACIKLAMA":"3523-011-06","ILCEID":5,"MAHALLE":"YENİKALE","MAHALLEID":null,"ADI":"6 NO'LU AFET VE ACİL DURUM TOPLANMA ALANI","BOYLAM":27.011766978404999,"YOL":"SÜTÇÜLER","Area":null},"geometry":{"type":"Point","coordinates":[27.011766978404999,38.395678984063998]}},
{"type":"Feature","properties":{"ILCE":"ALİAĞA","KAPINO":null,"ENLEM":38.825327971645997,"ACIKLAMA":"3502-026-06","ILCEID":3,"MAHALLE":"YALI","MAHALLEID":null,"ADI":"6 NO'LU AFET VE ACİL DURUM TOPLANMA ALANI","BOYLAM":26.985406995177001,"YOL":"145","Area":null},"geometry":{"type":"Point","coordinates":[26.985406995177001,38.825327971645997]}},
{"type":"Feature","properties":{"ILCE":"BALÇOVA","KAPINO":null,"ENLEM":38.371629873007997,"ACIKLAMA":"3503-002-06","ILCEID":14,"MAHALLE":"ÇETİN EMEÇ","MAHALLEID":null,"ADI":"6 NO'LU AFET VE ACİL DURUM TOPLANMA ALANI ","BOYLAM":27.088125504354998,"YOL":"UNIVERSIADE","Area":null},"geometry":{"type":"Point","coordinates":[27.088125504354998,38.371629873007997]}},
{"type":"Feature","properties":{"ILCE":"ALİAĞA","KAPINO":null,"ENLEM":38.787376059301003,"ACIKLAMA":null,"ILCEID":3,"MAHALLE":"YENİ","MAHALLEID":null,"ADI":"6 NOLU TOPLANMA ALANI","BOYLAM":26.977855854581001,"YOL":"600 Sk.","Area":null},"geometry":{"type":"Point","coordinates":[26.977855854581001,38.787376059301003]}},
{"type":"Feature","properties":{"ILCE":"FOÇA","KAPINO":null,"ENLEM":38.681209184528001,"ACIKLAMA":"3512-008-01","ILCEID":4,"MAHALLE":"İSMETPAŞA","MAHALLEID":null,"ADI":"7 NO LU AFET VE ACİL DURUM TOPLANMA ALANI","BOYLAM":26.746300737675998,"YOL":"278 Sk.","Area":null},"geometry":{"type":"Point","coordinates":[26.746300737675998,38.681209184528001]}},
{"type":"Feature","properties":{"ILCE":"ÇEŞME","KAPINO":null,"ENLEM":38.277315107790002,"ACIKLAMA":"3509-022-07","ILCEID":1001,"MAHALLE":"ŞEHİT MEHMET","MAHALLEID":null,"ADI":"7 NO LU AFET VE ACİL DURUM TOPLANMA ALANI","BOYLAM":26.257671153962999,"YOL":"302 Sk.","Area":null},"geometry":{"type":"Point","coordinates":[26.257671153962999,38.277315107790002]}},
{"type":"Feature","properties":{"ILCE":"BAYRAKLI","KAPINO":null,"ENLEM":38.4710062228,"ACIKLAMA":"3530-021-07","ILCEID":11,"MAHALLE":"SOĞUKKUYU","MAHALLEID":null,"ADI":"7 NO LU AFET VE ACİL DURUM TOPLANMA ALANI","BOYLAM":27.114342616435,"YOL":"1845/1 Sk.","Area":null},"geometry":{"type":"Point","coordinates":[27.114342616435,38.4710062228]}},
{"type":"Feature","properties":{"ILCE":"MENDERES","KAPINO":null,"ENLEM":38.253165270859,"ACIKLAMA":"3521-038-07","ILCEID":13,"MAHALLE":"MİTHATPAŞA","MAHALLEID":null,"ADI":"7 NO LU AFET VE ACİL DURUM TOPLANMA ALANI","BOYLAM":27.147258888355999,"YOL":"548 Sk.","Area":null},"geometry":{"type":"Point","coordinates":[27.147258888355999,38.253165270859]}},
{"type":"Feature","properties":{"ILCE":"GÜZELBAHÇE","KAPINO":null,"ENLEM":38.378952602595,"ACIKLAMA":"3514-006-07","ILCEID":1,"MAHALLE":"MALTEPE","MAHALLEID":null,"ADI":"7 NO LU AFET VE ACİL DURUM TOPLANMA ALANI","BOYLAM":26.909449850598001,"YOL":"72 Sk.","Area":null},"geometry":{"type":"Point","coordinates":[26.909449850598001,38.378952602595]}},
{"type":"Feature","properties":{"ILCE":"ÇEŞME","KAPINO":null,"ENLEM":38.319944881988,"ACIKLAMA":"3509-018-07","ILCEID":1001,"MAHALLE":"MUSALLA","MAHALLEID":null,"ADI":"7 NO LU AFET VE ACİL DURUM TOPLANMA ALANI","BOYLAM":26.308163404478002,"YOL":"1031 Sk.","Area":null},"geometry":{"type":"Point","coordinates":[26.308163404478002,38.319944881988]}},
{"type":"Feature","properties":{"ILCE":"GÜZELBAHÇE","KAPINO":null,"ENLEM":38.361856172514997,"ACIKLAMA":"3514-003-07","ILCEID":1,"MAHALLE":"ÇELEBİ","MAHALLEID":null,"ADI":"7 NO LU AFET VE ACİL DURUM TOPLANMA ALANI","BOYLAM":26.890025420015998,"YOL":"592 Sk.","Area":null},"geometry":{"type":"Point","coordinates":[26.890025420015998,38.361856172514997]}},
{"type":"Feature","properties":{"ILCE":"ÇEŞME","KAPINO":null,"ENLEM":38.344132394818999,"ACIKLAMA":"3509-011-07","ILCEID":1001,"MAHALLE":"DALYAN","MAHALLEID":null,"ADI":"7 NO LU AFET VE ACİL DURUM TOPLANMA ALANI","BOYLAM":26.309651977304,"YOL":"4041 Sk.","Area":null},"geometry":{"type":"Point","coordinates":[26.309651977304,38.344132394818999]}},
{"type":"Feature","properties":{"ILCE":"ÇEŞME","KAPINO":null,"ENLEM":38.315075448759004,"ACIKLAMA":"3509-013-07","ILCEID":1001,"MAHALLE":"GERMİYAN","MAHALLEID":null,"ADI":"7 NO LU AFET VE ACİL DURUM TOPLANMA ALANI","BOYLAM":26.466852830503999,"YOL":"ÇÜMEN KümeEvleri","Area":null},"geometry":{"type":"Point","coordinates":[26.466852830503999,38.315075448759004]}},
{"type":"Feature","properties":{"ILCE":"GÜZELBAHÇE","KAPINO":null,"ENLEM":38.363012874540999,"ACIKLAMA":"3514-004-07","ILCEID":1,"MAHALLE":"KAHRAMANDERE","MAHALLEID":null,"ADI":"7 NO LU AFET VE ACİL DURUM TOPLANMA ALANI","BOYLAM":26.881732069266999,"YOL":"ŞEHİT KEMAL Cd.","Area":null},"geometry":{"type":"Point","coordinates":[26.881732069266999,38.363012874540999]}},
{"type":"Feature","properties":{"ILCE":"KEMALPAŞA","KAPINO":null,"ENLEM":38.426978098271,"ACIKLAMA":"3517-031-07","ILCEID":6,"MAHALLE":"MEHMET AKİF ERSOY","MAHALLEID":null,"ADI":"7 NO LU AFET VE ACİL DURUM TOPLANMA ALANI","BOYLAM":27.424812203666999,"YOL":"229 Sk.","Area":null},"geometry":{"type":"Point","coordinates":[27.424812203666999,38.426978098271]}},
{"type":"Feature","properties":{"ILCE":"NARLIDERE","KAPINO":null,"ENLEM":38.391367673270999,"ACIKLAMA":"3523-005-07","ILCEID":5,"MAHALLE":"ÇATALKAYA","MAHALLEID":null,"ADI":"7 NO LU AFET VE ACİL DURUM TOPLANMA ALANI","BOYLAM":27.003015540401002,"YOL":"ARAS Sk.","Area":null},"geometry":{"type":"Point","coordinates":[27.003015540401002,38.391367673270999]}},
{"type":"Feature","properties":{"ILCE":"TİRE","KAPINO":null,"ENLEM":38.096644205959997,"ACIKLAMA":"3527-038-07","ILCEID":997,"MAHALLE":"FATİH","MAHALLEID":null,"ADI":"7 NO LU AFET VE ACİL DURUM TOPLANMA ALANI","BOYLAM":27.716721434880998,"YOL":"SARAYBOSNA Cd.","Area":null},"geometry":{"type":"Point","coordinates":[27.716721434880998,38.096644205959997]}},
{"type":"Feature","properties":{"ILCE":"KARŞIYAKA","KAPINO":null,"ENLEM":38.452225995634002,"ACIKLAMA":"3516-001-07","ILCEID":20,"MAHALLE":"AKSOY","MAHALLEID":null,"ADI":"7 NO LU AFET VE ACİL DURUM TOPLANMA ALANI","BOYLAM":27.110313990474001,"YOL":"1746 Sk.","Area":null},"geometry":{"type":"Point","coordinates":[27.110313990474001,38.452225995634002]}},
{"type":"Feature","properties":{"ILCE":"KARŞIYAKA","KAPINO":null,"ENLEM":38.492485532780996,"ACIKLAMA":"3516-027-07","ILCEID":20,"MAHALLE":"ZÜBEYDE HANIM","MAHALLEID":null,"ADI":"7 NO LU AFET VE ACİL DURUM TOPLANMA ALANI","BOYLAM":27.107696098973001,"YOL":"7448/8 Sk.","Area":null},"geometry":{"type":"Point","coordinates":[27.107696098973001,38.492485532780996]}},
{"type":"Feature","properties":{"ILCE":"KARŞIYAKA","KAPINO":null,"ENLEM":38.460858517134,"ACIKLAMA":"3516-007-07","ILCEID":20,"MAHALLE":"BOSTANLI","MAHALLEID":null,"ADI":"7 NO LU AFET VE ACİL DURUM TOPLANMA ALANI","BOYLAM":27.095567264025,"YOL":"BESTEKAR SADİ HOŞSES Sk.","Area":null},"geometry":{"type":"Point","coordinates":[27.095567264025,38.460858517134]}},
{"type":"Feature","properties":{"ILCE":"KEMALPAŞA","KAPINO":null,"ENLEM":38.404819391007997,"ACIKLAMA":"3517-003-01","ILCEID":6,"MAHALLE":"ARMUTLU 85.YIL CUMHURİYET","MAHALLEID":null,"ADI":"7 NO LU AFET VE ACİL DURUM TOPLANMA ALANI","BOYLAM":27.532400472801999,"YOL":"KAZIM DİRİK Cd.","Area":null},"geometry":{"type":"Point","coordinates":[27.532400472801999,38.404819391007997]}},
{"type":"Feature","properties":{"ILCE":"KEMALPAŞA","KAPINO":null,"ENLEM":38.435248065162,"ACIKLAMA":"3517-038-07","ILCEID":6,"MAHALLE":"SEKİZ EYLÜL","MAHALLEID":null,"ADI":"7 NO LU AFET VE ACİL DURUM TOPLANMA ALANI","BOYLAM":27.406573259576,"YOL":"100 Sk.","Area":null},"geometry":{"type":"Point","coordinates":[27.406573259576,38.435248065162]}},
{"type":"Feature","properties":{"ILCE":"BAYRAKLI","KAPINO":null,"ENLEM":38.452095840794001,"ACIKLAMA":"3530-014-07","ILCEID":11,"MAHALLE":"MANSUROĞLU","MAHALLEID":null,"ADI":"7 NO LU AFET VE ACİL DURUM TOPLANMA ALANI","BOYLAM":27.183253619605001,"YOL":"İSLAM KERİMOV Cd.","Area":null},"geometry":{"type":"Point","coordinates":[27.183253619605001,38.452095840794001]}},
{"type":"Feature","properties":{"ILCE":"BAYRAKLI","KAPINO":null,"ENLEM":38.461530701268998,"ACIKLAMA":"3530-013-07","ILCEID":11,"MAHALLE":"MANAVKUYU","MAHALLEID":null,"ADI":"7 NO LU AFET VE ACİL DURUM TOPLANMA ALANI","BOYLAM":27.19867086448,"YOL":"243 Sk.","Area":null},"geometry":{"type":"Point","coordinates":[27.19867086448,38.461530701268998]}},
{"type":"Feature","properties":{"ILCE":"BUCA","KAPINO":null,"ENLEM":38.370760578286003,"ACIKLAMA":"3508-045-07","ILCEID":8,"MAHALLE":"YILDIZ","MAHALLEID":null,"ADI":"7 NO LU AFET VE ACİL DURUM TOPLANMA ALANI","BOYLAM":27.182942621405999,"YOL":"200/25 Sk.","Area":null},"geometry":{"type":"Point","coordinates":[27.182942621405999,38.370760578286003]}},
{"type":"Feature","properties":{"ILCE":"ÇEŞME","KAPINO":null,"ENLEM":38.324220791831003,"ACIKLAMA":"3509-016-07","ILCEID":1001,"MAHALLE":"İSMET İNÖNÜ","MAHALLEID":null,"ADI":"7 NO LU AFET VE ACİL DURUM TOPLANMA ALANI","BOYLAM":26.314447780596002,"YOL":"2123 Sk.","Area":null},"geometry":{"type":"Point","coordinates":[26.314447780596002,38.324220791831003]}},
{"type":"Feature","properties":{"ILCE":"BAYRAKLI","KAPINO":null,"ENLEM":38.458544096914999,"ACIKLAMA":"3530-002-07","ILCEID":11,"MAHALLE":"MANAVKUYU","MAHALLEID":null,"ADI":"7 NO LU AFET VE ACİL DURUM TOPLANMA ALANI","BOYLAM":27.182062713880001,"YOL":"ŞEHİT PİLOT ÜSTEĞMEN TÜRKER AYDIN Sk.","Area":null},"geometry":{"type":"Point","coordinates":[27.182062713880001,38.458544096914999]}},
{"type":"Feature","properties":{"ILCE":"GÜZELBAHÇE","KAPINO":null,"ENLEM":38.341406647856999,"ACIKLAMA":"3514-012-07","ILCEID":1,"MAHALLE":"YELKİ","MAHALLEID":null,"ADI":"7 NO LU AFET VE ACİL DURUM TOPLANMA ALANI","BOYLAM":26.862935280542001,"YOL":"2487 Sk.","Area":null},"geometry":{"type":"Point","coordinates":[26.862935280542001,38.341406647856999]}},
{"type":"Feature","properties":{"ILCE":"GÜZELBAHÇE","KAPINO":null,"ENLEM":38.375167741208998,"ACIKLAMA":"3514-011-07","ILCEID":1,"MAHALLE":"YALI","MAHALLEID":null,"ADI":"7 NO LU AFET VE ACİL DURUM TOPLANMA ALANI","BOYLAM":26.884784386574999,"YOL":"125 Sk.","Area":null},"geometry":{"type":"Point","coordinates":[26.884784386574999,38.375167741208998]}},
{"type":"Feature","properties":{"ILCE":"ÇEŞME","KAPINO":null,"ENLEM":38.243078767741999,"ACIKLAMA":"3509-019-07","ILCEID":1001,"MAHALLE":"OVACIK","MAHALLEID":null,"ADI":"7 NO LU AFET VE ACİL DURUM TOPLANMA ALANI","BOYLAM":26.309341033277001,"YOL":"YUVAMKENT SİTESİ KümeEvleri","Area":null},"geometry":{"type":"Point","coordinates":[26.309341033277001,38.243078767741999]}},
{"type":"Feature","properties":{"ILCE":"ÇİĞLİ","KAPINO":null,"ENLEM":38.492309131752002,"ACIKLAMA":"3510-004-07","ILCEID":16,"MAHALLE":"ATAŞEHİR","MAHALLEID":null,"ADI":"7 NO LU AFET VE ACİL DURUM TOPLANMA ALANI","BOYLAM":27.053435280573002,"YOL":"8220 Sk.","Area":null},"geometry":{"type":"Point","coordinates":[27.053435280573002,38.492309131752002]}},
{"type":"Feature","properties":{"ILCE":"BAYRAKLI","KAPINO":null,"ENLEM":38.475101087980001,"ACIKLAMA":"3530-018-01","ILCEID":11,"MAHALLE":"OSMANGAZİ","MAHALLEID":null,"ADI":"7 NO LU AFET VE ACİL DURUM TOPLANMA ALANI","BOYLAM":27.184610771909,"YOL":"592/18 Sk.","Area":null},"geometry":{"type":"Point","coordinates":[27.184610771909,38.475101087980001]}},
{"type":"Feature","properties":{"ILCE":"SELÇUK","KAPINO":null,"ENLEM":37.948255595451002,"ACIKLAMA":"3526-003-07","ILCEID":10,"MAHALLE":"ATATÜRK","MAHALLEID":null,"ADI":"7 NO LU AFET VE ACİL DURUM TOPLANMA ALANI","BOYLAM":27.367306700109999,"YOL":"UĞUR MUMCU SEVGİ YOLU Sk.","Area":null},"geometry":{"type":"Point","coordinates":[27.367306700109999,37.948255595451002]}},
{"type":"Feature","properties":{"ILCE":"NARLIDERE","KAPINO":null,"ENLEM":38.391062847648001,"ACIKLAMA":"3523-009-10","ILCEID":5,"MAHALLE":"NARLI","MAHALLEID":null,"ADI":"7 NO LU AFET VE ACİL DURUM TOPLANMA ALANI","BOYLAM":27.006936910905999,"YOL":"ÖZYUVA","Area":null},"geometry":{"type":"Point","coordinates":[27.006936910905999,38.391062847648001]}},
{"type":"Feature","properties":{"ILCE":"MENEMEN","KAPINO":null,"ENLEM":38.552253685135,"ACIKLAMA":"3522-002-07","ILCEID":17,"MAHALLE":"30 AĞUSTOS","MAHALLEID":null,"ADI":"7 NO LU AFET VE ACİL DURUM TOPLANMA ALANI","BOYLAM":27.042786860439001,"YOL":"7207 Sk.","Area":null},"geometry":{"type":"Point","coordinates":[27.042786860439001,38.552253685135]}},
{"type":"Feature","properties":{"ILCE":"BAYRAKLI","KAPINO":null,"ENLEM":38.476583509440999,"ACIKLAMA":"3530-017-07","ILCEID":11,"MAHALLE":"ORG.NAFİZ GÜRMAN","MAHALLEID":null,"ADI":"7 NO LU AFET VE ACİL DURUM TOPLANMA ALANI","BOYLAM":27.140735412432001,"YOL":"7128 Sk.","Area":null},"geometry":{"type":"Point","coordinates":[27.140735412432001,38.476583509440999]}},
{"type":"Feature","properties":{"ILCE":"KARŞIYAKA","KAPINO":null,"ENLEM":38.466923801862002,"ACIKLAMA":"3516-005-07","ILCEID":20,"MAHALLE":"BAHÇELİEVLER","MAHALLEID":null,"ADI":"7 NO LU AFET VE ACİL DURUM TOPLANMA ALANI","BOYLAM":27.117089191744999,"YOL":"ANADOLU Cd.","Area":null},"geometry":{"type":"Point","coordinates":[27.117089191744999,38.466923801862002]}},
{"type":"Feature","properties":{"ILCE":"KARŞIYAKA","KAPINO":null,"ENLEM":38.466906974144003,"ACIKLAMA":"3516-025-07","ILCEID":20,"MAHALLE":"YALI","MAHALLEID":null,"ADI":"7 NO LU AFET VE ACİL DURUM TOPLANMA ALANI","BOYLAM":27.091297198208999,"YOL":"6399 Sk.","Area":null},"geometry":{"type":"Point","coordinates":[27.091297198208999,38.466906974144003]}},
{"type":"Feature","properties":{"ILCE":"BUCA","KAPINO":null,"ENLEM":38.374158739776,"ACIKLAMA":"3508-004-07","ILCEID":8,"MAHALLE":"ATATÜRK","MAHALLEID":null,"ADI":"7 NO LU AFET VE ACİL DURUM TOPLANMA ALANI","BOYLAM":27.187684737565998,"YOL":"202/6 Sk.","Area":null},"geometry":{"type":"Point","coordinates":[27.187684737565998,38.374158739776]}},
{"type":"Feature","properties":{"ILCE":"ÇEŞME","KAPINO":null,"ENLEM":38.278713340689997,"ACIKLAMA":"3509-002-07","ILCEID":1001,"MAHALLE":"ALAÇATI","MAHALLEID":null,"ADI":"7 NO LU AFET VE ACİL DURUM TOPLANMA ALANI","BOYLAM":26.377458003598001,"YOL":"12055 Sk.","Area":null},"geometry":{"type":"Point","coordinates":[26.377458003598001,38.278713340689997]}},
{"type":"Feature","properties":{"ILCE":"BAYRAKLI","KAPINO":null,"ENLEM":38.476919456673002,"ACIKLAMA":"3530-024-07","ILCEID":11,"MAHALLE":"YAMANLAR","MAHALLEID":null,"ADI":"7 NO LU AFET VE ACİL DURUM TOPLANMA ALANI","BOYLAM":27.123140208203001,"YOL":"7303/6","Area":null},"geometry":{"type":"Point","coordinates":[27.123140208203001,38.476919456673002]}},
{"type":"Feature","properties":{"ILCE":"BAYRAKLI","KAPINO":null,"ENLEM":38.485477650385,"ACIKLAMA":"3530-019-07","ILCEID":11,"MAHALLE":"POSTACILAR","MAHALLEID":null,"ADI":"7 NO LU AFET VE ACİL DURUM TOPLANMA ALANI","BOYLAM":27.119406577267998,"YOL":"7599/2 Sk.","Area":null},"geometry":{"type":"Point","coordinates":[27.119406577267998,38.485477650385]}},
{"type":"Feature","properties":{"ILCE":"ALİAĞA","KAPINO":null,"ENLEM":38.815377021248999,"ACIKLAMA":"3502-026-07","ILCEID":3,"MAHALLE":"YALI","MAHALLEID":null,"ADI":"7 NO'LU AFET VE ACİL DURUM TOPLANMA ALANI","BOYLAM":26.984563016648,"YOL":"188","Area":null},"geometry":{"type":"Point","coordinates":[26.984563016648,38.815377021248999]}},
{"type":"Feature","properties":{"ILCE":"GAZİEMİR","KAPINO":null,"ENLEM":38.311870257446998,"ACIKLAMA":"3513-014-07","ILCEID":15,"MAHALLE":"SEVGİ","MAHALLEID":null,"ADI":"7 NO'LU AFET VE ACİL DURUM TOPLANMA ALANI","BOYLAM":27.130465326945,"YOL":"NEVVAR SALİH İŞGÖREN","Area":null},"geometry":{"type":"Point","coordinates":[27.130465326945,38.311870257446998]}},
{"type":"Feature","properties":{"ILCE":"NARLIDERE","KAPINO":null,"ENLEM":38.381722565452002,"ACIKLAMA":"3523-008-07","ILCEID":5,"MAHALLE":"LİMANREİS","MAHALLEID":null,"ADI":"7 NO'LU AFET VE ACİL DURUM TOPLANMA ALANI","BOYLAM":26.937031953188999,"YOL":"ÖKSÜZ","Area":null},"geometry":{"type":"Point","coordinates":[26.937031953188999,38.381722565452002]}},
{"type":"Feature","properties":{"ILCE":"NARLIDERE","KAPINO":null,"ENLEM":38.394515957985,"ACIKLAMA":"3523-011-07","ILCEID":5,"MAHALLE":"YENİKALE","MAHALLEID":null,"ADI":"7 NO'LU AFET VE ACİL DURUM TOPLANMA ALANI","BOYLAM":27.012348986629,"YOL":"BARAN","Area":null},"geometry":{"type":"Point","coordinates":[27.012348986629,38.394515957985]}},
{"type":"Feature","properties":{"ILCE":"FOÇA","KAPINO":null,"ENLEM":38.734373829029998,"ACIKLAMA":"3512-014-07","ILCEID":4,"MAHALLE":"MUSTAFA KEMAL ATATÜRK","MAHALLEID":null,"ADI":"7 NO'LU AFET VE ACİL DURUM TOPLANMA ALANI","BOYLAM":26.838007720423999,"YOL":"ASLI","Area":null},"geometry":{"type":"Point","coordinates":[26.838007720423999,38.734373829029998]}},
{"type":"Feature","properties":{"ILCE":"NARLIDERE","KAPINO":null,"ENLEM":38.393777437004999,"ACIKLAMA":"3523-006-07","ILCEID":5,"MAHALLE":"HUZUR","MAHALLEID":null,"ADI":"7 NO'LU AFET VE ACİL DURUM TOPLANMA ALANI","BOYLAM":26.988753454697001,"YOL":"BAHAR","Area":null},"geometry":{"type":"Point","coordinates":[26.988753454697001,38.393777437004999]}},
{"type":"Feature","properties":{"ILCE":"NARLIDERE","KAPINO":null,"ENLEM":38.390533730417999,"ACIKLAMA":"3523-007-07","ILCEID":5,"MAHALLE":"ILICA","MAHALLEID":null,"ADI":"7 NO'LU AFET VE ACİL DURUM TOPLANMA ALANI","BOYLAM":27.025609268682,"YOL":"BODUR","Area":null},"geometry":{"type":"Point","coordinates":[27.025609268682,38.390533730417999]}},
{"type":"Feature","properties":{"ILCE":"GAZİEMİR","KAPINO":null,"ENLEM":38.316803735716,"ACIKLAMA":"3513-003-07","ILCEID":15,"MAHALLE":"ATIFBEY","MAHALLEID":null,"ADI":"7 NO'LU AFET VE ACİL DURUM TOPLANMA ALANI","BOYLAM":27.133535138229,"YOL":"PROF. DR. TÜRKAN SAYLAN","Area":null},"geometry":{"type":"Point","coordinates":[27.133535138229,38.316803735716]}},
{"type":"Feature","properties":{"ILCE":"KARŞIYAKA","KAPINO":null,"ENLEM":38.455078406547997,"ACIKLAMA":"3516-007-08","ILCEID":20,"MAHALLE":"BOSTANLI","MAHALLEID":null,"ADI":"8 NO LU AFET VE ACİL DURUM TOPLANMA ALANI","BOYLAM":27.099665668844999,"YOL":"CEMAL GÜRSEL Cd.","Area":null},"geometry":{"type":"Point","coordinates":[27.099665668844999,38.455078406547997]}},
{"type":"Feature","properties":{"ILCE":"BAYRAKLI","KAPINO":null,"ENLEM":38.454011480059002,"ACIKLAMA":"3530-014-08","ILCEID":11,"MAHALLE":"MANSUROĞLU","MAHALLEID":null,"ADI":"8 NO LU AFET VE ACİL DURUM TOPLANMA ALANI","BOYLAM":27.188612643332998,"YOL":"ALİJA İZETBEGOVİC Cd.","Area":null},"geometry":{"type":"Point","coordinates":[27.188612643332998,38.454011480059002]}},
{"type":"Feature","properties":{"ILCE":"GÜZELBAHÇE","KAPINO":null,"ENLEM":38.361885606834001,"ACIKLAMA":"3514-004-08","ILCEID":1,"MAHALLE":"KAHRAMANDERE","MAHALLEID":null,"ADI":"8 NO LU AFET VE ACİL DURUM TOPLANMA ALANI","BOYLAM":26.881292191164,"YOL":"518 Sk.","Area":null},"geometry":{"type":"Point","coordinates":[26.881292191164,38.361885606834001]}},
{"type":"Feature","properties":{"ILCE":"BAYRAKLI","KAPINO":null,"ENLEM":38.475928354141999,"ACIKLAMA":"3530-024-08","ILCEID":11,"MAHALLE":"YAMANLAR","MAHALLEID":null,"ADI":"8 NO LU AFET VE ACİL DURUM TOPLANMA ALANI","BOYLAM":27.123826851979999,"YOL":"7303/3 Sk.","Area":null},"geometry":{"type":"Point","coordinates":[27.123826851979999,38.475928354141999]}},
{"type":"Feature","properties":{"ILCE":"ÇEŞME","KAPINO":null,"ENLEM":38.318181420845001,"ACIKLAMA":"3509-018-08","ILCEID":1001,"MAHALLE":"MUSALLA","MAHALLEID":null,"ADI":"8 NO LU AFET VE ACİL DURUM TOPLANMA ALANI","BOYLAM":26.309206781880999,"YOL":"2122 Sk.","Area":null},"geometry":{"type":"Point","coordinates":[26.309206781880999,38.318181420845001]}},
{"type":"Feature","properties":{"ILCE":"BAYRAKLI","KAPINO":null,"ENLEM":38.469259042405,"ACIKLAMA":"3530-021-08","ILCEID":11,"MAHALLE":"SOĞUKKUYU","MAHALLEID":null,"ADI":"8 NO LU AFET VE ACİL DURUM TOPLANMA ALANI","BOYLAM":27.115780276287001,"YOL":"6062/1 Sk.","Area":null},"geometry":{"type":"Point","coordinates":[27.115780276287001,38.469259042405]}},
{"type":"Feature","properties":{"ILCE":"KEMALPAŞA","KAPINO":null,"ENLEM":38.425843422427,"ACIKLAMA":"3517-031-08","ILCEID":6,"MAHALLE":"MEHMET AKİF ERSOY","MAHALLEID":null,"ADI":"8 NO LU AFET VE ACİL DURUM TOPLANMA ALANI","BOYLAM":27.424479613239001,"YOL":"227 Sk.","Area":null},"geometry":{"type":"Point","coordinates":[27.424479613239001,38.425843422427]}},
{"type":"Feature","properties":{"ILCE":"KARŞIYAKA","KAPINO":null,"ENLEM":38.453196417203003,"ACIKLAMA":"3516-001-03","ILCEID":20,"MAHALLE":"AKSOY","MAHALLEID":null,"ADI":"8 NO LU AFET VE ACİL DURUM TOPLANMA ALANI","BOYLAM":27.107712259033001,"YOL":"1750 Sk.","Area":null},"geometry":{"type":"Point","coordinates":[27.107712259033001,38.453196417203003]}},
{"type":"Feature","properties":{"ILCE":"ÇİĞLİ","KAPINO":null,"ENLEM":38.522327502784002,"ACIKLAMA":"3510-007-08","ILCEID":16,"MAHALLE":"BALATÇIK","MAHALLEID":null,"ADI":"8 NO LU AFET VE ACİL DURUM TOPLANMA ALANI","BOYLAM":27.032095679977999,"YOL":"HAVAALANI ŞOSESİ","Area":null},"geometry":{"type":"Point","coordinates":[27.032095679977999,38.522327502784002]}},
{"type":"Feature","properties":{"ILCE":"KARŞIYAKA","KAPINO":null,"ENLEM":38.469040615536002,"ACIKLAMA":"3516-025-08","ILCEID":20,"MAHALLE":"YALI","MAHALLEID":null,"ADI":"8 NO LU AFET VE ACİL DURUM TOPLANMA ALANI","BOYLAM":27.090932415958001,"YOL":"6434 Sk.","Area":null},"geometry":{"type":"Point","coordinates":[27.090932415958001,38.469040615536002]}},
{"type":"Feature","properties":{"ILCE":"KEMALPAŞA","KAPINO":null,"ENLEM":38.434306812206003,"ACIKLAMA":"3517-038-08","ILCEID":6,"MAHALLE":"SEKİZ EYLÜL","MAHALLEID":null,"ADI":"8 NO LU AFET VE ACİL DURUM TOPLANMA ALANI","BOYLAM":27.404985401257999,"YOL":"KİRAZLI Cd.","Area":null},"geometry":{"type":"Point","coordinates":[27.404985401257999,38.434306812206003]}},
{"type":"Feature","properties":{"ILCE":"GÜZELBAHÇE","KAPINO":null,"ENLEM":38.343617629633997,"ACIKLAMA":"3514-012-08","ILCEID":1,"MAHALLE":"YELKİ","MAHALLEID":null,"ADI":"8 NO LU AFET VE ACİL DURUM TOPLANMA ALANI","BOYLAM":26.866609884589,"YOL":"2185 Sk.","Area":null},"geometry":{"type":"Point","coordinates":[26.866609884589,38.343617629633997]}},
{"type":"Feature","properties":{"ILCE":"BAYRAKLI","KAPINO":null,"ENLEM":38.485200509568003,"ACIKLAMA":"3530-019-08","ILCEID":11,"MAHALLE":"POSTACILAR","MAHALLEID":null,"ADI":"8 NO LU AFET VE ACİL DURUM TOPLANMA ALANI","BOYLAM":27.117357380236001,"YOL":"7651/2 Sk.","Area":null},"geometry":{"type":"Point","coordinates":[27.117357380236001,38.485200509568003]}},
{"type":"Feature","properties":{"ILCE":"BAYRAKLI","KAPINO":null,"ENLEM":38.478263321542997,"ACIKLAMA":"3530-017-08","ILCEID":11,"MAHALLE":"ORG.NAFİZ GÜRMAN","MAHALLEID":null,"ADI":"8 NO LU AFET VE ACİL DURUM TOPLANMA ALANI","BOYLAM":27.140134597751999,"YOL":"7020/3 Sk.","Area":null},"geometry":{"type":"Point","coordinates":[27.140134597751999,38.478263321542997]}},
{"type":"Feature","properties":{"ILCE":"GÜZELBAHÇE","KAPINO":null,"ENLEM":38.377943326053,"ACIKLAMA":"3514-006-08","ILCEID":1,"MAHALLE":"MALTEPE","MAHALLEID":null,"ADI":"8 NO LU AFET VE ACİL DURUM TOPLANMA ALANI","BOYLAM":26.903296895674,"YOL":"MEHMETÇİK Cd.","Area":null},"geometry":{"type":"Point","coordinates":[26.903296895674,38.377943326053]}},
{"type":"Feature","properties":{"ILCE":"TİRE","KAPINO":null,"ENLEM":38.091139010196997,"ACIKLAMA":"3527-038-08","ILCEID":997,"MAHALLE":"FATİH","MAHALLEID":null,"ADI":"8 NO LU AFET VE ACİL DURUM TOPLANMA ALANI","BOYLAM":27.722182393383999,"YOL":"FAHRETTİN ALTAY","Area":null},"geometry":{"type":"Point","coordinates":[27.722182393383999,38.091139010196997]}},
{"type":"Feature","properties":{"ILCE":"ÇİĞLİ","KAPINO":null,"ENLEM":38.485523790030001,"ACIKLAMA":"3510-004-08","ILCEID":16,"MAHALLE":"ATAŞEHİR","MAHALLEID":null,"ADI":"8 NO LU AFET VE ACİL DURUM TOPLANMA ALANI","BOYLAM":27.071947806796999,"YOL":"8250 Sk.","Area":null},"geometry":{"type":"Point","coordinates":[27.071947806796999,38.485523790030001]}},
{"type":"Feature","properties":{"ILCE":"ÇEŞME","KAPINO":null,"ENLEM":38.319978553128998,"ACIKLAMA":"3509-016-08","ILCEID":1001,"MAHALLE":"İSMET İNÖNÜ","MAHALLEID":null,"ADI":"8 NO LU AFET VE ACİL DURUM TOPLANMA ALANI","BOYLAM":26.309555463909,"YOL":"2122 Sk.","Area":null},"geometry":{"type":"Point","coordinates":[26.309555463909,38.319978553128998]}},
{"type":"Feature","properties":{"ILCE":"ÇEŞME","KAPINO":null,"ENLEM":38.351461302285998,"ACIKLAMA":"3509-013-08","ILCEID":1001,"MAHALLE":"GERMİYAN","MAHALLEID":null,"ADI":"8 NO LU AFET VE ACİL DURUM TOPLANMA ALANI","BOYLAM":26.471431270978002,"YOL":"27228 Sk.","Area":null},"geometry":{"type":"Point","coordinates":[26.471431270978002,38.351461302285998]}},
{"type":"Feature","properties":{"ILCE":"GÜZELBAHÇE","KAPINO":null,"ENLEM":38.376122378319998,"ACIKLAMA":"3514-011-08","ILCEID":1,"MAHALLE":"YALI","MAHALLEID":null,"ADI":"8 NO LU AFET VE ACİL DURUM TOPLANMA ALANI","BOYLAM":26.883883167187999,"YOL":"139 Sk.","Area":null},"geometry":{"type":"Point","coordinates":[26.883883167187999,38.376122378319998]}},
{"type":"Feature","properties":{"ILCE":"ÇEŞME","KAPINO":null,"ENLEM":38.277214174660003,"ACIKLAMA":"3509-002-08","ILCEID":1001,"MAHALLE":"ALAÇATI","MAHALLEID":null,"ADI":"8 NO LU AFET VE ACİL DURUM TOPLANMA ALANI","BOYLAM":26.372855358898001,"YOL":"12500 Sk.","Area":null},"geometry":{"type":"Point","coordinates":[26.372855358898001,38.277214174660003]}},
{"type":"Feature","properties":{"ILCE":"ÇEŞME","KAPINO":null,"ENLEM":38.249650976886997,"ACIKLAMA":"3509-019-08","ILCEID":1001,"MAHALLE":"OVACIK","MAHALLEID":null,"ADI":"8 NO LU AFET VE ACİL DURUM TOPLANMA ALANI","BOYLAM":26.305392829111,"YOL":"ÖZBERİL SİTESİ KümeEvleri","Area":null},"geometry":{"type":"Point","coordinates":[26.305392829111,38.249650976886997]}},
{"type":"Feature","properties":{"ILCE":"NARLIDERE","KAPINO":null,"ENLEM":38.389010988860001,"ACIKLAMA":"3523-009-07","ILCEID":5,"MAHALLE":"ÇATALKAYA","MAHALLEID":null,"ADI":"8 NO LU AFET VE ACİL DURUM TOPLANMA ALANI","BOYLAM":27.001832696194999,"YOL":"ÇİLEK Sk.","Area":null},"geometry":{"type":"Point","coordinates":[27.001832696194999,38.389010988860001]}},
{"type":"Feature","properties":{"ILCE":"BAYRAKLI","KAPINO":null,"ENLEM":38.459497647253002,"ACIKLAMA":"3530-013-08","ILCEID":11,"MAHALLE":"MANAVKUYU","MAHALLEID":null,"ADI":"8 NO LU AFET VE ACİL DURUM TOPLANMA ALANI","BOYLAM":27.194872878816,"YOL":"MUSTAFA KEMAL Cd.","Area":null},"geometry":{"type":"Point","coordinates":[27.194872878816,38.459497647253002]}},
{"type":"Feature","properties":{"ILCE":"MENEMEN","KAPINO":null,"ENLEM":38.553873009375998,"ACIKLAMA":"3522-002-08","ILCEID":17,"MAHALLE":"30 AĞUSTOS","MAHALLEID":null,"ADI":"8 NO LU AFET VE ACİL DURUM TOPLANMA ALANI","BOYLAM":27.049567448430999,"YOL":"7127 Sk.","Area":null},"geometry":{"type":"Point","coordinates":[27.049567448430999,38.553873009375998]}},
{"type":"Feature","properties":{"ILCE":"ÇEŞME","KAPINO":null,"ENLEM":38.352731581714998,"ACIKLAMA":"3509-011-08","ILCEID":1001,"MAHALLE":"DALYAN","MAHALLEID":null,"ADI":"8 NO LU AFET VE ACİL DURUM TOPLANMA ALANI","BOYLAM":26.315434774707999,"YOL":"4146 Sk.","Area":null},"geometry":{"type":"Point","coordinates":[26.315434774707999,38.352731581714998]}},
{"type":"Feature","properties":{"ILCE":"BAYRAKLI","KAPINO":null,"ENLEM":38.468956725905002,"ACIKLAMA":"3530-018-03","ILCEID":11,"MAHALLE":"OSMANGAZİ","MAHALLEID":null,"ADI":"8 NO LU AFET VE ACİL DURUM TOPLANMA ALANI","BOYLAM":27.196846958948001,"YOL":"567/8 Sk.","Area":null},"geometry":{"type":"Point","coordinates":[27.196846958948001,38.468956725905002]}},
{"type":"Feature","properties":{"ILCE":"FOÇA","KAPINO":null,"ENLEM":38.736909253128999,"ACIKLAMA":"3512-014-08","ILCEID":4,"MAHALLE":"MUSTAFA KEMAL ATATÜRK","MAHALLEID":null,"ADI":"8 NO'LU AFET VE ACİL DURUM TOPLANMA ALANI","BOYLAM":26.833099899747999,"YOL":"ORUÇ REİS","Area":null},"geometry":{"type":"Point","coordinates":[26.833099899747999,38.736909253128999]}},
{"type":"Feature","properties":{"ILCE":"NARLIDERE","KAPINO":null,"ENLEM":38.395813866916001,"ACIKLAMA":"3523-011-08","ILCEID":5,"MAHALLE":"YENİKALE","MAHALLEID":null,"ADI":"8 NO'LU AFET VE ACİL DURUM TOPLANMA ALANI","BOYLAM":27.016762262789001,"YOL":"BURAK","Area":null},"geometry":{"type":"Point","coordinates":[27.016762262789001,38.395813866916001]}},
{"type":"Feature","properties":{"ILCE":"NARLIDERE","KAPINO":null,"ENLEM":38.389675014190999,"ACIKLAMA":"3523-007-08","ILCEID":5,"MAHALLE":"ILICA","MAHALLEID":null,"ADI":"8 NO'LU AFET VE ACİL DURUM TOPLANMA ALANI","BOYLAM":27.027676917766001,"YOL":"ALKAN","Area":null},"geometry":{"type":"Point","coordinates":[27.027676917766001,38.389675014190999]}},
{"type":"Feature","properties":{"ILCE":"NARLIDERE","KAPINO":null,"ENLEM":38.393336896298003,"ACIKLAMA":"3523-006-08","ILCEID":5,"MAHALLE":"HUZUR","MAHALLEID":null,"ADI":"8 NO'LU AFET VE ACİL DURUM TOPLANMA ALANI","BOYLAM":26.988855457370999,"YOL":"MANDALİNLİK","Area":null},"geometry":{"type":"Point","coordinates":[26.988855457370999,38.393336896298003]}},
{"type":"Feature","properties":{"ILCE":"BAYRAKLI","KAPINO":null,"ENLEM":38.470955825809,"ACIKLAMA":"3530-021-09","ILCEID":11,"MAHALLE":"SOĞUKKUYU","MAHALLEID":null,"ADI":"9 NO LU AFET VE ACİL DURUM TOPLANMA ALANI","BOYLAM":27.116145052014001,"YOL":"1845/2 Sk.","Area":null},"geometry":{"type":"Point","coordinates":[27.116145052014001,38.470955825809]}},
{"type":"Feature","properties":{"ILCE":"ÇEŞME","KAPINO":null,"ENLEM":38.356534421272002,"ACIKLAMA":"3509-011-09","ILCEID":1001,"MAHALLE":"DALYAN","MAHALLEID":null,"ADI":"9 NO LU AFET VE ACİL DURUM TOPLANMA ALANI","BOYLAM":26.319962313659001,"YOL":"4112 Sk.","Area":null},"geometry":{"type":"Point","coordinates":[26.319962313659001,38.356534421272002]}},
{"type":"Feature","properties":{"ILCE":"KARŞIYAKA","KAPINO":null,"ENLEM":38.459648758153001,"ACIKLAMA":"3516-007-09","ILCEID":20,"MAHALLE":"BOSTANLI","MAHALLEID":null,"ADI":"9 NO LU AFET VE ACİL DURUM TOPLANMA ALANI","BOYLAM":27.090052671801001,"YOL":"AŞIK VEYSEL Sk.","Area":null},"geometry":{"type":"Point","coordinates":[27.090052671801001,38.459648758153001]}},
{"type":"Feature","properties":{"ILCE":"GÜZELBAHÇE","KAPINO":null,"ENLEM":38.343655494882,"ACIKLAMA":"3514-012-09","ILCEID":1,"MAHALLE":"YELKİ","MAHALLEID":null,"ADI":"9 NO LU AFET VE ACİL DURUM TOPLANMA ALANI","BOYLAM":26.866078809800999,"YOL":"2185 Sk.","Area":null},"geometry":{"type":"Point","coordinates":[26.866078809800999,38.343655494882]}},
{"type":"Feature","properties":{"ILCE":"KEMALPAŞA","KAPINO":null,"ENLEM":38.432710019326002,"ACIKLAMA":"3517-038-09","ILCEID":6,"MAHALLE":"SEKİZ EYLÜL","MAHALLEID":null,"ADI":"9 NO LU AFET VE ACİL DURUM TOPLANMA ALANI","BOYLAM":27.405865164038001,"YOL":"103/1 Sk.","Area":null},"geometry":{"type":"Point","coordinates":[27.405865164038001,38.432710019326002]}},
{"type":"Feature","properties":{"ILCE":"GÜZELBAHÇE","KAPINO":null,"ENLEM":38.374557937681999,"ACIKLAMA":"3514-011-09","ILCEID":1,"MAHALLE":"YALI","MAHALLEID":null,"ADI":"9 NO LU AFET VE ACİL DURUM TOPLANMA ALANI","BOYLAM":26.879173234477001,"YOL":"135 Sk.","Area":null},"geometry":{"type":"Point","coordinates":[26.879173234477001,38.374557937681999]}},
{"type":"Feature","properties":{"ILCE":"ÇEŞME","KAPINO":null,"ENLEM":38.286916056194997,"ACIKLAMA":"3509-002-09","ILCEID":1001,"MAHALLE":"ALAÇATI","MAHALLEID":null,"ADI":"9 NO LU AFET VE ACİL DURUM TOPLANMA ALANI","BOYLAM":26.369797637863002,"YOL":"ALAÇATI ATATÜRK Blv.","Area":null},"geometry":{"type":"Point","coordinates":[26.369797637863002,38.286916056194997]}},
{"type":"Feature","properties":{"ILCE":"NARLIDERE","KAPINO":null,"ENLEM":38.390835797747002,"ACIKLAMA":"3523-009-08","ILCEID":5,"MAHALLE":"ÇATALKAYA","MAHALLEID":null,"ADI":"9 NO LU AFET VE ACİL DURUM TOPLANMA ALANI","BOYLAM":27.003729005349001,"YOL":"TUNA Cd.","Area":null},"geometry":{"type":"Point","coordinates":[27.003729005349001,38.390835797747002]}},
{"type":"Feature","properties":{"ILCE":"ÇEŞME","KAPINO":null,"ENLEM":38.314953197348999,"ACIKLAMA":"3509-018-09","ILCEID":1001,"MAHALLE":"MUSALLA","MAHALLEID":null,"ADI":"9 NO LU AFET VE ACİL DURUM TOPLANMA ALANI","BOYLAM":26.302190164405999,"YOL":"1077 Sk.","Area":null},"geometry":{"type":"Point","coordinates":[26.302190164405999,38.314953197348999]}},
{"type":"Feature","properties":{"ILCE":"ÇİĞLİ","KAPINO":null,"ENLEM":38.492355315327998,"ACIKLAMA":"3510-004-09","ILCEID":16,"MAHALLE":"ATAŞEHİR","MAHALLEID":null,"ADI":"9 NO LU AFET VE ACİL DURUM TOPLANMA ALANI","BOYLAM":27.051815234302001,"YOL":"8220 Sk.","Area":null},"geometry":{"type":"Point","coordinates":[27.051815234302001,38.492355315327998]}},
{"type":"Feature","properties":{"ILCE":"BAYRAKLI","KAPINO":null,"ENLEM":38.457491847284999,"ACIKLAMA":"3530-014-09","ILCEID":11,"MAHALLE":"MANSUROĞLU","MAHALLEID":null,"ADI":"9 NO LU AFET VE ACİL DURUM TOPLANMA ALANI","BOYLAM":27.197665047882001,"YOL":"261 Sk.","Area":null},"geometry":{"type":"Point","coordinates":[27.197665047882001,38.457491847284999]}},
{"type":"Feature","properties":{"ILCE":"BAYRAKLI","KAPINO":null,"ENLEM":38.459716071763999,"ACIKLAMA":"3530-013-09","ILCEID":11,"MAHALLE":"MANAVKUYU","MAHALLEID":null,"ADI":"9 NO LU AFET VE ACİL DURUM TOPLANMA ALANI","BOYLAM":27.189959095972998,"YOL":"274/5 Sk.","Area":null},"geometry":{"type":"Point","coordinates":[27.189959095972998,38.459716071763999]}},
{"type":"Feature","properties":{"ILCE":"BAYRAKLI","KAPINO":null,"ENLEM":38.459514451224997,"ACIKLAMA":"3530-013-09","ILCEID":11,"MAHALLE":"MANSUROĞLU","MAHALLEID":null,"ADI":"9 NO LU AFET VE ACİL DURUM TOPLANMA ALANI","BOYLAM":27.196482196192999,"YOL":"SAKARYA Cd.","Area":null},"geometry":{"type":"Point","coordinates":[27.196482196192999,38.459514451224997]}},
{"type":"Feature","properties":{"ILCE":"KARŞIYAKA","KAPINO":null,"ENLEM":38.471560583973996,"ACIKLAMA":"3516-025-09","ILCEID":20,"MAHALLE":"YALI","MAHALLEID":null,"ADI":"9 NO LU AFET VE ACİL DURUM TOPLANMA ALANI","BOYLAM":27.091318647834999,"YOL":"6485 Sk.","Area":null},"geometry":{"type":"Point","coordinates":[27.091318647834999,38.471560583973996]}},
{"type":"Feature","properties":{"ILCE":"GÜZELBAHÇE","KAPINO":null,"ENLEM":38.379204914535002,"ACIKLAMA":"3514-006-09","ILCEID":1,"MAHALLE":"MALTEPE","MAHALLEID":null,"ADI":"9 NO LU AFET VE ACİL DURUM TOPLANMA ALANI","BOYLAM":26.906365325227998,"YOL":"94 Sk.","Area":null},"geometry":{"type":"Point","coordinates":[26.906365325227998,38.379204914535002]}},
{"type":"Feature","properties":{"ILCE":"KEMALPAŞA","KAPINO":null,"ENLEM":38.427314293236002,"ACIKLAMA":"3517-031-09","ILCEID":6,"MAHALLE":"MEHMET AKİF ERSOY","MAHALLEID":null,"ADI":"9 NO LU AFET VE ACİL DURUM TOPLANMA ALANI","BOYLAM":27.423052682752001,"YOL":"213 Sk.","Area":null},"geometry":{"type":"Point","coordinates":[27.423052682752001,38.427314293236002]}},
{"type":"Feature","properties":{"ILCE":"ÇİĞLİ","KAPINO":null,"ENLEM":38.504396065069002,"ACIKLAMA":"3510-007-09","ILCEID":16,"MAHALLE":"BALATÇIK","MAHALLEID":null,"ADI":"9 NO LU AFET VE ACİL DURUM TOPLANMA ALANI","BOYLAM":27.046064586050999,"YOL":"8786","Area":null},"geometry":{"type":"Point","coordinates":[27.046064586050999,38.504396065069002]}},
{"type":"Feature","properties":{"ILCE":"GÜZELBAHÇE","KAPINO":null,"ENLEM":38.359828720164003,"ACIKLAMA":"3514-004-09","ILCEID":1,"MAHALLE":"KAHRAMANDERE","MAHALLEID":null,"ADI":"9 NO LU AFET VE ACİL DURUM TOPLANMA ALANI","BOYLAM":26.881882277789,"YOL":"ATA Cd.","Area":null},"geometry":{"type":"Point","coordinates":[26.881882277789,38.359828720164003]}},
{"type":"Feature","properties":{"ILCE":"NARLIDERE","KAPINO":null,"ENLEM":38.393305038933001,"ACIKLAMA":"3523-006-09","ILCEID":5,"MAHALLE":"HUZUR","MAHALLEID":null,"ADI":"9 NO'LU AFET VE ACİL DURUM TOPLANMA ALANI","BOYLAM":26.992984117186001,"YOL":"ÖĞRETMENLER","Area":null},"geometry":{"type":"Point","coordinates":[26.992984117186001,38.393305038933001]}},
{"type":"Feature","properties":{"ILCE":"FOÇA","KAPINO":null,"ENLEM":38.734109270810002,"ACIKLAMA":"3512-014-09","ILCEID":4,"MAHALLE":"MUSTAFA KEMAL ATATÜRK","MAHALLEID":null,"ADI":"9 NO'LU AFET VE ACİL DURUM TOPLANMA ALANI","BOYLAM":26.836299888764,"YOL":"MALİYECİLER","Area":null},"geometry":{"type":"Point","coordinates":[26.836299888764,38.734109270810002]}}
]
}
