{
"type": "FeatureCollection",
"name": "DangerAreas",
"crs": { "type": "name", "properties": { "name": "urn:ogc:def:crs:OGC:1.3:CRS84" } },
"features": [
{"type":"Feature","properties":{"full_id":"r1268453","osm_id":"1268453","osm_type":"relation","boundary":"administrative","cuisine":null,"amenity":null,"shop":null,"building":null,"wikipedia_":null,"website":null,"industrial":null,"url":null,"short_name":null,"landuse":null,"wikimedia_":null,"place":null,"name_sk":null,"name_nl":null,"name_hu":null,"name_cs":null,"name_ca":null,"cg_ref":null,"name_os":null,"name_tg":null,"name_be":null,"old_name":null,"alt_name":null,"name_sq":null,"salb_id":null,"salb_adm2n":null,"salb_adm1n":null,"population":null,"populati_1":null,"name_sr":null,"name_ml":null,"name_kk":null,"name_hy":null,"name_grc":null,"name_fr":null,"name_bg":null,"name_ba":null,"name_az":null,"geonames_i":null,"name_zh":null,"name_ur":"علی آغا","name_tt":"Алиага","name_ko":null,"name_ja":null,"name_fa":"علیاگا","name_ce":"АлиагӀа","name_bn":null,"wikipedia":"tr:Aliağa","wikidata":"Q996748","type":"boundary","ref_nuts_3":null,"ref_nuts":null,"old_name_s":null,"network":"TR35-districts","name_uk":"Аліага","name_tr_su":"İlçesi","name_tr":"Aliağa","name_ru":"Алиага","name_ro":null,"name_lt":null,"name_en":"Aliağa","name_el":"Αλιαγά","name_de":"Aliağa","name_ar":"ألياجا","name":"Aliağa","admin_leve":"6","ISO3166-2":null,"dangerArea":376562708.1,"DangerAr_1":374535488},"geometry":{"type":"MultiPolygon","coordinates":[[[[27.1587235,38.8551617],[27.1586162,38.8548902],[27.1586323,38.8548192],[27.1586913,38.8546312],[27.1586913,38.8544557],[27.1587557,38.8543471],[27.1587986,38.8542761],[27.158879,38.8541549],[27.1589112,38.8539293],[27.1589112,38.8537831],[27.1587074,38.853591],[27.1587235,38.8530729],[27.1598446,38.8519533],[27.1610982,38.8505145],[27.1617007,38.850604],[27.1622479,38.8505873],[27.1626019,38.8505873],[27.163074,38.8505455],[27.1635353,38.8503951],[27.1641254,38.8501026],[27.164619,38.8498018],[27.1651554,38.8495345],[27.1655524,38.8492086],[27.1659386,38.8485986],[27.1663952,38.8478139],[27.167151,38.8473202],[27.1674299,38.8474539],[27.1676981,38.8474038],[27.1679878,38.8471949],[27.1683633,38.8470779],[27.1686637,38.8471197],[27.1688463,38.8468093],[27.1690285,38.846493],[27.1692967,38.8463593],[27.1698439,38.8461587],[27.1710026,38.8465347],[27.1715712,38.8459498],[27.1718931,38.8455571],[27.1720433,38.8450139],[27.172054,38.844287],[27.1721506,38.8434513],[27.1722901,38.8426324],[27.1725261,38.8415879],[27.1727836,38.8409193],[27.1734702,38.8404012],[27.1741462,38.8399165],[27.1748865,38.8397745],[27.1765441,38.8381115],[27.1783657,38.8292107],[27.1837386,38.8228479],[27.1845645,38.8211782],[27.177944,38.818966],[27.1757435,38.8169653],[27.1721276,38.8181036],[27.1690426,38.8172357],[27.1658714,38.8170983],[27.165842,38.8146999],[27.1651541,38.8120309],[27.1632203,38.8107828],[27.1567131,38.8103216],[27.1520233,38.8086473],[27.1480881,38.8058943],[27.1467447,38.8060722],[27.1458864,38.8069083],[27.1447736,38.808687],[27.1391112,38.8104695],[27.137184,38.8106611],[27.1325631,38.8111206],[27.126812,38.8072943],[27.1251064,38.8061595],[27.1240739,38.803053],[27.1245674,38.8027399],[27.1247479,38.8014288],[27.1235704,38.8010891],[27.1221113,38.8015573],[27.1200084,38.8016242],[27.1162748,38.8011894],[27.1140003,38.8004871],[27.1127128,38.8002195],[27.1124768,38.7985639],[27.1124124,38.7977947],[27.1130776,38.7968581],[27.1128598,38.7954467],[27.1149135,38.7941934],[27.1171031,38.7922488],[27.1177768,38.7908207],[27.1188346,38.7895896],[27.1207523,38.7890871],[27.1208882,38.7885963],[27.1211119,38.7856785],[27.1226263,38.7844817],[27.1245146,38.7829094],[27.1274949,38.7808446],[27.1308446,38.7777239],[27.1325712,38.7757996],[27.1346211,38.7738094],[27.1357369,38.7728391],[27.1365242,38.772352],[27.1371548,38.7696807],[27.1381045,38.7681472],[27.1394974,38.7677415],[27.1397624,38.7669803],[27.1393204,38.7656452],[27.1388697,38.7644239],[27.1390843,38.7641729],[27.1398353,38.7641562],[27.1404576,38.7633196],[27.1406722,38.7612951],[27.1402216,38.7592538],[27.1420836,38.7579359],[27.1423295,38.7559694],[27.1423352,38.7548112],[27.1424642,38.7543615],[27.1429038,38.7541],[27.1436977,38.7539243],[27.1447706,38.7535394],[27.145508,38.7523794],[27.1453675,38.7520845],[27.1452212,38.7516736],[27.1447009,38.7511507],[27.1440464,38.750565],[27.1437621,38.7500588],[27.1440303,38.7493141],[27.1444702,38.7489877],[27.1452212,38.7488455],[27.1456075,38.7488288],[27.1461332,38.7486781],[27.1462297,38.7484187],[27.1462458,38.7480966],[27.1460366,38.7475569],[27.146101,38.74708],[27.1464443,38.7465277],[27.1469593,38.7459336],[27.1471631,38.7456156],[27.147431,38.7449944],[27.145382,38.7438649],[27.1417509,38.7390429],[27.1398225,38.7371922],[27.1358865,38.7357429],[27.1342439,38.7360606],[27.1296109,38.7360956],[27.1276118,38.7370095],[27.1219002,38.7380643],[27.107992,38.7373272],[27.1054334,38.7356731],[27.1017885,38.7350566],[27.0993046,38.7322582],[27.0958472,38.7294427],[27.0941649,38.7286159],[27.0840371,38.7259005],[27.070885,38.7253968],[27.0652506,38.7276107],[27.0546864,38.7296122],[27.0518936,38.7281358],[27.0471623,38.728257],[27.0461807,38.7277211],[27.0459887,38.7249564],[27.0399387,38.7196495],[27.0412159,38.7187374],[27.0410088,38.7156033],[27.0394326,38.7122373],[27.0380702,38.7101344],[27.0381603,38.7079177],[27.0418918,38.7029356],[27.0418904,38.7028115],[27.0420313,38.7027849],[27.0421064,38.7026886],[27.042120376082977,38.702648624930376],[27.0419416870783,38.702577572132981],[27.04124611158494,38.702034741372685],[27.040799524627726,38.701350728843494],[27.040763932833482,38.701175354665011],[27.0404085,38.7011836],[27.0401162,38.7011564],[27.0399499,38.7010433],[27.0397031,38.7008089],[27.0394885,38.7007126],[27.0391317,38.700724],[27.0389789,38.7006205],[27.0387429,38.7005075],[27.0384532,38.7003902],[27.0382923,38.7002186],[27.0381367,38.6999297],[27.037847,38.699846],[27.0379597,38.6997288],[27.0377666,38.6995739],[27.0374823,38.6996953],[27.037455848044374,38.69969312450398],[27.037764191203273,38.700165409002388],[27.03791807458142,38.700923654905992],[27.037764191203273,38.701681892770239],[27.037317604246056,38.702365902131881],[27.036622028752699,38.702908730378375],[27.035745552498845,38.70325724539417],[27.035596909963061,38.703275617953402],[27.035546513572935,38.703301296196734],[27.034773971086999,38.703423654905997],[27.034365525533314,38.70335896348557],[27.03423892505079,38.703374611574674],[27.034188520223935,38.703400294116733],[27.033415977737999,38.703522652825995],[27.032643435252062,38.703400294116733],[27.032593030425204,38.703374611574674],[27.032444396326149,38.703356240083671],[27.031567920072298,38.70300772555035],[27.030872344578938,38.702464898055325],[27.030425757621725,38.701780889640588],[27.030271874243578,38.701022652825991],[27.030425757621725,38.700264407972021],[27.030872344578938,38.699580378509943],[27.031567920072298,38.699037524998964],[27.032444396326149,38.698688989418308],[27.032593230935376,38.69867059191229],[27.032643435252062,38.698645011535262],[27.032851351609516,38.698612080819352],[27.032227,38.6984821],[27.0315063,38.6983053],[27.0304012,38.6979453],[27.0282125,38.6971414],[27.0276639,38.6969825],[27.0257556,38.6964297],[27.0247661,38.6960329],[27.0227945,38.6946461],[27.0206128,38.6929477],[27.0196187,38.6927117],[27.0189428,38.6926615],[27.0184278,38.6925694],[27.0175588,38.6922177],[27.0167796,38.6918567],[27.01684,38.6921339],[27.0157134,38.6934738],[27.0131385,38.6923684],[27.012645,38.6927536],[27.0120013,38.6923852],[27.0127737,38.6917069],[27.0123768,38.6914389],[27.0108533,38.6905931],[27.0115507,38.6899567],[27.010883,38.6895664],[27.0100709,38.6893765],[27.0101023,38.689697],[27.0089435,38.6894961],[27.0080316,38.6890857],[27.0076454,38.6894123],[27.0058429,38.688466],[27.0054413,38.6884198],[27.0031142,38.6910756],[27.0025813,38.6907271],[27.0023024,38.690501],[27.0012549,38.6894948],[27.0000172,38.6885833],[26.9993305,38.688265],[26.9983971,38.6878714],[26.9980178,38.6875202],[26.9978392,38.6871847],[26.99741,38.6864729],[26.9967234,38.685828],[26.9958973,38.6851245],[26.994878,38.6841028],[26.9944294,38.6834403],[26.9942129,38.6828968],[26.9928503,38.6787342],[26.9926456,38.6781996],[26.9925392,38.6779218],[26.9923139,38.6775616],[26.9917667,38.6769753],[26.9914233,38.6765733],[26.9912517,38.6763136],[26.9913804,38.6758781],[26.9912624,38.6751661],[26.9909238,38.6739994],[26.9905758,38.6731559],[26.9901252,38.671824],[26.9898033,38.6705508],[26.9897926,38.670065],[26.9898355,38.669688],[26.9898677,38.6691896],[26.9897443,38.6685948],[26.9895726,38.668109],[26.9894546,38.6676734],[26.9892991,38.6674849],[26.9890362,38.6672378],[26.9890737,38.6670493],[26.9891483,38.6665525],[26.9878399,38.6664839],[26.9881457,38.6659435],[26.9883871,38.6640587],[26.9878599,38.6639471],[26.9869531,38.6654485],[26.9869119,38.6653362],[26.9867617,38.6652608],[26.9865203,38.6651812],[26.9863594,38.6650639],[26.9862145,38.6647414],[26.9860268,38.6645236],[26.9859087,38.6644692],[26.9852489,38.6647205],[26.984809,38.6649718],[26.9843799,38.6652482],[26.9830582,38.6642419],[26.9820451,38.66491],[26.9814724,38.6645948],[26.9805282,38.6643896],[26.9803608,38.6651772],[26.9799757,38.6661488],[26.9798952,38.6669614],[26.9797511,38.6669491],[26.978892,38.6659611],[26.9778383,38.6667004],[26.9768161,38.6656713],[26.9767141,38.6654325],[26.9767034,38.6652776],[26.9766015,38.6651812],[26.9764405,38.6651351],[26.9761723,38.6650221],[26.9760328,38.664909],[26.9759678,38.6645902],[26.974403,38.6658536],[26.9741003,38.6679747],[26.972546,38.6688043],[26.9716823,38.6688629],[26.9710839,38.6686715],[26.9698691,38.6682388],[26.9699657,38.6680713],[26.9693177,38.6677475],[26.9692469,38.6672504],[26.9682223,38.6668357],[26.9670169,38.6666595],[26.9656849,38.6658765],[26.9646925,38.6650723],[26.9646442,38.6643812],[26.9635911,38.6638436],[26.9632633,38.6675669],[26.9630035,38.6679967],[26.9602032,38.6761105],[26.9547736,38.6797552],[26.9541678,38.6801003],[26.9540763,38.6804596],[26.9542919,38.6808902],[26.9544518,38.6809537],[26.9555019,38.6821508],[26.9548809,38.682478],[26.9541192,38.6831899],[26.9534862,38.6840693],[26.9530034,38.6844797],[26.9526915,38.6844986],[26.952129,38.6843822],[26.951555,38.6843289],[26.9508576,38.6843373],[26.9501066,38.684488],[26.949538,38.6847142],[26.9497173,38.6857287],[26.9501495,38.6856605],[26.950289,38.6859871],[26.9509337,38.685959],[26.9512117,38.6863054],[26.9519734,38.686297],[26.9524562,38.686766],[26.9526654,38.6869879],[26.9524884,38.6872098],[26.9526011,38.6875364],[26.9529805,38.6877056],[26.9531107,38.687997],[26.9532823,38.6884828],[26.9533555,38.6891618],[26.9539368,38.6891946],[26.9542801,38.6895882],[26.9544732,38.689965],[26.9545913,38.6901576],[26.9547415,38.6903544],[26.9549829,38.6905889],[26.9549507,38.6909364],[26.9554281,38.6914724],[26.9555837,38.6917152],[26.9556872,38.6922543],[26.9551653,38.6923098],[26.9551063,38.6924145],[26.9546127,38.694039],[26.9548593,38.6941344],[26.9551009,38.6955798],[26.9553208,38.6964967],[26.9551477,38.6967707],[26.9554281,38.6968777],[26.9558414,38.6970362],[26.9560558,38.6971289],[26.9563079,38.6971791],[26.9565439,38.6972921],[26.9568175,38.697581],[26.9569194,38.697895],[26.9568063,38.6983222],[26.9558412,38.6982342],[26.9554925,38.6980499],[26.9551867,38.6979285],[26.9545913,38.6975601],[26.9544679,38.6977066],[26.9539851,38.6976396],[26.9529176,38.6972042],[26.9527727,38.6972545],[26.9526654,38.6976187],[26.9526601,38.6978532],[26.9527969,38.6980974],[26.9527459,38.6986026],[26.9529873,38.6991217],[26.9529659,38.6992557],[26.9528747,38.6993729],[26.9530141,38.6995446],[26.953277,38.6997413],[26.9532448,38.6999088],[26.9528961,38.699892],[26.9527942,38.7000051],[26.9527084,38.7001809],[26.9524187,38.7003149],[26.9527674,38.7010726],[26.9526011,38.7011229],[26.9526905,38.7012537],[26.9523436,38.7013908],[26.9520914,38.7012359],[26.9517749,38.7014369],[26.9517052,38.7014243],[26.9516838,38.7013573],[26.9517535,38.7011982],[26.9514263,38.7010224],[26.9512439,38.7010057],[26.9512278,38.7011229],[26.9513404,38.7013741],[26.9513699,38.7014285],[26.9513887,38.7015018],[26.9513324,38.7015646],[26.9512492,38.7015876],[26.9507718,38.7015541],[26.948797,38.7027629],[26.9488943,38.7032287],[26.9487591,38.7034584],[26.9483256,38.7036892],[26.9481432,38.7038399],[26.947757,38.7043422],[26.9474566,38.7045181],[26.947006,38.7049702],[26.9468812,38.7056499],[26.9427822,38.7091948],[26.9426393,38.7092777],[26.942457,38.7092526],[26.9423926,38.7091898],[26.9422956,38.7090695],[26.9418991,38.7091731],[26.9417488,38.7091061],[26.9417488,38.7089554],[26.941663,38.7089052],[26.940744,38.7093488],[26.94,38.7095247],[26.9391525,38.7096586],[26.9378611,38.7101517],[26.935097,38.7115758],[26.9335092,38.7122646],[26.9333183,38.7130391],[26.9317498,38.7143165],[26.9299319,38.7141784],[26.9291264,38.7143719],[26.9274151,38.7147235],[26.9267177,38.7149746],[26.926435,38.7150935],[26.9243335,38.7159771],[26.9239283,38.7160211],[26.9236989,38.7161693],[26.9218235,38.7161781],[26.9216323,38.7163684],[26.9214552,38.7165317],[26.921187,38.7168665],[26.921117,38.7173118],[26.9213855,38.7175865],[26.921981,38.7177413],[26.9226733,38.7180854],[26.922673,38.7188002],[26.9228983,38.7190221],[26.923247,38.7192439],[26.922951,38.7195633],[26.923078,38.719516],[26.9233489,38.7194971],[26.9234535,38.7195369],[26.9233138,38.7200234],[26.9232389,38.7199973],[26.9232014,38.7200412],[26.9232577,38.720058],[26.9232872,38.7203007],[26.9233328,38.7204033],[26.9235608,38.7206502],[26.9234605,38.7207082],[26.9235624,38.7208967],[26.9235197,38.7209311],[26.9235957,38.7210133],[26.9232461,38.721641],[26.9235584,38.7222541],[26.9231198,38.7225293],[26.9205375,38.7229484],[26.9204823,38.7233178],[26.9202297,38.7234106],[26.9200743,38.7236584],[26.9181433,38.7253993],[26.9163994,38.7258056],[26.9158913,38.7258077],[26.9127347,38.7270018],[26.9127403,38.7274237],[26.9134027,38.7281178],[26.913715,38.7290857],[26.9130634,38.7294451],[26.9128507,38.7298113],[26.9125396,38.7299118],[26.9122135,38.7302572],[26.9124288,38.7308556],[26.9125718,38.7308952],[26.9127113,38.7311421],[26.9126362,38.7311944],[26.9125369,38.7311609],[26.9124243,38.7312007],[26.9122526,38.7313241],[26.9117081,38.7312341],[26.9115296,38.7313372],[26.9113394,38.7312987],[26.9112492,38.731135],[26.9110716,38.7311177],[26.9110697,38.7312593],[26.9108283,38.7312509],[26.9108069,38.7310291],[26.9107586,38.7309831],[26.9105494,38.7307864],[26.9102704,38.7306692],[26.9101658,38.7308638],[26.910198,38.7313597],[26.9098359,38.7314099],[26.9096562,38.7313116],[26.9095623,38.7311128],[26.9094443,38.7312593],[26.9091278,38.7312383],[26.9087094,38.7312509],[26.9083339,38.7312593],[26.907658,38.731322],[26.9077116,38.7315438],[26.9075078,38.7316568],[26.9060969,38.7323515],[26.9072233,38.7331386],[26.9080603,38.7337575],[26.9090943,38.7344542],[26.9092855,38.734659],[26.9096693,38.735047],[26.9098339,38.7351386],[26.9100591,38.7351828],[26.9109547,38.7352302],[26.9154148,38.7356763],[26.9119626,38.7360462],[26.9114895,38.7362125],[26.9110804,38.7364496],[26.9100773,38.7372222],[26.9097876,38.7371637],[26.909337,38.7369377],[26.9091546,38.7368959],[26.9070411,38.7360841],[26.9061184,38.7358163],[26.9052493,38.7352053],[26.9038781,38.7348628],[26.9019136,38.7345989],[26.899942285106697,38.734400147448646],[26.899649395052059,38.734848545019311],[26.898953819558699,38.735391126605947],[26.898077343304848,38.735739483255799],[26.897931469606402,38.735757505387312],[26.897878304378935,38.735784594423734],[26.897612729208564,38.735826657398455],[26.8977042,38.7359611],[26.8980768,38.7367465],[26.8982807,38.7376617],[26.8983098,38.7382699],[26.8991671,38.7391205],[26.8997072,38.7400366],[26.8996766,38.740237],[26.8997026,38.7405954],[26.8996083,38.7408888],[26.8994763,38.740933],[26.8990549,38.7406923],[26.8988415,38.7408922],[26.8993658,38.7415478],[26.89977,38.7425133],[26.9008291,38.7444704],[26.9008091,38.7445596],[26.9007458,38.7446269],[26.9005989,38.7447142],[26.9003728,38.744746],[26.9002835,38.7448036],[26.9002498,38.7448574],[26.8967833,38.7448623],[26.8964126,38.7447796],[26.8964633,38.7446325],[26.8963814,38.7446144],[26.8965277,38.7441804],[26.8965947,38.7441942],[26.8966174,38.7441864],[26.896661,38.7440842],[26.8966352,38.7440593],[26.8965465,38.7440415],[26.8966758,38.7439616],[26.8966933,38.7439759],[26.8967161,38.7439616],[26.8967002,38.7439467],[26.8968571,38.7438483],[26.8968712,38.7438643],[26.8968979,38.7438489],[26.8968831,38.7438327],[26.897012,38.7437485],[26.8970826,38.7437629],[26.8971132,38.7437536],[26.8971336,38.7436951],[26.8971223,38.7436758],[26.8970486,38.7436575],[26.8970892,38.7435442],[26.8971187,38.7435486],[26.8971254,38.7435259],[26.8970964,38.7435203],[26.8971461,38.7433713],[26.8971731,38.7433758],[26.8971808,38.7433535],[26.8971516,38.7433473],[26.8971938,38.7432297],[26.8972672,38.7432471],[26.897296,38.7432359],[26.8973151,38.7431773],[26.8973006,38.7431566],[26.8972247,38.7431419],[26.8972669,38.7430225],[26.8972921,38.7430265],[26.8972988,38.7430051],[26.8972753,38.7430001],[26.8973131,38.7428792],[26.8973864,38.7428943],[26.8974087,38.7428866],[26.8974328,38.7428239],[26.897411,38.7428045],[26.8972726,38.7427758],[26.8972475,38.7427852],[26.8972257,38.7428429],[26.8972376,38.7428646],[26.8973007,38.7428771],[26.8972603,38.7429972],[26.8972405,38.7429931],[26.8972316,38.7430173],[26.8972522,38.7430209],[26.8972113,38.7431393],[26.8971465,38.7431255],[26.897127,38.7431342],[26.8971065,38.7431976],[26.8971167,38.7432127],[26.897179,38.7432262],[26.8971411,38.7433454],[26.8971201,38.7433404],[26.8971123,38.743364],[26.8971332,38.7433687],[26.8970821,38.7435177],[26.897061,38.7435128],[26.8970517,38.7435361],[26.8970723,38.7435408],[26.8970317,38.7436541],[26.8969689,38.7436441],[26.8969456,38.7436533],[26.8969251,38.743714],[26.8969392,38.7437335],[26.8969968,38.7437454],[26.8968743,38.7438233],[26.896861,38.7438122],[26.896833,38.7438293],[26.8968467,38.7438401],[26.8966929,38.7439378],[26.8966784,38.7439264],[26.896652,38.7439419],[26.8966667,38.743954],[26.8965293,38.7440402],[26.8963646,38.744005],[26.8963381,38.744014],[26.8963015,38.7441204],[26.8963197,38.7441397],[26.896471,38.7441706],[26.8964146,38.7443407],[26.8962579,38.7443086],[26.8962293,38.7443242],[26.896214,38.7443812],[26.8962264,38.7444],[26.8963776,38.7444325],[26.8963243,38.744598],[26.8961768,38.7445725],[26.8960309,38.7449773],[26.8961862,38.7450087],[26.8961665,38.74509],[26.8959967,38.7450614],[26.8959736,38.7450754],[26.895942,38.7451565],[26.8959594,38.7451808],[26.8961344,38.745216],[26.8961463,38.7452185],[26.8962349,38.7453161],[26.8962196,38.7453251],[26.8962365,38.7453442],[26.8962535,38.7453387],[26.8963333,38.7454332],[26.8963119,38.7454955],[26.8963276,38.7455143],[26.8963814,38.7455299],[26.8963497,38.7456463],[26.8963284,38.745641],[26.8963213,38.745669],[26.8963422,38.7456736],[26.8962909,38.7458203],[26.8962692,38.7458176],[26.8962619,38.7458409],[26.8962822,38.7458451],[26.8962426,38.7459592],[26.8961784,38.7459485],[26.8961545,38.7459603],[26.8961349,38.7460198],[26.896148,38.7460385],[26.8962075,38.7460531],[26.896172,38.746169],[26.8961525,38.7461662],[26.8961422,38.7461891],[26.8961585,38.746193],[26.8961226,38.7463105],[26.8960591,38.7463006],[26.8960365,38.7463068],[26.896012,38.746368],[26.8960221,38.7463893],[26.8961831,38.7464239],[26.8962054,38.7464107],[26.8962226,38.746347],[26.8961977,38.7463254],[26.8961429,38.7463147],[26.8961825,38.7461983],[26.8962096,38.7462036],[26.8962148,38.7461801],[26.8961906,38.7461728],[26.8962302,38.7460581],[26.8963064,38.7460719],[26.8963252,38.7460628],[26.8963445,38.7459992],[26.896331,38.7459819],[26.8962613,38.745964],[26.8962974,38.7458487],[26.8963197,38.7458531],[26.8963277,38.7458284],[26.896309,38.7458236],[26.8963612,38.7456766],[26.8963848,38.7456814],[26.8963887,38.7456549],[26.8963683,38.7456495],[26.8964057,38.7455343],[26.896481,38.7455481],[26.8965069,38.7455398],[26.8965282,38.7454794],[26.8965076,38.7454564],[26.8963499,38.7454244],[26.8962716,38.7453296],[26.8962917,38.7453205],[26.896269,38.7453014],[26.8962553,38.7453071],[26.8961686,38.7452151],[26.8961812,38.7452102],[26.8962144,38.7451271],[26.8961847,38.7450979],[26.8962121,38.7450142],[26.8963261,38.7450366],[26.8963913,38.7448359],[26.8967678,38.7449111],[26.8973259,38.7449164],[26.8973232,38.7450235],[26.8975315,38.7450282],[26.8975301,38.7449184],[26.8990547,38.7449189],[26.8990513,38.7450297],[26.8992573,38.7450318],[26.8992615,38.7449239],[26.9002465,38.74493],[26.9002517,38.7450071],[26.9002979,38.745076],[26.9005887,38.7451174],[26.901008,38.7453618],[26.9009274,38.7456369],[26.9002436,38.746305],[26.9000733,38.7475659],[26.8996949,38.7482154],[26.8990005,38.7483781],[26.8982602,38.7488918],[26.8978251,38.7489678],[26.8970871,38.7486814],[26.8968178,38.7486925],[26.8966479,38.7489995],[26.8967562,38.7491713],[26.8973443,38.7492686],[26.897822,38.7497411],[26.8987226,38.7506656],[26.899031,38.7510879],[26.8991951,38.751657],[26.8986184,38.7520583],[26.8985496,38.7520652],[26.8984875,38.752041],[26.8981149,38.7515324],[26.8981215,38.7514633],[26.898075,38.7514044],[26.8979951,38.7513647],[26.8979175,38.7513474],[26.8978399,38.7513698],[26.8978021,38.7514373],[26.8978199,38.7515186],[26.8983367,38.7522226],[26.8984254,38.7522693],[26.8985252,38.7522884],[26.8986228,38.752278],[26.8993615,38.7518144],[26.8996809,38.7519718],[26.8999728,38.7522665],[26.9001511,38.7523852],[26.9006299,38.7524412],[26.9018328,38.7521833],[26.9021189,38.7520207],[26.9022853,38.7517872],[26.902496,38.751654],[26.9027333,38.7516038],[26.902908,38.7516194],[26.9043059,38.7522871],[26.9043468,38.7523389],[26.9044067,38.7523614],[26.9044843,38.7523441],[26.9045331,38.7522801],[26.904522,38.7522109],[26.9044688,38.7521815],[26.904388,38.7521625],[26.9030461,38.7515069],[26.902944,38.7513928],[26.9031898,38.7513312],[26.9040864,38.7512267],[26.9044945,38.7513512],[26.9043148,38.7516436],[26.9043392,38.7517041],[26.9043969,38.7517301],[26.9044656,38.7517076],[26.9046165,38.7514758],[26.9047762,38.751481],[26.905049,38.7515588],[26.9054026,38.7517317],[26.9058425,38.7520669],[26.9066638,38.7528665],[26.9071781,38.75372],[26.9072897,38.7544325],[26.9062037,38.7550816],[26.9051377,38.7554958],[26.9048716,38.755897],[26.9045078,38.755814],[26.904194,38.7563102],[26.9044723,38.7569279],[26.9041618,38.7573707],[26.9042571,38.758624],[26.9039878,38.7591398],[26.9046977,38.7598276],[26.905812,38.7597922],[26.9062792,38.7598971],[26.9068412,38.7600966],[26.9071517,38.7604149],[26.9072974,38.7610078],[26.9072782,38.7610736],[26.9072515,38.7611649],[26.9071695,38.7614457],[26.9066467,38.7618966],[26.9063,38.7624281],[26.9062923,38.7625303],[26.9062895,38.7625678],[26.9062734,38.7627809],[26.9060427,38.7630369],[26.9054161,38.7635312],[26.9054014,38.7636747],[26.9054571,38.7638532],[26.9055674,38.763945],[26.9057282,38.7639872],[26.9061669,38.7640124],[26.9067944,38.7641835],[26.9072848,38.7645312],[26.9073195,38.7649651],[26.906992,38.765057],[26.9069223,38.766139],[26.9072629,38.7664358],[26.9084648,38.7662123],[26.9093991,38.7659308],[26.9105055,38.7661431],[26.9108962,38.7659952],[26.911516,38.766348],[26.9118586,38.7664626],[26.9119019,38.7664898],[26.9132938,38.7637715],[26.9155923,38.7631974],[26.9160678,38.7633242],[26.9137683,38.7673752],[26.9140807,38.7674984],[26.9165118,38.7631915],[26.9177067,38.7624428],[26.9178101,38.7625047],[26.9187965,38.7619362],[26.9191897,38.761914],[26.9192252,38.7623966],[26.9183238,38.7639387],[26.9192377,38.7656112],[26.9195276,38.7655106],[26.9187242,38.7639269],[26.9196996,38.7622206],[26.919646,38.7611122],[26.9203045,38.7603484],[26.9202552,38.7602956],[26.9216878,38.7591471],[26.9220863,38.7595623],[26.9221322,38.759645],[26.920964,38.7608501],[26.9217846,38.7642537],[26.9222422,38.7641801],[26.9213949,38.7606716],[26.9227056,38.7593993],[26.9225077,38.7592809],[26.9223789,38.7594078],[26.9221976,38.7594036],[26.9218604,38.759053],[26.9231699,38.7580374],[26.9230586,38.7579258],[26.9233634,38.757627],[26.9246756,38.7573038],[26.9252976,38.7575479],[26.9237406,38.7616051],[26.9241172,38.7616944],[26.9256198,38.7576919],[26.9268021,38.7572395],[26.9272278,38.7567853],[26.9278086,38.7568709],[26.9278167,38.7573897],[26.9272524,38.7582949],[26.9269012,38.7620799],[26.9273314,38.7621114],[26.9276741,38.7585307],[26.9282048,38.7585664],[26.9295273,38.7584638],[26.9292077,38.761736],[26.9295387,38.7617496],[26.9298903,38.7580002],[26.9298266,38.7579981],[26.9299767,38.7565983],[26.9300843,38.7562718],[26.9308509,38.7563107],[26.9310623,38.7564597],[26.9321234,38.7566673],[26.932969,38.7571159],[26.9339154,38.757378],[26.9343039,38.7576445],[26.9346432,38.7580177],[26.9348694,38.7585672],[26.9350912,38.7588182],[26.9351565,38.7590692],[26.9350926,38.759314],[26.9355704,38.7597342],[26.9359149,38.7598541],[26.9363107,38.7601493],[26.9377239,38.761591],[26.9381822,38.7622566],[26.9388809,38.762994],[26.9390807,38.7636789],[26.9391347,38.7643024],[26.9393183,38.7645767],[26.9393626,38.7646428],[26.9393467,38.76504],[26.9393705,38.7653208],[26.9391354,38.7652875],[26.9391289,38.7646749],[26.9358484,38.7645585],[26.935564,38.7646279],[26.931549,38.7646647],[26.93158,38.7652018],[26.9355592,38.7651867],[26.9355477,38.7665189],[26.9355209,38.7672386],[26.9339532,38.7672398],[26.9303672,38.7672644],[26.9303549,38.7676006],[26.9350725,38.7676102],[26.9350691,38.7679201],[26.9380286,38.7678764],[26.937239,38.7681767],[26.9369201,38.7679751],[26.9356514,38.7692044],[26.9351033,38.7692276],[26.934703,38.7698094],[26.934703,38.7704049],[26.9344561,38.7710547],[26.9341447,38.7715477],[26.9340339,38.7717146],[26.9337954,38.7719422],[26.9334899,38.7720571],[26.9331543,38.7720912],[26.9329603,38.7720479],[26.9329304,38.7719547],[26.9328867,38.7719457],[26.9327799,38.7719566],[26.9327906,38.7720442],[26.9324981,38.7720646],[26.9322989,38.7720426],[26.9322612,38.7719549],[26.9323375,38.7719163],[26.9326635,38.7718491],[26.9328632,38.7718338],[26.9328872,38.7717941],[26.932843,38.7717594],[26.932715,38.7717261],[26.932484,38.7717646],[26.9322322,38.7718019],[26.9319708,38.7719322],[26.9314835,38.7722839],[26.9312737,38.772518],[26.9310396,38.7729294],[26.9307753,38.7732207],[26.9307136,38.7732133],[26.9304921,38.7732526],[26.930418,38.7733277],[26.9286853,38.7724147],[26.9288515,38.7722224],[26.9285696,38.772067],[26.9283199,38.7723615],[26.9286132,38.7725015],[26.9286411,38.7724676],[26.9303371,38.7733533],[26.9302665,38.7735041],[26.9302839,38.7736868],[26.9304243,38.7739203],[26.930513,38.7741116],[26.9305025,38.7742797],[26.9304275,38.7743853],[26.9286482,38.7752246],[26.9286187,38.7752784],[26.9286672,38.7753449],[26.9285907,38.7753864],[26.9284479,38.7752124],[26.9284733,38.7751988],[26.9284223,38.7751381],[26.9283443,38.7751776],[26.9283964,38.7752375],[26.9284259,38.7752223],[26.9285736,38.7753957],[26.9284036,38.7754881],[26.9306495,38.7780852],[26.9308377,38.7783071],[26.9329146,38.7807238],[26.9321402,38.7813643],[26.9320313,38.7813323],[26.9313071,38.7819092],[26.9286068,38.7799159],[26.9286208,38.7799011],[26.9285306,38.7798336],[26.9270273,38.7810765],[26.9265269,38.7807195],[26.9264193,38.7807985],[26.9257526,38.7802976],[26.925833,38.7801451],[26.9260041,38.7800054],[26.9260049,38.7780055],[26.9258545,38.7780047],[26.9258573,38.7780847],[26.9253237,38.7780923],[26.9252941,38.7780681],[26.9252931,38.7780468],[26.924731,38.7780389],[26.9246612,38.7779445],[26.9245633,38.7778237],[26.9244305,38.7776198],[26.9244453,38.7775545],[26.9243983,38.7774384],[26.9244278,38.77737],[26.9237445,38.7756924],[26.9236265,38.775544],[26.9234924,38.7755032],[26.9233972,38.7755074],[26.9232295,38.7755785],[26.9231611,38.7756443],[26.9231383,38.7757468],[26.9236174,38.7770238],[26.9239,38.7777348],[26.924079,38.7781398],[26.9241777,38.7784515],[26.9242354,38.7784735],[26.9242367,38.7792273],[26.9246927,38.7792346],[26.9247638,38.7793297],[26.9251795,38.7796266],[26.9251849,38.7800323],[26.9235976,38.781318],[26.9234857,38.7812215],[26.923183,38.7813748],[26.9229364,38.7812482],[26.9228129,38.7812534],[26.9225873,38.7814348],[26.9226192,38.781569],[26.9225338,38.7816264],[26.9222417,38.7816261],[26.9221619,38.7816948],[26.9220696,38.7818344],[26.9220714,38.7819499],[26.9215556,38.7823108],[26.9214022,38.7822966],[26.918421,38.7844197],[26.9179324,38.784761],[26.9177877,38.7848621],[26.9172047,38.7852694],[26.9163807,38.7858539],[26.9153525,38.7876024],[26.9152615,38.7877174],[26.9151768,38.7878242],[26.9146553,38.7884828],[26.9140713,38.7894892],[26.9148504,38.7898381],[26.9143396,38.7905056],[26.91407,38.7915138],[26.9138223,38.7917943],[26.9137593,38.7919715],[26.9134751,38.7921748],[26.9133879,38.7924519],[26.9130491,38.7926697],[26.9123618,38.7934227],[26.9112746,38.7939133],[26.9105309,38.7940669],[26.9105204,38.794241],[26.9106414,38.7942592],[26.9109865,38.7942073],[26.9113264,38.7943112],[26.9115936,38.7946885],[26.911703,38.7950904],[26.911698,38.7956993],[26.9118263,38.7958136],[26.9119009,38.7961086],[26.9118282,38.796338],[26.9113586,38.7967798],[26.9103953,38.7972761],[26.9102477,38.7976001],[26.910489,38.7977277],[26.9104357,38.7979127],[26.9102554,38.798053],[26.9099748,38.7983511],[26.9098731,38.7985508],[26.9098895,38.7987831],[26.9096377,38.7990552],[26.9092339,38.799289],[26.9083913,38.800159],[26.908119,38.8002638],[26.9079834,38.80018],[26.9078374,38.8002602],[26.907786,38.8003239],[26.9079699,38.8004315],[26.9076239,38.8009878],[26.9072864,38.8010777],[26.9071067,38.8012168],[26.907311,38.8012944],[26.9073155,38.8014294],[26.9071094,38.8015824],[26.9073877,38.8019106],[26.9069466,38.8026257],[26.9066246,38.8026127],[26.9062164,38.8025822],[26.9061198,38.8026475],[26.9064254,38.8026777],[26.9062058,38.8028486],[26.9059528,38.8029056],[26.9057923,38.8031852],[26.9059004,38.8034494],[26.9062058,38.8036913],[26.9062058,38.8040239],[26.9058657,38.8041085],[26.9057505,38.8044896],[26.9051567,38.8049735],[26.9050818,38.8053765],[26.904897,38.8054915],[26.9052485,38.8057548],[26.9049136,38.8066724],[26.9038669,38.8075258],[26.9029047,38.8078052],[26.9023612,38.8080307],[26.9020945,38.8080001],[26.9013766,38.8075758],[26.9000468,38.808344],[26.8984519,38.8092347],[26.8972284,38.8104985],[26.8969887,38.810849],[26.897011,38.8109131],[26.8972429,38.8108788],[26.8972754,38.811031],[26.8969912,38.811267],[26.8969222,38.8117682],[26.89649,38.8122426],[26.8948097,38.8137689],[26.894609,38.8142368],[26.8946083,38.8144341],[26.8947706,38.814451],[26.8944279,38.8148451],[26.8945597,38.8150635],[26.8945441,38.8152983],[26.8943342,38.8155382],[26.8936431,38.8160525],[26.893051,38.816905],[26.8928272,38.8178805],[26.8929613,38.8180377],[26.8929886,38.8183804],[26.8925471,38.8191008],[26.892449,38.8194382],[26.8922114,38.8196604],[26.8919081,38.8197772],[26.8918099,38.8199131],[26.8917342,38.8199796],[26.8917736,38.8202057],[26.8915644,38.8203986],[26.8914534,38.8205599],[26.8914602,38.8205994],[26.8917005,38.8205594],[26.8917231,38.8206639],[26.8917112,38.820728],[26.891521,38.8208114],[26.891467,38.8209382],[26.8916086,38.8213688],[26.8914878,38.8215896],[26.8916396,38.8215929],[26.891721,38.8218207],[26.8915829,38.8220368],[26.8916797,38.8221492],[26.8919129,38.8224769],[26.8920729,38.8227019],[26.8922641,38.8229706],[26.8922409,38.8237837],[26.8925535,38.8242078],[26.8937229,38.8250313],[26.8942869,38.8250622],[26.8950262,38.8252297],[26.8952235,38.825317],[26.8958593,38.8252624],[26.8964661,38.8247836],[26.8974133,38.8244326],[26.8975101,38.8236099],[26.897337,38.8230184],[26.8970409,38.8228893],[26.8970146,38.822676],[26.8971914,38.8225333],[26.89741,38.8225634],[26.8976717,38.822697],[26.8979795,38.8227539],[26.8980893,38.8219442],[26.8984755,38.8216349],[26.8988993,38.8215638],[26.8992211,38.8213423],[26.9006052,38.8207823],[26.9017692,38.8207697],[26.9022199,38.8207739],[26.9022145,38.8205482],[26.9025578,38.8202682],[26.9031327,38.820021],[26.9044783,38.8194365],[26.9062217,38.8191314],[26.9065221,38.8189934],[26.9066294,38.8187803],[26.9073858,38.8184459],[26.9098105,38.8178106],[26.9118061,38.8174637],[26.912541,38.8176225],[26.9130399,38.8176142],[26.9135495,38.8174804],[26.9140323,38.817447],[26.9147619,38.8176267],[26.9150025,38.8177144],[26.9154271,38.8178691],[26.9156363,38.8180238],[26.9157382,38.8182077],[26.9157221,38.8183665],[26.9157972,38.8184543],[26.916044,38.8183999],[26.9162478,38.8184585],[26.9164409,38.8187468],[26.9162907,38.8189307],[26.9162693,38.8190102],[26.9166019,38.8188806],[26.9169505,38.81896],[26.9172456,38.8192233],[26.9172402,38.8195159],[26.915765,38.8202515],[26.9160246,38.820771],[26.9160313,38.8207844],[26.9160386,38.820799],[26.9164168,38.8213716],[26.9164671,38.8214985],[26.916677,38.8220278],[26.9169345,38.8226714],[26.9176747,38.8227717],[26.9181683,38.8231729],[26.9194986,38.8239335],[26.9196918,38.824247],[26.9207003,38.8245019],[26.921623,38.8249282],[26.9222077,38.8256094],[26.9232376,38.8267838],[26.9238706,38.8269676],[26.9245412,38.8278578],[26.924906,38.8277533],[26.9251098,38.8279205],[26.9260754,38.8281378],[26.9267889,38.8284637],[26.9275238,38.8287605],[26.928704,38.8290488],[26.92997,38.8292243],[26.9298252,38.8295962],[26.9301417,38.8297342],[26.9312574,38.8300434],[26.932443,38.8305073],[26.9330545,38.8306535],[26.9331725,38.830524],[26.9340309,38.8306326],[26.9344064,38.8309001],[26.9355919,38.8316272],[26.9360532,38.8321036],[26.9364609,38.8327889],[26.9367345,38.8335285],[26.9365575,38.8341553],[26.936579,38.8345105],[26.9370564,38.8345398],[26.9377699,38.8344395],[26.9389554,38.8344938],[26.9396541,38.83474],[26.9405486,38.8352209],[26.9408812,38.8354006],[26.9411977,38.8353964],[26.9413898,38.8351833],[26.9418683,38.8351039],[26.942689,38.8353504],[26.9439985,38.8359461],[26.9442318,38.8360613],[26.9443721,38.8360198],[26.9445312,38.8360343],[26.9445691,38.8358728],[26.9444416,38.8357734],[26.9444671,38.8355018],[26.944246,38.8352766],[26.9441779,38.835005],[26.9440674,38.8348858],[26.9440164,38.8345281],[26.94428,38.83423],[26.9441354,38.8339783],[26.944246,38.833753],[26.9446202,38.8336206],[26.9450198,38.8337133],[26.9451729,38.8334616],[26.9454961,38.8332496],[26.9454705,38.8331171],[26.9452665,38.8329382],[26.9450539,38.8328587],[26.9450879,38.8325739],[26.9453515,38.8322758],[26.9452835,38.8314411],[26.9451559,38.8313285],[26.9454876,38.830666],[26.9460828,38.8307985],[26.9461116,38.8307367],[26.9461371,38.8306821],[26.9461595,38.8306342],[26.9462189,38.830507],[26.9456321,38.8303414],[26.9457427,38.8282811],[26.9458872,38.828089],[26.9459213,38.827983],[26.9457427,38.8277445],[26.9458617,38.8257968],[26.9447052,38.8235376],[26.9447137,38.8234515],[26.9451984,38.8234382],[26.9451984,38.8232196],[26.944399,38.8231533],[26.9438208,38.8225968],[26.9437187,38.8223119],[26.9436337,38.8214639],[26.9433275,38.820967],[26.9433701,38.8202845],[26.9431575,38.820152],[26.943268,38.8189793],[26.9438038,38.8185884],[26.944263,38.8186944],[26.9445861,38.8189395],[26.9445606,38.8180981],[26.9443735,38.8181577],[26.9443565,38.8183697],[26.94428,38.818436],[26.943268,38.8184426],[26.9432425,38.81833],[26.943251,38.8168458],[26.9452409,38.8168656],[26.9452494,38.8167199],[26.9430129,38.816753],[26.9429959,38.8166867],[26.9424091,38.8167],[26.9421285,38.8165078],[26.9420435,38.8162031],[26.9420179,38.8158651],[26.9421965,38.8150965],[26.9420605,38.8147056],[26.9417628,38.8131683],[26.9418649,38.812678],[26.942154,38.8123466],[26.9427578,38.8120485],[26.9434466,38.8114256],[26.9435912,38.811134],[26.9447562,38.810478],[26.9451304,38.8101798],[26.9460828,38.8097292],[26.9463209,38.8094443],[26.9465931,38.8094111],[26.9468482,38.8092057],[26.9473159,38.8091394],[26.9483279,38.8092985],[26.9484809,38.8094708],[26.9487616,38.8096364],[26.9488381,38.8094509],[26.9487616,38.8092587],[26.9490252,38.8088943],[26.9492378,38.8079201],[26.949629,38.8071912],[26.9500457,38.8065351],[26.9501647,38.8060182],[26.9503692,38.8057699],[26.9504113,38.8055262],[26.9505195,38.8053856],[26.9504774,38.8051138],[26.9505316,38.8048373],[26.9507781,38.8046826],[26.9515359,38.8044858],[26.9517764,38.8045326],[26.9521673,38.8042608],[26.9522575,38.8039796],[26.9531055,38.8037875],[26.9534062,38.8037781],[26.9536106,38.8037312],[26.9536407,38.8036281],[26.9540917,38.8034922],[26.9545789,38.8034688],[26.9547352,38.8035625],[26.9553967,38.8039468],[26.9557876,38.8042983],[26.9558718,38.8042796],[26.9558598,38.8041905],[26.9556132,38.8036094],[26.9556072,38.8033844],[26.9554448,38.8031642],[26.9552223,38.802733],[26.9553486,38.8026861],[26.9557455,38.8033001],[26.9556433,38.8034547],[26.9558478,38.8035204],[26.9560041,38.8037031],[26.956407,38.8042561],[26.9565213,38.8042702],[26.9565393,38.8042093],[26.9566476,38.8041812],[26.9566296,38.8040968],[26.9565814,38.8040359],[26.9565574,38.8037031],[26.9564672,38.8034922],[26.9565514,38.8029205],[26.9569423,38.8028595],[26.9571828,38.8029158],[26.9573873,38.8030704],[26.9573632,38.8032438],[26.957255,38.8033798],[26.9570866,38.8034735],[26.9573151,38.8036938],[26.9574835,38.8037594],[26.9575196,38.803675],[26.9573813,38.8036047],[26.9573632,38.8034079],[26.9576158,38.8031876],[26.9578804,38.8031829],[26.9585299,38.802972],[26.9588547,38.8029486],[26.958999,38.8030517],[26.9592275,38.8030751],[26.959432,38.8030095],[26.9598306,38.8030243],[26.960026773320678,38.803040100776379],[26.960010607992579,38.802960562259003],[26.960164491370723,38.802203399414353],[26.960250934654901,38.802071184677985],[26.960146041669578,38.801555067897006],[26.960299925047721,38.800797890117579],[26.960746512004935,38.800114823271997],[26.961442087498295,38.79957273369417],[26.962000130213085,38.799351137232691],[26.961395131668063,38.799255314876739],[26.961336552952808,38.799225467530519],[26.961196092742149,38.799208129645308],[26.960319616488295,38.798860082757521],[26.959624040994939,38.798317983634988],[26.959204361232668,38.797676049734349],[26.958927559116304,38.797566130196948],[26.958231983622944,38.797024021231685],[26.957785396665731,38.796340918212969],[26.957631513287584,38.795583685032],[26.957785396665731,38.794826443805775],[26.958231983622944,38.794143319724313],[26.958927559116304,38.793601184724054],[26.959804035370155,38.793253110454074],[26.959944806389284,38.793235732722657],[26.960003074296065,38.793206043741264],[26.960775616782001,38.793083685032002],[26.961548159267938,38.793206043741264],[26.961606427174718,38.793235732722657],[26.961747198193851,38.793253110454074],[26.962623674447702,38.793601184724054],[26.962864656672881,38.793789007469329],[26.963195617987299,38.793531054320418],[26.963645055619725,38.793352569359712],[26.963476926516726,38.793095386014329],[26.963323043138583,38.792338118351992],[26.963416443138996,38.791878487479345],[26.963331097872089,38.791844593574645],[26.962659784174001,38.791950919218998],[26.961887241688064,38.791828560509735],[26.961829296635354,38.79179903603071],[26.961807788355255,38.791796380852077],[26.961398676147848,38.79195885497883],[26.96125759739655,38.791976270985714],[26.961199637221938,38.792005803169737],[26.960427094736001,38.792128161878999],[26.959654552250065,38.792005803169737],[26.959596592075457,38.791976270985714],[26.959455513324148,38.79195885497883],[26.958579037070294,38.791610772688969],[26.957883461576937,38.791068618426586],[26.957640486689257,38.790696931020705],[26.957437198284001,38.790729128740999],[26.956664655798065,38.790606770031737],[26.956606814984738,38.790577298665326],[26.956465616872151,38.790559867581337],[26.955589140618297,38.790211778460119],[26.954893565124941,38.789669613557678],[26.954446978167727,38.788986440054344],[26.95429309478958,38.788229128740994],[26.954446978167727,38.787471809382851],[26.954893565124941,38.786788614817958],[26.955589140618297,38.786246423881991],[26.955820485127159,38.786154540754623],[26.955458978537727,38.785601494040073],[26.955305095159584,38.784844146769991],[26.955458978537727,38.784086791455309],[26.955905565494945,38.783403564453749],[26.956601140988301,38.782861347776013],[26.957477617242152,38.782513221066054],[26.957619304554193,38.782495727586102],[26.957676656168065,38.782466505479263],[26.958449198654002,38.782344146770001],[26.959221741139938,38.782466505479263],[26.95927909275381,38.782495727586102],[26.959420780065852,38.782513221066054],[26.960297256319702,38.782861347776013],[26.960992831813062,38.783403564453749],[26.961439418770276,38.784086791455309],[26.961593302148419,38.784844146769991],[26.961439418770276,38.785601494040073],[26.960992831813062,38.786284699980627],[26.960297256319702,38.786826890625512],[26.960065912163426,38.786918772416143],[26.960223829208406,38.787160355975828],[26.960427094736001,38.787128161879004],[26.961199637221938,38.787250520588266],[26.961257396990504,38.787279950660306],[26.961279089783982,38.787282628789917],[26.961688202762151,38.787120144122085],[26.961829497041659,38.787102700295179],[26.961887241688064,38.787073277928265],[26.962659784174001,38.786950919219002],[26.963432326659937,38.787073277928265],[26.963490071306342,38.787102700295179],[26.963631365585847,38.787120144122085],[26.963757985993791,38.787170433103427],[26.964429161478002,38.78706412935],[26.965201703963938,38.787186488059263],[26.965259458269305,38.787215915347666],[26.965400742889848,38.787233357954399],[26.966277219143702,38.787581461618707],[26.966972794637055,38.788123642401885],[26.967419381594272,38.788806824173442],[26.967573264972419,38.789564129349998],[26.967479864625432,38.790023774931747],[26.968315204298701,38.790355527771609],[26.969010779792061,38.790897687457402],[26.969457366749275,38.791580842644599],[26.969611250127421,38.792338118351992],[26.969535069723801,38.792713005860058],[26.969728787320001,38.792682324007004],[26.970501329805938,38.792804682716266],[26.970559563466509,38.792834354248342],[26.970700368731851,38.792851736305224],[26.971576844985702,38.793199812535221],[26.972272420479058,38.793741950588291],[26.972719007436272,38.794425078516554],[26.972849768644799,38.795068542006085],[26.973129751160059,38.79528675827072],[26.973576338117272,38.795969871393083],[26.973663788663742,38.79640019790051],[26.974012655490149,38.796261658562123],[26.974153169807146,38.796244313251933],[26.974211694416063,38.796214493474267],[26.974984236901999,38.796092134765004],[26.975756779387936,38.796214493474267],[26.975815303996853,38.796244313251933],[26.975955818313846,38.796261658562123],[26.9768322945677,38.796609718139969],[26.977527870061053,38.797151830256645],[26.97797445701827,38.797834925502961],[26.978087988532977,38.798393576576942],[26.978459324927002,38.798334762670002],[26.979231867412938,38.798457121379265],[26.979290583385097,38.798487038661371],[26.979430906338852,38.798504359804305],[26.980307382592702,38.79885240842939],[26.981002958086059,38.799394503486667],[26.981449545043276,38.800077577236799],[26.981603428421419,38.80083476267],[26.981449545043276,38.801591940057619],[26.98122526647402,38.801934973092479],[26.981627017248702,38.802094501023326],[26.982322592742062,38.802636571417622],[26.982769179699275,38.803319614090448],[26.982923063077418,38.804076765074001],[26.982769179699275,38.804833908011773],[26.982322592742062,38.805516929620467],[26.981627017248702,38.806058973978075],[26.980750540994851,38.806406985704484],[26.980610695079392,38.806424246019475],[26.980551502068938,38.806454406364736],[26.979778959583001,38.806576765073999],[26.979006417097064,38.806454406364736],[26.97894722408661,38.806424246019475],[26.978807378171151,38.806406985704484],[26.977930901917297,38.806058973978075],[26.977235326423944,38.805516929620467],[26.976788739466727,38.804833908011773],[26.976634856088584,38.804076765074001],[26.976788739466727,38.803319614090448],[26.977013017405401,38.802976587048988],[26.976611267261301,38.802817061765374],[26.975915691767941,38.802274992744152],[26.975469104810728,38.801591940057619],[26.97535557494172,38.801033320597405],[26.974984236901999,38.801092134765],[26.974211694416063,38.800969776055737],[26.97415296941173,38.80093985417151],[26.974012655490149,38.800922534760353],[26.973785846356865,38.800832471494516],[26.973864213886415,38.801218078005995],[26.97377364215351,38.801663730421737],[26.974125092307059,38.801937622463441],[26.974571679264272,38.802620671836323],[26.974725562642419,38.803377830246994],[26.974571679264272,38.804134980611927],[26.974125092307059,38.80481800892079],[26.973429516813699,38.80536005859571],[26.972553040559848,38.805708073736064],[26.972413135002135,38.805725341581727],[26.972354001633935,38.805755471537736],[26.972142286999755,38.805789003841582],[26.9727345,38.8062104],[26.9728908,38.8061916],[26.9734306,38.8057828],[26.9739493,38.8060323],[26.9738817,38.8061309],[26.974545,38.8064661],[26.9744581,38.8067376],[26.9744851,38.8068008],[26.9743903,38.8069962],[26.9744305,38.8071282],[26.9753277,38.8077345],[26.9755438,38.8079232],[26.9757945,38.8083006],[26.9758097,38.8083148],[26.9758288,38.8083257],[26.9758507,38.8083327],[26.9758822,38.8083354],[26.9759132,38.8083301],[26.9759343,38.8083211],[26.975952,38.8083083],[26.9759652,38.8082925],[26.975973,38.8082746],[26.975975,38.8082558],[26.9759697,38.8082341],[26.9759567,38.8082144],[26.9756225,38.8078766],[26.9754161,38.8076853],[26.9746642,38.8070744],[26.9746324,38.8069005],[26.9747349,38.8065004],[26.9749008,38.8063294],[26.9759819,38.8070727],[26.9760541,38.8070211],[26.9764921,38.8074447],[26.9759973,38.8078522],[26.9759867,38.8078909],[26.9760448,38.807946],[26.9761576,38.8079291],[26.9762121,38.8078837],[26.9762808,38.8078791],[26.9770343,38.8088394],[26.9770524,38.8092002],[26.9772244,38.8094971],[26.9773771,38.8097532],[26.9775094,38.8101421],[26.9777139,38.810681],[26.9777861,38.8112855],[26.9778222,38.8116979],[26.977738,38.8117869],[26.9775215,38.8118291],[26.9774252,38.8116182],[26.9774914,38.8114964],[26.9774373,38.811473],[26.9773831,38.8115386],[26.9773591,38.811651],[26.9774373,38.8118104],[26.9775455,38.811965],[26.977768,38.8120494],[26.9779545,38.8123118],[26.9781637,38.8123831],[26.978681,38.8131517],[26.9787051,38.8133205],[26.9792224,38.814061],[26.9794209,38.8141313],[26.9804375,38.8155046],[26.9805878,38.8155514],[26.9810991,38.8164091],[26.981069,38.81662],[26.9812856,38.8169668],[26.9814961,38.8170559],[26.981851,38.8176324],[26.981974577606248,38.81787874086254],[26.98200637691194,38.817830115056907],[26.982663050076184,38.817318470855739],[26.982019383488939,38.816816957357496],[26.981572796531726,38.816134044090127],[26.981418913153583,38.815377021248992],[26.981572796531726,38.814619990361372],[26.982019383488939,38.813937056028067],[26.982714958982299,38.813395071612085],[26.98359143523615,38.813047094022835],[26.983730517167743,38.813029929572743],[26.983790474162063,38.812999379958264],[26.984563016648,38.812877021249001],[26.985335559133937,38.812999379958264],[26.985395516128257,38.813029929572743],[26.98553459805985,38.813047094022835],[26.9864110743137,38.813395071612085],[26.987106649807057,38.813937056028067],[26.987553236764274,38.814619990361372],[26.987707120142417,38.815377021248992],[26.987553236764274,38.816134044090127],[26.987106649807057,38.816816957357496],[26.986449976685844,38.817328604910365],[26.987093643230057,38.817830115056907],[26.987540230187275,38.818513012060698],[26.987682467139056,38.81921270998356],[26.987729057567698,38.819231205745993],[26.988424633061058,38.81977314575056],[26.988871220018272,38.820456024121967],[26.989025103396418,38.821212992974999],[26.988871220018272,38.821969953781178],[26.988424633061058,38.822652811085696],[26.987729057567698,38.823194725050151],[26.98728616406483,38.823370537063063],[26.987950628336055,38.823888207630588],[26.988397215293272,38.824571046538658],[26.988551098671415,38.825327971645997],[26.988397215293272,38.826084888706255],[26.987950628336055,38.826767706546768],[26.987255052842698,38.827309589192268],[26.986378576588848,38.827657497092765],[26.986240544357468,38.827674528473281],[26.986179537662938,38.827705612936732],[26.985406995177001,38.827827971645995],[26.984634452691065,38.827705612936732],[26.984573445996539,38.827674528473281],[26.984435413765148,38.827657497092765],[26.983558937511294,38.827309589192268],[26.983017695071943,38.826887938504896],[26.9828363,38.8271036],[26.9819712,38.8278128],[26.9805932,38.8285881],[26.9795129,38.8290409],[26.9783361,38.8294385],[26.9771888,38.8297718],[26.9771261,38.8297815],[26.9770669,38.8297829],[26.9770145,38.82978],[26.9769688,38.8297618],[26.9769391,38.8297409],[26.9768948,38.8297035],[26.9768746,38.8296792],[26.9768632,38.8296604],[26.9768328,38.8296662],[26.9765504,38.8297336],[26.9764499,38.8297541],[26.9750902,38.8300915],[26.975057,38.8301004],[26.9750502,38.830085],[26.9749894,38.8301014],[26.9748101,38.8301437],[26.9746588,38.8301721],[26.9745635,38.8301686],[26.9744877,38.8301434],[26.9733003,38.8303839],[26.9725772,38.8305032],[26.9721902,38.8305633],[26.9718978,38.8306191],[26.9717113,38.8306386],[26.971589,38.8306161],[26.970472,38.8307789],[26.9688313,38.8309128],[26.9687781,38.830663],[26.9672088,38.830817],[26.9664799,38.8308723],[26.9664417,38.8308785],[26.9658229,38.8308611],[26.9649127,38.8307484],[26.9642396,38.8306516],[26.9641022,38.8306818],[26.9638781,38.8309252],[26.9640383,38.8316306],[26.9638698,38.8320002],[26.9637527,38.8323508],[26.9640654,38.8330582],[26.9635673,38.8331406],[26.9630219,38.8324099],[26.962911,38.831741],[26.9631916,38.8312943],[26.9636948,38.8308227],[26.963919,38.8305794],[26.963724,38.8303925],[26.9632617,38.8301845],[26.9630192,38.8300968],[26.9626923,38.8300387],[26.962372,38.830103],[26.9621245,38.830279],[26.9620481,38.8304952],[26.9619882,38.8307974],[26.9619474,38.8311577],[26.9619652,38.8313489],[26.962014,38.8315345],[26.9620956,38.8317099],[26.9622193,38.8318705],[26.9623749,38.8320728],[26.9630207,38.8328588],[26.963136,38.8330703],[26.9631857,38.8331995],[26.9632893,38.8333272],[26.9642087,38.834022],[26.9650077,38.8350324],[26.9664465,38.837001],[26.9669788,38.8376694],[26.9672541,38.8381892],[26.9674775,38.838434],[26.9675495,38.8385853],[26.967573,38.8386942],[26.9675583,38.8387899],[26.967509,38.838894],[26.9673598,38.839001],[26.9673992,38.8390326],[26.9677116,38.8391761],[26.9680275,38.8396604],[26.9687958,38.8408511],[26.9688515,38.8409753],[26.9691821,38.8415624],[26.96936,38.8419077],[26.9695247,38.8421858],[26.9698027,38.8429769],[26.9700042,38.8434166],[26.9702477,38.844045],[26.970436,38.844532],[26.970555,38.844956],[26.9707248,38.8454745],[26.9707243,38.8457801],[26.9706426,38.8459481],[26.9705664,38.846042],[26.9705285,38.8460646],[26.97049,38.8460741],[26.9704452,38.8460759],[26.9703995,38.8460644],[26.9703597,38.8460501],[26.9702456,38.8460441],[26.9701854,38.8460371],[26.9701807,38.8460355],[26.9701471,38.846024],[26.9701169,38.845997],[26.970088,38.8459686],[26.9700478,38.8459477],[26.970041,38.8459454],[26.9700336,38.8459448],[26.9700263,38.845946],[26.9700199,38.8459489],[26.9700148,38.8459535],[26.9700119,38.8459591],[26.9700114,38.8459651],[26.9700135,38.845971],[26.970018,38.8459761],[26.9700548,38.8459975],[26.9700851,38.8460272],[26.9701143,38.8460808],[26.9701627,38.8461046],[26.9702795,38.846088],[26.9703643,38.8461001],[26.9704575,38.8461278],[26.9705578,38.8462217],[26.9705808,38.8462711],[26.9705375,38.8463838],[26.9700484,38.8464118],[26.9699003,38.8462497],[26.9699143,38.8462174],[26.9699479,38.846189],[26.9699985,38.8461529],[26.969947,38.8460438],[26.969884,38.8460461],[26.9698336,38.8460636],[26.969729,38.8461424],[26.9696784,38.846226],[26.969686,38.846261],[26.9699283,38.8464731],[26.9700114,38.8465134],[26.970617,38.8464674],[26.9708048,38.8463872],[26.9712108,38.8461917],[26.9715284,38.8460339],[26.9716662,38.845975],[26.9717648,38.8458768],[26.9718684,38.8457735],[26.972227,38.8452776],[26.9723594,38.8450854],[26.972582,38.8449646],[26.9727599,38.8449154],[26.9729915,38.8448463],[26.9730525,38.8447676],[26.9731729,38.8445149],[26.9731768,38.8444933],[26.9731741,38.8444718],[26.9731591,38.8444312],[26.9734539,38.8443653],[26.9738063,38.8443595],[26.9740621,38.8443992],[26.9742622,38.8444702],[26.9746872,38.8446976],[26.975159,38.8448616],[26.9754386,38.8450383],[26.9755715,38.8451223],[26.9756796,38.8453173],[26.9757276,38.8453831],[26.9758129,38.8454359],[26.975971,38.845439],[26.9764865,38.8453835],[26.9769849,38.845505],[26.9773574,38.8455959],[26.9772567,38.8457717],[26.9771719,38.8458584],[26.9771223,38.845924],[26.9770681,38.8459672],[26.9769997,38.8459755],[26.976924,38.8459867],[26.9768327,38.8459815],[26.9767621,38.8459837],[26.9767181,38.8460116],[26.9767046,38.8460503],[26.9767329,38.846091],[26.9768352,38.8461083],[26.9769738,38.8461177],[26.9769535,38.8463623],[26.9771082,38.8466156],[26.9771367,38.8469508],[26.9770883,38.8474328],[26.9785987,38.8485877],[26.9790435,38.8488029],[26.9799291,38.8487817],[26.9812973,38.848503],[26.9821471,38.8484007],[26.9831959,38.8482745],[26.983459,38.8483481],[26.9836484,38.8483151],[26.9836695,38.8482],[26.983617,38.8481584],[26.9834383,38.8481735],[26.9833441,38.8480643],[26.9832082,38.8478787],[26.9832547,38.8475407],[26.9832626,38.8474829],[26.9834703,38.8472915],[26.9835206,38.8472452],[26.9838839,38.8470895],[26.9845782,38.8468674],[26.9855664,38.8468435],[26.9864837,38.8469525],[26.9869571,38.8470832],[26.9874696,38.8474733],[26.9878548,38.8478284],[26.9882905,38.8482381],[26.988659,38.8489069],[26.9885965,38.8491942],[26.9884128,38.8494334],[26.9875857,38.8509628],[26.9875573,38.8523146],[26.9873863,38.8528169],[26.9876854,38.8535327],[26.9881072,38.8540339],[26.9890541,38.8541564],[26.9897129,38.8548218],[26.9904493,38.8560503],[26.9907446,38.8562692],[26.9910399,38.8563889],[26.9913986,38.8563031],[26.9928088,38.8560808],[26.9936204,38.8559483],[26.9941382,38.8559912],[26.9952337,38.8565216],[26.9957031,38.8568783],[26.9964272,38.857235],[26.9965805,38.8572211],[26.9970611,38.8567685],[26.9975294,38.8564696],[26.9975962,38.856427],[26.9984838,38.8561923],[26.9997649,38.8561347],[27.0006859,38.8563367],[27.001196,38.856987],[27.002182,38.856987],[27.0025259,38.8571075],[27.0028307,38.8573654],[27.0030462,38.8576605],[27.0027744,38.8580439],[27.0029475,38.8581049],[27.0035939,38.8584053],[27.003824,38.858528],[27.004153,38.858528],[27.005138,38.858785],[27.005959,38.859427],[27.005959,38.859941],[27.00563,38.860968],[27.005302,38.861482],[27.0053314,38.8616017],[27.0054572,38.8617145],[27.0059816,38.8617485],[27.006124,38.861996],[27.0060471,38.8629086],[27.0060888,38.8632571],[27.0062116,38.8634431],[27.006452,38.863408],[27.007438,38.863537],[27.0076101,38.8642629],[27.007273,38.864821],[27.0067041,38.8654341],[27.0067272,38.8657794],[27.0067868,38.8661759],[27.007274,38.866619],[27.007602,38.866875],[27.0082469,38.8669344],[27.0085631,38.8672318],[27.008752,38.867003],[27.008916,38.866875],[27.009244,38.866362],[27.009738,38.865976],[27.010395,38.865719],[27.010723,38.865719],[27.01138,38.865976],[27.012037,38.865976],[27.01253,38.866361],[27.012858,38.866875],[27.013352,38.86726],[27.014337,38.86726],[27.0151899,38.8677349],[27.0154551,38.867773],[27.0157302,38.8675366],[27.0161811,38.8675175],[27.016965,38.8676662],[27.0176367,38.8681683],[27.018115,38.868415],[27.018937,38.869057],[27.019923,38.869057],[27.02058,38.869313],[27.020743,38.869442],[27.021072,38.869956],[27.021565,38.87034],[27.0220926,38.8704286],[27.0228627,38.8712805],[27.0234159,38.8718731],[27.0238657,38.8723411],[27.025509,38.872651],[27.0259064,38.8727453],[27.026321,38.8726847],[27.0265328,38.8724187],[27.0268656,38.8722334],[27.026986,38.872009],[27.0269088,38.8716094],[27.0265718,38.8711313],[27.0262771,38.8702322],[27.0259228,38.8701099],[27.025508,38.869826],[27.025179,38.869698],[27.0247632,38.8693187],[27.0244089,38.8691435],[27.023865,38.868799],[27.023536,38.868671],[27.0231894,38.8682782],[27.0228614,38.8680087],[27.022533,38.867745],[27.021893,38.867515],[27.021236,38.867259],[27.020908,38.867131],[27.0207171,38.8670009],[27.0203801,38.866589],[27.0199652,38.8659559],[27.0196013,38.8653661],[27.019908,38.8648254],[27.0198977,38.8641886],[27.019991,38.8640747],[27.0271014,38.8634568],[27.0273909,38.8632941],[27.0274472,38.86317],[27.026381,38.8559575],[27.0264124,38.8557579],[27.0264661,38.8555489],[27.0266289,38.8554759],[27.0268357,38.8554434],[27.0270592,38.8555739],[27.027085,38.8560493],[27.0270751,38.8567365],[27.0279573,38.8631772],[27.0282419,38.8633347],[27.0281852,38.8635033],[27.0282623,38.8635391],[27.0283562,38.8633603],[27.0350993,38.8628143],[27.0354113,38.8627629],[27.0357598,38.8625195],[27.0358382,38.8624648],[27.0364543,38.8624196],[27.0369911,38.8623592],[27.0377969,38.86213],[27.0383126,38.8621477],[27.0387774,38.862267],[27.0389828,38.862469],[27.0384354,38.8628],[27.0383352,38.8628324],[27.038244,38.8628354],[27.0380782,38.8627876],[27.038036,38.8628562],[27.0382578,38.8629384],[27.0383429,38.8629518],[27.038419,38.8629281],[27.0390624,38.8625472],[27.0392787,38.86276],[27.0396009,38.8631469],[27.0401567,38.8639446],[27.040781,38.8643],[27.041274,38.864685],[27.0419512,38.8650021],[27.0422299,38.8652482],[27.042505,38.8655945],[27.043041,38.8661968],[27.043273,38.8667693],[27.0433752,38.8670069],[27.04341,38.867381],[27.043411,38.867638],[27.0434852,38.8680417],[27.0437784,38.8683588],[27.0447146,38.8686039],[27.046204,38.868792],[27.0470281,38.8685586],[27.0473721,38.868491],[27.0480738,38.8681835],[27.0486836,38.8679317],[27.0493743,38.8676905],[27.0497968,38.8676107],[27.0502486,38.8676592],[27.051031,38.8676604],[27.0513951,38.8678939],[27.051789,38.868276],[27.052281,38.868662],[27.0525549,38.8688441],[27.0531242,38.8692032],[27.05409,38.869559],[27.0549157,38.8697323],[27.055458,38.8696781],[27.0558856,38.8694927],[27.056224,38.868917],[27.0564643,38.8682874],[27.0566102,38.8680304],[27.0565728,38.8677843],[27.056388,38.867633],[27.0562064,38.8669929],[27.0562204,38.8667311],[27.0571333,38.8661214],[27.057372,38.865962],[27.0576432,38.8658701],[27.0581437,38.8658202],[27.0583985,38.8660982],[27.0585916,38.8661182],[27.0591178,38.8660232],[27.059378224674919,38.866326629919207],[27.059461857633725,38.86591549318387],[27.059908444590938,38.865233050967198],[27.060604020084298,38.864691457095375],[27.061480496338149,38.864343730250056],[27.061615198975989,38.864327118238364],[27.061679535264062,38.864294337262265],[27.062452077749999,38.864171978553003],[27.063224620235935,38.864294337262265],[27.063288956524008,38.864327118238364],[27.063423659161849,38.864343730250056],[27.064300135415699,38.864691457095375],[27.064995710909056,38.865233050967198],[27.065442297866273,38.86591549318387],[27.065596181244416,38.866671978553001],[27.065442297866273,38.867428455872506],[27.064995710909056,38.868110877014985],[27.064300135415699,38.868652444837686],[27.063423659161849,38.869000150608805],[27.063289156837648,38.869016736802742],[27.063224620235935,38.869049619843736],[27.06263799575882,38.869142532033223],[27.0629704,38.8695842],[27.063124,38.86994],[27.0631857,38.8706424],[27.063454,38.871481],[27.063455,38.873279],[27.063208,38.873751],[27.0630688,38.8740342],[27.0627237,38.8743333],[27.0619578,38.8746694],[27.061814,38.874821],[27.061486,38.875078],[27.061268,38.875314],[27.0607163,38.8756493],[27.0604522,38.8760855],[27.0603946,38.8764292],[27.060472,38.8767309],[27.0609571,38.8774296],[27.061159,38.877646],[27.0615285,38.8779709],[27.0617609,38.8783458],[27.0621439,38.8784186],[27.0624999,38.878544],[27.062639,38.878544],[27.0630578,38.8785514],[27.0633515,38.8783761],[27.06346,38.878159],[27.063459,38.877902],[27.0635049,38.8771177],[27.0636723,38.8767647],[27.0638005,38.8762766],[27.064115,38.876104],[27.0646931,38.8758769],[27.0650021,38.8758544],[27.0653638,38.8760522],[27.0655248,38.876284],[27.0652691,38.8770324],[27.0655105,38.877229],[27.065431,38.877387],[27.06576,38.878158],[27.0659611,38.8791715],[27.0658153,38.8794571],[27.0657783,38.8795735],[27.0657268,38.8797354],[27.0654063,38.8801079],[27.065267704802693,38.880236730822638],[27.065643128685998,38.880177269520999],[27.066415671171935,38.880299628230262],[27.066481374490994,38.880333105743439],[27.066614710097845,38.880349545465535],[27.06729040718275,38.880617556276725],[27.068164597119154,38.880270814195363],[27.068297939451003,38.880254373625888],[27.068363636045063,38.880220899539268],[27.069136178531,38.880098540830005],[27.069908721016937,38.880220899539268],[27.069974417610997,38.880254373625888],[27.07010775994285,38.880270814195363],[27.070984236196701,38.880618463130531],[27.071074001212438,38.880688340936828],[27.071212197198001,38.880666452843002],[27.071984739683938,38.880788811552264],[27.072050484789063,38.880822310356507],[27.072183778609851,38.88083874481341],[27.073060254863702,38.881186390969944],[27.073755830357058,38.881727859165615],[27.074202417314275,38.882410143020365],[27.074356300692418,38.883166452842993],[27.074202417314275,38.883922754614986],[27.073755830357058,38.884605017392907],[27.073682067718483,38.884662434886053],[27.074034774085057,38.884936985464613],[27.07448136104227,38.88561923850289],[27.074635244420417,38.886375514165003],[27.07448136104227,38.887131781776297],[27.074034774085057,38.887814013737234],[27.0733391985917,38.888355431423911],[27.07246272233785,38.88870304080146],[27.072329902931564,38.888719414925234],[27.072263683411936,38.888753155455738],[27.071491140926,38.888875514165001],[27.070718598440063,38.888753155455738],[27.070652378920435,38.888719414925234],[27.07051955951415,38.88870304080146],[27.069643083260299,38.888355431423911],[27.068947507766939,38.887814013737234],[27.068808490703002,38.887601643262464],[27.068068659963998,38.887718820939995],[27.067296117478062,38.887596462230732],[27.067229996765466,38.887562772044923],[27.067097078552148,38.8875463854733],[27.066220602298294,38.887198770435852],[27.065525026804941,38.886657343933692],[27.065078439847721,38.885975100864655],[27.064924556469581,38.885218820939997],[27.064955181350591,38.885068309367306],[27.064870586200062,38.885054910811732],[27.064804682586793,38.885021331243557],[27.064671547274148,38.885004917320067],[27.063795071020298,38.884657289846849],[27.063099495526941,38.884115843975593],[27.062652908569724,38.883433576500174],[27.062642330244788,38.883381586083324],[27.0625993,38.8836232],[27.0625037,38.8841596],[27.0623921,38.8847434],[27.0623162,38.8850039],[27.0622442,38.8852511],[27.0620378,38.8857308],[27.0618556,38.885906],[27.0615147,38.885879],[27.0613791,38.8858933],[27.0611414,38.8866483],[27.061496,38.8868055],[27.061402,38.8871357],[27.0606136,38.8878934],[27.0601858,38.8882991],[27.05999,38.8883381],[27.060055,38.8884175],[27.060098603946255,38.888470282029481],[27.060258448636297,38.888345864054436],[27.061134924890151,38.887998252929094],[27.06126760713537,38.887981895524817],[27.061333963816065,38.887948085107261],[27.062106506302001,38.887825726397999],[27.062879048787938,38.887948085107261],[27.062945405468632,38.887981895524817],[27.063078087713848,38.887998252929094],[27.063954563967702,38.888345864054436],[27.064650139461055,38.88888727768758],[27.065096726418272,38.889569492789207],[27.065124306358694,38.889705029701162],[27.0657703,38.8893809],[27.065779,38.8894333],[27.065134456345209,38.889754910078267],[27.065250609796419,38.89032572639799],[27.065096726418272,38.891081951955712],[27.064650139461055,38.891764145979373],[27.063954563967702,38.892305533558712],[27.063078087713848,38.892653123606088],[27.062945605753555,38.892669455220911],[27.062879048787938,38.892703367688732],[27.062106506302001,38.892825726397994],[27.061333963816065,38.892703367688732],[27.061267406850451,38.892669455220911],[27.061134924890151,38.892653123606088],[27.060258448636297,38.892305533558712],[27.059562873142941,38.891764145979373],[27.059116286185724,38.891081951955712],[27.05896240280758,38.89032572639799],[27.059116286185724,38.889569492789207],[27.059497704764507,38.888986830196217],[27.0592996,38.8891784],[27.0589716,38.8896924],[27.0581516,38.8903344],[27.0578226,38.8905914],[27.0574549,38.8908622],[27.0569534,38.8912042],[27.0566876,38.891382],[27.0559598,38.8917195],[27.0555504,38.8919098],[27.0548603,38.8921635],[27.0539556,38.8925489],[27.0536169,38.8926641],[27.0523608,38.8930764],[27.0515377,38.893275],[27.0502398,38.8936112],[27.0497567,38.8936091],[27.0495562,38.8935337],[27.049583,38.8934618],[27.0495785,38.8933012],[27.049555,38.8932845],[27.0495153,38.8933132],[27.0494938,38.8933536],[27.0494727,38.8934796],[27.0494448,38.8936471],[27.0493965,38.8938353],[27.0493083,38.8936303],[27.0491591,38.8934066],[27.0490881,38.8933144],[27.0490382,38.8932937],[27.0490023,38.8933116],[27.0491474,38.8935885],[27.0488722,38.8936623],[27.0482503,38.8937371],[27.0475197,38.8936539],[27.0466145,38.8934953],[27.0466516,38.8934214],[27.046194,38.8933479],[27.0459936,38.8930364],[27.0458359,38.892709],[27.0454752,38.8923929],[27.045341,38.8923248],[27.045027,38.8921554],[27.0448522,38.8919594],[27.0446851,38.8914194],[27.0446457,38.890945],[27.0444976,38.8909615],[27.0443082,38.8908638],[27.0442057,38.8908732],[27.0440154,38.8909203],[27.0436564,38.8910822],[27.0422684,38.8924247],[27.0421758,38.8923995],[27.0418947,38.8925323],[27.041871,38.8925491],[27.0416766,38.892687],[27.0403928,38.8931055],[27.0401436,38.8932616],[27.0397085,38.8934623],[27.0391917,38.8935497],[27.0387486,38.8935223],[27.0385824,38.8934298],[27.0384293,38.8928796],[27.0381919,38.8927389],[27.0380086,38.8927626],[27.0379515,38.8928313],[27.0378479,38.8930998],[27.0377471,38.8935117],[27.0375183,38.8943049],[27.0372856,38.8948374],[27.0372289,38.8949428],[27.0372217,38.8949562],[27.0370009,38.8953666],[27.0370855,38.8960443],[27.0369551,38.8964279],[27.0371226,38.8966354],[27.0372819,38.8965537],[27.0375247,38.8966093],[27.0377414,38.8966895],[27.0378792,38.8967915],[27.038006,38.897046],[27.0381205,38.8970498],[27.0382158,38.8968489],[27.03825,38.8967223],[27.0382982,38.8966463],[27.0384551,38.8966309],[27.0385423,38.8966228],[27.0387166,38.8967006],[27.0389622,38.8968586],[27.0397725,38.8966573],[27.0412675,38.897349],[27.041786,38.897944],[27.0421411,38.8985044],[27.0422461,38.8990555],[27.0423129,38.8993439],[27.0425751,38.8996864],[27.0423991,38.9004273],[27.0423728,38.9005382],[27.0422474,38.900623],[27.0422582,38.9010207],[27.0425786,38.9013504],[27.0433994,38.9018655],[27.043761,38.902567],[27.0441104,38.9028699],[27.0444478,38.9033211],[27.044513,38.9040243],[27.0441909,38.9046441],[27.0445568,38.9047815],[27.0447559,38.9051878],[27.0449158,38.9054347],[27.0449099,38.9058869],[27.044749,38.906419],[27.0443253,38.907534],[27.0439195,38.90778],[27.0435886,38.9084583],[27.0438526,38.908785],[27.0441578,38.9093223],[27.0444796,38.909685],[27.0448755,38.9097695],[27.0451438,38.9096728],[27.0454339,38.9095787],[27.0457941,38.9094495],[27.0465258,38.9095755],[27.047217,38.909628],[27.048532,38.909884],[27.0498008,38.9101141],[27.050176,38.91014],[27.0506946,38.9102467],[27.051135,38.9103393],[27.0516851,38.9104588],[27.0523037,38.910676],[27.0527841,38.9108214],[27.0539134,38.9110978],[27.0553171,38.9117973],[27.0556132,38.9121099],[27.0558004,38.9123275],[27.0560061,38.9126171],[27.0562929,38.9127856],[27.057002,38.9132463],[27.0571363,38.913488],[27.0572033,38.9137595],[27.0573486,38.9143484],[27.0573486,38.914584289120796],[27.057379314933943,38.914537385325282],[27.058074890427299,38.913996167243177],[27.05895136668115,38.913648681668903],[27.059081857374938,38.913632600255049],[27.059150405607063,38.913597673186267],[27.059922948093,38.913475314477004],[27.060695490578937,38.913597673186267],[27.060764038811062,38.913632600255049],[27.06089452950485,38.913648681668903],[27.0617710057587,38.913996167243177],[27.06246658125206,38.914537385325282],[27.062913168209274,38.915219354017083],[27.063067051587417,38.915975314477002],[27.062913168209274,38.916731266884291],[27.06246658125206,38.917413214494054],[27.0617710057587,38.917954406517318],[27.06089452950485,38.918301871009554],[27.060764239064572,38.918317926664692],[27.060695490578937,38.918352955767737],[27.059922948093,38.918475314477],[27.059150405607063,38.918352955767737],[27.059081657121428,38.918317926664692],[27.05895136668115,38.918301871009554],[27.058074890427299,38.917954406517318],[27.057379314933943,38.917413214494054],[27.056935289635703,38.916735178591047],[27.0567767,38.9173448],[27.0566237,38.917666],[27.056453,38.9179852],[27.056299,38.9182613],[27.0561664,38.9184992],[27.0557086,38.9192284],[27.0553806,38.9194854],[27.0549601,38.9202121],[27.0547236,38.9205134],[27.0545452,38.9210807],[27.0547246,38.9215404],[27.0547246,38.9217974],[27.0543956,38.9223114],[27.0540676,38.9230824],[27.0539909,38.9234438],[27.0537406,38.9246234],[27.0534116,38.9251364],[27.0530836,38.9253934],[27.0527546,38.9259074],[27.0524266,38.9264214],[27.0522151,38.9266685],[27.0517862,38.9269345],[27.0513336,38.9272433],[27.0511092,38.9274043],[27.0506636,38.9276565],[27.0502304,38.9279133],[27.0503202,38.9279975],[27.0502013,38.9281138],[27.049193,38.9287965],[27.0489766,38.9288624],[27.0484421,38.9291909],[27.0481051,38.9293396],[27.0475889,38.9296518],[27.0474459,38.9300016],[27.0475712,38.9300349],[27.0477587,38.9300709],[27.0479906,38.9301464],[27.0483515,38.9300005],[27.0493354,38.9296294],[27.0498341,38.9293017],[27.0502975,38.9292046],[27.0512157,38.928592],[27.0513728,38.9284584],[27.0513086,38.9283337],[27.0513462,38.9282196],[27.0514281,38.9281202],[27.0514937,38.9280324],[27.0518318,38.9279422],[27.0522295,38.9278869],[27.0524602,38.9280119],[27.052725,38.9279576],[27.0526929,38.9280076],[27.0527414,38.9280958],[27.0529238,38.9282837],[27.0528575,38.9283314],[27.0528927,38.9285559],[27.0530342,38.9286624],[27.0532779,38.9286388],[27.0534094,38.9286857],[27.0535454,38.928848],[27.0536821,38.9288819],[27.0537817,38.9290748],[27.0538744,38.929663],[27.0539745,38.9302762],[27.0537456,38.9313004],[27.0534166,38.9315574],[27.0530886,38.9323284],[27.0530886,38.9330984],[27.0521036,38.9338694],[27.0519396,38.9346404],[27.0509536,38.9347684],[27.0506246,38.9350254],[27.0506272,38.9352613],[27.0505709,38.9353451],[27.0507497,38.9354844],[27.0509955,38.935691],[27.0511772,38.9359536],[27.0512575,38.9360829],[27.0513694,38.936214],[27.051631,38.9364167],[27.0518384,38.9365626],[27.051935,38.9366593],[27.0520099,38.9367412],[27.052171,38.9368242],[27.0523539,38.9368459],[27.0524684,38.9368435],[27.0525913,38.9368943],[27.0527033,38.9369874],[27.0526203,38.9370688],[27.0530462,38.9373122],[27.0530676,38.937373],[27.0530853,38.9374514],[27.0531861,38.9375714],[27.0533567,38.9376497],[27.0538802,38.9378914],[27.0541402,38.938057],[27.0546663,38.938232],[27.0552536,38.9383497],[27.0555711,38.9383321],[27.0558025,38.9383607],[27.0563596,38.9386534],[27.0568788,38.9385115],[27.0571624,38.9385252],[27.0573768,38.9385694],[27.057808,38.9387744],[27.0585215,38.938958],[27.0596149,38.939053],[27.0601845,38.9392167],[27.0608564,38.9387659],[27.0611496,38.9375661],[27.0613494,38.9365434],[27.0620406,38.9367507],[27.0625395,38.93683],[27.0627969,38.9371805],[27.0630705,38.937339],[27.0633602,38.9374142],[27.0637572,38.9373683],[27.0641166,38.9373933],[27.064358,38.9375018],[27.0645136,38.9377396],[27.0647657,38.9378272],[27.0654094,38.9377647],[27.0659468,38.937681],[27.0667301,38.9375906],[27.067096,38.9373311],[27.0678709,38.9368821],[27.0681259,38.9367093],[27.0690641,38.9372956],[27.0694758,38.937706],[27.0697584,38.9378812],[27.0701491,38.9381828],[27.0703015,38.9382521],[27.0706773,38.9383572],[27.0725942,38.9385725],[27.0734507,38.9382821],[27.0746952,38.9388412],[27.0753336,38.9391583],[27.0763206,38.9395505],[27.0763421,38.9397341],[27.0766747,38.9400345],[27.0769751,38.9401513],[27.0772648,38.9402431],[27.0776617,38.9406604],[27.077871,38.9409191],[27.0779622,38.941136],[27.0782947,38.941328],[27.0785469,38.9415324],[27.0788473,38.9416701],[27.0792335,38.941958],[27.0795017,38.9423627],[27.079668,38.942588],[27.079888,38.9427758],[27.0802474,38.9428842],[27.0805693,38.943289],[27.0808911,38.9435226],[27.0811003,38.943848],[27.0808911,38.9440859],[27.0813417,38.9444739],[27.0818943,38.944161],[27.082243,38.9443571],[27.0826775,38.9445573],[27.0830047,38.9446575],[27.0830798,38.9451164],[27.0831013,38.9459174],[27.0833909,38.9461928],[27.0841312,38.946368],[27.0846355,38.9464765],[27.0849895,38.9466684],[27.0853543,38.9470689],[27.0858693,38.947386],[27.0862392,38.9475045],[27.0869744,38.9477532],[27.0875966,38.9476864],[27.088294,38.9477031],[27.0892596,38.9479367],[27.0898604,38.948137],[27.0915556,38.9489213],[27.0920277,38.94923],[27.0929825,38.9497974],[27.0936048,38.9501061],[27.09427,38.9502313],[27.0950746,38.9503231],[27.0960295,38.9505067],[27.0979178,38.9502146],[27.0980465,38.949764],[27.0973384,38.9484958],[27.0968019,38.9478116],[27.0956647,38.947119],[27.0942378,38.9464932],[27.0892138,38.9411588],[27.0921349,38.9373808],[27.0897861,38.9351404],[27.0919632,38.9325988],[27.0925349,38.9324629],[27.0942661,38.9308707],[27.1040474,38.9320183],[27.1078956,38.9283173],[27.1098018,38.9237906],[27.1117365,38.9240104],[27.1131424,38.9235729],[27.1142242,38.9227734],[27.115159,38.9222409],[27.119069,38.9190148],[27.1165602,38.9146558],[27.1230848,38.9124684],[27.1238494,38.9120067],[27.1241176,38.9116394],[27.1244931,38.9115225],[27.124654,38.9111719],[27.124933,38.9111385],[27.1251476,38.911414],[27.1253299,38.9116895],[27.1250403,38.9119065],[27.1249866,38.9123239],[27.1253997,38.9130001],[27.1258557,38.9128499],[27.1264887,38.9128081],[27.1275401,38.9126662],[27.1282107,38.9126078],[27.1288276,38.9124241],[27.1296966,38.912758],[27.1305334,38.9129667],[27.1311879,38.913092],[27.1313059,38.9129083],[27.131896,38.9128916],[27.1323252,38.9130878],[27.1323895,38.9131963],[27.1331191,38.9132631],[27.134648,38.9130878],[27.1351522,38.9129792],[27.1358817,38.9125827],[27.1364504,38.9127497],[27.1368957,38.9122279],[27.1371263,38.9118481],[27.1374106,38.9118689],[27.1376359,38.9118188],[27.1377915,38.9118355],[27.1378934,38.9119149],[27.1378881,38.9120192],[27.137813,38.9121653],[27.137872,38.9123448],[27.1380007,38.9124951],[27.1383655,38.9125535],[27.1385801,38.9125076],[27.1389823,38.9123866],[27.1394437,38.9122112],[27.1401465,38.9120651],[27.1403289,38.9118147],[27.1406937,38.9117562],[27.141493,38.9119649],[27.1417826,38.9118397],[27.1417129,38.9121027],[27.1420938,38.9123281],[27.1427643,38.9126578],[27.1434778,38.9124408],[27.1439338,38.9122237],[27.1442234,38.9118648],[27.1446257,38.9114432],[27.1452212,38.9109715],[27.1460473,38.9105207],[27.1462834,38.9102201],[27.1471095,38.909761],[27.1476674,38.9098445],[27.1479249,38.9094855],[27.1484184,38.9089094],[27.1486223,38.9082749],[27.1482038,38.9080245],[27.1486652,38.9071145],[27.1490621,38.9065885],[27.14962,38.9060792],[27.1498507,38.905428],[27.1506929,38.9047434],[27.1509826,38.904184],[27.1523988,38.9042675],[27.1585357,38.9003182],[27.1654804,38.8962808],[27.1676338,38.8957174],[27.167151,38.8954001],[27.1670759,38.8950327],[27.1674728,38.8941225],[27.1678269,38.8932457],[27.1677947,38.8927698],[27.1674299,38.8923522],[27.1670329,38.89206],[27.1665823,38.8918512],[27.1663248,38.8916257],[27.1659493,38.891108],[27.173522,38.8921697],[27.1776273,38.8874207],[27.1873206,38.8859159],[27.1868491,38.8851036],[27.1868491,38.8844689],[27.1863341,38.8839845],[27.1868598,38.8837507],[27.1871495,38.883592],[27.1876323,38.8833164],[27.1878683,38.8828278],[27.1882116,38.8826316],[27.1880293,38.8823977],[27.1879434,38.881955],[27.1881258,38.881028],[27.1882224,38.8804768],[27.1885643,38.8803106],[27.1817929,38.8787388],[27.1793148,38.8754358],[27.1787113,38.8753109],[27.1785825,38.8753151],[27.1783948,38.8753652],[27.1781748,38.8755072],[27.1780354,38.8755907],[27.1778423,38.8756158],[27.1765441,38.8755824],[27.1762919,38.8755698],[27.1762383,38.8760292],[27.1758038,38.8759958],[27.175616,38.8760376],[27.1753263,38.8760083],[27.175262,38.8763675],[27.1750206,38.8763884],[27.1748704,38.876451],[27.1742803,38.8766682],[27.1740979,38.8767642],[27.1740282,38.8765471],[27.1738779,38.8762506],[27.1737385,38.8760167],[27.1733791,38.8755406],[27.172132,38.875953],[27.1718824,38.8757828],[27.1715283,38.8754237],[27.1713138,38.8751981],[27.1709758,38.8750478],[27.1704976,38.8746208],[27.1697634,38.8745968],[27.1693933,38.8745174],[27.1686691,38.8743712],[27.168594,38.8742],[27.1685994,38.873916],[27.1686047,38.873607],[27.1686047,38.8733731],[27.168358,38.8729346],[27.1678698,38.8722622],[27.1669793,38.8714143],[27.1663409,38.8713642],[27.1661103,38.8713057],[27.1658099,38.8710719],[27.1654987,38.8709173],[27.1652466,38.8708338],[27.1649623,38.8707962],[27.1647906,38.8705665],[27.1646565,38.8700277],[27.1645063,38.8696644],[27.1643829,38.8694681],[27.1642703,38.8694012],[27.1639759,38.8693271],[27.1633959,38.869301],[27.1632349,38.8688666],[27.1630847,38.8685492],[27.1633704,38.8645017],[27.1645501,38.8605079],[27.1631491,38.8598361],[27.1626341,38.8594852],[27.1604776,38.85743],[27.1587941,38.856059],[27.1587503,38.8554875],[27.1587235,38.8551617]],[[26.965374828462938,38.716221848764263],[26.965426530887427,38.716248192465343],[26.965573867388848,38.716266400312783],[26.966450343642702,38.716614850217631],[26.967145919136055,38.71715757028494],[26.967592506093272,38.717841431597371],[26.967746389471415,38.718599490054991],[26.967648218191165,38.719083095112552],[26.96772550267427,38.71920143905762],[26.967879386052417,38.719959483090001],[26.96772550267427,38.720717519081823],[26.967278915717056,38.721401346330701],[26.966583340223696,38.721944030050999],[26.965706863969846,38.722292452274935],[26.965559843885444,38.722310619457133],[26.965507825043936,38.722337124380736],[26.964735282557999,38.722459483089999],[26.963962740072063,38.722337124380736],[26.963910721230555,38.722310619457133],[26.963763701146149,38.722292452274935],[26.962887224892299,38.721944030050999],[26.962191649398939,38.721401346330701],[26.961745062441725,38.720717519081823],[26.961591179063578,38.719959483090001],[26.961689350201251,38.71947588280802],[26.961612065860724,38.719357540472139],[26.961458182482581,38.718599490054991],[26.961612065860724,38.717841431597371],[26.962058652817937,38.71715757028494],[26.962754228311297,38.716614850217631],[26.963630704565148,38.716266400312783],[26.963778041066575,38.716248192465336],[26.963829743491065,38.716221848764263],[26.964602285977001,38.716099490055001],[26.965374828462938,38.716221848764263]],[[26.922460463916,38.732301361935001],[26.923233006401937,38.732423720644263],[26.923286090042154,38.732450768109906],[26.92343204532785,38.732468801177205],[26.9243085215817,38.732817172079272],[26.92500409707506,38.733359769096424],[26.925450684032274,38.734043475355897],[26.925604567410417,38.734801361934998],[26.925450684032274,38.735559240472625],[26.92500409707506,38.736242925679214],[26.9243085215817,38.736785496673576],[26.92343204532785,38.737133846522767],[26.92328629051292,38.737151853615131],[26.923233006401937,38.737179003225734],[26.922460463916,38.737301361934996],[26.921687921430063,38.737179003225734],[26.92163463731908,38.737151853615131],[26.92148888250415,38.737133846522767],[26.920612406250299,38.736785496673576],[26.919916830756943,38.736242925679214],[26.919470243799726,38.735559240472625],[26.919316360421583,38.734801361934998],[26.919470243799726,38.734043475355897],[26.919916830756943,38.733359769096424],[26.920612406250299,38.732817172079272],[26.92148888250415,38.732468801177205],[26.921634837789846,38.732450768109906],[26.921687921430063,38.732423720644263],[26.922460463916,38.732301361935001]],[[26.910434914434937,38.749626956788262],[26.910489464971079,38.749654751674711],[26.910633953360847,38.749672599203933],[26.911510429614701,38.750020886189908],[26.912206005108057,38.750563352504244],[26.912652592065275,38.751246894067776],[26.912806475443418,38.752004598078997],[26.912652592065275,38.752762294047677],[26.912206005108057,38.753445814555519],[26.911510429614701,38.753988254843598],[26.910633953360847,38.754336520773897],[26.910489665421615,38.754354342348634],[26.910434914434937,38.754382239369733],[26.909662371949,38.754504598078995],[26.908889829463064,38.754382239369733],[26.908835078476386,38.754354342348634],[26.90869079053715,38.754336520773897],[26.9078143142833,38.753988254843598],[26.90711873878994,38.753445814555519],[26.906672151832726,38.752762294047677],[26.90651826845458,38.752004598078997],[26.906672151832726,38.751246894067776],[26.90711873878994,38.750563352504244],[26.9078143142833,38.750020886189908],[26.90869079053715,38.749672599203933],[26.908835278926922,38.749654751674711],[26.908889829463064,38.749626956788262],[26.909662371949,38.749504598079],[26.910434914434937,38.749626956788262]],[[26.977453599579938,38.782556428844266],[26.977505653984629,38.782582951888216],[26.977380545504584,38.781967197346994],[26.977534428882723,38.781209811474383],[26.977981015839944,38.780526556906253],[26.978676591333297,38.779984318351673],[26.979553067587151,38.779636177595961],[26.979695000337994,38.779618653105786],[26.979752106513065,38.779589556056266],[26.980524648999001,38.779467197347003],[26.981297191484938,38.779589556056266],[26.981354297660008,38.779618653105786],[26.981496230410851,38.779636177595961],[26.982372706664702,38.779984318351673],[26.983068282158058,38.780526556906253],[26.983514869115275,38.781209811474383],[26.98354239109845,38.781345269647275],[26.983984655167298,38.781000505902156],[26.984861131421152,38.780652370107397],[26.985002977482271,38.780634856570401],[26.985060170347062,38.780605715350262],[26.985832712832998,38.780483356641],[26.986605255318935,38.780605715350262],[26.986662448183726,38.780634856570401],[26.986804294244848,38.780652370107397],[26.987680770498699,38.781000505902156],[26.988376345992059,38.781542736729826],[26.988822932949272,38.782225981561453],[26.988976816327419,38.78298335664099],[26.988822932949272,38.783740723676061],[26.988376345992059,38.78442394744696],[26.987680770498699,38.784966152242163],[26.986804294244848,38.785314266976208],[26.986662648597701,38.785331754595575],[26.986605255318935,38.785360997931733],[26.985832712832998,38.785483356640995],[26.985060170347062,38.785360997931733],[26.985002777068296,38.785331754595568],[26.984861131421152,38.785314266976208],[26.983984655167298,38.784966152242163],[26.983289079673941,38.78442394744696],[26.982842492716724,38.783740723676061],[26.982814970773315,38.783605269067969],[26.982372706664702,38.783950021205079],[26.981496230410851,38.784298140900248],[26.981354498075184,38.784315639471579],[26.981297191484938,38.784344838637736],[26.980524648999001,38.784467197346999],[26.979752106513065,38.784344838637736],[26.979700047783826,38.784318313390322],[26.979825160588415,38.784934070134994],[26.979728025403926,38.785412126796537],[26.980399487740055,38.785935528141302],[26.980846074697272,38.786618730880988],[26.980872127713386,38.786746949339467],[26.980941003325846,38.786755452588231],[26.9818174795797,38.787103558585983],[26.982513055073056,38.78764574300358],[26.982959642030274,38.788328929354812],[26.983113525408417,38.789086239607997],[26.983072500613613,38.789288133848146],[26.983577883246056,38.789682056239428],[26.984024470203273,38.79036522307652],[26.984105856582119,38.790765740529309],[26.984360194637699,38.790866749459944],[26.984785338721966,38.791198121586113],[26.98479377458494,38.791185217088547],[26.9854893500783,38.790643059589563],[26.98636582633215,38.790294970874569],[26.986506849742774,38.790277561263771],[26.986564865258064,38.790248000882265],[26.987337407744,38.790125642173003],[26.988109950229937,38.790248000882265],[26.988167965745227,38.790277561263771],[26.988308989155847,38.790294970874569],[26.989185465409697,38.790643059589563],[26.989881040903057,38.791185217088547],[26.990327627860271,38.791868369520188],[26.990481511238418,38.792625642173],[26.990327627860271,38.793382906780742],[26.989881040903057,38.794066038150106],[26.989185465409697,38.794608169614683],[26.988308989155847,38.7949562372674],[26.988230903426921,38.794965876453979],[26.988383029986274,38.795198576428447],[26.988536913364417,38.795955813700992],[26.988383029986274,38.796713042928268],[26.987936443029056,38.797396142380265],[26.9872408675357,38.79793824851496],[26.98636439128185,38.798286299904838],[26.986223852413374,38.798303647723671],[26.986165352355936,38.798333454991734],[26.98539280987,38.798455813700997],[26.984620267384063,38.798333454991734],[26.984561767326625,38.798303647723671],[26.984421228458149,38.798286299904838],[26.983544752204295,38.79793824851496],[26.982849176710943,38.797396142380265],[26.982402589753722,38.796713042928268],[26.982248706375582,38.795955813700992],[26.982376326194245,38.795327815507967],[26.981739594486065,38.795226967112733],[26.981681359483314,38.795197294896781],[26.981540555560152,38.795179913602588],[26.980664079306298,38.79483184704219],[26.979968503812941,38.794289717278936],[26.979521916855724,38.79360658805335],[26.979446734571326,38.793236614992402],[26.978796154080701,38.793743683506676],[26.977919677826847,38.794091755381025],[26.977778781058252,38.794109148401894],[26.977720638900937,38.794138773310735],[26.976948096415001,38.794261132019997],[26.976175553929064,38.794138773310735],[26.976117411771749,38.794109148401894],[26.975976515003151,38.794091755381025],[26.975100038749297,38.793743683506676],[26.974404463255944,38.793201545466779],[26.973957876298726,38.792518405812068],[26.973803992920583,38.79176113202],[26.973957876298726,38.791003850182911],[26.974404463255944,38.790320689466064],[26.975100038749297,38.789778525391931],[26.975976515003151,38.789430432455447],[26.976117612175294,38.789413013527394],[26.976129377740662,38.789407018672414],[26.976007796915297,38.789358732744645],[26.975312221421937,38.788816561354523],[26.974865634464724,38.788133379676268],[26.974822306755886,38.787920147050933],[26.974638132095052,38.788201896969277],[26.973942556601699,38.788744073034017],[26.973066080347845,38.78909216932189],[26.972924757013864,38.789109616223818],[26.972867041421935,38.789139023786738],[26.972094498935999,38.789261382496001],[26.971321956450062,38.789139023786738],[26.971264240858137,38.789109616223818],[26.971122917524148,38.78909216932189],[26.970246441270294,38.788744073034017],[26.969550865776938,38.788201896969277],[26.969104278819721,38.7875187094007],[26.968950395441578,38.786761382495996],[26.969104278819721,38.786004047546584],[26.969550865776938,38.785320838916675],[26.970246441270294,38.784778636818714],[26.971122917524148,38.784430519469502],[26.97126444126765,38.784413046654443],[26.971321956450062,38.784383741205268],[26.972094498935999,38.784261382496005],[26.972867041421935,38.784383741205268],[26.972924556604351,38.784413046654443],[26.973066080347845,38.784430519469502],[26.973596465251479,38.784641176844303],[26.973690836977724,38.784176715775487],[26.974137423934941,38.783493489635582],[26.974832999428298,38.782951273641665],[26.975709475682148,38.782603147370736],[26.975851155322488,38.782585654860036],[26.975908514608065,38.782556428844266],[26.976681057094002,38.782434070135004],[26.977453599579938,38.782556428844266]],[[26.976111571134936,38.832359272515262],[26.976173180639929,38.832390664125988],[26.976310610060846,38.832407620024604],[26.9771870863147,38.832755503010098],[26.977882661808056,38.83329734007679],[26.97832924876527,38.833980088738294],[26.978483132143417,38.83473691380599],[26.97832924876527,38.83549373082603],[26.977882661808056,38.836176458418464],[26.9771870863147,38.836718269442343],[26.976310610060846,38.837066131358782],[26.976173380992098,38.837083061401479],[26.976111571134936,38.837114555096733],[26.975339028649,38.837236913805995],[26.974566486163063,38.837114555096733],[26.974504676305902,38.837083061401479],[26.97436744723715,38.837066131358782],[26.973490970983296,38.836718269442343],[26.972795395489939,38.836176458418464],[26.972348808532722,38.83549373082603],[26.972194925154582,38.83473691380599],[26.972348808532722,38.833980088738294],[26.972795395489939,38.83329734007679],[26.973490970983296,38.832755503010098],[26.97436744723715,38.832407620024604],[26.97450487665807,38.832390664125988],[26.974566486163063,38.832359272515262],[26.975339028649,38.832236913806],[26.976111571134936,38.832359272515262]],[[27.020057597555937,38.694298018931264],[27.020107431422133,38.69432341055434],[27.020256636481847,38.694341854972855],[27.021133112735701,38.694690411737255],[27.021828688229053,38.695233298242805],[27.022275275186271,38.69591736928065],[27.022316710997163,38.696121552477209],[27.022344104109699,38.696132445940826],[27.023039679603055,38.696675321501687],[27.023486266560273,38.697359378748374],[27.023640149938416,38.698117654401983],[27.023486266560273,38.69887592201642],[27.023039679603055,38.699559958216241],[27.022344104109699,38.700102807761738],[27.021963823584787,38.700254025404931],[27.022275228006208,38.700730994263843],[27.022413442425151,38.700676034070526],[27.022562107697158,38.700657658006918],[27.022612481351064,38.700631991348267],[27.023385023837001,38.700509632639005],[27.023990019846028,38.700605454593294],[27.024267954129296,38.700388548229071],[27.025144430383151,38.700040019232432],[27.025293149857223,38.700021636305586],[27.025343469309064,38.699995997264267],[27.026116011795001,38.699873638555005],[27.026888554280937,38.699995997264267],[27.026938873732782,38.700021636305586],[27.027087593206847,38.700040019232432],[27.027964069460701,38.700388548229071],[27.028659644954057,38.700931391485149],[27.029106231911275,38.701615408025241],[27.029260115289418,38.702373638555002],[27.029106231911275,38.703131861045307],[27.028659644954057,38.703815856537844],[27.027964069460701,38.704358673777705],[27.027087593206847,38.704707181726768],[27.026939074241344,38.704725538640204],[27.026888554280937,38.704751279845738],[27.026116011795001,38.704873638555],[27.025510951410304,38.704777806404607],[27.025233081502702,38.704994650206913],[27.024356605248848,38.705343155056298],[27.024208140484667,38.705361505107248],[27.024157566322938,38.705387273929738],[27.023385023837001,38.705509632639],[27.022612481351064,38.705387273929738],[27.022561907189335,38.705361505107248],[27.022413442425151,38.705343155056298],[27.021536966171297,38.704994650206913],[27.020841390677941,38.704451837794913],[27.020468842464862,38.70388124560003],[27.020330627693848,38.703936203695619],[27.020182043021727,38.703954568928388],[27.020131588767935,38.703980276654733],[27.019359046281998,38.704102635363995],[27.018586503796062,38.703980276654733],[27.01853604954227,38.703954568928388],[27.018387464870148,38.703936203695619],[27.017510988616298,38.703587691988915],[27.016815413122941,38.703044868896427],[27.016368826165728,38.702360866029181],[27.016214942787581,38.701602635363997],[27.016368826165728,38.700844396659406],[27.016815413122941,38.700160372744733],[27.017510988616298,38.699617523636178],[27.017891269325681,38.69946630415658],[27.017505826327724,38.69887592201642],[27.017464390854666,38.698671746765733],[27.017436997404296,38.698660853605944],[27.016741421910936,38.698117993115467],[27.016294834953722,38.697433943124238],[27.016140951575579,38.696675660221992],[27.016294834953722,38.69591736928065],[27.016741421910936,38.695233298242805],[27.017436997404296,38.694690411737255],[27.018313473658147,38.694341854972855],[27.018462678717871,38.694323410554333],[27.018512512584064,38.694298018931264],[27.01928505507,38.694175660222001],[27.020057597555937,38.694298018931264]],[[26.986483711084936,38.723788832857267],[26.986536058562024,38.723815505229062],[26.98668275001085,38.723833631441472],[26.9875592262647,38.724182044452022],[26.988254801758057,38.724724707054918],[26.988701388715274,38.72540849595763],[26.988855272093417,38.726166474147995],[26.988701388715274,38.726924444297417],[26.988254801758057,38.727608212148667],[26.9875592262647,38.728150848730515],[26.98668275001085,38.728499240689608],[26.986536259042907,38.728517340916831],[26.986483711084936,38.728544115438737],[26.985711168599,38.728666474148],[26.984938626113063,38.728544115438737],[26.984886078155093,38.728517340916831],[26.98473958718715,38.728499240689608],[26.983863110933299,38.728150848730515],[26.983167535439943,38.727608212148667],[26.982720948482726,38.726924444297417],[26.982567065104583,38.726166474147995],[26.982720948482726,38.72540849595763],[26.983167535439943,38.724724707054918],[26.983863110933299,38.724182044452022],[26.98473958718715,38.723833631441472],[26.984886278635976,38.723815505229062],[26.984938626113063,38.723788832857267],[26.985711168599,38.723666474148004],[26.986483711084936,38.723788832857267]],[[27.007945598489936,38.727929835161262],[27.007998298995989,38.727956687410298],[27.008144637415846,38.727974768952002],[27.0090211136697,38.72832316176973],[27.009716689163056,38.728865792921439],[27.010163276120274,38.729549542193162],[27.010317159498417,38.730307476451998],[27.010163276120274,38.731065402669621],[27.009716689163056,38.731749130889206],[27.0090211136697,38.732291736019043],[27.008574378074677,38.732469299378351],[27.008355693334057,38.732804102528739],[27.0076601178407,38.733346699645168],[27.006783641586846,38.733695066265817],[27.006637593585101,38.733713110448278],[27.006584602660936,38.733740110672734],[27.005812060175,38.733862469381997],[27.005039517689063,38.733740110672734],[27.004986526764899,38.733713110448278],[27.00484047876315,38.733695066265817],[27.003964002509299,38.733346699645168],[27.003268427015939,38.732804102528739],[27.002821840058726,38.732120384406592],[27.002667956680579,38.731362469381992],[27.002821840058726,38.730604546316123],[27.003268427015939,38.72992080714166],[27.003964002509299,38.729378184003139],[27.004410737036221,38.729200612960476],[27.004629422844943,38.728865792921439],[27.005324998338295,38.72832316176973],[27.006201474592149,38.727974768952002],[27.006347813012013,38.727956687410298],[27.006400513518063,38.727929835161262],[27.007173056004,38.727807476452],[27.007945598489936,38.727929835161262]],[[26.98934132534,38.761312731073005],[26.990113867825936,38.761435089782267],[26.990169425411775,38.761463397786166],[26.990312906751846,38.761481117990421],[26.9911893830057,38.76182934735904],[26.991884958499057,38.762371723931935],[26.992331545456274,38.763055152414104],[26.992485428834417,38.763812731072996],[26.992331545456274,38.7645703016886],[26.991884958499057,38.765253709113175],[26.9911893830057,38.765796059657433],[26.990312906751846,38.766144267968457],[26.990169625848427,38.766161962232268],[26.990113867825936,38.766190372363738],[26.98934132534,38.766312731073],[26.988568782854063,38.766190372363738],[26.988513024831576,38.766161962232268],[26.98836974392815,38.766144267968457],[26.987493267674296,38.765796059657433],[26.986797692180943,38.765253709113175],[26.986351105223726,38.7645703016886],[26.986197221845579,38.763812731072996],[26.986351105223726,38.763055152414104],[26.986797692180943,38.762371723931935],[26.987493267674296,38.76182934735904],[26.98836974392815,38.761481117990421],[26.988513225268225,38.761463397786166],[26.988568782854063,38.761435089782267],[26.98934132534,38.761312731073005]],[[27.017792985282998,38.771702388134003],[27.018565527768935,38.771824746843265],[27.018621971556218,38.771853506389348],[27.018764566694845,38.771871114581714],[27.019641042948699,38.772219293242145],[27.020336618442055,38.772761590834918],[27.020783205399269,38.773444919795864],[27.020937088777416,38.774202388134],[27.020920323065276,38.774284914014331],[27.021258141668273,38.774801805159385],[27.021412025046416,38.775559259087991],[27.021258141668273,38.776316704972587],[27.020811554711056,38.776999999875059],[27.020115979217699,38.777542261120864],[27.019239502963849,38.777890412098536],[27.019097223993001,38.777907979737115],[27.019040464037936,38.777936900378734],[27.018267921551999,38.778059259087996],[27.017495379066062,38.777936900378734],[27.017438619110997,38.777907979737115],[27.017296340140149,38.777890412098536],[27.016419863886298,38.777542261120864],[27.015724288392938,38.776999999875059],[27.015277701435725,38.776316704972587],[27.015123818057582,38.775559259087991],[27.01514058383561,38.77547673357688],[27.014802765166721,38.77495984842821],[27.014648881788581,38.774202388134],[27.014802765166721,38.773444919795864],[27.015249352123938,38.772761590834918],[27.015944927617294,38.772219293242145],[27.016821403871148,38.771871114581714],[27.016963999009779,38.771853506389348],[27.017020442797062,38.771824746843265],[27.017792985282998,38.771702388134003]],[[26.987997078296935,38.798702374269261],[26.988055815196827,38.798732302214582],[26.988196117222845,38.798749620714638],[26.989072593476699,38.799097668141904],[26.989768168970059,38.799639761333523],[26.990214755927273,38.800322832732768],[26.990368639305416,38.801080015559997],[26.990214755927273,38.801837190341622],[26.989768168970059,38.802520240677232],[26.989072593476699,38.803062307832754],[26.988196117222845,38.803410334196371],[26.988056015589276,38.803427626800357],[26.987997078296935,38.803457656850732],[26.987224535810999,38.803580015559994],[26.986451993325062,38.803457656850732],[26.986393056032721,38.803427626800364],[26.986252954399149,38.803410334196371],[26.985376478145298,38.803062307832754],[26.984680902651942,38.802520240677232],[26.984234315694724,38.801837190341622],[26.984080432316581,38.801080015559997],[26.984234315694724,38.800322832732768],[26.984680902651942,38.799639761333523],[26.985376478145298,38.799097668141904],[26.986252954399149,38.798749620714638],[26.986393256425171,38.798732302214582],[26.986451993325062,38.798702374269261],[26.987224535810999,38.798580015559999],[26.987997078296935,38.798702374269261]],[[26.981573948516999,38.828466243161003],[26.982346491002936,38.828588601870266],[26.982407778621265,38.828619829471542],[26.982545529928846,38.828636825984525],[26.983422006182696,38.82898472739884],[26.984117581676056,38.829526593169177],[26.98456416863327,38.830209377999559],[26.984718052011416,38.830966243161001],[26.98456416863327,38.831723100274992],[26.984117581676056,38.832405864036907],[26.983422006182696,38.8329477037652],[26.982545529928846,38.833295584111049],[26.982407978977996,38.833312554763609],[26.982346491002936,38.833343884451736],[26.981573948516999,38.833466243160998],[26.980801406031063,38.833343884451736],[26.980739918056003,38.833312554763609],[26.980602367105149,38.833295584111049],[26.979725890851299,38.8329477037652],[26.979030315357939,38.832405864036907],[26.978583728400725,38.831723100274992],[26.978429845022578,38.830966243161001],[26.978583728400725,38.830209377999559],[26.979030315357939,38.829526593169177],[26.979725890851299,38.82898472739884],[26.980602367105149,38.828636825984525],[26.980740118412733,38.828619829471542],[26.980801406031063,38.828588601870266],[26.981573948516999,38.828466243161003]],[[27.057591940438002,38.75433594751],[27.058364482923938,38.754458306219263],[27.058419445480506,38.754486311040601],[27.058563521849848,38.754504106471643],[27.059439998103702,38.754852369885015],[27.060135573597055,38.75539479948403],[27.060582160554276,38.756078294783329],[27.060736043932415,38.756835947509991],[27.060582160554276,38.7575935921938],[27.060135573597055,38.758277066436634],[27.059439998103702,38.758819470008426],[27.058563521849848,38.759167712365326],[27.058419645925397,38.759185481847616],[27.058364482923938,38.759213588800733],[27.057713543078762,38.759316687543794],[27.05770799356327,38.759344009908553],[27.057261406606052,38.760027467388007],[27.0565658311127,38.760569857656243],[27.055689354858846,38.760918091471709],[27.055545628216887,38.760935842081395],[27.055490315932936,38.760964025097735],[27.054717773446999,38.761086383806997],[27.053945230961062,38.760964025097735],[27.053889918677111,38.760935842081395],[27.053746192035149,38.760918091471709],[27.052869715781295,38.760569857656243],[27.052174140287939,38.760027467388007],[27.051727553330721,38.759344009908553],[27.051573669952578,38.758586383806993],[27.051727553330721,38.757828749662472],[27.052174140287939,38.757145271126262],[27.052869715781295,38.756602854830447],[27.053746192035149,38.756254599958233],[27.053890119119941,38.756236823401885],[27.053945230961062,38.756208742516264],[27.054596165420286,38.756105644626253],[27.054601720321724,38.756078294783329],[27.055048307278941,38.75539479948403],[27.055743882772298,38.754852369885015],[27.056620359026148,38.754504106471643],[27.0567644353955,38.754486311040601],[27.056819397952065,38.754458306219263],[27.057591940438002,38.75433594751]],[[27.113175029168936,38.757897795192264],[27.113230285062745,38.757925949476395],[27.113374068094849,38.757943707820388],[27.1142505443487,38.758291954450662],[27.11494611984206,38.758834357909301],[27.115392706799273,38.75951782026965],[27.115546590177416,38.760275436482992],[27.115392706799273,38.761033044653274],[27.11494611984206,38.761716485956597],[27.1142505443487,38.762258863387316],[27.113374068094849,38.762607088960571],[27.11323048550355,38.762624821359914],[27.113175029168936,38.762653077773734],[27.112402486682999,38.762775436482997],[27.111629944197063,38.762653077773734],[27.111574487862448,38.762624821359914],[27.111430905271149,38.762607088960571],[27.110554429017299,38.762258863387316],[27.109858853523942,38.761716485956597],[27.109412266566725,38.761033044653274],[27.109258383188582,38.760275436482992],[27.109412266566725,38.75951782026965],[27.109858853523942,38.758834357909301],[27.110554429017299,38.758291954450662],[27.111430905271149,38.757943707820388],[27.111574688303254,38.757925949476395],[27.111629944197063,38.757897795192264],[27.112402486682999,38.757775436483001],[27.113175029168936,38.757897795192264]],[[27.083400070939938,38.772475206824268],[27.08345657021308,38.772503994641809],[27.083599109865848,38.772521595822063],[27.084475586119702,38.772869771307448],[27.085171161613058,38.773412063954964],[27.085617748570275,38.774095386684486],[27.085771631948418,38.774852848114996],[27.085617748570275,38.775610301501544],[27.085171161613058,38.776293603171673],[27.084475586119702,38.776835869788336],[27.083599109865848,38.777184024214328],[27.083456770636676,38.777201599467269],[27.083400070939938,38.777230489405738],[27.082627528454001,38.777352848115001],[27.081854985968064,38.777230489405738],[27.081798286271326,38.777201599467269],[27.081655947042151,38.777184024214328],[27.080779470788301,38.776835869788336],[27.080083895294944,38.776293603171673],[27.079637308337727,38.775610301501544],[27.07948342495958,38.774852848114996],[27.079637308337727,38.774095386684486],[27.080083895294944,38.773412063954964],[27.080779470788301,38.772869771307448],[27.081655947042151,38.772521595822063],[27.081798486694922,38.772503994641809],[27.081854985968064,38.772475206824268],[27.082627528454001,38.772352848115005],[27.083400070939938,38.772475206824268]],[[27.071953623868001,38.793369213193003],[27.072726166353938,38.793491571902265],[27.072784458623552,38.793521273297145],[27.072925205279851,38.793538647951443],[27.073801681533702,38.793886720827047],[27.074497257027058,38.794428853655518],[27.074943843984276,38.795111975000353],[27.075097727362419,38.795869213192994],[27.074943843984276,38.796626443340358],[27.074497257027058,38.79730954362239],[27.073801681533702,38.797851650415801],[27.072925205279851,38.798199702228615],[27.072784659022229,38.798217050980632],[27.072726166353938,38.798246854483736],[27.071953623868001,38.798369213192998],[27.071181081382065,38.798246854483736],[27.071122588713774,38.798217050980632],[27.070982042456151,38.798199702228615],[27.070105566202301,38.797851650415801],[27.069409990708941,38.79730954362239],[27.068963403751727,38.796626443340358],[27.068809520373584,38.795869213192994],[27.068963403751727,38.795111975000353],[27.069409990708941,38.794428853655518],[27.070105566202301,38.793886720827047],[27.070982042456151,38.793538647951443],[27.071122789112451,38.793521273297145],[27.071181081382065,38.793491571902265],[27.071953623868001,38.793369213193003]],[[27.077011533381999,38.831183027961004],[27.077784075867935,38.831305386670266],[27.07784559540546,38.831336732440278],[27.077983114793849,38.831353699690204],[27.078859591047699,38.831701587826636],[27.079555166541056,38.832243432916101],[27.080001753498273,38.832926191686944],[27.080155636876416,38.833683027961001],[27.080001753498273,38.834439856187458],[27.079555166541056,38.835122593889395],[27.078859591047699,38.835664412936268],[27.077983114793849,38.8360122800038],[27.077845795758897,38.836029221396551],[27.077784075867935,38.836060669251736],[27.077011533381999,38.836183027960999],[27.076238990896062,38.836060669251736],[27.076177271005101,38.836029221396551],[27.076039951970149,38.8360122800038],[27.075163475716298,38.835664412936268],[27.074467900222942,38.835122593889395],[27.074021313265725,38.834439856187458],[27.073867429887581,38.833683027961001],[27.074021313265725,38.832926191686944],[27.074467900222942,38.832243432916101],[27.075163475716298,38.831701587826636],[27.076039951970149,38.831353699690204],[27.076177471358537,38.831336732440278],[27.076238990896062,38.831305386670266],[27.077011533381999,38.831183027961004]],[[27.118956856575938,38.841459378684263],[27.119019242983054,38.84149116614639],[27.119155895501851,38.841508024035832],[27.120032371755702,38.841855862539177],[27.120727947249058,38.842397630323035],[27.121174534206272,38.843080291682682],[27.121328417584419,38.843837019974991],[27.121174534206272,38.844593740219089],[27.120727947249058,38.845276380508196],[27.120032371755702,38.845818122247451],[27.119155895501851,38.846165939680262],[27.119019443324284,38.846182771724649],[27.118956856575938,38.846214661265734],[27.118184314090001,38.846337019974996],[27.117411771604065,38.846214661265734],[27.117349184855719,38.846182771724649],[27.117212732678151,38.846165939680262],[27.116336256424301,38.845818122247451],[27.115640680930941,38.845276380508196],[27.115194093973727,38.844593740219089],[27.115040210595584,38.843837019974991],[27.115194093973727,38.843080291682682],[27.115640680930941,38.842397630323035],[27.116336256424301,38.841855862539177],[27.117212732678151,38.841508024035832],[27.117349385196949,38.84149116614639],[27.117411771604065,38.841459378684263],[27.118184314090001,38.841337019975001],[27.118956856575938,38.841459378684263]],[[27.035360249621938,38.850517244608263],[27.035423409414165,38.850549426129788],[27.035559288547848,38.850566186477906],[27.036435764801698,38.850913980696845],[27.037131340295055,38.851455679505904],[27.037577927252272,38.852138253951821],[27.037731810630415,38.852894885898998],[27.037577927252272,38.853651509797395],[27.037131340295055,38.854334063171322],[27.036435764801698,38.85487573593398],[27.035559288547848,38.855223509080936],[27.035423609744456,38.855240243594828],[27.035360249621938,38.855272527189733],[27.034587707136001,38.855394885898995],[27.033815164650065,38.855272527189733],[27.033751804527551,38.855240243594828],[27.033616125724148,38.855223509080936],[27.032739649470294,38.85487573593398],[27.032044073976941,38.854334063171322],[27.03159748701972,38.853651509797395],[27.031443603641581,38.852894885898998],[27.03159748701972,38.852138253951821],[27.032044073976941,38.851455679505904],[27.032739649470294,38.850913980696845],[27.033616125724148,38.850566186477906],[27.033752004857838,38.850549426129788],[27.033815164650065,38.850517244608263],[27.034587707136001,38.850394885899],[27.035360249621938,38.850517244608263]],[[27.152308099571002,38.869476914939],[27.153080642056938,38.869599273648262],[27.153145431415254,38.869632285475177],[27.153279680982848,38.869648840377188],[27.154156157236702,38.869996541274595],[27.154851732730059,38.870538094731479],[27.155298319687276,38.871220486022118],[27.155452203065416,38.871976914938998],[27.155298319687276,38.872733335805925],[27.154851732730059,38.873415706021525],[27.154156157236702,38.873957233428229],[27.153279680982848,38.874304913250597],[27.15314563172246,38.874321442341198],[27.153080642056938,38.874354556229733],[27.152308099571002,38.874476914938995],[27.151535557085065,38.874354556229733],[27.151470567419548,38.874321442341198],[27.151336518159148,38.874304913250597],[27.150460041905298,38.873957233428229],[27.149764466411941,38.873415706021525],[27.149317879454728,38.872733335805925],[27.149163996076581,38.871976914938998],[27.149317879454728,38.871220486022118],[27.149764466411941,38.870538094731479],[27.150460041905298,38.869996541274595],[27.151336518159148,38.869648840377188],[27.151470767726753,38.869632285475177],[27.151535557085065,38.869599273648262],[27.152308099571002,38.869476914939]],[[27.149069629306936,38.888040176720267],[27.14913599385487,38.888073991146385],[27.14926866823285,38.888090347559562],[27.1501451444867,38.888437958234256],[27.15084071998006,38.88897937116549],[27.151287306937274,38.889661585382648],[27.151441190315417,38.890417818011002],[27.151287306937274,38.891174042588283],[27.15084071998006,38.89185623572746],[27.1501451444867,38.892397622604882],[27.14926866823285,38.892745212201596],[27.14913619413964,38.892761542825433],[27.149069629306936,38.892795459301738],[27.148297086821,38.892917818011],[27.147524544335063,38.892795459301738],[27.147457979502359,38.892761542825433],[27.14732550540915,38.892745212201596],[27.146449029155296,38.892397622604882],[27.145753453661943,38.89185623572746],[27.145306866704725,38.891174042588283],[27.145152983326582,38.890417818011002],[27.145306866704725,38.889661585382648],[27.145753453661943,38.88897937116549],[27.146449029155296,38.888437958234256],[27.14732550540915,38.888090347559562],[27.147458179787129,38.888073991146385],[27.147524544335063,38.888040176720267],[27.148297086821,38.887917818011005],[27.149069629306936,38.888040176720267]],[[27.112796782423935,38.901382071624262],[27.112864286842338,38.901416466843393],[27.112995821349848,38.901432679684511],[27.113872297603699,38.901780225061096],[27.114567873097055,38.902321536287793],[27.115014460054272,38.903003622349189],[27.115168343432416,38.90375971291499],[27.115014460054272,38.904515795428914],[27.114567873097055,38.905197860410198],[27.113872297603699,38.905739145580455],[27.112995821349848,38.906086669876942],[27.112864487110848,38.906102856944699],[27.112796782423935,38.906137354205732],[27.112024239937998,38.906259712914995],[27.111251697452062,38.906137354205732],[27.111183992765149,38.906102856944699],[27.111052658526148,38.906086669876942],[27.110176182272294,38.905739145580455],[27.109480606778941,38.905197860410198],[27.109034019821721,38.904515795428914],[27.108880136443581,38.90375971291499],[27.109034019821721,38.903003622349189],[27.109480606778941,38.902321536287793],[27.110176182272294,38.901780225061096],[27.111052658526148,38.901432679684511],[27.111184193033658,38.901416466843393],[27.111251697452062,38.901382071624262],[27.112024239937998,38.901259712915],[27.112796782423935,38.901382071624262]],[[27.097353279181998,38.919773603583003],[27.098125821667935,38.919895962292266],[27.098194908146937,38.91993116361153],[27.098324860593848,38.919947177271553],[27.099201336847699,38.920294632005948],[27.099896912341055,38.920835802053659],[27.100343499298273,38.921517710218318],[27.100497382676416,38.922273603583008],[27.100343499298273,38.923029488894699],[27.099896912341055,38.92371137597631],[27.099201336847699,38.924252519963936],[27.098868942614338,38.924384280455655],[27.098421339997696,38.92473250408981],[27.097544863743845,38.925079935390585],[27.097415152564107,38.925095918136705],[27.097345824817936,38.925131242387735],[27.096573282331999,38.925253601096998],[27.095800739846062,38.925131242387735],[27.095731412099894,38.925095918136705],[27.095601700920145,38.925079935390585],[27.094725224666295,38.92473250408981],[27.094029649172938,38.924191363763278],[27.093583062215721,38.9235094812949],[27.093429178837578,38.922753601097],[27.093583062215721,38.921997712846057],[27.094029649172938,38.921315809294562],[27.094725224666295,38.920774642907865],[27.095057617467887,38.920642875879615],[27.095505221516298,38.920294632005948],[27.096381697770148,38.919947177271553],[27.09651165021706,38.91993116361153],[27.096580736696062,38.919895962292266],[27.097353279181998,38.919773603583003]]],[[[27.059759,38.8884729],[27.0596569,38.8884639],[27.0596473,38.8888114],[27.05962988751066,38.888835115855187],[27.059966680218892,38.88857296722356],[27.059759,38.8884729]]],[[[26.893997399351047,38.733582981433841],[26.893996096860636,38.733576566518785],[26.893988232072076,38.733579692471473],[26.893997399351047,38.733582981433841]]],[[[26.9676086,38.8045327],[26.9687389,38.804579],[26.968885096429783,38.804584418103104],[26.968591239031724,38.804134980611927],[26.968437355653581,38.803377830246994],[26.968527927225516,38.802932187395335],[26.968368753387367,38.802808142279709],[26.968254196661846,38.802853630188743],[26.96811404752324,38.802870928791386],[26.968055157735936,38.802900934636732],[26.967282615249999,38.803023293345994],[26.966510072764063,38.802900934636732],[26.966451182976758,38.802870928791386],[26.966311033838153,38.802853630188743],[26.966274102019106,38.802838965390869],[26.966298814981414,38.802960562259003],[26.966144931603271,38.803717717057928],[26.965698344646054,38.804400749366792],[26.96541901492758,38.804618427348906],[26.9661551,38.8047947],[26.9676086,38.8045327]]],[[[26.9714324,38.8058801],[26.971459337143571,38.805858488021677],[26.971168226311683,38.805812380595498],[26.9712516,38.8058799],[26.9714324,38.8058801]]],[[[26.9824359,38.8228664],[26.9824444,38.8229819],[26.982672633642874,38.822970240758622],[26.982488163276944,38.822826522608118],[26.982430199450953,38.822737892779656],[26.9824265,38.8227381],[26.9824359,38.8228664]]],[[[26.983364289137711,38.823497945523791],[26.983413470048298,38.823459629678986],[26.983357533949107,38.823437425211914],[26.983364289137711,38.823497945523791]]],[[[26.964062687649935,38.799177426606263],[26.964121465086851,38.79920737520623],[26.964261726575845,38.799224688587088],[26.964567089033867,38.799345946760297],[26.964738982090942,38.799083027867525],[26.965094683730012,38.798805811454599],[26.964990603207944,38.798724696409252],[26.964718005342363,38.79830773846124],[26.964711307313053,38.798317983634988],[26.9640157318197,38.798860082757521],[26.963457826107362,38.79908162594937],[26.964062687649935,38.799177426606263]]],[[[26.971906566533836,38.798919026757048],[26.971838589413199,38.798946020386552],[26.971918501309553,38.798977753221216],[26.971906566533836,38.798919026757048]]]]}},
{"type":"Feature","properties":{"full_id":"r1268481","osm_id":"1268481","osm_type":"relation","boundary":"administrative","cuisine":null,"amenity":null,"shop":null,"building":null,"wikipedia_":null,"website":null,"industrial":null,"url":null,"short_name":null,"landuse":null,"wikimedia_":null,"place":null,"name_sk":null,"name_nl":null,"name_hu":null,"name_cs":null,"name_ca":null,"cg_ref":null,"name_os":null,"name_tg":null,"name_be":null,"old_name":null,"alt_name":null,"name_sq":null,"salb_id":null,"salb_adm2n":null,"salb_adm1n":null,"population":null,"populati_1":null,"name_sr":null,"name_ml":null,"name_kk":null,"name_hy":null,"name_grc":null,"name_fr":null,"name_bg":null,"name_ba":null,"name_az":null,"geonames_i":null,"name_zh":null,"name_ur":null,"name_tt":null,"name_ko":null,"name_ja":null,"name_fa":null,"name_ce":null,"name_bn":null,"wikipedia":"tr:Bayraklı","wikidata":"Q812591","type":"boundary","ref_nuts_3":null,"ref_nuts":null,"old_name_s":null,"network":"TR35-districts","name_uk":null,"name_tr_su":"İlçesi","name_tr":"Bayraklı","name_ru":null,"name_ro":null,"name_lt":null,"name_en":"Bayraklı","name_el":null,"name_de":"Bayraklı","name_ar":null,"name":"Bayraklı","admin_leve":"6","ISO3166-2":null,"dangerArea":21305641.44,"DangerAr_1":19883428},"geometry":{"type":"MultiPolygon","coordinates":[[[[27.142936,38.4998766],[27.1430433,38.5001033],[27.143172,38.5002461],[27.1434724,38.5003132],[27.1440196,38.5003363],[27.1444595,38.5005022],[27.1446821,38.5006953],[27.1450013,38.5009682],[27.1452668,38.5010731],[27.145645,38.5012662],[27.1460393,38.50143],[27.14616,38.501579],[27.1463853,38.5018456],[27.1458891,38.5022612],[27.1458676,38.5024018],[27.1458515,38.5027587],[27.1459481,38.5029203],[27.1462217,38.5030882],[27.1464309,38.503275],[27.1468574,38.5036109],[27.1470371,38.5037998],[27.1471444,38.5039971],[27.1471256,38.5041524],[27.1472838,38.5042532],[27.1477264,38.5045071],[27.1479624,38.5046415],[27.1482119,38.5047527],[27.1483836,38.5048829],[27.1485901,38.5052229],[27.148928,38.5056616],[27.1496817,38.5048913],[27.1503872,38.5051641],[27.1504113,38.5053614],[27.1508914,38.5056322],[27.1510872,38.5059155],[27.1510148,38.505989],[27.1509504,38.5060604],[27.1507037,38.5062997],[27.1508861,38.5067278],[27.1512079,38.5069797],[27.151503,38.5073071],[27.1522057,38.5078906],[27.1524256,38.508239],[27.1527797,38.5085329],[27.1532303,38.5087092],[27.1533483,38.5090576],[27.1536112,38.5093011],[27.1539545,38.5093766],[27.1542174,38.5095235],[27.1544909,38.5097754],[27.1546948,38.510128],[27.1548396,38.5107702],[27.1554726,38.5112614],[27.1555906,38.5116056],[27.1556765,38.511954],[27.1557087,38.5122604],[27.1556604,38.5124954],[27.1555155,38.5127347],[27.15536,38.512911],[27.1553814,38.513167],[27.1553546,38.5133727],[27.1554244,38.5134483],[27.1562022,38.5139226],[27.1565831,38.5140107],[27.1573502,38.5139981],[27.1580154,38.5139604],[27.1586001,38.513868],[27.1589273,38.5140821],[27.1594477,38.5141828],[27.1600807,38.51425],[27.1607727,38.5142584],[27.1615237,38.5145648],[27.1618616,38.5150139],[27.1628487,38.5150559],[27.1632779,38.5155931],[27.1634495,38.5160632],[27.1640611,38.5165669],[27.1640718,38.517398],[27.1642434,38.5179268],[27.1644366,38.5184641],[27.1648872,38.5187495],[27.1652627,38.5190181],[27.1653271,38.5197736],[27.1658635,38.5201513],[27.166475,38.5201597],[27.1668398,38.5204283],[27.1673548,38.5208228],[27.1680951,38.5208564],[27.1687388,38.5210998],[27.1698546,38.5219224],[27.17067,38.5217797],[27.1711421,38.5220483],[27.1716142,38.5220399],[27.1724939,38.521998],[27.1732664,38.5222162],[27.1740818,38.5227534],[27.1763348,38.5241972],[27.1776867,38.525238],[27.1784377,38.5255066],[27.1802401,38.5258591],[27.1838236,38.5263963],[27.1844673,38.5258927],[27.1862161,38.5251961],[27.1790707,38.5130831],[27.1787,38.512],[27.175,38.5087],[27.1758,38.5065],[27.1822,38.5001],[27.1816,38.4978],[27.1824,38.4953],[27.1841,38.4945],[27.1837914,38.4925251],[27.183845,38.4920129],[27.1838289,38.491677],[27.1836573,38.4913159],[27.183491,38.4910598],[27.1830334,38.490479],[27.1825648,38.4901081],[27.1812434,38.4894243],[27.180849,38.4891606],[27.1796896,38.4886916],[27.1788454,38.4882197],[27.1785418,38.487949],[27.179045,38.4878224],[27.1792343,38.4876451],[27.179373,38.487599],[27.1795325,38.4875855],[27.1796271,38.4876601],[27.1800985,38.4877854],[27.1804221,38.4877239],[27.180586,38.4876571],[27.1809029,38.4876496],[27.1810413,38.4875515],[27.1811074,38.4872907],[27.1812766,38.4871536],[27.1818524,38.4871436],[27.1820189,38.4871918],[27.1821387,38.4870575],[27.1822216,38.4864957],[27.182646,38.4862648],[27.1827264,38.4860832],[27.1830656,38.4860051],[27.1834536,38.4861179],[27.1838513,38.486058],[27.1839983,38.48588],[27.184239,38.4856814],[27.1843883,38.4856907],[27.1850028,38.4830251],[27.1851151,38.4828648],[27.1845671,38.4822175],[27.184504502979646,38.481361003326022],[27.184085681247847,38.481528055390967],[27.183918169089605,38.481548824324271],[27.183886642321937,38.481564888014738],[27.183114099836001,38.481687246724],[27.182341557350064,38.481564888014738],[27.1823100305824,38.481548824324271],[27.182142518424151,38.481528055390967],[27.181266042170297,38.481178462337496],[27.18057046667694,38.4806339550139],[27.180123879719726,38.479947829902009],[27.17996999634158,38.479187246724003],[27.180123879719726,38.478426655520771],[27.18057046667694,38.477740509398593],[27.181266042170297,38.477195976104845],[27.182142518424151,38.476846362041087],[27.182310231342594,38.476825566831302],[27.182341557350064,38.476809605433267],[27.182391380573502,38.476801714209905],[27.18206713874994,38.476547878275277],[27.181620551792726,38.475861714270671],[27.181466668414579,38.475101087979986],[27.181620551792726,38.474340453664368],[27.18206713874994,38.473654268650165],[27.182762714243299,38.473109704491691],[27.183090830354889,38.47297881616619],[27.183175772711294,38.472912314844748],[27.184052248965145,38.472562680007492],[27.1842203258811,38.472541838426309],[27.184251287891062,38.472526062494268],[27.184974063869415,38.472411586025459],[27.185600479277294,38.471921159025122],[27.186476955531148,38.471571519381563],[27.186645116666156,38.471550667070552],[27.186675994457062,38.471534934050261],[27.187448536942998,38.471412575340999],[27.188221079428935,38.471534934050261],[27.188251957219844,38.471550667070552],[27.188420118354845,38.471571519381563],[27.189296594608699,38.471921159025122],[27.189992170102055,38.472465732160487],[27.190438757059272,38.473151928486288],[27.190520121890703,38.473554115544168],[27.1907222,38.473301],[27.1911406,38.4729861],[27.1916288,38.4726753],[27.1921921,38.4724107],[27.1928465,38.4721209],[27.1938229,38.4717345],[27.1949601,38.4713313],[27.195572066907083,38.471176870513972],[27.1949989012823,38.47094822409462],[27.194303325788944,38.470403639498016],[27.193856738831727,38.469717417016952],[27.193840728526816,38.469638273338191],[27.193285005991001,38.469726291141001],[27.192512463505064,38.469603932431738],[27.192481953065318,38.46958838658621],[27.192313424579151,38.469567488177042],[27.1914369483253,38.469217837120496],[27.190741372831944,38.46867323945532],[27.190294785874727,38.467987000506959],[27.190140902496584,38.467226291140996],[27.19027869511719,38.46654511787829],[27.19007236708585,38.4666274312954],[27.189903588797829,38.46664836153461],[27.189873328159937,38.466663780099736],[27.189100785674,38.466786138808999],[27.188753698690654,38.466731165631394],[27.18863470994885,38.466778635426635],[27.188465944507644,38.466799564028832],[27.188464060959067,38.466800523744766],[27.188640352778059,38.466938554984353],[27.189086939735272,38.4676248039098],[27.189240823113419,38.468385509071993],[27.189086939735272,38.469146206209679],[27.188640352778059,38.46983243412668],[27.187944777284702,38.470377023037265],[27.187068301030852,38.470726668473013],[27.186899871037006,38.470747554332867],[27.186869262104938,38.470763150362735],[27.186096719619002,38.470885509071998],[27.185324177133065,38.470763150362735],[27.185293568200997,38.470747554332867],[27.185125138207152,38.470726668473013],[27.184248661953301,38.470377023037265],[27.183553086459941,38.46983243412668],[27.183225848634393,38.469329598726397],[27.182997013322058,38.469681229033689],[27.182301437828702,38.470225819086245],[27.181424961574848,38.470575465255173],[27.181256518733601,38.470596352751947],[27.181225922648938,38.470611942235735],[27.180453380163001,38.470734300944997],[27.179680837677065,38.470611942235735],[27.179650241592405,38.470596352751947],[27.179481798751151,38.470575465255173],[27.178605322497297,38.470225819086245],[27.177909747003941,38.469681229033689],[27.177463160046724,38.468994999677754],[27.177335155761643,38.468362230247905],[27.176953093354292,38.468209812665314],[27.17625751786094,38.467665207387356],[27.175810930903722,38.46697895884639],[27.175657047525579,38.466218238846999],[27.175700444724885,38.466003703228772],[27.175571721695064,38.465983315503735],[27.175541518869561,38.465967926395493],[27.175372682769151,38.465946988789405],[27.175190705452753,38.465874389269196],[27.175160985036271,38.46602131361999],[27.174714398079058,38.466707571273787],[27.174018822585698,38.467252183783771],[27.173142346331847,38.467601844371295],[27.17297365083374,38.467622764061041],[27.172943307405937,38.467638224809733],[27.172170764920001,38.467760583518995],[27.171398222434064,38.467638224809733],[27.171367879006269,38.467622764061048],[27.171334381107958,38.46761861003413],[27.171892721073053,38.468055766811986],[27.172339308030271,38.468742005105952],[27.172493191408414,38.469502698482991],[27.172339308030271,38.470263383835444],[27.171892721073053,38.470949601120765],[27.171197145579701,38.471494181593975],[27.170320669325847,38.471843821612552],[27.170152334254848,38.471864695378258],[27.170121630399937,38.471880339773733],[27.169372117646958,38.471999050931629],[27.169351794073702,38.47201496256352],[27.168475317819848,38.472364600056764],[27.168307026999045,38.472385468184662],[27.168276278893938,38.472401135126738],[27.167503736408001,38.472523493836],[27.166731193922065,38.472401135126738],[27.166700445816957,38.472385468184662],[27.166532154996155,38.472364600056764],[27.165655678742301,38.47201496256352],[27.164960103248944,38.471470386023604],[27.164513516291727,38.47078417369449],[27.16435963291358,38.47002349383601],[27.164513516291727,38.469262805952908],[27.164960103248944,38.468576572615071],[27.165655678742301,38.468031970106928],[27.16649314657575,38.467697873493577],[27.165807684352938,38.467161182714385],[27.165361097395724,38.466474929377114],[27.165207214017578,38.465714204060994],[27.165311481608512,38.465198749866339],[27.164960957021062,38.465143232225735],[27.164930825568508,38.46512787948383],[27.164761918095152,38.465106932782689],[27.163885441841298,38.464757260098466],[27.163189866347938,38.464212628747518],[27.162743279390725,38.463526347352811],[27.162605157257229,38.462843510123967],[27.1623557,38.4632788],[27.1620115,38.4634771],[27.161623,38.4634831],[27.1615233,38.4635313],[27.1613177,38.4634887],[27.1612845,38.4635366],[27.1615312,38.4636132],[27.1612246,38.4645481],[27.1611372,38.4646492],[27.1605751,38.4650343],[27.159875,38.4655141],[27.1593917,38.465822],[27.1590234,38.4661351],[27.1586717,38.4664474],[27.158820970684438,38.466725973033491],[27.159041435943696,38.466813926191371],[27.159737011437056,38.467358537898164],[27.160183598394269,38.46804478282705],[27.160337481772416,38.468805483558995],[27.160183598394269,38.469566176266397],[27.159737011437056,38.470252400186766],[27.159041435943696,38.470796985925595],[27.158164959689845,38.471146629324934],[27.157996565379285,38.471167510638324],[27.157965920763935,38.471183124849738],[27.157297390088619,38.471289009706588],[27.157440705045413,38.471997435581002],[27.157328167320056,38.472553719427502],[27.157335363308814,38.472559353212141],[27.157409097109756,38.472550210202755],[27.157440059831064,38.472534433908265],[27.158212602317001,38.472412075199003],[27.158985144802937,38.472534433908265],[27.159016107524238,38.472550210202755],[27.159184183728847,38.472571051693308],[27.160060659982701,38.472920686489971],[27.160756235476057,38.473465252076082],[27.161202822433275,38.474151438889216],[27.161356705811418,38.474912075198993],[27.161202822433275,38.475672703483831],[27.160756235476057,38.476358869287409],[27.160060659982701,38.476903408904278],[27.159184183728847,38.477253022691379],[27.15901630828909,38.477273837900448],[27.158985144802937,38.477289716489736],[27.158212602317001,38.477412075198998],[27.157440059831064,38.477289716489736],[27.157408896344911,38.477273837900448],[27.15724102090515,38.477253022691379],[27.1563645446513,38.476903408904278],[27.156010682877241,38.476626383970668],[27.155937094484621,38.476635508422362],[27.155905985240938,38.476651359373733],[27.155133442755002,38.476773718082995],[27.154360900269065,38.476651359373733],[27.154329791025379,38.476635508422362],[27.154161861343148,38.476614686303286],[27.153285385089298,38.476265069420464],[27.152589809595941,38.475720524981917],[27.152143222638728,38.475034353102693],[27.151989339260581,38.474273718082998],[27.152101876890139,38.47371744640369],[27.151752968391939,38.473444288158767],[27.151306381434722,38.472758094615422],[27.151152498056579,38.471997435581002],[27.151306381434722,38.471236768521827],[27.151752968391939,38.470550553969417],[27.152448543885296,38.470005966369413],[27.153325020139146,38.469656317439004],[27.153493344006026,38.469635444394527],[27.153524059065063,38.469619794290267],[27.154192585058247,38.469513910174996],[27.154049274783578,38.468805483558995],[27.154203158161721,38.46804478282705],[27.154649745118938,38.467358537898164],[27.155166667957175,38.466953805080664],[27.1550218,38.4669351],[27.1550557,38.4667771],[27.155328,38.4652442],[27.1553645,38.4652478],[27.1553739,38.465182],[27.155286,38.4651745],[27.1552738,38.4652383],[27.1553002,38.4652427],[27.1550194,38.4667682],[27.1547939,38.4667703],[27.1546973,38.4669904],[27.1546581,38.466977],[27.1544077,38.4669025],[27.1542172,38.4668962],[27.1539155,38.4669501],[27.1538484,38.4669363],[27.153711,38.4668623],[27.1539107,38.466503],[27.1535169,38.4662663],[27.1529183,38.4660148],[27.1520372,38.4656787],[27.1514257,38.4654603],[27.1517328,38.4646633],[27.1515893,38.4646329],[27.1514257,38.4651936],[27.15079,38.4652682],[27.1500922,38.4650878],[27.1505526,38.4636752],[27.1505781,38.4636767],[27.1505862,38.4636498],[27.1506012,38.4636527],[27.1506186,38.4636],[27.1505023,38.4635787],[27.1504804,38.4636287],[27.1505371,38.4636435],[27.1500669,38.4650746],[27.1491574,38.4648417],[27.1488092,38.4647235],[27.1484734,38.464639],[27.1482793,38.4645353],[27.1481499,38.4643785],[27.1481252,38.4642868],[27.147851,38.4642724],[27.1473549,38.4644557],[27.1463911,38.4645039],[27.1451594,38.464669],[27.1451567,38.464795],[27.1450417,38.4647822],[27.1450154,38.4648775],[27.143890032385077,38.46474555350153],[27.144303661392058,38.465069421078766],[27.144750248349276,38.46575568779047],[27.144904131727419,38.466516412668994],[27.144750248349276,38.467277129523133],[27.144303661392058,38.467963375226709],[27.143930690348597,38.468255394081432],[27.144031415413274,38.468410171809474],[27.144185298791413,38.469170868687002],[27.144031415413274,38.469931557539951],[27.143584828456056,38.470617777983144],[27.1428892529627,38.471162360962452],[27.142012776708846,38.471512002590067],[27.141844413443536,38.471532879947979],[27.141813737782936,38.471548509977737],[27.141041195296999,38.471670868686999],[27.140268652811063,38.471548509977737],[27.140237977150463,38.471532879947979],[27.140069613885146,38.471512002590067],[27.139193137631295,38.471162360962452],[27.138497562137939,38.470617777983144],[27.138319617629403,38.470344350473589],[27.138237871370269,38.470748440664437],[27.137791284413055,38.47143465333361],[27.137095708919698,38.471979230143411],[27.136219232665848,38.472328867809921],[27.136050938808921,38.472349736324645],[27.136020193739938,38.472365401719735],[27.135247651254002,38.472487760428997],[27.13483358527882,38.472422178821262],[27.135125174941056,38.472650466751574],[27.135571761898269,38.47333666131923],[27.135725645276416,38.474097306225005],[27.135571761898269,38.474857943105881],[27.135125174941056,38.475544116664118],[27.134429599447699,38.476088662435139],[27.133553123193849,38.476438280173468],[27.133385178521603,38.476459104202156],[27.133354084267935,38.476474947515733],[27.132581541781999,38.476597306224996],[27.131808999296062,38.476474947515733],[27.131777905042394,38.476459104202156],[27.131609960370149,38.476438280173468],[27.130733484116298,38.476088662435139],[27.13067071344252,38.476039521105008],[27.130543073978998,38.476059737210001],[27.129770531493062,38.475937378500738],[27.129739482917223,38.475921558461181],[27.129571492567145,38.475900728613425],[27.129201571394187,38.47575316960355],[27.12878954455385,38.47591752423606],[27.128621555630943,38.475938353901995],[27.128590505627937,38.475954174668736],[27.127817963142,38.476076533377999],[27.127045420656064,38.475954174668736],[27.127014370653054,38.475938353901995],[27.126970044344176,38.475932857693138],[27.126817072096269,38.476688971704583],[27.126625808217376,38.47698283806362],[27.127057122411053,38.47732049559923],[27.127375135502636,38.477809100824729],[27.12768321583215,38.477686213341272],[27.127850857383475,38.477665427222668],[27.127882254758063,38.477649429461266],[27.128654797244,38.477527070752004],[27.129427339729936,38.477649429461266],[27.129458737104525,38.477665427222668],[27.129626378655846,38.477686213341272],[27.1305028549097,38.478035823331993],[27.130940030738508,38.478378063711162],[27.130948049140297,38.478371786584432],[27.131824525394151,38.478022178223078],[27.131992138396338,38.478001395741174],[27.132023564320065,38.477985383433264],[27.132796106806001,38.477863024724002],[27.133568649291938,38.477985383433264],[27.133600075215664,38.478001395741174],[27.133767688217848,38.478022178223078],[27.133778306367095,38.478026413584551],[27.13377185989658,38.477994550765999],[27.133925743274727,38.477233946978423],[27.134372330231944,38.476547789503819],[27.1350679057253,38.476003247200779],[27.135944381979154,38.47565362735272],[27.136112196249925,38.475632819231706],[27.136143420905064,38.475616909475264],[27.136915963391001,38.475494550766001],[27.137688505876937,38.475616909475264],[27.137719730532083,38.475632819231713],[27.137857759301575,38.475649934101178],[27.13819177927294,38.475136719860778],[27.138887354766297,38.474592166899427],[27.139763831020151,38.474242540208337],[27.139931765195694,38.474221716812181],[27.139962869946064,38.474205868150264],[27.140735412432001,38.474083509441002],[27.141507954917937,38.474205868150264],[27.141539059668307,38.474221716812181],[27.141706993843847,38.474242540208337],[27.142583470097701,38.474592166899427],[27.143279045591058,38.475136719860778],[27.143725632548271,38.475822890765713],[27.143879515926418,38.476583509440992],[27.143725632548271,38.477344120091232],[27.143279045591058,38.478030269986313],[27.143238044572055,38.478062367381561],[27.143278701246416,38.478263321542997],[27.143124817868273,38.4790239144696],[27.142678230911059,38.479710048375857],[27.141982655417699,38.480254562678745],[27.141168354298586,38.480579360598043],[27.141403293690701,38.480673070100551],[27.142098869184053,38.481217577128668],[27.142545456141274,38.481903690154056],[27.142699339519414,38.482664244669003],[27.142545456141274,38.483424791158498],[27.142098869184053,38.484110883173017],[27.141403293690701,38.484655364230257],[27.140526817436847,38.485004940419635],[27.140359600750429,38.485025671718859],[27.140327778510937,38.485041885959738],[27.139555236025,38.485164244669001],[27.138782693539063,38.485041885959738],[27.138750871299571,38.485025671718859],[27.138718853452136,38.485021702189322],[27.13875148247406,38.485047243324573],[27.139198069431274,38.485733319894017],[27.13935195280942,38.486493833996995],[27.139198069431274,38.487254340074287],[27.13875148247406,38.487940395632194],[27.1380559069807,38.488484847757164],[27.137179430726849,38.488834405370817],[27.137012539490662,38.48885509522168],[27.136980391800936,38.488871475287738],[27.136207849314999,38.488993833997],[27.135435306829063,38.488871475287738],[27.135403159139337,38.48885509522168],[27.135236267903153,38.488834405370817],[27.134899528209282,38.488700106325865],[27.135039317257057,38.488809523782237],[27.135485904214274,38.489495564534216],[27.135639787592414,38.490256038932991],[27.135600508587835,38.49045014932036],[27.136017427882695,38.490616421605601],[27.136713003376052,38.491160853511538],[27.137159590333269,38.491846871877001],[27.137313473711412,38.49260732146],[27.137246011608354,38.492940697210535],[27.1377769439517,38.493152431778853],[27.138472519445056,38.493696844522574],[27.13891910640227,38.494382838742119],[27.139072989780416,38.495143261559001],[27.13891910640227,38.495903676349613],[27.138472519445056,38.496589649556164],[27.1377769439517,38.497134036326401],[27.136900467697849,38.497483551979556],[27.136734311576237,38.497504148224095],[27.136701428771936,38.497520902849736],[27.135928886285999,38.497643261558999],[27.135156343800062,38.497520902849736],[27.135123460995761,38.497504148224095],[27.134957304874149,38.497483551979556],[27.134080828620299,38.497134036326401],[27.133385253126939,38.496589649556164],[27.132938666169725,38.495903676349613],[27.132784782791582,38.495143261559001],[27.13285224460045,38.494809895477822],[27.132321312551291,38.494598166302794],[27.131673543217403,38.494091176807125],[27.131272530370062,38.494027662611735],[27.131239944466131,38.494011059264388],[27.131073491444145,38.493990425216445],[27.130678903078906,38.493833066135814],[27.129905307010851,38.494141570190656],[27.129738866835233,38.494162202602837],[27.129706268084938,38.494178812495733],[27.128933725599001,38.494301171204995],[27.128161183113065,38.494178812495733],[27.12812858436277,38.494162202602837],[27.127962144187151,38.494141570190656],[27.127085667933301,38.493792038323249],[27.126390092439941,38.493247626298839],[27.125943505482727,38.492561621270333],[27.125789622104584,38.491801171205005],[27.125943505482727,38.491040713113627],[27.126390092439941,38.490354687072703],[27.127085667933301,38.489810249075497],[27.127962144187151,38.489460696195657],[27.128128785109119,38.489440037521788],[27.128161183113065,38.489423529914262],[27.128933725599001,38.489301171205],[27.129566741368873,38.48940143105343],[27.12995205093894,38.488809523782237],[27.130647626432296,38.488265074110352],[27.131524102686146,38.487915513734933],[27.131690874930918,38.487894838337475],[27.131723141612063,38.487878397642262],[27.132495684098,38.487756038933],[27.133268226583937,38.487878397642262],[27.133300493265086,38.487894838337475],[27.133467265509847,38.487915513734933],[27.133804005879366,38.488049814110411],[27.133664216155942,38.487940395632194],[27.133217629198725,38.487254340074287],[27.133063745820582,38.486493833996995],[27.133217629198725,38.485733319894017],[27.133664216155942,38.485047243324573],[27.134359791649299,38.48450276522793],[27.135236267903153,38.484153186602747],[27.135403359891544,38.484132470483964],[27.135435306829063,38.484116192706267],[27.136207849314999,38.483993833997005],[27.136980391800936,38.484116192706267],[27.137012338738455,38.484132470483964],[27.137044232130428,38.484136424637022],[27.13701160286594,38.484110883173017],[27.136996479687838,38.484087649418512],[27.136991432461087,38.484085077728032],[27.136824135839145,38.484064336247812],[27.135947659585295,38.483714755496052],[27.135252084091938,38.483170267332767],[27.13515854131818,38.483026555595004],[27.1347943658057,38.483311629417884],[27.133917889551849,38.483661212124957],[27.133750558671455,38.483681957968585],[27.133718850625936,38.483698114024733],[27.132946308139999,38.483820472733996],[27.132173765654063,38.483698114024733],[27.13214205760854,38.483681957968585],[27.13213144571483,38.483680642295788],[27.131977603421273,38.484440975010308],[27.131531016464059,38.485127057351235],[27.130835440970699,38.485671530731437],[27.129958964716849,38.486021101991831],[27.129791834388186,38.486041822292378],[27.129759925790935,38.486058080534733],[27.128987383304999,38.486180439243995],[27.128214840819062,38.486058080534733],[27.128182932221812,38.486041822292378],[27.128015801893149,38.486021101991831],[27.127139325639298,38.485671530731437],[27.126747435184306,38.48536477190693],[27.126386280936845,38.485508814648945],[27.126219107071673,38.48552954049434],[27.126187242010936,38.485545776553735],[27.125414699524999,38.485668135262998],[27.124642157039062,38.485545776553735],[27.124610291978328,38.48552954049434],[27.124443118113145,38.485508814648945],[27.123566641859295,38.485159240903641],[27.122871066365938,38.484614763653127],[27.122424479408721,38.483928676435333],[27.122270596030578,38.483168135263],[27.12227098767945,38.483166199587828],[27.122220633963725,38.483088840760544],[27.122066750585581,38.482328290725995],[27.122088172477003,38.482222414494423],[27.122016387331701,38.482278608165878],[27.121473856507812,38.482494999781267],[27.121892547280275,38.483138243538242],[27.122046430658422,38.483898785025993],[27.122003199400758,38.484112445646552],[27.122396797384273,38.48471712555834],[27.122550680762416,38.485477650384986],[27.122396797384273,38.486238167186009],[27.121950210427055,38.486924232417998],[27.121254634933699,38.487468692220403],[27.120378158679848,38.487818254763283],[27.120211181083697,38.487838955612276],[27.120179119753935,38.487855291675736],[27.119406577267998,38.487977650384998],[27.118634034782062,38.487855291675736],[27.1186019734523,38.487838955612276],[27.118434995856148,38.487818254763283],[27.117917377885846,38.487611814653647],[27.117357380236001,38.487700509568],[27.116584837750064,38.487578150858738],[27.116552799972837,38.487561826795897],[27.116385798824151,38.487541122947384],[27.11630172134166,38.48750759043412],[27.1165162,38.4879736],[27.1167093,38.4887588],[27.1167523,38.4894768],[27.1168113,38.4898799],[27.1170473,38.4905307],[27.1177393,38.4923068],[27.117859229783726,38.492546491950698],[27.118076262204937,38.492580866509265],[27.118108928563235,38.49259751085016],[27.118275301130847,38.492618135352025],[27.119151777384701,38.492967672914524],[27.119847352878054,38.493512087054334],[27.120293939835275,38.494198083033055],[27.120447823213414,38.494958507800007],[27.120293939835275,38.495718924540718],[27.120151607522985,38.495937552517795],[27.1207166,38.4961863],[27.1214247,38.4967447],[27.1219611,38.4969378],[27.122916,38.4973031],[27.1233934,38.4975424],[27.1236509,38.4975969],[27.1242946,38.4975298],[27.1250671,38.4976767],[27.125566,38.4977649],[27.1268159,38.4980252],[27.1283072,38.4987557],[27.1304691,38.4993225],[27.1309358,38.4997045],[27.1330655,38.5016021],[27.1334732,38.5020807],[27.1339774,38.5024165],[27.1371746,38.5037725],[27.1395242,38.5048514],[27.1409672,38.5050865],[27.1414769,38.5037053],[27.1425337,38.5012452],[27.1415735,38.4999774],[27.1428394,38.4997423],[27.142936,38.4998766]],[[27.143181554514001,38.486110107935005],[27.143954096999938,38.486232466644267],[27.143986223794183,38.486248836063545],[27.144153135925848,38.486269529275958],[27.145029612179698,38.486619097635661],[27.145725187673058,38.487163559743422],[27.146171774630272,38.487849616165583],[27.146325658008418,38.488610107935003],[27.146171774630272,38.489370591678579],[27.145725187673058,38.490056627088855],[27.145029612179698,38.490601063224489],[27.144153135925848,38.490950610572312],[27.143986424544064,38.490971277519286],[27.143954096999938,38.490987749225738],[27.143181554514001,38.491110107935],[27.142409012028065,38.490987749225738],[27.142376684483938,38.490971277519286],[27.142209973102151,38.490950610572312],[27.141333496848301,38.490601063224489],[27.140637921354941,38.490056627088855],[27.140191334397727,38.489370591678579],[27.14003745101958,38.488610107935003],[27.140191334397727,38.487849616165583],[27.140637921354941,38.487163559743422],[27.141333496848301,38.486619097635661],[27.142209973102151,38.486269529275958],[27.142376885233819,38.486248836063545],[27.142409012028065,38.486232466644267],[27.143181554514001,38.486110107935005]],[[27.142215881041064,38.493840435487265],[27.142988423527001,38.493718076778002],[27.143760966012938,38.493840435487265],[27.143793739429974,38.493857134377308],[27.143960004938847,38.493877745247218],[27.144836481192701,38.494227276698822],[27.145532056686058,38.494771681320643],[27.1457452511852,38.495099160683402],[27.145986489835149,38.495002958215622],[27.146152659706672,38.494982359522979],[27.146185528761062,38.494965611903268],[27.146958071246999,38.494843253194006],[27.147730613732936,38.494965611903268],[27.147763482787326,38.494982359522979],[27.147929652658846,38.495002958215622],[27.1488061289127,38.495352484208198],[27.149501704406052,38.495896880327351],[27.149948291363273,38.496582853598611],[27.150102174741416,38.497343253193996],[27.149948291363273,38.498103644762992],[27.149501704406052,38.498789597020881],[27.1488061289127,38.499333967166088],[27.147929652658846,38.499683472145286],[27.147763683527639,38.499704044582728],[27.147730613732936,38.499720894484739],[27.146958071246999,38.499843253194001],[27.146185528761062,38.499720894484739],[27.146152458966359,38.499704044582728],[27.145986489835149,38.499683472145286],[27.145110013581295,38.499333967166088],[27.144414438087939,38.498789597020881],[27.144201244256234,38.498462133829527],[27.143960004938847,38.498558332282386],[27.143793940171488,38.498578916895781],[27.143760966012938,38.498595718068735],[27.142988423527001,38.498718076777998],[27.142215881041064,38.498595718068735],[27.142182906882514,38.498578916895781],[27.142016842115154,38.498558332282386],[27.1411403658613,38.498208821843953],[27.140444790367944,38.497664443195852],[27.139998203410727,38.496978480223738],[27.13984432003258,38.496218076778],[27.139998203410727,38.495457665305942],[27.140444790367944,38.494771681320643],[27.1411403658613,38.494227276698822],[27.142016842115154,38.493877745247218],[27.142183107624028,38.493857134377308],[27.142215881041064,38.493840435487265]],[[27.174820761380001,38.470396218840001],[27.175593303865938,38.470518577549264],[27.175624095295213,38.470534266566105],[27.175792342791848,38.470555129880211],[27.176668819045702,38.470904774452315],[27.177364394539058,38.471449355264077],[27.177810981496275,38.47213556126276],[27.177964864874415,38.472896218839992],[27.177837359995348,38.473526478783377],[27.178414968500938,38.473617962983262],[27.178446023294086,38.473633786190696],[27.178614007426848,38.473654615951276],[27.179490483680699,38.47400424549344],[27.180186059174055,38.474548802895441],[27.180632646131272,38.475234979395943],[27.180786529509415,38.475995604273997],[27.180632646131272,38.476756221127047],[27.180186059174055,38.477442376617802],[27.179490483680699,38.477986908050333],[27.178614007426848,38.478336516582736],[27.178446224057755,38.478357320063097],[27.178414968500938,38.478373245564732],[27.178353134790932,38.478383039062287],[27.178315226001271,38.478570410427615],[27.177868639044057,38.47925654865054],[27.177173063550697,38.47980106637916],[27.176296587296846,38.48015066611309],[27.176128958089311,38.480171449955868],[27.176097548370937,38.480187454006739],[27.175325005885,38.480309812716001],[27.175125952146281,38.480278285700997],[27.175118045798275,38.480317363374873],[27.174671458841061,38.481003484969271],[27.173975883347701,38.481547989501358],[27.173099407093851,38.481897580762563],[27.172931926337871,38.481918345696016],[27.172900368167937,38.481934425386733],[27.172127825682001,38.482056784095995],[27.171355283196064,38.481934425386733],[27.171323725026131,38.481918345696016],[27.171156244270151,38.481897580762563],[27.170279768016297,38.481547989501358],[27.169584192522944,38.481003484969271],[27.169137605565727,38.480317363374873],[27.168983722187583,38.479556784095998],[27.169085391153125,38.479054272873888],[27.168400204589851,38.479327576085936],[27.168232505437871,38.479348368838338],[27.168201165663938,38.479364337250736],[27.167428623178001,38.479486695959999],[27.166656080692064,38.479364337250736],[27.166624740918131,38.479348368838338],[27.166457041766151,38.479327576085936],[27.165580565512297,38.478977972360035],[27.16488499001894,38.478433448413817],[27.164438403061723,38.477747302356285],[27.164284519683584,38.476986695960001],[27.164438403061723,38.476226081538634],[27.16488499001894,38.475539914471199],[27.165580565512297,38.474995364555298],[27.166457041766151,38.474645739819479],[27.166624941680709,38.474624920788024],[27.166656080692064,38.474609054669266],[27.167428623178001,38.474486695960003],[27.168201165663938,38.474609054669266],[27.168232304675293,38.474624920788024],[27.168400204589851,38.474645739819479],[27.169276680843701,38.474995364555298],[27.169972256337058,38.475539914471199],[27.170418843294271,38.476226081538634],[27.170572726672418,38.476986695960001],[27.170471057374602,38.477489221438425],[27.171156244270151,38.477215911413268],[27.171323925785892,38.477195120203774],[27.171355283196064,38.477179142805262],[27.172127825682001,38.477056784096],[27.172326874500531,38.477088310331723],[27.172334785768722,38.47704920697926],[27.17278137272594,38.476363047746283],[27.173476948219296,38.475818504047815],[27.17435342447315,38.475468883303819],[27.174521254442379,38.475448073182953],[27.174552463399063,38.475432171425268],[27.174614292829801,38.475422378605487],[27.174625831407436,38.47536534496539],[27.174048218894065,38.475273860130734],[27.174017226697718,38.475258068817958],[27.173849179968148,38.475237231787702],[27.172972703714297,38.474887608224819],[27.172277128220941,38.47434305338188],[27.171830541263727,38.473656868392418],[27.17167665788558,38.472896218839992],[27.171830541263727,38.47213556126276],[27.172277128220941,38.471449355264077],[27.172972703714297,38.470904774452315],[27.173849179968148,38.470555129880211],[27.17401742746479,38.470534266566105],[27.174048218894065,38.470518577549264],[27.174820761380001,38.470396218840001]],[[27.160481703818999,38.492412842337004],[27.161254246304935,38.492535201046266],[27.16128690878184,38.492551843409494],[27.161453285230845,38.492572468405591],[27.162329761484699,38.492922006189637],[27.163025336978055,38.493466420674515],[27.163471923935273,38.494152417088046],[27.163625807313416,38.494912842336994],[27.163471923935273,38.495673259559695],[27.163025336978055,38.496359234960273],[27.162329761484699,38.496903623471709],[27.161453285230845,38.497253140242798],[27.161287109524835,38.497273738980844],[27.161254246304935,38.497290483627737],[27.160481703818999,38.497412842336999],[27.159709161333062,38.497290483627737],[27.159676298113162,38.497273738980844],[27.159510122407148,38.497253140242798],[27.158633646153298,38.496903623471709],[27.157938070659938,38.496359234960273],[27.157491483702724,38.495673259559695],[27.157337600324578,38.494912842336994],[27.157491483702724,38.494152417088046],[27.157938070659938,38.493466420674515],[27.158633646153298,38.492922006189637],[27.159510122407148,38.492572468405591],[27.159676498856157,38.492551843409494],[27.159709161333062,38.492535201046266],[27.160481703818999,38.492412842337004]]],[[[27.1861839,38.4800477],[27.1864924,38.4800708],[27.1870047,38.4800939],[27.187008281009561,38.480095203382156],[27.18683536452772,38.479829538357166],[27.186681481149581,38.479068953930998],[27.18683536452772,38.47830836147962],[27.18703657571335,38.477999215636736],[27.186317273517851,38.478286130837901],[27.186149485867158,38.478306934863681],[27.186118234591937,38.478322858183738],[27.186044375961451,38.478334556241592],[27.186104319952275,38.478426655520771],[27.186258203330414,38.479187246724003],[27.186104319952275,38.479947829902009],[27.18603603752241,38.480052737331739],[27.1861839,38.4800477]]],[[[27.1885104,38.476713],[27.1886596,38.4766587],[27.1887749,38.476518],[27.1891344,38.4759889],[27.189150646327807,38.475962154133377],[27.188428054990123,38.476250389434036],[27.188335912222275,38.476705834277674],[27.188134699834745,38.477014985897043],[27.188532485521051,38.476856314515025],[27.1885104,38.476713]]],[[[27.183671951238065,38.466814985793732],[27.183641677753602,38.466799560682951],[27.183472912312151,38.466778632080725],[27.182596436058297,38.466428967501741],[27.181900860564944,38.465884348774956],[27.181867273204162,38.465832735430354],[27.181919375576634,38.466090305385748],[27.182301437828702,38.466242727802978],[27.182997013322058,38.46678734382337],[27.183324251032822,38.467290195495629],[27.183553086459941,38.466938554984353],[27.183704353067551,38.46682011773936],[27.183671951238065,38.466814985793732]]],[[[27.164960957021062,38.460387949644264],[27.165733499506999,38.460265590935002],[27.165915983920492,38.460294493626698],[27.166118826276939,38.459982765368117],[27.166814401770296,38.45943809796438],[27.167690878024146,38.459088397797018],[27.167860099758364,38.459067410337269],[27.167889916950063,38.459052217719268],[27.168662459436,38.458929859010006],[27.169435001921936,38.459052217719268],[27.169464819113639,38.459067410337269],[27.169634040847846,38.459088397797018],[27.170510517101697,38.45943809796438],[27.171206092595057,38.459982765368117],[27.171299595982912,38.460126461432282],[27.171622692393935,38.459629924239614],[27.172318267887295,38.459085254171697],[27.172409062425729,38.459049028409218],[27.172374052385582,38.458875939221002],[27.172527935763725,38.45811513375466],[27.172974522720938,38.457428794344075],[27.173670098214298,38.456884107656542],[27.174546574468149,38.456534395108264],[27.174716013175935,38.456513379994711],[27.174745613394062,38.456498297930267],[27.175518155879999,38.456375939221005],[27.17592478808298,38.456440343434892],[27.176004064834718,38.456048384831199],[27.176450651791935,38.455362025757857],[27.177146227285292,38.454817323465953],[27.178022703539146,38.454467600899086],[27.17819231782477,38.454446563406336],[27.178221742465063,38.454431570803266],[27.178834081906405,38.454334585763561],[27.17875768636258,38.453956861423002],[27.178911569740727,38.453196004079899],[27.179358156697944,38.452509617870888],[27.179472381720391,38.452420165191867],[27.179456037843941,38.452407365942307],[27.179009450886724,38.451720972231016],[27.178855567508577,38.450960091310002],[27.178905444572205,38.45071347009106],[27.1782204,38.4505073],[27.1777591,38.450377],[27.1768981,38.4501439],[27.1760613,38.4499359],[27.175101,38.4496775],[27.1743661,38.4494507],[27.1735963,38.4492553],[27.1730706,38.4491713],[27.1732141,38.4484403],[27.1734273,38.4470812],[27.1723941,38.4471441],[27.1711751,38.4471379],[27.1711614,38.4475159],[27.1711037,38.4476767],[27.1710457,38.4478379],[27.1709014,38.4483216],[27.1693752,38.4492505],[27.1693378,38.4493279],[27.1692909,38.4494795],[27.1692918,38.4497231],[27.1693465,38.4498749],[27.169486,38.4500624],[27.169482,38.4501957],[27.1690944,38.4509052],[27.1685332,38.4520564],[27.1682247,38.4527314],[27.1677476,38.4537012],[27.1676501,38.4538785],[27.1672029,38.454126],[27.166826,38.4544598],[27.1663797,38.4550177],[27.1658428,38.4557968],[27.1659253,38.4558384],[27.1660871,38.4557802],[27.1662795,38.4557528],[27.166598,38.4557516],[27.1669227,38.4557964],[27.167023,38.4558315],[27.1671037,38.4558868],[27.1669884,38.4560916],[27.166671,38.4560614],[27.1665523,38.456115],[27.1663905,38.4562486],[27.1661222,38.4565501],[27.1648948,38.4584253],[27.164784,38.458907],[27.1647292,38.4590354],[27.1646802,38.4591176],[27.1645031,38.4593344],[27.1641052,38.4594738],[27.1637175,38.4601941],[27.1638391,38.4606903],[27.163714544369633,38.460907684826587],[27.163885441841298,38.460773866773195],[27.164761918095152,38.460424173081478],[27.164931026346583,38.460403200084635],[27.164960957021062,38.460387949644264]]],[[[27.171398222434064,38.462882942228262],[27.171966110900247,38.46279299753138],[27.171622692393935,38.462524096649126],[27.171529188932737,38.46238040416771],[27.171206092595057,38.462876923620549],[27.171103066829851,38.462957593657634],[27.171199183508151,38.462919246659332],[27.171368079781622,38.462898300676798],[27.171398222434064,38.462882942228262]]],[[[27.139482,38.4646381],[27.1391199,38.4646623],[27.1381371,38.4647563],[27.1377611,38.4647864],[27.136503132102991,38.464891720925259],[27.136800221064274,38.465348257805807],[27.136954104442417,38.466108986982],[27.136800221064274,38.466869708133821],[27.136353634107053,38.467555957714417],[27.136231595278847,38.467651508939667],[27.137095708919698,38.467996235713031],[27.137791284413055,38.468540838491037],[27.137969228854761,38.468814271171333],[27.138050975180725,38.468410171809474],[27.138497562137939,38.467723930357707],[27.138870533232215,38.467431908288226],[27.138769808116727,38.467277129523133],[27.138615924738581,38.466516412668994],[27.138769808116727,38.46575568779047],[27.139216395073944,38.465069421078766],[27.139805582704295,38.464608092769673],[27.139482,38.4646381]]],[[[27.2008073,38.4661526],[27.2015852,38.46593],[27.2019875,38.4657746],[27.2023469,38.4656108],[27.202303369254494,38.4655358227538],[27.202214066316699,38.46560574558449],[27.201337590062845,38.465955414154891],[27.201168754678271,38.465976351669759],[27.201138551136935,38.465991741142737],[27.200651749285203,38.466068842981571],[27.200684246108793,38.466229491301512],[27.2008073,38.4661526]]],[[[27.2017997,38.4579492],[27.2027385,38.4576635],[27.2033801,38.4565793],[27.1928127,38.4525649],[27.186656,38.4502615],[27.184254274470881,38.449286431344042],[27.184543304162055,38.449512787648821],[27.184866878375647,38.450010128868925],[27.185101677270701,38.450103822036631],[27.185797252764058,38.450648559913162],[27.186099701640025,38.451113423672695],[27.186153363901198,38.451106767560667],[27.186182504833063,38.451091919514262],[27.186955047319,38.450969560805],[27.187727589804936,38.451091919514262],[27.187756730736798,38.451106767560667],[27.18792662873085,38.451127841217584],[27.1888031049847,38.451477579972646],[27.188905652383099,38.451557888133415],[27.189385185818935,38.451633838768267],[27.189414372786793,38.451648710271186],[27.189584224744848,38.451669778059696],[27.190406548756091,38.451997906077601],[27.190919400993938,38.452079133892262],[27.190948625789886,38.452094024669556],[27.191118439919848,38.452115087636024],[27.191994916173702,38.452464821605915],[27.192690491667058,38.453009541658503],[27.193042917282227,38.453551201915239],[27.193574702039999,38.453466975484005],[27.194347244525936,38.453589334193268],[27.194376597615811,38.453604290339577],[27.194546283451846,38.45362533695252],[27.1954227597057,38.453975063602037],[27.196118335199056,38.454519772252858],[27.196562550603506,38.455202494459193],[27.196693466470151,38.455150258246839],[27.196863022763331,38.455129228145957],[27.196892505396065,38.455114205994263],[27.197665047882001,38.454991847285001],[27.198437590367938,38.455114205994263],[27.198467073000671,38.455129228145957],[27.198636629293851,38.455150258246839],[27.199513105547702,38.455499977504644],[27.200208681041058,38.456044674642527],[27.200655267998275,38.456731027221416],[27.200809151376419,38.457491847284999],[27.200655267998275,38.458252659324785],[27.200251255804172,38.458873560405571],[27.2017997,38.4579492]]],[[[27.1805808,38.4482869],[27.180342190153755,38.448891993026642],[27.181028089591152,38.448618290279903],[27.181198200760281,38.44859718944754],[27.181227128517062,38.448582450019266],[27.181999671002998,38.448460091310004],[27.182125340180335,38.448479995352322],[27.1808204,38.4479919],[27.1805808,38.4482869]]],[[[27.158463505611426,38.4665833647055],[27.15862310070149,38.466647034111737],[27.1585369,38.4665139],[27.158463505611426,38.4665833647055]]],[[[27.1560617,38.466217],[27.156018693120455,38.466545288680315],[27.156122005721553,38.466504072801015],[27.1561662,38.4662335],[27.1560617,38.466217]]],[[[27.129062584639936,38.468545425134735],[27.128290042153999,38.468667783843998],[27.127662943230145,38.468568461131916],[27.127305700020699,38.468848164509893],[27.126429223766845,38.469197817358925],[27.126411969989828,38.469199956928016],[27.126284668430056,38.469395570373564],[27.125589092936696,38.469940162583512],[27.124712616682846,38.470289810137579],[27.12454414957017,38.470310700726856],[27.124513577756936,38.470326277843732],[27.124392084624127,38.470345520465578],[27.125007093487937,38.470442928300265],[27.12503787848922,38.470458614041881],[27.125206132413851,38.470479478174973],[27.126082608667701,38.470829123113901],[27.126684234970714,38.471300149605419],[27.126846381730154,38.471235466507444],[27.127014571419373,38.471214610558455],[27.127045420656064,38.471198892087266],[27.127817963142,38.471076533378003],[27.128590505627937,38.471198892087266],[27.128621354864624,38.471214610558455],[27.12878954455385,38.471235466507444],[27.129159465715809,38.471383034345656],[27.129571492567145,38.471218669794091],[27.129739683683571,38.471197813663267],[27.129770531493062,38.471182095919268],[27.130543073978998,38.471059737210005],[27.131315616464935,38.471182095919268],[27.131346464274429,38.471197813663267],[27.131514655390845,38.471218669794091],[27.132391131644699,38.471568311148658],[27.132453973646836,38.47161751103269],[27.132581541781999,38.471597306225],[27.132995518800115,38.47166287374332],[27.132704018094937,38.47143465333361],[27.13225743113772,38.470748440664437],[27.132103547759581,38.469987760428999],[27.13225743113772,38.469227072168941],[27.132704018094937,38.468540838491037],[27.132826056439665,38.468445288227699],[27.131961943282295,38.468100563817423],[27.131266367788939,38.467555957714417],[27.131069152722326,38.467252906417102],[27.130833675313056,38.46761475339671],[27.1301380998197,38.468159359055676],[27.129261623565849,38.468509015244585],[27.129093005145442,38.468529925112989],[27.129062584639936,38.468545425134735]]],[[[27.122217540196001,38.470118976795],[27.122422655393787,38.470151463850804],[27.121918595816364,38.469950382306862],[27.121873465571518,38.470173472861831],[27.122217540196001,38.470118976795]]],[[[27.1150427,38.479851],[27.1146655,38.481276],[27.113893,38.4832413],[27.1137965,38.4841315],[27.1138769,38.4848495],[27.1141773,38.4866215],[27.11474903278976,38.486547680034853],[27.114367160119723,38.485961029293634],[27.11421327674158,38.485200509568003],[27.114296584267045,38.484788784235697],[27.114174044344722,38.484600529094607],[27.114020160966579,38.483839995011991],[27.114174044344722,38.483079452903858],[27.114620631301939,38.482393351070755],[27.115316206795296,38.481848852924841],[27.116192683049146,38.481499261427295],[27.116360000573515,38.481478516582641],[27.116391721975063,38.481462353721263],[27.117164264461,38.481339995012],[27.117391607612824,38.481376002629865],[27.117178109549727,38.481047994513503],[27.11702422617158,38.480287422944002],[27.117178109549727,38.47952684334922],[27.117184577054662,38.479516906682612],[27.116842972952345,38.479380650142595],[27.116209344468064,38.479280293249737],[27.116178011835739,38.47926432847617],[27.116010305542151,38.479243534814046],[27.115252699907643,38.478941345153785],[27.1151698,38.4793611],[27.1150427,38.479851]]],[[[27.118976393551868,38.471960620806691],[27.118688685173058,38.472402699288295],[27.118637745026881,38.472442580581003],[27.119113028859889,38.472814682618854],[27.11907343670158,38.47261897679499],[27.119214244758652,38.471922948876426],[27.118976393551868,38.471960620806691]]],[[[27.123583501648874,38.470423685678419],[27.123535608375349,38.4704161001291],[27.123562830545389,38.470426959659576],[27.123583501648874,38.470423685678419]]],[[[27.178994284950999,38.459309212093999],[27.17858764991449,38.459244807431325],[27.17850837599627,38.459636736663448],[27.17849093964038,38.459663532994483],[27.178533851657058,38.459697135197963],[27.178980438614275,38.460383453027063],[27.179039653942365,38.460676206729346],[27.179481807831149,38.460499797770304],[27.179650909657724,38.460478825592261],[27.179680846757062,38.460463571878265],[27.180048038563136,38.460405414409564],[27.179519080720944,38.459991219418264],[27.179072493763726,38.459304897857265],[27.179070911600181,38.459297075625052],[27.178994284950999,38.459309212093999]]]]}},
{"type":"Feature","properties":{"full_id":"r1268483","osm_id":"1268483","osm_type":"relation","boundary":"administrative","cuisine":null,"amenity":null,"shop":null,"building":null,"wikipedia_":null,"website":null,"industrial":null,"url":null,"short_name":null,"landuse":null,"wikimedia_":null,"place":null,"name_sk":null,"name_nl":null,"name_hu":null,"name_cs":null,"name_ca":null,"cg_ref":null,"name_os":null,"name_tg":null,"name_be":null,"old_name":null,"alt_name":null,"name_sq":null,"salb_id":null,"salb_adm2n":null,"salb_adm1n":null,"population":null,"populati_1":null,"name_sr":null,"name_ml":null,"name_kk":null,"name_hy":null,"name_grc":null,"name_fr":null,"name_bg":null,"name_ba":null,"name_az":null,"geonames_i":null,"name_zh":null,"name_ur":null,"name_tt":null,"name_ko":null,"name_ja":null,"name_fa":null,"name_ce":null,"name_bn":null,"wikipedia":"tr:Karşıyaka","wikidata":"Q2670720","type":"boundary","ref_nuts_3":null,"ref_nuts":null,"old_name_s":null,"network":"TR35-districts","name_uk":null,"name_tr_su":"İlçesi","name_tr":"Karşıyaka","name_ru":null,"name_ro":null,"name_lt":null,"name_en":"Karşıyaka","name_el":null,"name_de":"Karşıyaka","name_ar":null,"name":"Karşıyaka","admin_leve":"6","ISO3166-2":null,"dangerArea":39044646.56,"DangerAr_1":37782494},"geometry":{"type":"MultiPolygon","coordinates":[[[[27.1409672,38.5050865],[27.1395242,38.5048514],[27.1371746,38.5037725],[27.1339774,38.5024165],[27.1334732,38.5020807],[27.1330655,38.5016021],[27.1309358,38.4997045],[27.1304691,38.4993225],[27.1283072,38.4987557],[27.1268159,38.4980252],[27.125566,38.4977649],[27.1250671,38.4976767],[27.1242946,38.4975298],[27.1236509,38.4975969],[27.1233934,38.4975424],[27.122916,38.4973031],[27.1219611,38.4969378],[27.1214247,38.4967447],[27.1207166,38.4961863],[27.120151607522985,38.495937552517795],[27.119847352878054,38.496404899506466],[27.119151777384701,38.49694928767282],[27.118275301130847,38.497298804222361],[27.118109129306109,38.497319402466239],[27.118076262204937,38.497336149090735],[27.117303719719001,38.497458507799998],[27.116531177233064,38.497336149090735],[27.116498310131892,38.497319402466239],[27.116332138307147,38.497298804222361],[27.115455662053296,38.49694928767282],[27.11476008655994,38.496404899506466],[27.114313499602723,38.495718924540718],[27.114239803586024,38.49535475470315],[27.113576097141848,38.495619430206993],[27.113409782576415,38.495640046625248],[27.113377058215935,38.495656720519733],[27.112604515729998,38.495779079228996],[27.111831973244062,38.495656720519733],[27.111799248883582,38.495640046625248],[27.111632934318148,38.495619430206993],[27.110756458064298,38.495269905509545],[27.110060882570941,38.494725504652585],[27.109779027568234,38.494292554294638],[27.109544156638702,38.494476380989063],[27.108667680384848,38.494825909536367],[27.108501298374126,38.49484653454234],[27.108468641458938,38.494863174071732],[27.107696098973001,38.494985532780994],[27.106923556487065,38.494863174071732],[27.10689089957188,38.49484653454234],[27.106724517561151,38.494825909536367],[27.105848041307297,38.494476380989063],[27.105152465813944,38.493931974135812],[27.10489611723229,38.493538199210562],[27.104396087967938,38.493146836479291],[27.103949501010725,38.492460830491126],[27.103795617632578,38.491700379362001],[27.103949501010725,38.490939920206856],[27.104322047687074,38.490367630589304],[27.104260639438721,38.490273297997625],[27.104106756060578,38.489512823780998],[27.104260639438721,38.488752341538486],[27.104707226395938,38.488066293710617],[27.104723559602146,38.488053509044448],[27.104400118242726,38.487556634230103],[27.104343722884984,38.487277924255707],[27.103773829329942,38.486831841072586],[27.103717666733324,38.486745561673573],[27.103141674561062,38.486654333475734],[27.103109715292817,38.486638049415212],[27.102942635635149,38.486617335568077],[27.102066159381295,38.48626776719982],[27.101370583887942,38.485723298324217],[27.100923996930721,38.485037221659361],[27.100770113552578,38.484276692185006],[27.100805668999023,38.484100966575959],[27.100462259283699,38.484369781143982],[27.099585783029848,38.484719358718579],[27.09941854207371,38.48474009310889],[27.099386744103935,38.484756294983733],[27.098614201617998,38.484878653692995],[27.098443720528159,38.484851652140996],[27.09838578350827,38.485137990731978],[27.097939196551057,38.485824066437523],[27.097686073946537,38.486022200484058],[27.097702236843514,38.486030435891408],[27.097869167535848,38.486051131467626],[27.098745643789702,38.486400700886712],[27.099441219283058,38.486945164644489],[27.099887806240275,38.487631223145812],[27.100041689618415,38.488391717220004],[27.099887806240275,38.489152203268375],[27.099441219283058,38.489838240757848],[27.098745643789702,38.490382678543547],[27.097869167535848,38.490732226950783],[27.09770243759359,38.490752896261313],[27.097670128609938,38.490769358510732],[27.096897586124001,38.490891717219995],[27.096125043638065,38.490769358510732],[27.096092734654416,38.49075289626132],[27.095926004712148,38.490732226950783],[27.095049528458297,38.490382678543547],[27.094353952964941,38.489838240757848],[27.093907366007723,38.489152203268375],[27.09376252008709,38.488436380005759],[27.093626221077056,38.48864576314282],[27.092930645583699,38.489190209938421],[27.092408827988937,38.489398320000603],[27.093231043784698,38.489726233316112],[27.093926619278058,38.490270671948103],[27.094373206235272,38.490956698788928],[27.094527089613418,38.491717157766999],[27.094438042366601,38.492157205707407],[27.09530372548015,38.49181196857208],[27.095470166565843,38.491791335345454],[27.095502764406064,38.491774725916265],[27.096275306892,38.491652367207003],[27.097047849377937,38.491774725916265],[27.097080447218158,38.491791335345454],[27.097246888303847,38.49181196857208],[27.098123364557697,38.492161510045548],[27.098818940051057,38.492705930276848],[27.099265527008271,38.493391933931342],[27.099419410386417,38.494152367207001],[27.099265527008271,38.494912792456468],[27.098994592356867,38.495328963293716],[27.099462661913055,38.495695301621204],[27.099909248870272,38.496381276811896],[27.100063132248415,38.497141678535002],[27.099909248870272,38.497902072231732],[27.099462661913055,38.498588026409088],[27.098767086419699,38.499132398077592],[27.097890610165848,38.499481904034816],[27.097724623901378,38.499502478653561],[27.097691571239938,38.499519319825737],[27.096919028754002,38.499641678534999],[27.096146486268065,38.499519319825737],[27.096113433606629,38.499502478653561],[27.095947447342148,38.499481904034816],[27.095070971088298,38.499132398077592],[27.094375395594941,38.498588026409088],[27.093928808637724,38.497902072231732],[27.093774925259581,38.497141678535002],[27.093928808637724,38.496381276811896],[27.094199743007426,38.495965110927699],[27.094150793795389,38.49592680067925],[27.093905156347056,38.496304109898041],[27.093209580853699,38.496848498826047],[27.092747327354708,38.497032834081352],[27.0922637,38.4977859],[27.0921242,38.4983359],[27.0917487,38.4993602],[27.091165081102062,38.501292246196606],[27.091428137015271,38.501696280647934],[27.091566136241543,38.502378141861655],[27.0917611787937,38.502455914327271],[27.09245675428706,38.503000256764288],[27.092903341244273,38.503686162391759],[27.093057224622417,38.504446487003001],[27.092903341244273,38.505206803587399],[27.092463619549452,38.505882144278758],[27.0926346,38.505996],[27.092725,38.5060562],[27.0931596,38.5064214],[27.09427,38.507261],[27.0955253,38.5081299],[27.0965445,38.5088519],[27.0987224,38.5104302],[27.1011901,38.5123611],[27.102955,38.513549],[27.1075201,38.5171126],[27.111243,38.5195469],[27.1118421,38.5200018],[27.1119726,38.5201009],[27.1154395,38.523102],[27.118364,38.5265098],[27.1189356,38.5275545],[27.117691,38.528696],[27.1166181,38.5317091],[27.1159076,38.5336253],[27.1147513,38.5367026],[27.1126592,38.5364341],[27.1105885,38.537609],[27.1108568,38.5413014],[27.1039798,38.539572],[27.1033581,38.5406547],[27.1007609,38.5405461],[27.0994949,38.5416539],[27.1004819,38.5454132],[27.0982933,38.5462355],[27.0932293,38.5499611],[27.0926499,38.5502799],[27.1026645,38.5552684],[27.1021128,38.5580827],[27.1039,38.5565],[27.1168,38.5539],[27.1184206,38.5546764],[27.1227,38.5528],[27.1292,38.5517],[27.1389,38.5577],[27.1434,38.557],[27.1478,38.557],[27.1485579,38.5567152],[27.1497756,38.5553141],[27.1504247,38.5547226],[27.1512079,38.5543492],[27.1522754,38.554022],[27.1564007,38.5527383],[27.1571892,38.5529942],[27.1605796,38.5517734],[27.1615379,38.551454],[27.162,38.5513],[27.1623,38.5513],[27.1622747,38.5507875],[27.1624088,38.5505316],[27.1626878,38.5503722],[27.1629131,38.5502841],[27.1630686,38.5502212],[27.1635354,38.550175],[27.163825,38.5497555],[27.163884,38.5494912],[27.1639001,38.5492772],[27.1641147,38.5491094],[27.1643186,38.5489626],[27.164576,38.5488954],[27.1648979,38.5488073],[27.1652573,38.5488157],[27.1662,38.5489],[27.1664214,38.5486227],[27.1667862,38.5484213],[27.1670598,38.5483249],[27.1672368,38.5481486],[27.1673441,38.5480228],[27.1674889,38.5478676],[27.1676767,38.5478004],[27.1678644,38.5477039],[27.1679503,38.5475529],[27.1680254,38.5473431],[27.1680871,38.5472026],[27.1682024,38.5469571],[27.1685135,38.5465753],[27.1688515,38.5461768],[27.1690392,38.5458663],[27.1690607,38.5454677],[27.1692699,38.5452705],[27.1692324,38.5446789],[27.1694845,38.544402],[27.1697366,38.544272],[27.1698976,38.5441587],[27.1700692,38.5439783],[27.1703857,38.5431559],[27.1706379,38.5425349],[27.1709704,38.5419224],[27.1715069,38.5419559],[27.1718716,38.5414189],[27.1721721,38.5416454],[27.1725955,38.5417863],[27.1729982,38.5418804],[27.1738136,38.541914],[27.1744358,38.5418217],[27.1768069,38.5399755],[27.1777403,38.5391615],[27.1783304,38.5388258],[27.1787488,38.5384482],[27.1789205,38.5381293],[27.1790814,38.5375838],[27.1793926,38.537139],[27.179693,38.5365515],[27.1799934,38.5363669],[27.1804654,38.5361068],[27.1810019,38.5359305],[27.1817207,38.5358046],[27.1822894,38.5355193],[27.1835339,38.5352843],[27.1842849,38.535385],[27.1851969,38.5354354],[27.1860874,38.5352591],[27.1866131,38.5349402],[27.1867994,38.5343937],[27.1866238,38.5342394],[27.1863717,38.5340338],[27.1864736,38.5337233],[27.1866345,38.5328505],[27.1868705,38.5314825],[27.1869456,38.5307187],[27.1866989,38.5297704],[27.1860338,38.5290233],[27.1856689,38.5281672],[27.1855968,38.5275247],[27.1856904,38.526027],[27.1862161,38.5251961],[27.1844673,38.5258927],[27.1838236,38.5263963],[27.1802401,38.5258591],[27.1784377,38.5255066],[27.1776867,38.525238],[27.1763348,38.5241972],[27.1740818,38.5227534],[27.1732664,38.5222162],[27.1724939,38.521998],[27.1716142,38.5220399],[27.1711421,38.5220483],[27.17067,38.5217797],[27.1698546,38.5219224],[27.1687388,38.5210998],[27.1680951,38.5208564],[27.1673548,38.5208228],[27.1668398,38.5204283],[27.166475,38.5201597],[27.1658635,38.5201513],[27.1653271,38.5197736],[27.1652627,38.5190181],[27.1648872,38.5187495],[27.1644366,38.5184641],[27.1642434,38.5179268],[27.1640718,38.517398],[27.1640611,38.5165669],[27.1634495,38.5160632],[27.1632779,38.5155931],[27.1628487,38.5150559],[27.1618616,38.5150139],[27.1615237,38.5145648],[27.1607727,38.5142584],[27.1600807,38.51425],[27.1594477,38.5141828],[27.1589273,38.5140821],[27.1586001,38.513868],[27.1580154,38.5139604],[27.1573502,38.5139981],[27.1565831,38.5140107],[27.1562022,38.5139226],[27.1554244,38.5134483],[27.1553546,38.5133727],[27.1553814,38.513167],[27.15536,38.512911],[27.1555155,38.5127347],[27.1556604,38.5124954],[27.1557087,38.5122604],[27.1556765,38.511954],[27.1555906,38.5116056],[27.1554726,38.5112614],[27.1548396,38.5107702],[27.1546948,38.510128],[27.1544909,38.5097754],[27.1542174,38.5095235],[27.1539545,38.5093766],[27.1536112,38.5093011],[27.1533483,38.5090576],[27.1532303,38.5087092],[27.1527797,38.5085329],[27.1524256,38.508239],[27.1522057,38.5078906],[27.151503,38.5073071],[27.1512079,38.5069797],[27.1508861,38.5067278],[27.1507037,38.5062997],[27.1509504,38.5060604],[27.1510148,38.505989],[27.1510872,38.5059155],[27.1508914,38.5056322],[27.1504113,38.5053614],[27.1503872,38.5051641],[27.1496817,38.5048913],[27.148928,38.5056616],[27.1485901,38.5052229],[27.1483836,38.5048829],[27.1482119,38.5047527],[27.1479624,38.5046415],[27.1477264,38.5045071],[27.1472838,38.5042532],[27.1471256,38.5041524],[27.1471444,38.5039971],[27.1470371,38.5037998],[27.1468574,38.5036109],[27.1464309,38.503275],[27.1462217,38.5030882],[27.1459481,38.5029203],[27.1458515,38.5027587],[27.1458676,38.5024018],[27.1458891,38.5022612],[27.1463853,38.5018456],[27.14616,38.501579],[27.1460393,38.50143],[27.145645,38.5012662],[27.1452668,38.5010731],[27.1450013,38.5009682],[27.1446821,38.5006953],[27.1444595,38.5005022],[27.1440196,38.5003363],[27.1434724,38.5003132],[27.143172,38.5002461],[27.1430433,38.5001033],[27.142936,38.4998766],[27.1428394,38.4997423],[27.1415735,38.4999774],[27.1425337,38.5012452],[27.1414769,38.5037053],[27.1409672,38.5050865]],[[27.151934995732063,38.515981467910265],[27.152707538217999,38.515859109201003],[27.153480080703936,38.515981467910265],[27.153514736314335,38.515999125825729],[27.153679119629846,38.516019497108125],[27.154555595883696,38.51636892111312],[27.155251171377056,38.516913158382316],[27.15569775833427,38.517598931489971],[27.155851641712413,38.518359109200993],[27.15569775833427,38.519119278884276],[27.155251171377056,38.519805030975],[27.154555595883696,38.520349242265851],[27.153679119629846,38.520698645253923],[27.153514937031474,38.520718990305781],[27.153480080703936,38.520736750491736],[27.152707538217999,38.520859109200998],[27.151934995732063,38.520736750491736],[27.151900139404525,38.520718990305781],[27.151735956806146,38.520698645253923],[27.150859480552295,38.520349242265851],[27.150163905058939,38.519805030975],[27.149717318101725,38.519119278884276],[27.149563434723579,38.518359109200993],[27.149717318101725,38.517598931489971],[27.150163905058939,38.516913158382316],[27.150859480552295,38.51636892111312],[27.151735956806146,38.516019497108125],[27.151900340121664,38.515999125825729],[27.151934995732063,38.515981467910265]],[[27.131894713429062,38.540058773016263],[27.132667255914999,38.539936414307],[27.133439798400936,38.540058773016263],[27.133476501420809,38.540077474138961],[27.133638837326846,38.540097584964705],[27.1345153135807,38.540446892067472],[27.135210889074056,38.540990947256518],[27.135657476031273,38.541676490928666],[27.135811359409413,38.542436414306991],[27.135657476031273,38.543196329656034],[27.135210889074056,38.543881852307194],[27.1345153135807,38.544425881512886],[27.133638837326846,38.544775167594658],[27.133476702111242,38.544795252218151],[27.133439798400936,38.544814055597733],[27.132667255914999,38.544936414306996],[27.131894713429062,38.544814055597733],[27.131857809718756,38.544795252218151],[27.131695674503145,38.544775167594658],[27.130819198249295,38.544425881512886],[27.130123622755939,38.543881852307194],[27.129677035798725,38.543196329656034],[27.129523152420578,38.542436414306991],[27.129677035798725,38.541676490928666],[27.130123622755939,38.540990947256518],[27.130819198249295,38.540446892067472],[27.131695674503145,38.540097584964705],[27.131858010409189,38.540077474138961],[27.131894713429062,38.540058773016263]]],[[[27.116531177233064,38.492580866509265],[27.117303719719001,38.492458507800002],[27.117859229783726,38.492546491950698],[27.1177393,38.4923068],[27.1170473,38.4905307],[27.1168113,38.4898799],[27.1167523,38.4894768],[27.1167093,38.4887588],[27.1165162,38.4879736],[27.11630172134166,38.48750759043412],[27.115509322570297,38.487191559060186],[27.114813747076941,38.486647097163967],[27.11474903278976,38.486547680034853],[27.1141773,38.4866215],[27.1138769,38.4848495],[27.1137965,38.4841315],[27.113893,38.4832413],[27.1146655,38.481276],[27.1150427,38.479851],[27.1151698,38.4793611],[27.115252699907643,38.478941345153785],[27.1151338292883,38.478893930680556],[27.114677594811294,38.478536771910832],[27.113846376534298,38.478205216868012],[27.113150801040941,38.477660687084537],[27.112704214083724,38.47697453367168],[27.112550330705584,38.476213919122003],[27.11261819069496,38.475878497321013],[27.112607255763699,38.475887057983776],[27.111730779509848,38.476236676699799],[27.111562817706549,38.476257502910862],[27.111531740583935,38.476273337495734],[27.110759198097998,38.476395696204996],[27.109986655612062,38.476273337495734],[27.109955578489444,38.476257502910862],[27.109787616686152,38.476236676699799],[27.108911140432301,38.475887057983776],[27.108215564938941,38.475342510689956],[27.107768977981728,38.474656335212906],[27.107615094603581,38.473895696204998],[27.107724227790087,38.473356249804155],[27.106988661961847,38.473649671111794],[27.106820480334111,38.473670525328011],[27.106789623035937,38.473686247906734],[27.10601708055,38.473808606615997],[27.105541499206861,38.473733281931132],[27.105239656586694,38.473969592104012],[27.105392190466937,38.473993751097268],[27.105423277192628,38.47400959057515],[27.10559122939285,38.474030416267595],[27.1064677056467,38.47438004398736],[27.107163281140057,38.474924598550906],[27.107609868097271,38.475610771474742],[27.107763751475417,38.476371392388003],[27.107609868097271,38.477132005276232],[27.107163281140057,38.477818157190256],[27.1064677056467,38.478362685784248],[27.10559122939285,38.478712292494201],[27.105423477955885,38.478733091906868],[27.105392190466937,38.478749033678739],[27.104619647981,38.478871392388001],[27.103847105495063,38.478749033678739],[27.103815818006115,38.478733091906868],[27.10364806656915,38.478712292494201],[27.102771590315296,38.478362685784248],[27.10207601482194,38.477818157190256],[27.101629427864722,38.477132005276232],[27.101475544486583,38.476371392388003],[27.101629427864722,38.475610771474742],[27.10207601482194,38.474924598550906],[27.102554006610038,38.474550386675936],[27.102401409220064,38.474526217623733],[27.102370480550682,38.474510458679561],[27.102202370294151,38.474489613556095],[27.10134193270752,38.474146384206868],[27.100829176431674,38.474350923469395],[27.10109423394427,38.474758184443552],[27.101248117322413,38.475518814351993],[27.10109423394427,38.476279436235458],[27.100647646987053,38.476965596264243],[27.0999520714937,38.477510131298175],[27.099075595239846,38.47785974214284],[27.098907771356362,38.477880550784214],[27.098876556313936,38.477896455642735],[27.098104013827999,38.478018814351998],[27.097331471342063,38.477896455642735],[27.097300256299636,38.477880550784214],[27.097132432416146,38.47785974214284],[27.096255956162295,38.477510131298175],[27.095560380668939,38.476965596264243],[27.09527964834631,38.476534264145243],[27.094690186766702,38.476995730621155],[27.093813710512848,38.477345343960529],[27.093645842918082,38.477366158170227],[27.093614671586938,38.477382040756737],[27.092842129101001,38.477504399466],[27.092069586615064,38.477382040756737],[27.09203841528392,38.477366158170227],[27.091870547689155,38.477345343960529],[27.091619768868956,38.47724531201969],[27.091468845316999,38.477269215961996],[27.090696302831063,38.477146857252734],[27.090665151483979,38.477130984848607],[27.090497263905149,38.477110168093141],[27.089620787651299,38.476760553613246],[27.088925212157939,38.476216012917313],[27.088478625200725,38.475529845754046],[27.088324741822579,38.474769215961992],[27.088478625200725,38.474008578145011],[27.088910846907059,38.473344462415426],[27.088260945816,38.473447396635997],[27.087516763491692,38.473329529735061],[27.087476457168741,38.473334527669152],[27.087445628420937,38.473350235700735],[27.087293953372651,38.473374258668372],[27.087270784514274,38.473488783206719],[27.086824197557057,38.474174969795904],[27.086128622063701,38.474719525908412],[27.085252145809847,38.475069150286394],[27.085084084797934,38.47508998913618],[27.085053106883937,38.475105773171734],[27.084280564398,38.475228131880996],[27.083508021912063,38.475105773171734],[27.083477043998066,38.47508998913618],[27.08330898298615,38.475069150286394],[27.082432506732296,38.474719525908412],[27.081736931238943,38.474174969795904],[27.081712935331414,38.474138099776134],[27.081389785413847,38.474267004975182],[27.081221656241844,38.474287852508482],[27.081190746487938,38.474303601814732],[27.080418204002001,38.474425960523995],[27.079645661516064,38.474303601814732],[27.079614751762161,38.474287852508482],[27.079446622590151,38.474267004975182],[27.078950984452621,38.474069293853191],[27.078859417121276,38.47452190813015],[27.078412830164059,38.475208084886624],[27.077717254670702,38.475752633195803],[27.076840778416852,38.476102252563727],[27.076672805190988,38.476123080229954],[27.076641739490938,38.476138908994734],[27.075869197005002,38.476261267703997],[27.075096654519065,38.476138908994734],[27.075065588819015,38.476123080229954],[27.074897615593155,38.476102252563727],[27.074624684632578,38.475993382586353],[27.074527038862801,38.476005490092227],[27.074495983154936,38.476021313765735],[27.073723440668999,38.476143672474997],[27.072950898183063,38.476021313765735],[27.072919842475205,38.476005490092227],[27.072751859257149,38.475984661153056],[27.071875383003295,38.475635041214858],[27.071179807509942,38.475090492017472],[27.070733220552725,38.474404314141793],[27.070632718934821,38.473907537172892],[27.070271482162696,38.47419034635471],[27.070098677320779,38.474259278317845],[27.069765432068056,38.474771309688784],[27.0690698565747,38.47531586129702],[27.068193380320846,38.475665482783093],[27.068025369981093,38.475686315177427],[27.067994341394936,38.475702125031738],[27.067221798908999,38.475824483741],[27.066449256423063,38.475702125031738],[27.066418227836905,38.475686315177427],[27.066250217497149,38.475665482783093],[27.065373741243299,38.47531586129702],[27.064678165749939,38.474771309688784],[27.064231578792725,38.474085128775243],[27.064077695414579,38.47332448374101],[27.064090204221703,38.473262652096032],[27.0639937,38.4732758],[27.0634785,38.4735735],[27.0626809,38.4741577],[27.0625413,38.4743986],[27.0626121,38.4745095],[27.0629468,38.4747983],[27.0647335,38.4754135],[27.0655596,38.4756151],[27.0661712,38.4765726],[27.066716,38.4765877],[27.0669601,38.4763325],[27.06709,38.4761836],[27.067354,38.4762765],[27.0676517,38.4763164],[27.0684671,38.4763248],[27.0688024,38.4763374],[27.0690009,38.476371],[27.0692047,38.4764298],[27.0694086,38.4765054],[27.0696312,38.4766188],[27.0698619,38.4767994],[27.0700684,38.4769401],[27.0703661,38.4771584],[27.0711091,38.477738],[27.0714337,38.4780193],[27.0721981,38.4785989],[27.0725495,38.4787984],[27.0729625,38.4790503],[27.0731851,38.4792099],[27.073237195973011,38.479252317976737],[27.073368467452941,38.479050633224276],[27.074064042946294,38.478506109826917],[27.074940519200148,38.47815650211701],[27.075108120787924,38.47813572108911],[27.075139558126065,38.478119702965266],[27.075912100612001,38.477997344256003],[27.076684643097938,38.478119702965266],[27.076716080436082,38.478135721089117],[27.076883682023848,38.47815650211701],[27.077760158277698,38.478506109826917],[27.078455733771058,38.479050633224276],[27.078902320728272,38.479736766876222],[27.078954985251134,38.479997064286422],[27.079375760896209,38.479829229512255],[27.079269641476582,38.479304725079992],[27.079423524854725,38.478544135116323],[27.079870111811942,38.477857990112348],[27.080565687305299,38.477313457706018],[27.081442163559149,38.476963844212015],[27.081609866494475,38.476943050273952],[27.081641202485063,38.476927083789263],[27.082413744970999,38.476804725080001],[27.083186287456936,38.476927083789263],[27.083217623447524,38.476943050273952],[27.083385326382849,38.476963844212015],[27.0842618026367,38.477313457706018],[27.084957378130056,38.477857990112348],[27.085403965087274,38.478544135116323],[27.085557848465417,38.479304725079992],[27.085403965087274,38.480065307018457],[27.084957378130056,38.480751431012123],[27.0842618026367,38.481295937448266],[27.08362862375774,38.481548488017609],[27.083734742919418,38.482072976566002],[27.083580859541275,38.482833529294638],[27.083134272584054,38.483519626937571],[27.082438697090701,38.484064112461581],[27.081804434478894,38.48431708557397],[27.0823269,38.4849182],[27.083496,38.4861921],[27.0820311,38.4868629],[27.0835668,38.4870317],[27.0844192,38.4876748],[27.0846767,38.4878159],[27.0863458,38.4887728],[27.0867207,38.4890734],[27.0872924,38.4891793],[27.0881595,38.4894202],[27.087406459078892,38.490642458458943],[27.087575179034058,38.490774517480787],[27.088021765991272,38.491460539524553],[27.088175649369418,38.492220993185008],[27.088152098190761,38.492337376066708],[27.0881599,38.4923446],[27.088319836062119,38.492501485963849],[27.088391790954397,38.492472790288112],[27.08823888262458,38.491717157766999],[27.088392766002723,38.490956698788928],[27.08883935295994,38.490270671948103],[27.089534928453297,38.489726233316112],[27.090056745659382,38.489518123947477],[27.089234530252295,38.489190209938421],[27.088538954758942,38.48864576314282],[27.088092367801725,38.487959714300281],[27.087938484423578,38.48719921566699],[27.088063698523058,38.48658039537851],[27.08791702915358,38.485855535187994],[27.088070912531723,38.485095014349092],[27.08851749948894,38.484408931703122],[27.089213074982293,38.483864448784139],[27.089413607653171,38.483784466518841],[27.088993593781723,38.483139196207169],[27.088839710403583,38.482378646703992],[27.088993593781723,38.481618089175399],[27.08944018073894,38.480931973431368],[27.090135756232296,38.480387464245737],[27.09101223248615,38.480037865660279],[27.091179674199594,38.480017104997152],[27.091211271412064,38.480001005413264],[27.091983813898,38.479878646704002],[27.092756356383937,38.480001005413264],[27.092787953596407,38.480017104997152],[27.092955395309851,38.480037865660279],[27.093831871563701,38.480387464245737],[27.094527447057057,38.480931973431368],[27.094974034014271,38.481618089175399],[27.095037972227864,38.481934099197396],[27.095395563392,38.481877462321002],[27.095566040922634,38.481904463309277],[27.095623981501721,38.481618096164468],[27.096070568458938,38.4809319804205],[27.096766143952294,38.480387471234927],[27.097642620206148,38.480037872649504],[27.097810061918995,38.480017111986449],[27.097841659132062,38.480001012402262],[27.098614201617998,38.479878653693],[27.099386744103935,38.480001012402262],[27.099418341317001,38.480017111986449],[27.099585783029848,38.480037872649504],[27.100462259283699,38.480387471234927],[27.101157834777055,38.4809319804205],[27.101604421734272,38.481618096164468],[27.101758305112416,38.48237865369299],[27.101722749570364,38.482554382547953],[27.102066159381295,38.482285562162261],[27.102942635635149,38.481935972782857],[27.103109916047408,38.481915232665209],[27.103141674561062,38.481899050894263],[27.103914217046999,38.481776692185001],[27.104686759532935,38.481899050894263],[27.104718518046592,38.481915232665209],[27.104885798458845,38.481935972782857],[27.105762274712699,38.482285562162261],[27.106457850206052,38.482830057009089],[27.106514047143179,38.482916393135433],[27.107090004974935,38.483007615894266],[27.10712185769934,38.483023845667987],[27.107289043900849,38.483044573786174],[27.108165520154699,38.483394157788553],[27.108861095648056,38.483938644260441],[27.109307682605273,38.484624731383342],[27.109364078264594,38.484903451245962],[27.109933971518061,38.485349546738597],[27.110380558475274,38.486035620430172],[27.110534441853417,38.486796131342999],[27.110475785065379,38.487086017470993],[27.110547303584699,38.48711454127811],[27.110899460005395,38.487390190018935],[27.110936822621849,38.487394822039853],[27.111813298875699,38.487744384941053],[27.112508874369055,38.488288838546957],[27.112955461326273,38.488974884256123],[27.113109344704416,38.489735364149993],[27.112955461326273,38.490495836017978],[27.112755508194073,38.490802994085918],[27.113377058215935,38.490901437938263],[27.113409581831679,38.490918009548196],[27.113576097141848,38.490938652226411],[27.114452573395699,38.491288197936527],[27.115148148889055,38.491832624766609],[27.115594735846273,38.492518636736065],[27.11566843217966,38.492882820471557],[27.116332138307147,38.492618135352025],[27.11649851087477,38.49259751085016],[27.116531177233064,38.492580866509265]]],[[[27.072950898183063,38.471266031184264],[27.073723440668999,38.471143672475002],[27.074495983154936,38.471266031184264],[27.074526838096599,38.471281752562284],[27.074695022080849,38.471302607784423],[27.074967953710846,38.471411484748636],[27.075065789585089,38.471399352882621],[27.075096654519065,38.471383626413264],[27.075869197005002,38.471261267704001],[27.075869617201864,38.471261334256646],[27.075321124907944,38.470831907568417],[27.074874537950727,38.470145689163033],[27.07472065457258,38.469385002568998],[27.074874537950727,38.468624307950378],[27.075321124907944,38.467938068536384],[27.076016700401301,38.4673934612062],[27.076652626912754,38.467139764566767],[27.0765729,38.4671406],[27.0757663,38.4671394],[27.0746532,38.4671376],[27.0718451,38.4671526],[27.0711722,38.4671628],[27.0698521,38.4671754],[27.0697722,38.4671332],[27.0697276,38.4670774],[27.0697879,38.4661114],[27.0697417,38.4660076],[27.0693165,38.4659023],[27.0692462,38.4657675],[27.0691699,38.4655438],[27.0692176,38.4651335],[27.0689953,38.4646614],[27.0687961,38.4644583],[27.0686572,38.4643807],[27.0684934,38.4644108],[27.0682032,38.4645148],[27.0679177,38.4646589],[27.0679186,38.4645914],[27.0676761,38.4646438],[27.0675346,38.4650041],[27.0668055,38.465913],[27.0664842,38.4663722],[27.0659011,38.4674607],[27.065142,38.4684772],[27.0652261,38.4693649],[27.0652812,38.4710198],[27.06530053339403,38.471390366819953],[27.065373741243299,38.471333051181944],[27.065546545233939,38.47126411649235],[27.065879791337938,38.470752060142871],[27.066575366831295,38.470207474064736],[27.067451843085145,38.469857826111436],[27.067620149830333,38.469836955248461],[27.067650882011062,38.469821296420264],[27.068423424496999,38.469698937711001],[27.069195966982935,38.469821296420264],[27.069226699163668,38.469836955248468],[27.069395005908845,38.469857826111436],[27.070271482162696,38.470207474064736],[27.070967057656055,38.470752060142871],[27.071413644613269,38.471438272777597],[27.071514146369381,38.471935065625154],[27.071875383003295,38.471652248731964],[27.072751859257149,38.471302607784423],[27.0729200432414,38.471281752562284],[27.072950898183063,38.471266031184264]]],[[[27.094591053074076,38.486738815187771],[27.094423981980146,38.486718102431297],[27.094103476198608,38.486590274066394],[27.094217653809597,38.487154550952653],[27.094353952964941,38.486945164644489],[27.094607116680084,38.486747000003845],[27.094591053074076,38.486738815187771]]],[[[27.124685099869062,38.464478967030267],[27.125172510254831,38.464401768809111],[27.125038654951581,38.46374003453699],[27.125192538329724,38.462979280373084],[27.125275160156924,38.462852311164731],[27.12495643381045,38.462602744573921],[27.124288146345062,38.462496898237738],[27.124258239718227,38.462481660050258],[27.124089107419149,38.462460684698257],[27.123212631165298,38.462110999184304],[27.122517055671942,38.461566347850649],[27.122070468714725,38.460880041276404],[27.122039912692696,38.46072897530027],[27.121527131153979,38.460524387405108],[27.121499646348056,38.460566626131808],[27.1208040708547,38.461111285014304],[27.12033821547945,38.461297148731035],[27.120490794302416,38.462051471217002],[27.120418704903415,38.462407864588371],[27.121018637133698,38.46264721741376],[27.121714212627058,38.463191860585653],[27.122160799584272,38.463878145163065],[27.122314682962415,38.464638889845993],[27.122160799584272,38.465399626504663],[27.121714212627058,38.466085890074261],[27.121018637133698,38.466630507279056],[27.120977197402521,38.466647039347777],[27.121060406489665,38.466712189628417],[27.121197402111939,38.466501673699561],[27.121892977605299,38.465957055521827],[27.122769453859149,38.465607386959391],[27.122786706696534,38.465605247396724],[27.122914009195942,38.465409623556525],[27.123609584689298,38.46486499713194],[27.124486060943152,38.464515323274718],[27.12465482161257,38.464494394572519],[27.124685099869062,38.464478967030267]]],[[[27.1326998,38.4637298],[27.1332529,38.4627096],[27.1330904,38.4626481],[27.1327796,38.4632132],[27.132539,38.4636363],[27.1321939,38.4635477],[27.1324073,38.4630008],[27.1321388,38.4627576],[27.1319407,38.4628945],[27.1317917,38.4631983],[27.1317534,38.4631765],[27.1316363,38.4630924],[27.1316994,38.4630028],[27.131683,38.462937],[27.1316597,38.4629023],[27.1315645,38.4628595],[27.1315265,38.462861],[27.1314803,38.4628577],[27.1313655,38.4629142],[27.1313128,38.4628492],[27.1313666,38.4628067],[27.1310591,38.4625339],[27.1320718,38.4618538],[27.1319446,38.4617285],[27.1319161,38.4617112],[27.1318573,38.4616754],[27.1315432,38.4614887],[27.1313992,38.4612335],[27.1313193,38.4611177],[27.1312627,38.4610355],[27.131191,38.4609726],[27.1311499,38.4610017],[27.130474648220687,38.461479627548208],[27.130400510713269,38.461846151204668],[27.130317888891351,38.461973121191484],[27.130726391605059,38.462292987242805],[27.131172978562272,38.462979280373084],[27.131326861940416,38.46374003453699],[27.131172978562272,38.464500780676694],[27.130931743837916,38.464871487128498],[27.131030890374007,38.465023845577655],[27.131266367788939,38.464661987217156],[27.131961943282295,38.464117355146755],[27.132829281092519,38.463771323522693],[27.1326998,38.4637298]]],[[[27.131063,38.4605041],[27.1309171,38.4603612],[27.130471507695148,38.460675596017474],[27.130514095981223,38.460886147727599],[27.131063,38.4605041]]],[[[27.1352412,38.4625318],[27.134576034351394,38.463730314753867],[27.134582543433936,38.463731345691265],[27.134612758169467,38.463746740867968],[27.134725347007713,38.463760703615932],[27.1353823,38.4625814],[27.1352412,38.4625318]]],[[[27.1265092,38.4577252],[27.1264862,38.4576854],[27.126273,38.4577717],[27.1259654,38.4573718],[27.1252783,38.4563239],[27.125047,38.4562422],[27.1246971,38.4558443],[27.1244123,38.455464],[27.1244223,38.4553879],[27.1238363,38.4553442],[27.1232358,38.4552964],[27.1232124,38.455472],[27.1225096,38.4554171],[27.12251,38.4554445],[27.1218791,38.4554208],[27.1218745,38.4554464],[27.1205399,38.4554226],[27.120386629185475,38.455365716675466],[27.120255116050057,38.455567840435549],[27.1195595405567,38.456112537061067],[27.118814469564409,38.456409820869787],[27.118836081163323,38.456426744506217],[27.119181388201937,38.456481435768268],[27.11921098698754,38.456496517102806],[27.119380427127847,38.456517532398941],[27.120256903381701,38.456867245028953],[27.120366587586684,38.456953135835661],[27.120590579137545,38.457042507785232],[27.120618063976941,38.457000267320701],[27.121313639470294,38.456455577397683],[27.122190115724148,38.456105862772098],[27.122359590836886,38.456084843018466],[27.122389154650062,38.456069779503267],[27.123161697135998,38.455947420794004],[27.123934239621935,38.456069779503267],[27.12396380343511,38.456084843018466],[27.124133278547845,38.456105862772098],[27.125009754801699,38.456455577397683],[27.125705330295055,38.457000267320701],[27.126151917252272,38.457686610808267],[27.126182473502286,38.457837683006034],[27.126370634080001,38.457912757465529],[27.1263071,38.4578161],[27.1265092,38.4577252]]],[[[27.1163979,38.4516152],[27.1159576,38.4511916],[27.1156793,38.4512293],[27.1148936,38.4508478],[27.1148027,38.4506886],[27.1123542,38.4493672],[27.1125339,38.4490112],[27.1125084,38.448882],[27.1123541,38.4488125],[27.1120793,38.4486887],[27.1118302,38.4490078],[27.1115405,38.4490536],[27.1114882,38.4488316],[27.1114377,38.4488488],[27.1115005,38.4490898],[27.1114012,38.4491107],[27.1111421,38.4491652],[27.1099953,38.4494066],[27.1094824,38.4495145],[27.1095379,38.44971],[27.1093931,38.4497269],[27.1091219,38.4490054],[27.1096395,38.4488823],[27.1096303,38.4488654],[27.1090942,38.4489885],[27.1093684,38.4497389],[27.1092698,38.4497679],[27.1091712,38.4495049],[27.108441,38.4496462],[27.1071026,38.4499051],[27.106941371688698,38.449936292579451],[27.107712330461936,38.450058400453266],[27.107741383597286,38.450073203765115],[27.107911369387846,38.450094288614061],[27.108396909649972,38.45028803565328],[27.108465932808301,38.450233980469854],[27.109342409062151,38.449884235687193],[27.109512412695757,38.44986314856363],[27.109541447988065,38.449848354343267],[27.110313990474001,38.449725995634005],[27.111086532959938,38.449848354343267],[27.111115568252245,38.44986314856363],[27.111285571885851,38.449884235687193],[27.112162048139702,38.450233980469854],[27.112857623633058,38.450778717363796],[27.112904992659836,38.450851523401127],[27.113610432268697,38.451133015053216],[27.114306007762053,38.451677745160154],[27.11475259471927,38.452364139282672],[27.114898779180844,38.453086938617737],[27.115167849731943,38.45267338893084],[27.115863425225296,38.45212866634045],[27.116689306735285,38.451799119289355],[27.1165285,38.4516297],[27.1163979,38.4516152]]],[[[27.112534917088936,38.455502646688736],[27.111762374603,38.455625005397998],[27.110989832117063,38.455502646688736],[27.110960519666431,38.455487711249155],[27.110847714258259,38.455473720056595],[27.111255456820697,38.455636411465541],[27.111951032314053,38.456181107573357],[27.112026468520625,38.456297044091812],[27.112671606162298,38.455791846297053],[27.113548082416152,38.455442128454074],[27.113717613914478,38.455421101513565],[27.113747121342062,38.455406066728266],[27.114519663827998,38.455283708019003],[27.115036209120266,38.455365520756018],[27.114721262774722,38.454881476790504],[27.114575078130706,38.454158694149498],[27.114306007762053,38.454572236606452],[27.113610432268697,38.455116940748731],[27.112733956014846,38.455466660168035],[27.112564229539572,38.455487711249148],[27.112534917088936,38.455502646688736]]],[[[27.110179941640936,38.455250636188268],[27.110209435864007,38.455265664245537],[27.110322060993159,38.455279633136364],[27.109914316937296,38.455116940748731],[27.10978291134014,38.455014037219534],[27.109598398506321,38.455158528804368],[27.110179941640936,38.455250636188268]]],[[[27.1057913,38.4501588],[27.1048108,38.4504241],[27.104340103034577,38.450551451006383],[27.10485120135273,38.450632401027455],[27.105091730310296,38.450444032378634],[27.105820885527471,38.450153074706371],[27.1057913,38.4501588]]],[[[27.1008211,38.4524098],[27.100356319794752,38.452687794912137],[27.100438211330935,38.452700765257262],[27.100467488935159,38.452715682941715],[27.100637250256845,38.452736739176672],[27.101175358504285,38.452951454762356],[27.101310286292723,38.452284312559883],[27.101378113219067,38.452180063982212],[27.1008211,38.4524098]]],[[[27.100438211330935,38.457456047838733],[27.099780345129165,38.45756024360891],[27.099677307267061,38.457718598735781],[27.098981731773701,38.45826327912264],[27.098105255519851,38.458612983289967],[27.097935796333214,38.45863400030278],[27.097906216593938,38.458649071932733],[27.097164289493644,38.458766581641278],[27.097415321690701,38.458866740312146],[27.098076221385405,38.459384259079663],[27.098091639541725,38.459308032369719],[27.098538226498938,38.458621704308605],[27.099233801992298,38.458077026628018],[27.100110278246149,38.457727319862542],[27.10027961561071,38.457706317665661],[27.100309317172062,38.457691183964265],[27.101081859657999,38.457568825255002],[27.101427276687968,38.457623533937976],[27.101499372400944,38.457512733407917],[27.102194947894301,38.456968047354152],[27.102531281107531,38.456833851124991],[27.102529680660581,38.456825938310992],[27.102683564038728,38.456065111224596],[27.103130150995941,38.455378752310374],[27.103190405993679,38.455331566881803],[27.102790816662718,38.455172128103193],[27.102655888961273,38.455839244040092],[27.102209302004059,38.456525598573364],[27.101513726510699,38.457070287967717],[27.100637250256845,38.45741999791823],[27.100467689721587,38.457441027848489],[27.100438211330935,38.457456047838733]]],[[[27.0986042,38.4527088],[27.0983884,38.4526285],[27.0985724,38.4523153],[27.0985312,38.4522897],[27.0983904,38.452545],[27.0983502,38.4526441],[27.0982443,38.4526086],[27.0977407,38.45244],[27.0980438,38.4518732],[27.0980315,38.4518276],[27.0979045,38.4517815],[27.0977618,38.4517327],[27.0977135,38.4517474],[27.0974023,38.452304],[27.0972012,38.4522746],[27.096921,38.4526908],[27.0967211,38.4529877],[27.0966822,38.4533228],[27.0960942,38.4533276],[27.0960648,38.4533429],[27.0960477,38.453384],[27.0960524,38.4534198],[27.0960835,38.4534416],[27.0967608,38.4534544],[27.096853664054603,38.453815779877594],[27.097018964821014,38.453789598808221],[27.097122035685942,38.453631185492796],[27.097817611179298,38.453086470133371],[27.09855338333783,38.452792882828767],[27.0986042,38.4527088]]],[[[27.094524,38.4548727],[27.0938554,38.4547484],[27.0934091,38.4540822],[27.0933322,38.453915],[27.0936796,38.4535746],[27.0949217,38.4530296],[27.0948863,38.4529752],[27.09516,38.4528662],[27.0951529,38.4528065],[27.0956278,38.4525832],[27.0956478,38.4525503],[27.0956118,38.452495],[27.0955747,38.4524847],[27.0955174,38.4524895],[27.0948924,38.4527466],[27.0945466,38.4528916],[27.0938693,38.4531815],[27.0936318,38.4532983],[27.0934278,38.4533719],[27.0931284,38.4538284],[27.0931622,38.4539197],[27.0930882,38.4539422],[27.0928083,38.4543131],[27.0931156,38.4550236],[27.093215379086924,38.455198370068516],[27.093571786083938,38.455254819391264],[27.093601280662384,38.455269847629602],[27.093770825009848,38.455290876207869],[27.094180150114965,38.455454199050124],[27.094568366748799,38.454857544824165],[27.094524,38.4548727]]],[[[27.0886621,38.4574225],[27.08860265691025,38.457498131232157],[27.088853585172011,38.457398012351135],[27.088864889806722,38.457342121194152],[27.088978931711139,38.457166853441905],[27.0886621,38.4574225]]],[[[27.08697110367584,38.459124234786586],[27.087016103105842,38.45911710757705],[27.087025952566886,38.459068411976453],[27.08697110367584,38.459124234786586]]],[[[27.0840141,38.4620474],[27.0835941,38.4625236],[27.0834739,38.4630814],[27.0831863,38.4636988],[27.0828191,38.4640303],[27.082238,38.4648019],[27.0818473,38.4650379],[27.0816983,38.4650796],[27.0813453,38.4651783],[27.0811339,38.4652333],[27.0810882,38.465258],[27.0810654,38.4652803],[27.0810678,38.4652998],[27.0810582,38.4653119],[27.0810415,38.4653156],[27.0810259,38.4653137],[27.0810159,38.4653065],[27.0809966,38.4652977],[27.0809031,38.4651402],[27.0809763,38.465103],[27.0809433,38.4650212],[27.0808084,38.4650512],[27.0805876,38.4651483],[27.0806127,38.4651876],[27.0808092,38.4651208],[27.0808709,38.4652177],[27.0808537,38.4652248],[27.0808847,38.4652814],[27.0803135,38.4655623],[27.0799718,38.4657299],[27.0796422,38.465968],[27.0794523,38.466078],[27.0791958,38.466159],[27.0791766,38.4661513],[27.0791551,38.4661812],[27.0791809,38.4661935],[27.0791041,38.4663552],[27.0790997,38.4664042],[27.0791245,38.4664653],[27.079154,38.4664924],[27.0792408,38.4665305],[27.0793168,38.4665305],[27.0793689,38.4665203],[27.0794443,38.4664684],[27.0796578,38.4663041],[27.0800847,38.4659453],[27.0804333,38.4656965],[27.0806095,38.465597],[27.0806975,38.4655595],[27.0807672,38.4655407],[27.080879,38.4655253],[27.0809484,38.4655214],[27.081002,38.465527],[27.0810446,38.4655447],[27.081089,38.4655671],[27.0811155,38.4656036],[27.0811181,38.4656658],[27.0810815,38.4657231],[27.081011,38.4657922],[27.0809055,38.4658721],[27.0805842,38.4660339],[27.0796926,38.4666455],[27.0794783,38.4668122],[27.0793111,38.4669255],[27.079006150337211,38.467111543983357],[27.079712815732702,38.4673934612062],[27.080408391226058,38.467938068536384],[27.080854978183275,38.468624307950378],[27.081008861561422,38.469385002568998],[27.0809824957995,38.469515335564523],[27.081190746487938,38.469548319233262],[27.081221455473727,38.469563966243051],[27.081389785413847,38.46958484006133],[27.082266261667701,38.469934489338321],[27.082961837161058,38.47047907747816],[27.082985833036251,38.470515948987305],[27.08330898298615,38.470387037463631],[27.083477244765298,38.470366172329804],[27.083508021912063,38.470350490590263],[27.083514672030486,38.470349437314979],[27.083559484961725,38.470127917322102],[27.083817744409053,38.469731076094433],[27.08338917193494,38.469395530588365],[27.082942584977726,38.468709298513595],[27.082788701599579,38.467948596766995],[27.082942584977726,38.467187886995923],[27.08338917193494,38.466501633912756],[27.084084747428296,38.46595701573473],[27.084961223682146,38.465607347172103],[27.085129891570642,38.46558643029276],[27.085160262608063,38.465570955476267],[27.085932805094,38.465448596767004],[27.086024460949506,38.465463113628381],[27.086595284180301,38.465016167514563],[27.087048953155783,38.464835174763934],[27.086500527424938,38.464405761925661],[27.086053940467725,38.463719482368695],[27.086053373097993,38.463716677458798],[27.085608245493297,38.463539089540554],[27.084912669999941,38.462994448990685],[27.084466083042727,38.462308156004745],[27.084341736993469,38.461693413503916],[27.0840141,38.4620474]]],[[[27.077141,38.4669478],[27.0771543,38.4668851],[27.0769901,38.4668634],[27.0769855,38.4669277],[27.0770348,38.4669442],[27.077016354034829,38.467028524412207],[27.077055441105006,38.467023677234394],[27.0770728,38.4669458],[27.077141,38.4669478]]],[[[27.095846119499065,38.471820420482267],[27.096083512643087,38.471782821102011],[27.095534150589941,38.471352716566784],[27.095471607540912,38.471256614607938],[27.09487678705894,38.470790916296941],[27.094430200101723,38.470104697501462],[27.094415197084814,38.470030533543941],[27.09433818020015,38.470020983109571],[27.093894785047798,38.469844101411063],[27.093767586376099,38.470039553797491],[27.09386228099406,38.470113693596339],[27.094308867951273,38.470799912306212],[27.09446275132942,38.471560583973989],[27.094308867951273,38.472321247617053],[27.094030041302535,38.472749675277583],[27.094066556897946,38.472764241680693],[27.094075028825941,38.472751224321478],[27.094770604319297,38.47220665334239],[27.095647080573148,38.471857015083231],[27.095815217449669,38.471836165862875],[27.095846119499065,38.471820420482267]]],[[[27.112612428861361,38.466297098533381],[27.11274494484806,38.466400855374701],[27.112960127264756,38.466731518419984],[27.11289366843258,38.466402981095996],[27.112925104622231,38.466247575557993],[27.112612428861361,38.466297098533381]]],[[[27.113505792552001,38.461056627135001],[27.112733250066064,38.460934268425738],[27.112703476192593,38.460919097879476],[27.112534211140151,38.460898105608983],[27.1116577348863,38.460548412519572],[27.11096215939294,38.460003749386914],[27.110824417238756,38.459792065206869],[27.110464188037831,38.459935789903113],[27.110738673121055,38.460150723768621],[27.111185260078269,38.460837037282047],[27.111322644861783,38.461516247418913],[27.111364764846151,38.461499442772812],[27.111533781745027,38.461478481418091],[27.111563803772064,38.461463184431267],[27.112336346258001,38.461340825722004],[27.113108888743938,38.461463184431267],[27.113138910770978,38.461478481418091],[27.113307927669847,38.461499442772812],[27.113973948512971,38.461765165676852],[27.113912911180581,38.461463408714991],[27.114011388884439,38.46097654854286],[27.113505792552001,38.461056627135001]]],[[[27.113278956450586,38.467519286534746],[27.113324306115292,38.467743469170209],[27.113390910541426,38.467691320521496],[27.113278956450586,38.467519286534746]]]]}},
{"type":"Feature","properties":{"full_id":"r1269252","osm_id":"1269252","osm_type":"relation","boundary":"administrative","cuisine":null,"amenity":null,"shop":null,"building":null,"wikipedia_":null,"website":null,"industrial":null,"url":null,"short_name":null,"landuse":null,"wikimedia_":null,"place":null,"name_sk":null,"name_nl":null,"name_hu":null,"name_cs":null,"name_ca":null,"cg_ref":null,"name_os":null,"name_tg":null,"name_be":null,"old_name":"Bîrûnabad;Burnova;Burnava","alt_name":null,"name_sq":null,"salb_id":null,"salb_adm2n":null,"salb_adm1n":null,"population":null,"populati_1":null,"name_sr":null,"name_ml":null,"name_kk":null,"name_hy":null,"name_grc":null,"name_fr":null,"name_bg":null,"name_ba":null,"name_az":null,"geonames_i":null,"name_zh":null,"name_ur":"بورنووا","name_tt":"Борнова","name_ko":null,"name_ja":null,"name_fa":"بورنووا","name_ce":"Борнова","name_bn":null,"wikipedia":"tr:Bornova","wikidata":"Q894012","type":"boundary","ref_nuts_3":null,"ref_nuts":null,"old_name_s":null,"network":"TR35-districts","name_uk":null,"name_tr_su":"İlçesi","name_tr":"Bornova","name_ru":"Борнова","name_ro":null,"name_lt":null,"name_en":"Bornova","name_el":"Μπουρνόβας","name_de":"Bornova","name_ar":null,"name":"Bornova","admin_leve":"6","ISO3166-2":null,"dangerArea":217317964.2,"DangerAr_1":214583308},"geometry":{"type":"MultiPolygon","coordinates":[[[[27.3336116,38.393774],[27.3325789,38.3941294],[27.3322356,38.3944909],[27.3316777,38.3951468],[27.3313022,38.3954915],[27.3309159,38.3958699],[27.330519,38.396181],[27.3302507,38.396551],[27.3299611,38.3970051],[27.3297465,38.3973498],[27.3294997,38.3975853],[27.3291242,38.3977618],[27.3286521,38.397972],[27.3279977,38.3983252],[27.3278689,38.3985354],[27.32759,38.3987877],[27.3273432,38.3992249],[27.3271501,38.3996369],[27.326839,38.4000489],[27.3263776,38.4003348],[27.3260343,38.4005113],[27.3257875,38.4006543],[27.3256481,38.4008308],[27.3254871,38.4011167],[27.3251974,38.4014782],[27.324661,38.4018818],[27.3242855,38.4021088],[27.3239314,38.4023779],[27.3235989,38.4028067],[27.323159,38.403412],[27.322998,38.403782],[27.3229444,38.4043537],[27.3230195,38.40469],[27.3232019,38.4049675],[27.3235023,38.4051945],[27.3235881,38.4054635],[27.3234379,38.4060941],[27.3232233,38.406464],[27.323041,38.4066069],[27.3226869,38.4066069],[27.322365,38.4065733],[27.3219788,38.4066994],[27.3215711,38.4068507],[27.3210883,38.4075485],[27.3207557,38.407868],[27.3204446,38.4082884],[27.3200905,38.4087928],[27.319715,38.4091963],[27.3194253,38.4094485],[27.3193502,38.4097512],[27.3191142,38.4099193],[27.318052,38.4102052],[27.3174727,38.4106087],[27.3171401,38.4108609],[27.3167109,38.4110038],[27.3163783,38.4111383],[27.316196,38.4115419],[27.3160994,38.4119874],[27.3158204,38.4123237],[27.3156166,38.4126936],[27.3156702,38.4132652],[27.31552,38.4135426],[27.314769,38.4141899],[27.3144472,38.414501],[27.3141682,38.4146607],[27.3139965,38.4147868],[27.3136854,38.4149717],[27.3134494,38.4150642],[27.3129988,38.4151062],[27.3124194,38.4151651],[27.3119366,38.4152828],[27.3112285,38.4156947],[27.3104775,38.4159973],[27.3098552,38.4161907],[27.309308,38.4162747],[27.3089325,38.4162327],[27.3086643,38.4158628],[27.3018027,38.4168899],[27.3018225,38.4149856],[27.3013326,38.4134279],[27.3010095,38.4124006],[27.3006177,38.411483],[27.3001657,38.4106169],[27.2993054,38.4089283],[27.2983861,38.4083388],[27.2972488,38.4078008],[27.2946047,38.4071407],[27.2882829,38.4065093],[27.2837305,38.4063547],[27.2795892,38.4056148],[27.2743749,38.4039838],[27.2711777,38.4030757],[27.2665214,38.4019155],[27.2646346,38.4010849],[27.2632599,38.3992081],[27.2626038,38.3977367],[27.2620044,38.3961637],[27.2619354,38.3918572],[27.2616131,38.3912105],[27.2608766,38.3873603],[27.260437,38.38532],[27.2574279,38.3803811],[27.2590422,38.3788746],[27.2525361,38.3757067],[27.2519891,38.3751358],[27.2509885,38.3747447],[27.2491672,38.3733899],[27.2489087,38.370852],[27.2487502,38.3709775],[27.2472509,38.3708019],[27.2457885,38.3702129],[27.2464156,38.3698406],[27.2466815,38.3692932],[27.2472417,38.3692855],[27.2475782,38.3688439],[27.2474245,38.3679297],[27.246043,38.3678411],[27.2454717,38.3683411],[27.2437656,38.3681331],[27.2431111,38.3677798],[27.2428536,38.367805],[27.2417807,38.3677125],[27.241652,38.3674601],[27.2419417,38.3671825],[27.2413248,38.3669512],[27.2409761,38.3665432],[27.2407615,38.3666778],[27.240386,38.3662908],[27.2395491,38.3661731],[27.2397208,38.3654748],[27.2402787,38.3648944],[27.2409439,38.3646421],[27.2403217,38.364499],[27.2401607,38.3640952],[27.2396826,38.3641579],[27.2381759,38.3637335],[27.2376339,38.3639661],[27.2373419,38.3642189],[27.2372103,38.364743],[27.237339,38.3654076],[27.2371888,38.3658366],[27.2366467,38.3664816],[27.2355688,38.3676452],[27.2352294,38.367907],[27.2349036,38.3681583],[27.23382,38.3684359],[27.2300177,38.3713911],[27.2282329,38.3755288],[27.2278011,38.3767294],[27.2277345,38.3774822],[27.2276182,38.3778579],[27.2273647,38.3780685],[27.2268604,38.3784231],[27.2260743,38.3803242],[27.2257897,38.380939],[27.2257519,38.3815487],[27.2254085,38.3817842],[27.2255158,38.381986],[27.2260523,38.3824402],[27.2257304,38.3831802],[27.2251012,38.3833714],[27.2244859,38.3839708],[27.2238335,38.3837148],[27.2225332,38.3839372],[27.2218757,38.3836452],[27.2218794,38.3833127],[27.2208353,38.3825149],[27.2194004,38.3835629],[27.2184241,38.3837899],[27.2176784,38.383874],[27.2169596,38.3840843],[27.2166364,38.384182],[27.2161587,38.3845753],[27.2158105,38.3846404],[27.2154146,38.3847781],[27.2152162,38.3849673],[27.2151571,38.3851271],[27.2150391,38.3852196],[27.2149372,38.3852575],[27.2146636,38.385392],[27.2146583,38.3854845],[27.2149586,38.3858294],[27.2151349,38.385827],[27.215142,38.385958],[27.2154069,38.3862405],[27.215538,38.3867292],[27.215866,38.3873454],[27.2168233,38.3877305],[27.2168934,38.388203],[27.2170529,38.3885524],[27.217056,38.3895893],[27.2162676,38.3897734],[27.2159685,38.3904851],[27.2162418,38.3907349],[27.2162893,38.3914499],[27.2158395,38.3929523],[27.2151613,38.3940262],[27.2142934,38.3941335],[27.2133198,38.3952435],[27.2128907,38.3954684],[27.2126949,38.3964922],[27.2109869,38.3968951],[27.2103882,38.3979636],[27.2107208,38.3983924],[27.211132,38.3986556],[27.2114456,38.3987149],[27.2112434,38.3989926],[27.2111828,38.4002749],[27.2111708,38.4014199],[27.2124806,38.4027973],[27.2115516,38.4049064],[27.2110462,38.4053728],[27.2106396,38.4066474],[27.2091735,38.407033],[27.2089795,38.4072527],[27.2072194,38.408493],[27.2066438,38.4082715],[27.2051203,38.4082883],[27.2037041,38.408011],[27.2024917,38.4079857],[27.200211,38.4084864],[27.1986937,38.4091123],[27.1954436,38.4086221],[27.1951764,38.40856],[27.1937584,38.4082211],[27.1905398,38.4080698],[27.1924223,38.4075853],[27.1941339,38.407145],[27.192155,38.4062489],[27.1916125,38.4060376],[27.1901429,38.4052869],[27.1889173,38.4049535],[27.1883519,38.405187],[27.1880556,38.405342],[27.186959988328372,38.406190418679302],[27.186971842525846,38.406191889954968],[27.1878483187797,38.406541846404224],[27.188543894273053,38.407086912977817],[27.188712713789098,38.407346545053791],[27.1891022,38.4075632],[27.1896253,38.4080865],[27.18903382609043,38.407988179231232],[27.189144364608417,38.408535067172998],[27.188990481230274,38.40929639525023],[27.188543894273053,38.409983192349358],[27.1878483187797,38.410528232967721],[27.186971842525846,38.410878168418748],[27.186798329319284,38.410899702460107],[27.186772803599936,38.410912708463734],[27.186029613880688,38.411030418151469],[27.1860722,38.4112475],[27.1861625,38.411441],[27.1861786,38.4118403],[27.186204805258726,38.411859754640062],[27.186589643425297,38.411558208851702],[27.187466119679147,38.411208276693884],[27.187639407832197,38.411186770645386],[27.187665158605064,38.411173649971268],[27.188437701091001,38.411051291262005],[27.189210243576937,38.411173649971268],[27.189235994349808,38.411186770645386],[27.189409282502847,38.411208276693884],[27.190285758756701,38.411558208851702],[27.190981334250058,38.412103237590351],[27.191427921207275,38.412790008012671],[27.191581804585415,38.413551291262003],[27.191427921207275,38.414312566490402],[27.190981334250058,38.414999315913633],[27.190285758756701,38.415544318695993],[27.189409282502847,38.415894229854729],[27.189236195181046,38.415915709549992],[27.189210243576937,38.415928932552738],[27.188437701091001,38.416051291262001],[27.187665158605064,38.415928932552738],[27.187639207000959,38.415915709549992],[27.187466119679147,38.415894229854729],[27.186589643425297,38.415544318695993],[27.186115302579367,38.415172659424947],[27.1860605,38.415432],[27.1860364,38.4157073],[27.1860444,38.4166446],[27.186774,38.4168211],[27.1868407,38.4171373],[27.1864294,38.4172418],[27.1864736,38.4174642],[27.185338165962811,38.417626811023339],[27.185353224643393,38.417634483804335],[27.185525965351847,38.417655919998815],[27.186402441605697,38.418005820930524],[27.187098017099053,38.418550801033192],[27.187544604056271,38.419237510170269],[27.187698487434414,38.419998725484],[27.187544604056271,38.42075993277637],[27.187098017099053,38.421446620913258],[27.186402441605697,38.421991575058264],[27.185525965351847,38.422341454989784],[27.185353425467717,38.422362864838561],[27.185326926425937,38.422376366774735],[27.18455438394,38.422498725483997],[27.183781841454064,38.422376366774735],[27.183755342412287,38.422362864838561],[27.183582802528147,38.422341454989784],[27.182706326274296,38.421991575058264],[27.18201075078094,38.421446620913258],[27.181564163823722,38.42075993277637],[27.181410280445579,38.419998725484],[27.181564163823722,38.419237510170269],[27.181790516298438,38.418889451835661],[27.1814793,38.4189899],[27.1806738,38.4192447],[27.1802697,38.4194622],[27.1795428,38.4199565],[27.179017,38.420293],[27.1786608,38.4204726],[27.179141,38.4206998],[27.179178,38.4207173],[27.1793711,38.4208938],[27.1794891,38.4210661],[27.1793497,38.42152],[27.179296,38.4218646],[27.1791918,38.4220861],[27.1789688,38.422348],[27.1787167,38.422743],[27.1787113,38.4230708],[27.1787971,38.4236424],[27.1789848,38.4238315],[27.1790117,38.4240962],[27.1788132,38.4240669],[27.1787167,38.4241274],[27.1787011,38.4243499],[27.1793888,38.425524],[27.1794035,38.4259026],[27.1798373,38.4261033],[27.1798741,38.4261527],[27.1799075,38.4262354],[27.1801579,38.4269697],[27.1801521,38.4273659],[27.1801341,38.4285996],[27.1801929,38.4290948],[27.1804723,38.4306312],[27.1807129,38.43221],[27.1806488,38.4331198],[27.1807211,38.4355038],[27.1806869,38.4363881],[27.1806033,38.4371534],[27.1803434,38.4395314],[27.1802991,38.439937],[27.180290240704899,38.440002552130963],[27.180735079416699,38.440180083116289],[27.181430654910052,38.440724895900125],[27.181877241867273,38.441411394202142],[27.182031125245416,38.442172375802002],[27.181877241867273,38.442933349379068],[27.181430654910052,38.443619826677093],[27.180735079416699,38.444164613498579],[27.180481880332913,38.444265656826175],[27.181213,38.4458379],[27.1808204,38.4479919],[27.182125340180335,38.448479995352322],[27.182772213488935,38.448582450019266],[27.182801141245715,38.44859718944754],[27.182971252414845,38.448618290279903],[27.183847728668699,38.448968041198263],[27.184254274470881,38.449286431344042],[27.186656,38.4502615],[27.1928127,38.4525649],[27.2033801,38.4565793],[27.2027385,38.4576635],[27.2017997,38.4579492],[27.200251255804172,38.458873560405571],[27.200208681041058,38.458938990897067],[27.200021079409417,38.459085892565696],[27.199987399596274,38.459252406015878],[27.199948930641561,38.459311525727806],[27.200518922145701,38.459538943007921],[27.201214497639054,38.460083609650212],[27.201254878224677,38.460145666472364],[27.201419884830301,38.460016459794218],[27.202296361084155,38.459666762430665],[27.202465533682773,38.459645781233107],[27.202495400010065,38.459630563579267],[27.203267942496002,38.459508204870005],[27.204040484981938,38.459630563579267],[27.20407035130923,38.459645781233107],[27.204239523907852,38.459666762430665],[27.205116000161702,38.460016459794218],[27.205811575655062,38.460561122830917],[27.206258162612276,38.461247432439563],[27.206349664712352,38.461699802772898],[27.206653074420998,38.461651747396004],[27.207425616906935,38.461774106105267],[27.207455665350274,38.461789416551866],[27.207624655832849,38.461810374540114],[27.208501132086699,38.462160061511533],[27.209012085545478,38.462560146325799],[27.209595444301296,38.462103366634977],[27.21047192055515,38.4617536793887],[27.210640915854466,38.461732720786614],[27.210670959481064,38.461717412794265],[27.211443501967,38.461595054085002],[27.212216044452937,38.461717412794265],[27.212246088079535,38.461732720786614],[27.212415083378847,38.4617536793887],[27.2132526526314,38.462087843930185],[27.21320637760758,38.461859070269],[27.213360260985727,38.46109829626559],[27.213806847942944,38.460411985237961],[27.214502423436297,38.459867321075158],[27.215378899690151,38.459517622988592],[27.21554808495911,38.459496640176241],[27.215577938616065,38.459481428978265],[27.216350481102001,38.459359070269002],[27.217123023587938,38.459481428978265],[27.217152877244896,38.459496640176248],[27.217322062513848,38.459517622988592],[27.218198538767702,38.459867321075158],[27.218894114261058,38.460411985237961],[27.219340701218275,38.46109829626559],[27.219494584596418,38.461859070269],[27.219340701218275,38.462619836248322],[27.219052907783105,38.463062101207626],[27.219078461824999,38.463058053845003],[27.219851004310936,38.463180412554266],[27.219881172237336,38.463195783880522],[27.220050043236846,38.463216726642287],[27.220926519490696,38.463566406795486],[27.221622094984053,38.464111043026314],[27.222068681941266,38.46479731885745],[27.222222565319413,38.465558053845008],[27.222068681941266,38.466318780808223],[27.221622094984053,38.467005035631388],[27.220926519490696,38.467549645894941],[27.220050043236846,38.46789930504017],[27.219881373012356,38.467920221509495],[27.219851004310936,38.467935695135736],[27.219078461824999,38.468058053844999],[27.218305919339063,38.467935695135736],[27.218275550637646,38.467920221509495],[27.218106880413146,38.46789930504017],[27.217230404159292,38.467549645894941],[27.216534828665935,38.467005035631388],[27.216088241708718,38.466318780808223],[27.215934358330578,38.465558053845008],[27.216088241708718,38.46479731885745],[27.216376064262978,38.464355018294363],[27.216350481102001,38.464359070268998],[27.215577938616065,38.464236711559735],[27.215547884180051,38.464221398059713],[27.215378899690151,38.464200441544136],[27.214541330793047,38.463866286860195],[27.214587605461418,38.464095054085],[27.214433722083271,38.464855796480009],[27.213987135126054,38.465542065224469],[27.213873762823031,38.465630833407019],[27.213889127746416,38.465706790997992],[27.213735244368273,38.466467516392306],[27.213288657411056,38.46715376980012],[27.212593081917699,38.46769837894044],[27.211716605663845,38.468048037364511],[27.211547948076383,38.468068952223604],[27.211517566737935,38.468084432288734],[27.210745024251999,38.468206790997996],[27.209972481766062,38.468084432288734],[27.209942100427618,38.468068952223604],[27.209773442840149,38.468048037364511],[27.208896966586298,38.46769837894044],[27.208201391092938,38.46715376980012],[27.207754804135725,38.466467516392306],[27.207749863684509,38.466443093178157],[27.207624655832849,38.46649304424519],[27.207455866126878,38.46651397593935],[27.207425616906935,38.466529388686737],[27.206653074420998,38.466651747396],[27.205880531935062,38.466529388686737],[27.205850282715119,38.46651397593935],[27.205681493009148,38.46649304424519],[27.204805016755294,38.466143378281515],[27.204109441261938,38.465598757398013],[27.203662854304721,38.464912489193019],[27.203571354638626,38.464460149107602],[27.20326962032134,38.464507939128573],[27.202909641810056,38.465061120640954],[27.202303369254494,38.4655358227538],[27.2023469,38.4656108],[27.2019875,38.4657746],[27.2015852,38.46593],[27.2008073,38.4661526],[27.200684246108793,38.466229491301512],[27.200763538720416,38.466621474992003],[27.200609655342273,38.467382190737901],[27.200163068385059,38.468068435441701],[27.199859455991064,38.468306149376765],[27.199991062442422,38.468956725904995],[27.199837179064275,38.469717417016952],[27.199390592107061,38.470403639498016],[27.198695016613701,38.47094822409462],[27.197818540359851,38.471297866760594],[27.197650158899712,38.471318746436708],[27.197619501433937,38.471334367195738],[27.196846958948001,38.471456725905],[27.196074416462064,38.471334367195738],[27.196043758996289,38.471318746436708],[27.195875377536154,38.471297866760594],[27.195572066907083,38.471176870513972],[27.1949601,38.4713313],[27.1938229,38.4717345],[27.1928465,38.4721209],[27.1921921,38.4724107],[27.1916288,38.4726753],[27.1911406,38.4729861],[27.1907222,38.473301],[27.190520121890703,38.473554115544168],[27.190592640437416,38.473912575340989],[27.190438757059272,38.474673214170821],[27.189992170102055,38.475359389487224],[27.189296594608699,38.475903936653552],[27.189150646327811,38.475962154133377],[27.1891344,38.4759889],[27.1887749,38.476518],[27.1886596,38.4766587],[27.1885104,38.476713],[27.188532485521051,38.476856314515025],[27.188854003232148,38.476728065406725],[27.189021726202881,38.476707268916407],[27.189053042158065,38.476691312640263],[27.189825584644002,38.476568953931],[27.190598127129938,38.476691312640263],[27.190629443085122,38.476707268916407],[27.190797166055848,38.476728065406725],[27.191673642309699,38.477077680044182],[27.192369217803055,38.477622214231488],[27.192815804760272,38.47830836147962],[27.192969688138415,38.479068953930998],[27.192815804760272,38.479829538357166],[27.192369217803055,38.480515664595032],[27.191673642309699,38.481060172812214],[27.190797166055848,38.481409766439405],[27.190629643845416,38.481430536653114],[27.190598127129938,38.481446595221733],[27.189825584644002,38.481568953930996],[27.189053042158065,38.481446595221733],[27.189021525442588,38.481430536653114],[27.188854003232148,38.481409766439405],[27.187977526978294,38.481060172812214],[27.187281951484941,38.480515664595032],[27.187008281009561,38.480095203382156],[27.1870047,38.4800939],[27.1864924,38.4800708],[27.1861839,38.4800477],[27.18603603752241,38.480052737331739],[27.185657732995058,38.4806339550139],[27.184962157501701,38.481178462337496],[27.184504502979646,38.481361003326022],[27.1845671,38.4822175],[27.1851151,38.4828648],[27.1850028,38.4830251],[27.1843883,38.4856907],[27.184239,38.4856814],[27.1839983,38.48588],[27.1838513,38.486058],[27.1834536,38.4861179],[27.1830656,38.4860051],[27.1827264,38.4860832],[27.182646,38.4862648],[27.1822216,38.4864957],[27.1821387,38.4870575],[27.1820189,38.4871918],[27.1818524,38.4871436],[27.1812766,38.4871536],[27.1811074,38.4872907],[27.1810413,38.4875515],[27.1809029,38.4876496],[27.180586,38.4876571],[27.1804221,38.4877239],[27.1800985,38.4877854],[27.1796271,38.4876601],[27.1795325,38.4875855],[27.179373,38.487599],[27.1792343,38.4876451],[27.179045,38.4878224],[27.1785418,38.487949],[27.1788454,38.4882197],[27.1796896,38.4886916],[27.180849,38.4891606],[27.1812434,38.4894243],[27.1825648,38.4901081],[27.1830334,38.490479],[27.183491,38.4910598],[27.1836573,38.4913159],[27.1838289,38.491677],[27.183845,38.4920129],[27.1837914,38.4925251],[27.1841,38.4945],[27.1824,38.4953],[27.1816,38.4978],[27.1822,38.5001],[27.1758,38.5065],[27.175,38.5087],[27.1787,38.512],[27.1790707,38.5130831],[27.1862161,38.5251961],[27.1856904,38.526027],[27.1855968,38.5275247],[27.1856689,38.5281672],[27.1860338,38.5290233],[27.1866989,38.5297704],[27.1869456,38.5307187],[27.1868705,38.5314825],[27.1866345,38.5328505],[27.1864736,38.5337233],[27.1863717,38.5340338],[27.1866238,38.5342394],[27.1867994,38.5343937],[27.1880287,38.5353796],[27.1886324,38.5362022],[27.1909523,38.5356145],[27.1942677,38.5356567],[27.1989854,38.5380025],[27.2028482,38.5411242],[27.2044427,38.5415802],[27.2052546,38.5416086],[27.2072001,38.5427373],[27.20837,38.5432477],[27.2096068,38.5432693],[27.2110951,38.5436659],[27.2129168,38.5439426],[27.2154663,38.5439737],[27.2167453,38.5454432],[27.2171128,38.5465389],[27.2190478,38.5490975],[27.2197953,38.5503713],[27.2217739,38.5497538],[27.2296022,38.5513953],[27.2361036,38.5625132],[27.2243397,38.5720702],[27.2243864,38.5724396],[27.2362774,38.5715522],[27.249831,38.5730018],[27.2608431,38.5672958],[27.2732072,38.555937],[27.2749459,38.5542616],[27.275578,38.5535623],[27.2781305,38.5541421],[27.2817072,38.5566478],[27.2831229,38.5564147],[27.2831974,38.5551328],[27.28588,38.5533263],[27.2861834,38.5524327],[27.2857256,38.5519553],[27.2860689,38.5515077],[27.2873661,38.5521641],[27.2890066,38.5547897],[27.2889303,38.5572659],[27.2903037,38.5580714],[27.2911812,38.5576537],[27.2912575,38.5552372],[27.2921732,38.5533277],[27.2922495,38.5502844],[27.2956449,38.5488523],[27.2973236,38.5487031],[27.2995364,38.5475394],[27.3007954,38.547808],[27.3026266,38.5477781],[27.3021617,38.5466293],[27.3018622,38.5451279],[27.3042011,38.5437601],[27.3048097,38.5433071],[27.3053654,38.5429294],[27.3071119,38.5427701],[27.3080084,38.5427376],[27.3088084,38.5428124],[27.3100549,38.5428609],[27.3108477,38.5429209],[27.3115963,38.5429771],[27.3149085,38.543114],[27.3197365,38.5422748],[27.3203143,38.5422982],[27.3207712,38.5424706],[27.3219788,38.5426524],[27.3231783,38.5430339],[27.3275691,38.5427505],[27.3284912,38.5427112],[27.3304293,38.5426767],[27.3313558,38.5425937],[27.3325681,38.5424762],[27.3339536,38.5424949],[27.3348182,38.5421369],[27.3374927,38.5404203],[27.3406792,38.5384817],[27.3470548,38.5348878],[27.3474167,38.5347959],[27.3497082,38.5341529],[27.3501956,38.5340254],[27.3503754,38.5339925],[27.3521268,38.5338492],[27.3520732,38.5340674],[27.3529315,38.5341849],[27.3527813,38.5346046],[27.3535802,38.5348111],[27.3540473,38.5349318],[27.3543799,38.5342436],[27.3541868,38.5340674],[27.3539431,38.5337904],[27.3537683,38.5334799],[27.3536611,38.5332953],[27.353602,38.5331694],[27.3535591,38.5328043],[27.353543,38.5324644],[27.3536128,38.532221],[27.3536825,38.5320196],[27.3538434,38.5318643],[27.3540258,38.5316503],[27.3539615,38.5315538],[27.3537898,38.5310209],[27.3536235,38.5306012],[27.3534304,38.5303746],[27.3534411,38.530169],[27.3530602,38.5304292],[27.3530441,38.5302319],[27.3531032,38.5297325],[27.3528939,38.5298123],[27.3528242,38.5295185],[27.3529154,38.5294975],[27.3531622,38.5295437],[27.3532963,38.5295395],[27.3533231,38.52938],[27.3531622,38.5292541],[27.3530066,38.529166],[27.352792,38.5288303],[27.3526794,38.5287925],[27.3525453,38.5286666],[27.3524702,38.5284778],[27.3524862,38.5283351],[27.3524809,38.5281924],[27.3524058,38.5279994],[27.3522878,38.5277182],[27.3521966,38.5273153],[27.3521215,38.5269964],[27.351923,38.5266648],[27.3519713,38.5264634],[27.3519123,38.5263962],[27.3517406,38.5260647],[27.3514241,38.5259178],[27.3512953,38.5254436],[27.3512685,38.5252296],[27.3513275,38.525154],[27.3513222,38.5250533],[27.35129,38.5249442],[27.3511934,38.5248015],[27.3511398,38.5244657],[27.3507804,38.5246336],[27.3502815,38.5242559],[27.3503566,38.5241636],[27.3503512,38.5240377],[27.3502976,38.523895],[27.3501742,38.5236641],[27.3501044,38.5235005],[27.3500884,38.5231983],[27.3500776,38.5229549],[27.3501205,38.5227996],[27.3501795,38.5224932],[27.3501956,38.522233],[27.3505336,38.5221659],[27.350716,38.5221575],[27.3507857,38.5221407],[27.3509198,38.5221617],[27.3510647,38.5220945],[27.3511237,38.5220064],[27.3511237,38.5218301],[27.3505068,38.5213894],[27.3502815,38.5209068],[27.3499489,38.5207725],[27.3501259,38.5203737],[27.3502278,38.5201723],[27.3503727,38.5200128],[27.3505443,38.5198953],[27.3509628,38.5196392],[27.3512471,38.5192573],[27.3520303,38.51791],[27.3520034,38.5176036],[27.3521537,38.5170202],[27.3525077,38.5169447],[27.3525989,38.5165333],[27.3528027,38.5162269],[27.3527813,38.5160464],[27.3526418,38.5155554],[27.3526955,38.5154588],[27.3526633,38.5153413],[27.3525882,38.5152615],[27.3525238,38.5150937],[27.3525399,38.5149971],[27.352556,38.5149132],[27.352438,38.5148292],[27.3523629,38.5146571],[27.3522985,38.5143675],[27.3521805,38.5141366],[27.3523092,38.5140191],[27.3520732,38.513633],[27.3518559,38.5136267],[27.3517996,38.5135847],[27.3517621,38.5134567],[27.3517379,38.5133496],[27.3517352,38.5131544],[27.3515958,38.5130789],[27.3514241,38.5130117],[27.3509198,38.5129236],[27.3509091,38.5128187],[27.3509681,38.512592],[27.3510593,38.5123611],[27.3510915,38.5121722],[27.3511612,38.51187],[27.3512953,38.5116979],[27.3514026,38.5116895],[27.351011,38.510531],[27.3509252,38.5102204],[27.3509145,38.5100189],[27.350952,38.509746],[27.3510003,38.509448],[27.3511505,38.5080334],[27.3505551,38.5071308],[27.3504156,38.5064508],[27.3499757,38.5063626],[27.3500508,38.505246],[27.3499972,38.504885],[27.3498738,38.5045995],[27.3496377,38.5044694],[27.3494875,38.504398],[27.3494339,38.5042259],[27.3493883,38.5039257],[27.3492783,38.5038648],[27.3491201,38.5037515],[27.3489189,38.503678],[27.3488143,38.5035332],[27.3488894,38.50321],[27.3487821,38.503105],[27.3486266,38.5030273],[27.3486373,38.5028825],[27.3487097,38.5027524],[27.3486695,38.5026012],[27.3485059,38.5024963],[27.348479,38.5023535],[27.3480767,38.5021856],[27.3479533,38.5020135],[27.3479319,38.5018918],[27.3479801,38.5016818],[27.3481464,38.5012201],[27.3481196,38.5011109],[27.3480338,38.5009975],[27.3480123,38.5008422],[27.348007,38.5007331],[27.3478836,38.5005861],[27.3476744,38.5004392],[27.3474973,38.5000446],[27.3471808,38.4998053],[27.3473149,38.4995869],[27.3472238,38.4994274],[27.3469233,38.4994232],[27.3468697,38.4993434],[27.3468214,38.4991881],[27.3468482,38.4990957],[27.3466176,38.4988984],[27.3463762,38.4988019],[27.3459738,38.4986759],[27.3456895,38.4985122],[27.3455393,38.4983568],[27.3454642,38.4982015],[27.3453784,38.4979454],[27.3446488,38.4974752],[27.3448044,38.4971687],[27.3448205,38.4971267],[27.344799,38.4969504],[27.3446703,38.496795],[27.3445362,38.4967111],[27.3442197,38.4964508],[27.3440319,38.496329],[27.3439676,38.4961317],[27.3438764,38.4961779],[27.3436886,38.4963752],[27.3433828,38.4967363],[27.3431683,38.4966607],[27.3428035,38.4965305],[27.3425674,38.4964214],[27.3422778,38.4964004],[27.342149,38.4959512],[27.3418862,38.4959764],[27.3418218,38.4957118],[27.3414355,38.495779],[27.3372567,38.4937805],[27.3369241,38.4940072],[27.3366558,38.4942634],[27.3361623,38.4939317],[27.3357975,38.493621],[27.3355883,38.4933942],[27.3354596,38.4932515],[27.3353308,38.4930584],[27.3352021,38.4930416],[27.3351484,38.4931213],[27.3351914,38.4932305],[27.3350948,38.4933733],[27.3350143,38.493432],[27.3348749,38.493411],[27.3347408,38.4934866],[27.3346388,38.493495],[27.3345047,38.4936336],[27.334435,38.4937763],[27.3341614,38.4938855],[27.3337913,38.4939527],[27.3333836,38.4939695],[27.3333353,38.4937553],[27.3331904,38.4927393],[27.3332173,38.4925167],[27.3332065,38.4921221],[27.3331422,38.4919709],[27.3320907,38.491127],[27.3320156,38.4906357],[27.3318762,38.4906399],[27.3318386,38.4903124],[27.3318601,38.4900101],[27.3316026,38.4897078],[27.3318279,38.4894558],[27.3297679,38.4876839],[27.3291349,38.4879946],[27.3285985,38.4879946],[27.3278904,38.4871548],[27.3228714,38.4810364],[27.3217794,38.466435],[27.3206658,38.4614148],[27.3236203,38.4588145],[27.3243284,38.458092],[27.3249292,38.4574199],[27.3254442,38.456983],[27.3330617,38.452278],[27.3396706,38.4511521],[27.336452,38.444262],[27.3342633,38.4391865],[27.3423528,38.4308833],[27.3454642,38.4232347],[27.344563,38.4223942],[27.3436832,38.420898],[27.3431897,38.4198557],[27.3413443,38.4181913],[27.3409581,38.4169977],[27.3407006,38.4163167],[27.3404002,38.415535],[27.3402178,38.4151147],[27.3398423,38.4146523],[27.339499,38.4141395],[27.3394561,38.4138033],[27.3396063,38.4125255],[27.3396492,38.4118865],[27.3394561,38.4113149],[27.3391342,38.4104238],[27.3388982,38.4096839],[27.3388338,38.4089441],[27.338984,38.4080698],[27.338984,38.4074813],[27.3388982,38.4069937],[27.3385334,38.4065228],[27.3382544,38.4059007],[27.3383295,38.4048077],[27.338233,38.4043705],[27.3380828,38.4040594],[27.3381364,38.4036727],[27.338351,38.4033952],[27.338351,38.4029833],[27.3384046,38.4022854],[27.3384476,38.4015035],[27.3385227,38.4007552],[27.3383295,38.4000573],[27.3380184,38.3992585],[27.3379004,38.3985102],[27.3378146,38.39793],[27.3374176,38.3971733],[27.3379755,38.3957606],[27.3369562,38.3932632],[27.3347354,38.3937089],[27.3336116,38.393774]],[[27.202080174071938,38.414581645275263],[27.202106214208204,38.414594913387397],[27.202279212997848,38.414616382511582],[27.203155689251702,38.414966298164408],[27.203851264745058,38.415511301195828],[27.204297851702275,38.41619803922498],[27.204451735080418,38.416959286566005],[27.204297851702275,38.417720525885869],[27.203851264745058,38.41840724291535],[27.203155689251702,38.418952219989748],[27.202279212997848,38.419302114642903],[27.202106415035786,38.419323557417833],[27.202080174071938,38.419336927856733],[27.201307631586001,38.419459286565996],[27.200535089100065,38.419336927856733],[27.200508848136216,38.419323557417833],[27.200336050174151,38.419302114642903],[27.199459573920301,38.418952219989748],[27.198763998426944,38.41840724291535],[27.198317411469727,38.417720525885869],[27.19816352809158,38.416959286566005],[27.198317411469727,38.41619803922498],[27.198763998426944,38.415511301195828],[27.199459573920301,38.414966298164408],[27.200336050174151,38.414616382511582],[27.200509048963802,38.414594913387397],[27.200535089100065,38.414581645275263],[27.201307631586001,38.414459286566],[27.202080174071938,38.414581645275263]],[[27.195798648838998,38.420816248287004],[27.196571191324935,38.420938606996266],[27.196597771247646,38.420952150143336],[27.196770230250848,38.420973550396866],[27.197646706504699,38.421323435259467],[27.198342281998055,38.421868390333827],[27.198788868955273,38.422555067933246],[27.198942752333416,38.423316248286994],[27.198788868955273,38.424077420619184],[27.198342281998055,38.424764077217844],[27.197646706504699,38.425309006333833],[27.197553652675623,38.425346150719498],[27.197733177385938,38.425374584640267],[27.197760134005843,38.425388319724142],[27.197932216311848,38.425409671922289],[27.198808692565702,38.425759535296493],[27.199504268059059,38.426304456901761],[27.199950855016276,38.426991092327448],[27.200104738394419,38.427752225930995],[27.199950855016276,38.42851335151267],[27.199504268059059,38.429199965936846],[27.198808692565702,38.429744861582812],[27.197932216311848,38.43009470395549],[27.197760334821883,38.430116029816979],[27.197733177385938,38.430129867221737],[27.196960634900002,38.430252225931],[27.196188092414065,38.430129867221737],[27.196160934978121,38.430116029816979],[27.195989053488155,38.43009470395549],[27.195112577234301,38.429744861582812],[27.194417001740941,38.429199965936846],[27.193970414783728,38.42851335151267],[27.193816531405581,38.427752225930995],[27.193970414783728,38.426991092327448],[27.194417001740941,38.426304456901761],[27.195112577234301,38.425759535296493],[27.195205752063302,38.425722342663008],[27.195026106353062,38.425693889577737],[27.194999325609576,38.425680244107376],[27.194827067427148,38.425658870195676],[27.193950591173294,38.425309006333833],[27.193255015679942,38.424764077217844],[27.192808428722721,38.424077420619184],[27.192654545344581,38.423316248286994],[27.192808428722721,38.422555067933246],[27.193255015679942,38.421868390333827],[27.193950591173294,38.421323435259467],[27.194827067427148,38.420973550396866],[27.194999526430351,38.420952150143336],[27.195026106353062,38.420938606996266],[27.195798648838998,38.420816248287004]],[[27.184098538830938,38.425012481793267],[27.184125464700767,38.425026201209192],[27.184297577756848,38.425047557329925],[27.185174054010702,38.425397422458268],[27.185869629504058,38.425942346795701],[27.186316216461275,38.426628985664131],[27.186470099839418,38.427390123083995],[27.186327651499617,38.428094693131989],[27.186968614980294,38.427592567931782],[27.187845091234148,38.427242713437373],[27.188017017879396,38.427221381095258],[27.188044130160062,38.427207566698264],[27.188816672645999,38.427085207989002],[27.189589215131935,38.427207566698264],[27.189616327412605,38.427221381095258],[27.189788254057845,38.427242713437373],[27.190664730311699,38.427592567931782],[27.191360305805052,38.428137475706393],[27.191806892762269,38.428824093704357],[27.191933767693445,38.429451622964784],[27.1921567190847,38.42954061390077],[27.192852294578056,38.430085506976312],[27.19329888153527,38.430772106452281],[27.193452764913417,38.43153320020501],[27.19329888153527,38.432294285935619],[27.192852294578056,38.432980864409416],[27.1921567190847,38.43352573152486],[27.19128024283085,38.433875555579753],[27.191108682429252,38.433896840488288],[27.191081203904936,38.433910841495738],[27.190308661418999,38.434033200205],[27.189536118933063,38.433910841495738],[27.189508640408746,38.433896840488288],[27.189337080007149,38.433875555579753],[27.188460603753295,38.43352573152486],[27.187765028259939,38.432980864409416],[27.187318441302725,38.432294285935619],[27.187191566556162,38.431666781130694],[27.186968614980294,38.431577793062715],[27.186273039486935,38.43103291124779],[27.185826452529721,38.430346314251658],[27.185672569151578,38.429585207989],[27.185815017430279,38.428880652233516],[27.185174054010702,38.429382768727201],[27.184297577756848,38.429732612854103],[27.184125665517133,38.42975394263776],[27.184098538830938,38.429767764374738],[27.183325996345001,38.429890123084],[27.182553453859065,38.429767764374738],[27.182526327172873,38.42975394263776],[27.182354414933151,38.429732612854103],[27.181477938679301,38.429382768727201],[27.180782363185941,38.428837870349],[27.180335776228727,38.428151252482031],[27.18018189285058,38.427390123083995],[27.180335776228727,38.426628985664131],[27.180782363185941,38.425942346795701],[27.181477938679301,38.425397422458268],[27.182354414933151,38.425047557329925],[27.182526527989239,38.425026201209192],[27.182553453859065,38.425012481793267],[27.183325996345001,38.424890123084005],[27.184098538830938,38.425012481793267]],[[27.196610985686998,38.430730868560005],[27.197383528172935,38.430853227269267],[27.197410950061961,38.430867199419602],[27.197582567098845,38.430888492271066],[27.198459043352699,38.431238329103181],[27.199154618846052,38.431783209368021],[27.199601205803273,38.432469792701482],[27.199755089181416,38.433230868560003],[27.199601205803273,38.433991936396296],[27.199203326739184,38.434603617443578],[27.199301554376056,38.434680561145065],[27.19974814133327,38.435367116927836],[27.199902024711417,38.436128162245993],[27.19974814133327,38.436889199541746],[27.199301554376056,38.437575734321562],[27.198605978882696,38.438120566761086],[27.197729502628846,38.438470368552593],[27.197558332462616,38.43849160369443],[27.197530463702936,38.438505803536735],[27.196757921216999,38.438628162245998],[27.195985378731063,38.438505803536735],[27.195957509971382,38.43849160369443],[27.195786339805149,38.438470368552593],[27.194909863551295,38.438120566761086],[27.194214288057939,38.437575734321562],[27.193767701100722,38.436889199541746],[27.193613817722579,38.436128162245993],[27.193767701100722,38.435367116927836],[27.194165580106318,38.434755441804505],[27.194067352527938,38.434678498727294],[27.193620765570721,38.433991936396296],[27.193466882192578,38.433230868560003],[27.193620765570721,38.432469792701482],[27.194067352527938,38.431783209368021],[27.194762928021294,38.431238329103181],[27.195639404275148,38.430888492271066],[27.195811021312039,38.430867199419595],[27.195838443201062,38.430853227269267],[27.196610985686998,38.430730868560005]],[[27.189003204065937,38.435585522918267],[27.189031027868012,38.435599699853526],[27.189202242991847,38.435620941446587],[27.190078719245697,38.435970755349814],[27.190774294739054,38.436515599901973],[27.191220881696271,38.437202138234596],[27.191374765074414,38.437963164209002],[27.191220881696271,38.438724182160875],[27.190774294739054,38.439410699490232],[27.190078719245697,38.439955518080922],[27.189202242991847,38.440305310980897],[27.189031228672974,38.440326526249237],[27.189003204065937,38.440340805499737],[27.18823066158,38.440463164209],[27.187568673219122,38.440358315552963],[27.187144309404058,38.441010655822019],[27.186448733910701,38.441555462337071],[27.185572257656847,38.441905247483987],[27.185401379228637,38.441926445424485],[27.185373218730938,38.441940793914732],[27.184600676245001,38.442063152623994],[27.183828133759064,38.441940793914732],[27.183799973261365,38.441926445424485],[27.183629094833151,38.441905247483987],[27.182752618579297,38.441555462337071],[27.182057043085944,38.441010655822019],[27.181610456128727,38.440324153708765],[27.18145657275058,38.439563152623982],[27.181610456128727,38.438802143516568],[27.182057043085944,38.438115620399785],[27.182752618579297,38.437570787922922],[27.183629094833151,38.437220981772484],[27.183800174064636,38.437199757509134],[27.183828133759064,38.437185511333261],[27.184600676245001,38.437063152623999],[27.185262648864747,38.43716799878689],[27.18568702842094,38.436515599901973],[27.186382603914293,38.435970755349814],[27.187259080168147,38.435620941446587],[27.187430295291989,38.435599699853526],[27.187458119094064,38.435585522918267],[27.18823066158,38.435463164209004],[27.189003204065937,38.435585522918267]],[[27.192862631532002,38.439471148348005],[27.193635174017938,38.439593507057268],[27.193663338236863,38.439607857443576],[27.193834212943848,38.439629055626277],[27.194710689197699,38.439978850108204],[27.195406264691055,38.440523664410833],[27.195852851648269,38.441210164626654],[27.196006735026415,38.441971148348003],[27.195852851648269,38.442732124046557],[27.195406264691055,38.443418603258422],[27.194710689197699,38.443963391598757],[27.193834212943848,38.444313165076728],[27.193663539037495,38.444334336939399],[27.193635174017938,38.444348789638738],[27.192862631532002,38.444471148348001],[27.192090089046065,38.444348789638738],[27.192061724026512,38.444334336939399],[27.191891050120148,38.444313165076728],[27.191014573866294,38.443963391598757],[27.190318998372938,38.443418603258422],[27.18987241141572,38.442732124046557],[27.189718528037581,38.441971148348003],[27.18987241141572,38.441210164626654],[27.190318998372938,38.440523664410833],[27.191014573866294,38.439978850108204],[27.191891050120148,38.439629055626277],[27.19206192482714,38.439607857443576],[27.192090089046065,38.439593507057268],[27.192862631532002,38.439471148348005]],[[27.194480233794,38.480629271209999],[27.195252776279936,38.480751629919261],[27.195284437282076,38.480767762005605],[27.195451815205846,38.480788514543505],[27.1963282914597,38.481138109488271],[27.197023866953053,38.481682613003372],[27.19747045391027,38.482368721602086],[27.197624337288417,38.483129271209982],[27.197525726856487,38.483616635958839],[27.198067305884301,38.483192694515836],[27.198943782138151,38.482843109536283],[27.199110985460536,38.482822379237462],[27.199142821064065,38.482806158187266],[27.199915363550002,38.482683799478004],[27.200687906035938,38.482806158187266],[27.200719741639467,38.482822379237462],[27.200886944961852,38.482843109536283],[27.201763421215702,38.483192694515836],[27.202458996709062,38.483737182509699],[27.202905583666276,38.484423271550412],[27.203059467044419,38.485183799478001],[27.203020794265043,38.48537492745254],[27.203736915226152,38.485089309527041],[27.20390392765901,38.485068603540533],[27.203935954152062,38.485052285227262],[27.204708496637998,38.484929926517999],[27.205481039123935,38.485052285227262],[27.205513065616987,38.485068603540533],[27.205680078049845,38.485089309527041],[27.206556554303699,38.48543888361155],[27.207252129797055,38.485983354635913],[27.207698716754273,38.486669422293716],[27.207852600132419,38.487429926517997],[27.207698716754273,38.488190422716535],[27.207252129797055,38.488876469362644],[27.206556554303699,38.489420914415142],[27.205680078049845,38.489770467487951],[27.20551326636814,38.48979114720764],[27.205481039123935,38.489807567808732],[27.204708496637998,38.489929926517995],[27.203935954152062,38.489807567808732],[27.203903726907857,38.48979114720764],[27.203736915226152,38.489770467487951],[27.203044993513096,38.489494517786085],[27.202875874211699,38.489626891489024],[27.201999397957849,38.489976443562647],[27.201832603781849,38.489997121053044],[27.201800359031935,38.490013550573735],[27.201027816545999,38.490135909282998],[27.200255274060062,38.490013550573735],[27.200223029310148,38.489997121053044],[27.200056235134152,38.489976443562647],[27.199179758880298,38.489626891489024],[27.198484183386942,38.489082447992821],[27.198037596429725,38.488396403307732],[27.197883713051581,38.487635909283],[27.197989352605902,38.487113831468982],[27.197371730390945,38.486630387409377],[27.196925143433731,38.485944319379968],[27.196771260055584,38.485183799478001],[27.196869870213874,38.484696444831727],[27.1963282914597,38.485120377924311],[27.195451815205846,38.485469951858114],[27.195284638037968,38.485490678124151],[27.195252776279936,38.485506912500732],[27.194480233794,38.485629271209994],[27.193707691308063,38.485506912500732],[27.193675829550031,38.485490678124151],[27.19350865238215,38.485469951858114],[27.192632176128296,38.485120377924311],[27.191936600634939,38.484575900380186],[27.191490013677722,38.48388981279242],[27.191336130299579,38.483129271209982],[27.191490013677722,38.482368721602086],[27.191936600634939,38.481682613003372],[27.192632176128296,38.481138109488271],[27.19350865238215,38.480788514543505],[27.193676030305923,38.480767762005605],[27.193707691308063,38.480751629919261],[27.194480233794,38.480629271209999]],[[27.190308304696938,38.483771320582264],[27.19034022232513,38.483787583426114],[27.190507343622848,38.483808303277826],[27.191383819876702,38.484157883575833],[27.192079395370058,38.484702364278],[27.192525982327275,38.485388444130592],[27.192679865705419,38.486148961872992],[27.192525982327275,38.486909471589726],[27.192079395370058,38.487595530430845],[27.191383819876702,38.488139985161396],[27.190507343622848,38.488489544447937],[27.190340423077728,38.488510238031324],[27.190308304696938,38.488526603163734],[27.189535762211001,38.488648961872997],[27.188763219725065,38.488526603163734],[27.188731101344274,38.488510238031324],[27.188564180799151,38.488489544447937],[27.187687704545301,38.488139985161396],[27.186992129051941,38.487595530430845],[27.186545542094727,38.486909471589726],[27.18639165871658,38.486148961872992],[27.186545542094727,38.485388444130592],[27.186992129051941,38.484702364278],[27.187687704545301,38.484157883575833],[27.188564180799151,38.483808303277826],[27.188731302096873,38.483787583426114],[27.188763219725065,38.483771320582264],[27.189535762211001,38.483648961873001],[27.190308304696938,38.483771320582264]],[[27.230098689327065,38.422317625593266],[27.230871231813001,38.422195266884003],[27.231643774298938,38.422317625593266],[27.231670471323692,38.422331228406804],[27.231842813224848,38.422352613720982],[27.232681617754686,38.422687453830164],[27.232878460626999,38.422656276982003],[27.233651003112936,38.422778635691266],[27.233677739285746,38.422792258451736],[27.233850042038846,38.4228136387717],[27.2347265182927,38.423163514721239],[27.235422093786056,38.423708455913129],[27.235868680743273,38.424395116019525],[27.23602256412142,38.425156276982001],[27.235868680743273,38.425917429922777],[27.235422093786056,38.426604069028109],[27.2347265182927,38.427148984261244],[27.233850042038846,38.427498839209711],[27.233677940104513,38.427520193189999],[27.233651003112936,38.427533918272736],[27.232878460626999,38.427656276981999],[27.232105918141063,38.427533918272736],[27.232078981149485,38.427520193189999],[27.231906879215153,38.427498839209711],[27.231068197903493,38.427164070519993],[27.230871231813001,38.427195266883999],[27.230098689327065,38.427072908174736],[27.230071791483002,38.427059203038652],[27.229899650401151,38.427037844064699],[27.229023174147297,38.426687986882996],[27.228327598653944,38.426143068171527],[27.227881011696727,38.425456424683262],[27.22772712831858,38.424695266883994],[27.227881011696727,38.423934101063061],[27.228327598653944,38.423247436573796],[27.229023174147297,38.422702491903678],[27.229899650401151,38.422352613720982],[27.23007199230231,38.422331228406804],[27.230098689327065,38.422317625593266]],[[27.204519148392937,38.422925604467267],[27.204545897046071,38.422939233586781],[27.204718187318846,38.422960612314611],[27.205594663572697,38.423310487552229],[27.206290239066053,38.423855427635246],[27.20673682602327,38.424542086344395],[27.206890709401414,38.425303245757995],[27.20673682602327,38.426064397149887],[27.206357344053405,38.426647859398003],[27.20639782378127,38.426710097944991],[27.206551707159413,38.427471234510001],[27.206503987774472,38.427707261210081],[27.206667650594699,38.427772588742052],[27.207363226088056,38.428317495158332],[27.207809813045273,38.429004111444698],[27.207963696423416,38.429765223832007],[27.207809813045273,38.430526328197303],[27.207363226088056,38.431212923481809],[27.206942298595255,38.431542657876776],[27.2077666380967,38.431871681953616],[27.207974749959522,38.432034705311089],[27.208067014425147,38.431997879427527],[27.208238537247265,38.431976598592421],[27.208266053351064,38.431962578437265],[27.209038595837001,38.431840219728002],[27.209811138322937,38.431962578437265],[27.209838654426736,38.431976598592421],[27.210010177248847,38.431997879427527],[27.210886653502698,38.432347710884827],[27.211582228996054,38.432892582778194],[27.212028815953271,38.43357915556291],[27.212182699331414,38.434340219728],[27.212028815953271,38.435101275870785],[27.211582228996054,38.435787827652867],[27.211116865022785,38.436152348356181],[27.211146132968846,38.436155979420882],[27.2120226092227,38.436505790731694],[27.212718184716056,38.437050631246031],[27.213164771673274,38.437737164490684],[27.213318655051417,38.438498184825001],[27.213164771673274,38.439259197136742],[27.212718184716056,38.439945709378044],[27.2120226092227,38.440490523930805],[27.211146132968846,38.440840314238265],[27.210975164090172,38.4408615237123],[27.210947094042936,38.440875826115736],[27.210174551556999,38.440998184824998],[27.209402009071063,38.440875826115736],[27.209373939023831,38.4408615237123],[27.209202970145149,38.440840314238265],[27.208326493891299,38.440490523930805],[27.207630918397943,38.439945709378044],[27.207184331440725,38.439259197136742],[27.207030448062579,38.438498184825001],[27.207184331440725,38.437737164490684],[27.207630918397943,38.437050631246031],[27.208096281374267,38.436686114948671],[27.208067014425147,38.43668248404019],[27.207190538171297,38.436332673585532],[27.206982426902581,38.436169659535466],[27.206890161842846,38.436206483688032],[27.20671879940295,38.436227743349754],[27.206691122916936,38.436241845223734],[27.205918580431,38.436364203932996],[27.205146037945063,38.436241845223734],[27.20511836145905,38.436227743349761],[27.20494699901915,38.436206483688032],[27.204070522765299,38.435856670926967],[27.203374947271939,38.435311821402024],[27.202928360314726,38.43462526509343],[27.202774476936579,38.433864203932998],[27.202928360314726,38.433103134750304],[27.203374947271939,38.432416557439154],[27.203795874014094,38.432086826640415],[27.202971535263298,38.431757803938368],[27.202275959769938,38.431212923481809],[27.201829372812725,38.430526328197303],[27.201675489434578,38.429765223832007],[27.201723208546603,38.429529203491725],[27.201559545999292,38.429463877915126],[27.200863970505939,38.42891898014895],[27.200417383548722,38.428232363053162],[27.200263500170578,38.427471234510001],[27.200417383548722,38.426710097944991],[27.200796865422511,38.426126635513874],[27.200756385790719,38.426064397149887],[27.200602502412579,38.425303245757995],[27.200756385790719,38.424542086344395],[27.201202972747936,38.423855427635246],[27.201898548241292,38.423310487552229],[27.202775024495146,38.422960612314611],[27.202947314767933,38.422939233586774],[27.202974063421063,38.422925604467267],[27.203746605907,38.422803245758004],[27.204519148392937,38.422925604467267]],[[27.220772282912936,38.425709691811264],[27.220799267990603,38.425723441395093],[27.220971321838846,38.425744789963105],[27.221847798092696,38.426094651713925],[27.222543373586053,38.426639570790705],[27.22298996054327,38.427326203030304],[27.223143843921413,38.428087333101999],[27.22298996054327,38.428848455151815],[27.222543373586053,38.429535066389839],[27.221847798092696,38.430079959507239],[27.220971321838846,38.430429800256483],[27.22079946880622,38.430451122488236],[27.220772282912936,38.430464974392734],[27.219999740426999,38.430587333101997],[27.219227197941063,38.430464974392734],[27.219200012047779,38.430451122488236],[27.219028159015146,38.430429800256483],[27.218151682761295,38.430079959507239],[27.217456107267939,38.429535066389839],[27.217009520310722,38.428848455151815],[27.216855636932578,38.428087333101999],[27.217009520310722,38.427326203030304],[27.217456107267939,38.426639570790705],[27.218151682761295,38.426094651713925],[27.219028159015146,38.425744789963105],[27.219200212863399,38.425723441395093],[27.219227197941063,38.425709691811264],[27.219999740426999,38.425587333102001],[27.220772282912936,38.425709691811264]],[[27.212691110346999,38.446934613852001],[27.213463652832935,38.447056972561263],[27.213492451006431,38.447071645963561],[27.213662691758845,38.447092763316014],[27.214539168012696,38.447442521627984],[27.215234743506052,38.4479872795944],[27.215681330463269,38.448673708822064],[27.215835213841412,38.449434613851999],[27.215681330463269,38.450195510858642],[27.215234743506052,38.450881919081084],[27.214539168012696,38.451426651083615],[27.213662691758845,38.451776388390364],[27.213492651799005,38.451797479431512],[27.213463652832935,38.451812255142734],[27.212691110346999,38.451934613851996],[27.211918567861062,38.451812255142734],[27.211889568894996,38.451797479431512],[27.211719528935145,38.451776388390364],[27.210843052681291,38.451426651083615],[27.210147477187938,38.450881919081084],[27.209700890230717,38.450195510858642],[27.209547006852578,38.449434613851999],[27.209700890230717,38.448673708822064],[27.210147477187938,38.4479872795944],[27.210843052681291,38.447442521627984],[27.211719528935145,38.447092763316014],[27.211889769687566,38.447071645963554],[27.211918567861062,38.447056972561263],[27.212691110346999,38.446934613852001]],[[27.222487831532938,38.447921674879268],[27.22251670315913,38.447936385707578],[27.222686870458851,38.447957493695739],[27.223563346712702,38.44830724781675],[27.224258922206062,38.44885199925556],[27.224705509163275,38.449538420257937],[27.224859392541418,38.450299316169996],[27.224705509163275,38.45106020405872],[27.224258922206062,38.451746604055721],[27.223563346712702,38.452291329530468],[27.222686870458851,38.452641062646101],[27.222516903950797,38.452662144323959],[27.222487831532938,38.452676957460739],[27.221715289047001,38.452799316170001],[27.220942746561064,38.452676957460739],[27.220913674143205,38.452662144323959],[27.220743707635151,38.452641062646101],[27.219867231381301,38.452291329530468],[27.219171655887944,38.451746604055721],[27.218725068930731,38.45106020405872],[27.218571185552584,38.450299316169996],[27.218725068930731,38.449538420257937],[27.219171655887944,38.44885199925556],[27.219867231381301,38.44830724781675],[27.220743707635151,38.447957493695739],[27.220913874934872,38.447936385707578],[27.220942746561064,38.447921674879268],[27.221715289047001,38.447799316170006],[27.222487831532938,38.447921674879268]],[[27.228144980981938,38.461471556936267],[27.228175003720306,38.461486854285532],[27.228344019907848,38.461507815549602],[27.229220496161702,38.461857503987837],[27.229916071655058,38.462402153122959],[27.230362658612275,38.463088445214517],[27.230516541990418,38.463849198227003],[27.230362658612275,38.464609943215265],[27.229916071655058,38.465296214299144],[27.229220496161702,38.465840837467347],[27.228344019907848,38.466190504897902],[27.228175204497205,38.466211439867536],[27.228144980981938,38.466226839517738],[27.227372438496001,38.466349198227],[27.226599896010065,38.466226839517738],[27.226569672494797,38.466211439867536],[27.226400857084151,38.466190504897902],[27.225524380830297,38.465840837467347],[27.224828805336941,38.465296214299144],[27.224382218379727,38.464609943215265],[27.22422833500158,38.463849198227003],[27.224382218379727,38.463088445214517],[27.224828805336941,38.462402153122959],[27.225524380830297,38.461857503987837],[27.226400857084151,38.461507815549602],[27.226569873271696,38.461486854285532],[27.226599896010065,38.461471556936267],[27.227372438496001,38.461349198227005],[27.228144980981938,38.461471556936267]],[[27.219468645277935,38.469651185856264],[27.219499363004321,38.469666837319608],[27.219667684203845,38.469687710024232],[27.220544160457699,38.470037358802415],[27.221239735951055,38.470581946165339],[27.221686322908273,38.471268160418994],[27.221840206286416,38.472028827146993],[27.221686322908273,38.472789485850235],[27.221239735951055,38.473475679094825],[27.220544160457699,38.474020240489111],[27.219667684203845,38.474369868258222],[27.219499563772331,38.47439071467798],[27.219468645277935,38.474406468437735],[27.218696102791998,38.474528827146997],[27.217923560306062,38.474406468437735],[27.21789264181167,38.47439071467798],[27.217724521380148,38.474369868258222],[27.216848045126294,38.474020240489111],[27.216152469632942,38.473475679094825],[27.215705882675724,38.472789485850235],[27.215551999297578,38.472028827146993],[27.215705882675724,38.471268160418994],[27.216152469632942,38.470581946165339],[27.216848045126294,38.470037358802415],[27.217724521380148,38.469687710024232],[27.217892842579676,38.469666837319608],[27.217923560306062,38.469651185856264],[27.218696102791998,38.469528827147002],[27.219468645277935,38.469651185856264]],[[27.205020676119936,38.478309417085264],[27.205052129579926,38.4783254434236],[27.205219715045846,38.478346222397853],[27.2060961912997,38.47869582918765],[27.206791766793057,38.479240351151894],[27.207238353750274,38.479926482998003],[27.20739223712842,38.480687058375992],[27.207238353750274,38.48144762572867],[27.206791766793057,38.482133736564244],[27.2060961912997,38.482678232558023],[27.205219715045846,38.483027818337284],[27.205052330338461,38.483048571036811],[27.205020676119936,38.483064699666734],[27.204248133634,38.483187058375997],[27.203475591148063,38.483064699666734],[27.203443936929538,38.483048571036811],[27.203276552222153,38.483027818337284],[27.202400075968299,38.482678232558023],[27.201704500474943,38.482133736564244],[27.201257913517725,38.48144762572867],[27.201104030139579,38.480687058375992],[27.201257913517725,38.479926482998003],[27.201704500474943,38.479240351151894],[27.202400075968299,38.47869582918765],[27.203276552222153,38.478346222397853],[27.203444137688074,38.4783254434236],[27.203475591148063,38.478309417085264],[27.204248133634,38.478187058376001],[27.205020676119936,38.478309417085264]],[[27.217136679900936,38.481552597704265],[27.217168408971727,38.481568764473323],[27.217335718826845,38.481589508341131],[27.218212195080699,38.481939099400961],[27.218907770574052,38.482483596865116],[27.21935435753127,38.483169697839159],[27.219508240909416,38.483930238995001],[27.21935435753127,38.484690772125312],[27.218907770574052,38.485376852088258],[27.218212195080699,38.485921323581266],[27.217335718826845,38.486270893630014],[27.21716860972672,38.486291611226903],[27.217136679900936,38.486307880285736],[27.216364137414999,38.486430238994998],[27.215591594929062,38.486307880285736],[27.215559665103282,38.486291611226903],[27.215392556003149,38.486270893630014],[27.214516079749295,38.485921323581266],[27.213820504255938,38.485376852088258],[27.213373917298721,38.484690772125312],[27.213220033920578,38.483930238995001],[27.213373917298721,38.483169697839159],[27.213820504255938,38.482483596865116],[27.214516079749295,38.481939099400961],[27.215392556003149,38.481589508341131],[27.215559865858271,38.481568764473323],[27.215591594929062,38.481552597704265],[27.216364137414999,38.481430238995003],[27.217136679900936,38.481552597704265]],[[27.214853442805001,38.486855927096002],[27.215625985290938,38.486978285805264],[27.215658175471635,38.486994687521552],[27.215825024216851,38.487015372661439],[27.216701500470702,38.487364937403271],[27.217397075964062,38.487909393876031],[27.217843662921275,38.488595443197646],[27.217997546299422,38.489355927095993],[27.217843662921275,38.490116402968468],[27.217397075964062,38.490802431278077],[27.216701500470702,38.491346861778553],[27.215848904669741,38.491686881847535],[27.2162504953357,38.491847038161133],[27.216946070829056,38.492391460768609],[27.21739265778627,38.493077467417272],[27.217546541164417,38.493837904012004],[27.21739265778627,38.494598332580573],[27.216946070829056,38.495284318216456],[27.2162504953357,38.495828714850717],[27.21537401908185,38.496178236837004],[27.215207752012578,38.496198847207744],[27.215174980155936,38.496215545302732],[27.21440243767,38.496337904011995],[27.213629895184063,38.496215545302732],[27.213597123327421,38.496198847207744],[27.21343085625815,38.496178236837004],[27.212554380004295,38.495828714850717],[27.211858804510939,38.495284318216456],[27.211412217553722,38.494598332580573],[27.211258334175582,38.493837904012004],[27.211360740947583,38.493331846386297],[27.21103604484485,38.493461333872318],[27.210869546853626,38.493481973646361],[27.210837005918936,38.493498554080738],[27.210064463433,38.49362091279],[27.209291920947063,38.493498554080738],[27.209259380012373,38.493481973646361],[27.20909288202115,38.493461333872318],[27.208216405767299,38.493111798704774],[27.207520830273943,38.49256738154029],[27.207074243316725,38.491881370034932],[27.206920359938582,38.491120912790002],[27.207074243316725,38.49036044751908],[27.207520830273943,38.489674415001417],[27.208216405767299,38.489129971864287],[27.20909288202115,38.488780415684417],[27.209259580759483,38.488759749647876],[27.209291920947063,38.488743271499267],[27.210064463433,38.488620912790005],[27.210170621893973,38.48863772663843],[27.210457308145944,38.488197319412805],[27.211152883639301,38.487652865115436],[27.212029359893155,38.487303301770282],[27.212196184168189,38.487282619746729],[27.212228398819065,38.487266205562264],[27.213000941305001,38.487143846853002],[27.213400900451887,38.487207194158628],[27.213881861393155,38.487015372661439],[27.214048710138368,38.486994687521552],[27.214080900319065,38.486978285805264],[27.214853442805001,38.486855927096002]],[[27.216968820539002,38.497569740246],[27.217741363024938,38.497692098955262],[27.217774463830203,38.497708964657946],[27.217940401950852,38.497729533843845],[27.218816878204702,38.498079046607735],[27.219512453698059,38.498623422122662],[27.219959040655272,38.499309369430947],[27.220112924033419,38.500069740246005],[27.219959040655272,38.500830103034481],[27.219512453698059,38.50151602932894],[27.218816878204702,38.502060378869338],[27.217940401950852,38.50240987061941],[27.217774664567447,38.50243041355332],[27.217741363024938,38.502447381536733],[27.216968820539002,38.502569740245995],[27.216196278053065,38.502447381536733],[27.216162976510557,38.50243041355332],[27.215997239127152,38.50240987061941],[27.215120762873301,38.502060378869338],[27.214425187379941,38.50151602932894],[27.213978600422728,38.500830103034481],[27.213824717044584,38.500069740246005],[27.213978600422728,38.499309369430947],[27.214425187379941,38.498623422122662],[27.215120762873301,38.498079046607735],[27.215997239127152,38.497729533843845],[27.2161631772478,38.497708964657946],[27.216196278053065,38.497692098955262],[27.216968820539002,38.497569740246]],[[27.221481365845001,38.513213798342001],[27.222253908330938,38.513336157051263],[27.222288339036837,38.513353700372164],[27.222452947256851,38.513374100275541],[27.223329423510702,38.513723537120512],[27.224024999004058,38.51426779438853],[27.224471585961272,38.51495359269628],[27.224625469339419,38.515713798341999],[27.224471585961272,38.516473995960126],[27.224024999004058,38.517159773251407],[27.223329423510702,38.517704004541621],[27.222452947256851,38.518053420370123],[27.222288539756889,38.518073794039857],[27.222253908330938,38.518091439632734],[27.221481365845001,38.518213798341996],[27.220708823359065,38.518091439632734],[27.220674191933114,38.518073794039857],[27.220509784433151,38.518053420370123],[27.219633308179301,38.517704004541621],[27.218937732685941,38.517159773251407],[27.218491145728727,38.516473995960126],[27.218337262350584,38.515713798341999],[27.218491145728727,38.51495359269628],[27.218937732685941,38.51426779438853],[27.219633308179301,38.513723537120512],[27.220509784433151,38.513374100275541],[27.220674392653166,38.513353700372164],[27.220708823359065,38.513336157051263],[27.221481365845001,38.513213798342001]],[[27.241417857745937,38.375420073946266],[27.241440573561206,38.375431648232251],[27.241616896671847,38.375453541759697],[27.242493372925697,38.375803646998257],[27.243188948419053,38.37634894531746],[27.243635535376271,38.377036055432811],[27.243789418754414,38.377797715237001],[27.243635535376271,38.378559367022611],[27.243188948419053,38.379246456145019],[27.242493372925697,38.379791728515542],[27.241616896671847,38.38014181276116],[27.241440774430611,38.380163679893677],[27.241417857745937,38.380175356527737],[27.24064531526,38.380297715236999],[27.239872772774063,38.380175356527737],[27.239849856089393,38.380163679893677],[27.239673733848146,38.38014181276116],[27.238797257594296,38.379791728515542],[27.23810168210094,38.379246456145019],[27.237655095143722,38.378559367022611],[27.237501211765579,38.377797715237001],[27.237655095143722,38.377036055432811],[27.23810168210094,38.37634894531746],[27.238797257594296,38.375803646998257],[27.239673733848146,38.375453541759697],[27.239850056958797,38.375431648232251],[27.239872772774063,38.375420073946266],[27.24064531526,38.375297715237004],[27.241417857745937,38.375420073946266]],[[27.271631262991999,38.425117303775004],[27.272403805477936,38.425239662484266],[27.27243075064014,38.425253391730152],[27.272602844403846,38.425274745389878],[27.2734793206577,38.425624609417689],[27.274174896151052,38.42616953204098],[27.274621483108273,38.426856168749453],[27.274670663455435,38.427099423643163],[27.275187309820698,38.427305649162939],[27.275882885314054,38.42785055910246],[27.276329472271271,38.428537179828375],[27.276461109329269,38.429188265374485],[27.277029836993059,38.429633792434231],[27.277476423950276,38.430320396205204],[27.277630307328419,38.431081494718995],[27.277476423950276,38.431842585210717],[27.277138658309937,38.432361866091682],[27.277377329049937,38.432399667823262],[27.277404882275167,38.432413706892731],[27.277576367975851,38.432434982993385],[27.278452844229701,38.432784812332955],[27.279148419723061,38.433329680927855],[27.279595006680275,38.434016249556258],[27.279748890058421,38.434777309113997],[27.279595006680275,38.43553836064941],[27.279148419723061,38.436224908275094],[27.278452844229701,38.436769750909207],[27.277576367975851,38.437119559246057],[27.277405083083575,38.437140809018267],[27.277377329049937,38.437154950404732],[27.276604786564,38.437277309113995],[27.275832244078064,38.437154950404732],[27.275804490044425,38.437140809018267],[27.275633205152154,38.437119559246057],[27.2747567288983,38.436769750909207],[27.274061153404944,38.436224908275094],[27.273614566447726,38.43553836064941],[27.273460683069583,38.434777309113997],[27.273614566447726,38.434016249556258],[27.273952356636922,38.433496941629471],[27.273713661348065,38.433459136009738],[27.273686221184381,38.433445154548004],[27.273514622422155,38.433423864747013],[27.272638146168301,38.433074038503641],[27.271942570674941,38.432529167979588],[27.271495983717728,38.431842585210717],[27.271364346750776,38.431191523054984],[27.27079561899594,38.430746006147785],[27.270349032038723,38.430059406423652],[27.270299851984998,38.429816161207306],[27.269783205326295,38.429609943149693],[27.269087629832939,38.429065046485668],[27.268641042875721,38.428378430778679],[27.268487159497578,38.427617303775001],[27.268641042875721,38.426856168749453],[27.269087629832939,38.42616953204098],[27.269783205326295,38.425624609417689],[27.270659681580149,38.425274745389878],[27.270831775343858,38.425253391730152],[27.270858720506062,38.425239662484266],[27.271631262991999,38.425117303775004]],[[27.266225505929938,38.427055185898261],[27.266252605269962,38.427068993701667],[27.266424544855852,38.427090327694451],[27.267301021109702,38.427440182927072],[27.267996596603059,38.427985091851482],[27.268443183560276,38.428671711298293],[27.268597066938419,38.429432827188997],[27.268443183560276,38.430193935057723],[27.268347468324482,38.430341091016928],[27.268347044363274,38.430343187926603],[27.267900457406054,38.431029784952464],[27.267204881912701,38.431574666790979],[27.266328405658847,38.431924500298692],[27.266156679562133,38.43194580634016],[27.266129366732937,38.431959722921732],[27.265356824247,38.432082081630995],[27.264584281761064,38.431959722921732],[27.264556968931871,38.43194580634016],[27.264385242835147,38.431924500298692],[27.263508766581296,38.431574666790979],[27.26281319108794,38.431029784952464],[27.262366604130722,38.430343187926603],[27.262212720752579,38.429582081630997],[27.262366604130722,38.428820967313406],[27.262462319682573,38.428673806671192],[27.262462743327728,38.428671711298293],[27.262909330284945,38.427985091851482],[27.263604905778298,38.427440182927072],[27.264481382032152,38.427090327694451],[27.264653321618042,38.427068993701667],[27.264680420958065,38.427055185898261],[27.265452963444002,38.426932827188999],[27.266225505929938,38.427055185898261]],[[27.247816914506938,38.433804592907265],[27.247844587052011,38.433818692773229],[27.248015953432848,38.433839953656253],[27.248892429686698,38.434189776188717],[27.249588005180058,38.434734634181254],[27.250034592137272,38.435421189449833],[27.250188475515419,38.436182234198],[27.250034592137272,38.436943270923749],[27.249588005180058,38.437629805189367],[27.248892429686698,38.438174637220818],[27.248015953432848,38.438524438750321],[27.247844787858913,38.438545673306542],[27.247816914506938,38.438559875488735],[27.247044372021001,38.438682234197998],[27.246271829535065,38.438559875488735],[27.246243956183093,38.438545673306542],[27.246072790609151,38.438524438750321],[27.245196314355297,38.438174637220818],[27.244500738861941,38.437629805189367],[27.244054151904724,38.436943270923749],[27.243900268526581,38.436182234198],[27.244054151904724,38.435421189449833],[27.244500738861941,38.434734634181254],[27.245196314355297,38.434189776188717],[27.246072790609151,38.433839953656253],[27.246244156989992,38.433818692773229],[27.246271829535065,38.433804592907265],[27.247044372021001,38.433682234198002],[27.247816914506938,38.433804592907265]],[[27.282162360556935,38.435761206455268],[27.282190199280258,38.435775390993285],[27.282361399482845,38.43579663068347],[27.283237875736699,38.436146443735446],[27.283933451230055,38.436691286961718],[27.284380038187273,38.437377823623621],[27.284533921565416,38.438138847746011],[27.284380038187273,38.438899863845847],[27.283933451230055,38.439586379504455],[27.283237875736699,38.440131196769229],[27.282361399482845,38.44048098881791],[27.282190400085025,38.440502202183588],[27.282162360556935,38.440516489036739],[27.281389818070998,38.440638847746001],[27.280617275585062,38.440516489036739],[27.280589236056972,38.440502202183588],[27.280418236659148,38.44048098881791],[27.279541760405294,38.440131196769229],[27.278846184911938,38.439586379504455],[27.278399597954721,38.438899863845847],[27.278245714576578,38.438138847746011],[27.278399597954721,38.437377823623621],[27.278846184911938,38.436691286961718],[27.279541760405294,38.436146443735446],[27.280418236659148,38.43579663068347],[27.280589436861739,38.435775390993285],[27.280617275585062,38.435761206455268],[27.281389818070998,38.435638847746006],[27.282162360556935,38.435761206455268]],[[27.253240334089998,38.437735219619],[27.254012876575935,38.437857578328263],[27.254040893352105,38.437871853588732],[27.254211915501845,38.43789307057294],[27.255088391755699,38.438242873466791],[27.255783967249055,38.438787700871359],[27.256230554206272,38.439474217596647],[27.256384437584416,38.440235219618991],[27.256230554206272,38.440996213618668],[27.255783967249055,38.441682709340306],[27.255088391755699,38.442227510782928],[27.254211915501845,38.442577292673121],[27.254041094154637,38.44259848333526],[27.254012876575935,38.442612860909733],[27.253240334089998,38.442735219618996],[27.252467791604062,38.442612860909733],[27.25243957402536,38.44259848333526],[27.252268752678148,38.442577292673121],[27.251392276424298,38.442227510782928],[27.250696700930941,38.441682709340306],[27.250250113973724,38.440996213618668],[27.250096230595577,38.440235219618991],[27.250250113973724,38.439474217596647],[27.250696700930941,38.438787700871359],[27.251392276424298,38.438242873466791],[27.252268752678148,38.43789307057294],[27.252439774827891,38.437871853588732],[27.252467791604062,38.437857578328263],[27.253240334089998,38.437735219619]],[[27.259399432249001,38.439806318596005],[27.260171974734938,38.439928677305268],[27.260200167422244,38.439943042196937],[27.260371013660848,38.439964236749532],[27.261247489914702,38.440314029607251],[27.261943065408058,38.440858841380134],[27.262389652365275,38.441545338408254],[27.262543535743418,38.442306318595996],[27.262389652365275,38.443067290760922],[27.261943065408058,38.443753766785044],[27.261247489914702,38.444298552595541],[27.260371013660848,38.444648324449254],[27.260200368222545,38.444669492682202],[27.260171974734938,38.444683959886738],[27.259399432249001,38.444806318596001],[27.258626889763065,38.444683959886738],[27.258598496275457,38.444669492682202],[27.258427850837151,38.444648324449254],[27.257551374583301,38.444298552595541],[27.256855799089941,38.443753766785044],[27.256409212132727,38.443067290760922],[27.25625532875458,38.442306318595996],[27.256409212132727,38.441545338408254],[27.256855799089941,38.440858841380134],[27.257551374583301,38.440314029607251],[27.258427850837151,38.439964236749532],[27.258598697075762,38.439943042196937],[27.258626889763065,38.439928677305268],[27.259399432249001,38.439806318596005]],[[27.234113970590936,38.441149541557266],[27.234142266975965,38.441163959285568],[27.23431300951685,38.441185140615545],[27.2351894857707,38.441534927556994],[27.23588506126406,38.44207973011504],[27.236331648221274,38.442766215531712],[27.236485531599417,38.443527182848001],[27.236331648221274,38.444288142141389],[27.23588506126406,38.444974606553863],[27.2351894857707,38.445519383149261],[27.23431300951685,38.445869149086498],[27.234142467774909,38.445890304098263],[27.234113970590936,38.445904824138736],[27.233341428105,38.446027182847999],[27.232568885619063,38.445904824138736],[27.232540388435091,38.445890304098263],[27.23236984669315,38.445869149086498],[27.231493370439299,38.445519383149261],[27.230797794945943,38.444974606553863],[27.230351207988729,38.444288142141389],[27.230197324610582,38.443527182848001],[27.230351207988729,38.442766215531712],[27.230797794945943,38.44207973011504],[27.231493370439299,38.441534927556994],[27.23236984669315,38.441185140615545],[27.232540589234034,38.441163959285568],[27.232568885619063,38.441149541557266],[27.233341428105,38.441027182848003],[27.234113970590936,38.441149541557266]],[[27.304997075769936,38.445448730601264],[27.30502573733245,38.445463334396784],[27.30519611469585,38.445484469166004],[27.3060725909497,38.44583423527245],[27.306768166443057,38.446379005379086],[27.30721475340027,38.447065449904407],[27.307368636778417,38.447826371891999],[27.30721475340027,38.448587285856419],[27.306768166443057,38.44927370937679],[27.3060725909497,38.449818453519875],[27.30519611469585,38.450168198621377],[27.305025938126743,38.450189307077409],[27.304997075769936,38.450204013182734],[27.304224533284,38.450326371891997],[27.303451990798063,38.450204013182734],[27.303423128441256,38.450189307077409],[27.30325295187215,38.450168198621377],[27.302376475618296,38.449818453519875],[27.301680900124939,38.44927370937679],[27.301234313167722,38.448587285856419],[27.301080429789582,38.447826371891999],[27.301234313167722,38.447065449904407],[27.301680900124939,38.446379005379086],[27.302376475618296,38.44583423527245],[27.30325295187215,38.445484469166004],[27.303423329235549,38.445463334396784],[27.303451990798063,38.445448730601264],[27.304224533284,38.445326371892001],[27.304997075769936,38.445448730601264]],[[27.315696552799938,38.447920589679264],[27.315725424333987,38.447935300460628],[27.315895591725848,38.447956408460534],[27.316772067979702,38.448306162586803],[27.317467643473059,38.448850914033805],[27.317914230430276,38.449537335046493],[27.318068113808419,38.450298230969999],[27.317914230430276,38.45105911887017],[27.317467643473059,38.451745518877487],[27.316772067979702,38.45229024436042],[27.315895591725848,38.452639977481326],[27.315725625125591,38.452661059170936],[27.315696552799938,38.452675872260734],[27.314924010314002,38.452798230969996],[27.314151467828065,38.452675872260734],[27.314122395502416,38.452661059170936],[27.313952428902152,38.452639977481326],[27.313075952648298,38.45229024436042],[27.312380377154945,38.451745518877487],[27.311933790197727,38.45105911887017],[27.311779906819581,38.450298230969999],[27.311933790197727,38.449537335046493],[27.312380377154945,38.448850914033805],[27.313075952648298,38.448306162586803],[27.313952428902152,38.447956408460534],[27.314122596294016,38.447935300460628],[27.314151467828065,38.447920589679264],[27.314924010314002,38.447798230970001],[27.315696552799938,38.447920589679264]],[[27.254083311877,38.448345165959999],[27.254855854362937,38.448467524669262],[27.254884772357144,38.44848225912326],[27.255054893288847,38.448503361200189],[27.255931369542701,38.448853112675586],[27.256626945036061,38.449397859993731],[27.257073531993274,38.450084275803746],[27.257227415371421,38.45084516595999],[27.257073531993274,38.45160604809287],[27.256626945036061,38.452292442897416],[27.255931369542701,38.452837164251378],[27.255054893288847,38.453186894721313],[27.254884973148197,38.453207970488585],[27.254855854362937,38.453222807250732],[27.254083311877,38.453345165959995],[27.253310769391064,38.453222807250732],[27.253281650605803,38.453207970488585],[27.253111730465154,38.453186894721313],[27.2522352542113,38.452837164251378],[27.251539678717943,38.452292442897416],[27.251093091760726,38.45160604809287],[27.250939208382583,38.45084516595999],[27.251093091760726,38.450084275803746],[27.251539678717943,38.449397859993731],[27.2522352542113,38.448853112675586],[27.253111730465154,38.448503361200189],[27.253281851396856,38.44848225912326],[27.253310769391064,38.448467524669262],[27.254083311877,38.448345165959999]],[[27.268141238255001,38.450862167471001],[27.268913780740938,38.450984526180264],[27.268942912549775,38.450999369578255],[27.269112819666848,38.451020444398132],[27.269989295920698,38.451370183673738],[27.270684871414058,38.451914911990222],[27.271131458371272,38.452601303856611],[27.271285341749419,38.453362167470992],[27.271131458371272,38.45412302306184],[27.270684871414058,38.454809393922332],[27.269989295920698,38.4553540962741],[27.269112819666848,38.455703814543817],[27.268943113338104,38.455724863056979],[27.268913780740938,38.455739808761734],[27.268141238255001,38.455862167470997],[27.267368695769065,38.455739808761734],[27.267339363171903,38.455724863056979],[27.267169656843151,38.455703814543817],[27.266293180589301,38.4553540962741],[27.265597605095941,38.454809393922332],[27.265151018138727,38.45412302306184],[27.264997134760581,38.453362167470992],[27.265151018138727,38.452601303856611],[27.265597605095941,38.451914911990222],[27.266293180589301,38.451370183673738],[27.267169656843151,38.451020444398132],[27.267339563960228,38.450999369578255],[27.267368695769065,38.450984526180264],[27.268141238255001,38.450862167471001]],[[27.268418774570936,38.456371498255265],[27.268448364016738,38.456386574830937],[27.268617813496846,38.456407591317493],[27.2694942897507,38.456757304480455],[27.270189865244056,38.45730199212538],[27.270636452201273,38.457988332742353],[27.270790335579417,38.458749139546008],[27.270636452201273,38.459509938325759],[27.270189865244056,38.460196257935934],[27.2694942897507,38.460740919615006],[27.268617813496846,38.461090611771162],[27.268448564799147,38.461111601957313],[27.268418774570936,38.461126780836736],[27.267646232084999,38.461249139545998],[27.266873689599063,38.461126780836736],[27.266843899370851,38.461111601957313],[27.266674650673149,38.461090611771162],[27.265798174419295,38.460740919615006],[27.265102598925942,38.460196257935934],[27.264656011968725,38.459509938325759],[27.264502128590578,38.458749139546008],[27.264656011968725,38.457988332742353],[27.265102598925942,38.45730199212538],[27.265798174419295,38.456757304480455],[27.266674650673149,38.456407591317493],[27.266844100153261,38.456386574830937],[27.266873689599063,38.456371498255265],[27.267646232084999,38.456249139546003],[27.268418774570936,38.456371498255265]],[[27.255178815336937,38.470867409218265],[27.25520963640696,38.47088311333782],[27.255377854262846,38.470903972875448],[27.2562543305167,38.471253615755998],[27.256949906010057,38.471798193933104],[27.257396492967274,38.472484396611904],[27.257550376345417,38.473245050509],[27.257396492967274,38.474005696381269],[27.256949906010057,38.474691878050784],[27.2562543305167,38.475236430258995],[27.255377854262846,38.475586052130268],[27.255209837173613,38.475606885384458],[27.255178815336937,38.475622691799735],[27.254406272851,38.475745050508998],[27.253633730365063,38.475622691799735],[27.253602708528387,38.475606885384458],[27.25343469143915,38.475586052130268],[27.252558215185296,38.475236430258995],[27.251862639691943,38.474691878050784],[27.251416052734722,38.474005696381269],[27.251262169356579,38.473245050509],[27.251416052734722,38.472484396611904],[27.251862639691943,38.471798193933104],[27.252558215185296,38.471253615755998],[27.25343469143915,38.470903972875448],[27.253602909295044,38.47088311333782],[27.253633730365063,38.470867409218265],[27.254406272851,38.470745050509002],[27.255178815336937,38.470867409218265]],[[27.285232623435938,38.496714307792267],[27.285265641128184,38.496731131146753],[27.285431662361848,38.496751710914431],[27.286308138615698,38.497101228422572],[27.287003714109058,38.497645611326867],[27.287450301066272,38.498331567946352],[27.287604184444415,38.499091949083002],[27.287450301066272,38.499852322193135],[27.287003714109058,38.500538257798958],[27.286308138615698,38.501082614728929],[27.285431662361848,38.501432111223409],[27.285265841866558,38.501452664737947],[27.285232623435938,38.501469590373738],[27.284460080950002,38.501591949083],[27.283687538464065,38.501469590373738],[27.283654320033445,38.501452664737947],[27.283488499538148,38.501432111223409],[27.282612023284297,38.501082614728929],[27.281916447790941,38.500538257798958],[27.281469860833727,38.499852322193135],[27.281315977455581,38.499091949083002],[27.281469860833727,38.498331567946352],[27.281916447790941,38.497645611326867],[27.282612023284297,38.497101228422572],[27.283488499538148,38.496751710914431],[27.283654520771822,38.496731131146745],[27.283687538464065,38.496714307792267],[27.284460080950002,38.496591949083005],[27.285232623435938,38.496714307792267]],[[27.275074139284001,38.500721724367999],[27.275846681769938,38.500844083077261],[27.275880050503432,38.500861085296194],[27.276045720695848,38.500881620371906],[27.276922196949702,38.501231117841655],[27.277617772443055,38.501775469535318],[27.278064359400272,38.502461386826909],[27.278218242778419,38.503221724367997],[27.278064359400272,38.503982053882311],[27.277617772443055,38.504667950159529],[27.276922196949702,38.505212275878016],[27.276045720695848,38.505561752333399],[27.275880251237247,38.505582261160811],[27.275846681769938,38.505599365658732],[27.275074139284001,38.505721724367994],[27.274301596798065,38.505599365658732],[27.274268027330756,38.505582261160811],[27.274102557872151,38.505561752333399],[27.273226081618297,38.505212275878016],[27.272530506124941,38.504667950159529],[27.272083919167724,38.503982053882311],[27.27193003578958,38.503221724367997],[27.272083919167724,38.502461386826909],[27.272530506124941,38.501775469535318],[27.273226081618297,38.501231117841655],[27.274102557872151,38.500881620371906],[27.274268228064575,38.500861085296194],[27.274301596798065,38.500844083077261],[27.275074139284001,38.500721724367999]],[[27.322662870157,38.509404922393003],[27.323435412642937,38.509527281102265],[27.323469519531535,38.509544659430006],[27.323634451568847,38.509565100545423],[27.324510927822701,38.509914555876861],[27.325206503316057,38.510458841938316],[27.325653090273274,38.511144676528104],[27.325806973651417,38.511904922393001],[27.325653090273274,38.512665160230561],[27.325206503316057,38.513350973804506],[27.324510927822701,38.513895233888967],[27.323634451568847,38.514244668204576],[27.323469720255783,38.514265083081881],[27.323435412642937,38.514282563683736],[27.322662870157,38.514404922392998],[27.321890327671063,38.514282563683736],[27.321856020058217,38.514265083081881],[27.32169128874515,38.514244668204576],[27.3208148124913,38.513895233888967],[27.32011923699794,38.513350973804506],[27.319672650040726,38.512665160230561],[27.319518766662579,38.511904922393001],[27.319672650040726,38.511144676528104],[27.32011923699794,38.510458841938316],[27.3208148124913,38.509914555876861],[27.32169128874515,38.509565100545423],[27.321856220782465,38.509544659430006],[27.321890327671063,38.509527281102265],[27.322662870157,38.509404922393003]],[[27.239158822372936,38.514661168071264],[27.239193365730376,38.514678768790994],[27.239357861298849,38.514699154358262],[27.2402343375527,38.515048584771904],[27.240929913046056,38.515592832022854],[27.24137650000327,38.516278617708288],[27.241530383381416,38.517038809361992],[27.24137650000327,38.517798992988027],[27.240929913046056,38.518484757656772],[27.2402343375527,38.519028978929647],[27.239357861298849,38.519378388326594],[27.239193566448971,38.519398747661775],[27.239158822372936,38.519416450652734],[27.238386279886999,38.519538809361997],[27.237613737401063,38.519416450652734],[27.237578993325027,38.519398747661775],[27.237414698475149,38.519378388326594],[27.236538222221295,38.519028978929647],[27.235842646727939,38.518484757656772],[27.235396059770721,38.517798992988027],[27.235242176392582,38.517038809361992],[27.235396059770721,38.516278617708288],[27.235842646727939,38.515592832022854],[27.236538222221295,38.515048584771904],[27.237414698475149,38.514699154358262],[27.237579194043622,38.514678768790994],[27.237613737401063,38.514661168071264],[27.238386279886999,38.514538809362001],[27.239158822372936,38.514661168071264]],[[27.270194645733064,38.515352402836264],[27.270967188219,38.515230044127001],[27.271739730704937,38.515352402836264],[27.271774332831466,38.515370033500339],[27.271938769630847,38.515390411588818],[27.272815245884697,38.515739838647271],[27.273510821378057,38.516284080672378],[27.273703828998666,38.516580463247607],[27.273739790874846,38.516584919805616],[27.2746162671287,38.516934341066118],[27.275311842622056,38.517478574060654],[27.275758429579273,38.51816434178189],[27.27591231295742,38.518924513521995],[27.275758429579273,38.519684677234309],[27.275311842622056,38.52037042393853],[27.2746162671287,38.520914630954607],[27.273739790874846,38.521264031198079],[27.273575656347575,38.52128437013333],[27.273540751948936,38.521302154812737],[27.272768209462999,38.521424513522],[27.271995666977062,38.521302154812737],[27.271960762578423,38.52128437013333],[27.271796628051153,38.521264031198079],[27.270920151797299,38.520914630954607],[27.270224576303942,38.52037042393853],[27.270031569813952,38.52007405710053],[27.26999560680715,38.520069600625604],[27.269119130553296,38.519720194583968],[27.26842355505994,38.519175978537078],[27.267976968102722,38.51849022045343],[27.267823084724579,38.517730044126992],[27.267976968102722,38.516969859772843],[27.26842355505994,38.516284080672378],[27.269119130553296,38.515739838647271],[27.26999560680715,38.515390411588818],[27.270160043606534,38.515370033500339],[27.270194645733064,38.515352402836264]],[[27.292391943236936,38.530491802126264],[27.292427832654472,38.530510088697866],[27.292590982162849,38.53053030300407],[27.2934674584167,38.530879656564608],[27.29416303391006,38.531423784113606],[27.294609620867273,38.532109418965049],[27.294763504245417,38.532869443417006],[27.294609620867273,38.533629459840277],[27.29416303391006,38.534315073672353],[27.2934674584167,38.53485917523998],[27.292590982162849,38.535208507781142],[27.292428033355481,38.535228695873862],[27.292391943236936,38.535247084707734],[27.291619400750999,38.535369443416997],[27.290846858265063,38.535247084707734],[27.290810768146518,38.535228695873862],[27.290647819339149,38.535208507781142],[27.289771343085295,38.53485917523998],[27.289075767591942,38.534315073672353],[27.288629180634725,38.533629459840277],[27.288475297256582,38.532869443417006],[27.288629180634725,38.532109418965049],[27.289075767591942,38.531423784113606],[27.289771343085295,38.530879656564608],[27.290647819339149,38.53053030300407],[27.290810968847527,38.530510088697866],[27.290846858265063,38.530491802126264],[27.291619400750999,38.530369443417001],[27.292391943236936,38.530491802126264]],[[27.275449046645999,38.544438694077002],[27.276221589131936,38.544561052786264],[27.276258675073429,38.544579949017276],[27.276420628057846,38.544600011149178],[27.2772971043117,38.544949296385226],[27.277992679805052,38.545493317515962],[27.27843926676227,38.546178818271912],[27.278593150140413,38.546938694076992],[27.27843926676227,38.547698561852499],[27.277992679805052,38.548384041586701],[27.2772971043117,38.54892803673313],[27.276420628057846,38.549277300947445],[27.27625887575886,38.54929733688239],[27.276221589131936,38.549316335367735],[27.275449046645999,38.549438694076997],[27.274676504160063,38.549316335367735],[27.274639217533142,38.549297336882397],[27.274477465234146,38.549277300947445],[27.273600988980295,38.54892803673313],[27.272905413486935,38.548384041586701],[27.272458826529721,38.547698561852499],[27.272304943151578,38.546938694076992],[27.272458826529721,38.546178818271912],[27.272905413486935,38.545493317515962],[27.273600988980295,38.544949296385226],[27.274477465234146,38.544600011149178],[27.274639418218573,38.544579949017269],[27.274676504160063,38.544561052786264],[27.275449046645999,38.544438694077002]],[[27.252597436972,38.544465822505003],[27.253369979457936,38.544588181214266],[27.253407067706764,38.544607078620921],[27.253569018383846,38.544627140459433],[27.254445494637697,38.544976425563718],[27.255141070131057,38.545520446489228],[27.25558765708827,38.546205946986568],[27.255741540466417,38.546965822504994],[27.25558765708827,38.547725689993825],[27.255141070131057,38.548411169469418],[27.254445494637697,38.548955164410621],[27.253569018383846,38.549304428493166],[27.253407268392191,38.549324464134749],[27.253369979457936,38.549343463795736],[27.252597436972,38.549465822504999],[27.251824894486063,38.549343463795736],[27.251787605551812,38.549324464134749],[27.25162585556015,38.549304428493166],[27.250749379306296,38.548955164410621],[27.250053803812939,38.548411169469418],[27.249607216855722,38.547725689993825],[27.249453333477579,38.546965822504994],[27.249607216855722,38.546205946986568],[27.250053803812939,38.545520446489228],[27.250749379306296,38.544976425563718],[27.25162585556015,38.544627140459433],[27.251787806237235,38.544607078620921],[27.251824894486063,38.544588181214266],[27.252597436972,38.544465822505003]]]]}},
{"type":"Feature","properties":{"full_id":"r1269253","osm_id":"1269253","osm_type":"relation","boundary":"administrative","cuisine":null,"amenity":null,"shop":null,"building":null,"wikipedia_":null,"website":null,"industrial":null,"url":null,"short_name":null,"landuse":null,"wikimedia_":null,"place":null,"name_sk":null,"name_nl":null,"name_hu":null,"name_cs":null,"name_ca":null,"cg_ref":null,"name_os":null,"name_tg":null,"name_be":null,"old_name":null,"alt_name":null,"name_sq":null,"salb_id":null,"salb_adm2n":null,"salb_adm1n":null,"population":null,"populati_1":null,"name_sr":null,"name_ml":null,"name_kk":null,"name_hy":null,"name_grc":null,"name_fr":null,"name_bg":null,"name_ba":null,"name_az":null,"geonames_i":null,"name_zh":null,"name_ur":null,"name_tt":null,"name_ko":null,"name_ja":null,"name_fa":null,"name_ce":null,"name_bn":null,"wikipedia":"tr:Balçova","wikidata":"Q2636596","type":"boundary","ref_nuts_3":null,"ref_nuts":null,"old_name_s":null,"network":"TR35-districts","name_uk":null,"name_tr_su":"İlçesi","name_tr":"Balçova","name_ru":null,"name_ro":null,"name_lt":null,"name_en":"Balçova","name_el":null,"name_de":"Balçova","name_ar":null,"name":"Balçova","admin_leve":"6","ISO3166-2":null,"dangerArea":17835439.71,"DangerAr_1":17274053},"geometry":{"type":"MultiPolygon","coordinates":[[[[27.05162,38.4123595],[27.0514688,38.4123381],[27.0511233,38.4124188],[27.0503026,38.4124995],[27.0501351,38.4124673],[27.0491609,38.4124607],[27.048993,38.4125276],[27.0489106,38.4125507],[27.0488529,38.412567],[27.0488264,38.4126336],[27.0488607,38.4127008],[27.0489973,38.4127551],[27.049253,38.412792],[27.0500512,38.4127907],[27.0501387,38.41281],[27.0501952,38.412797],[27.0502466,38.4127577],[27.0508497,38.4126791],[27.0512198,38.4126537],[27.0515212,38.4126868],[27.0516629,38.4126704],[27.0518947,38.4126139],[27.0519797,38.4125379],[27.0519962,38.4125004],[27.0519309,38.4124892],[27.0518656,38.4124591],[27.0517179,38.4124107],[27.05162,38.4123595]]],[[[27.0350629,38.3807202],[27.0352024,38.3809053],[27.0352346,38.3811534],[27.0352453,38.3815192],[27.0352721,38.3817799],[27.0352399,38.3819229],[27.0351058,38.3820533],[27.0347356,38.3821963],[27.0344299,38.382108],[27.0341402,38.382028],[27.0337862,38.3819398],[27.0334643,38.3818724],[27.0327776,38.381965],[27.0322466,38.3822173],[27.0319194,38.3826084],[27.0318819,38.3830246],[27.0319247,38.38334],[27.0321876,38.3838194],[27.0327509,38.38416],[27.0332605,38.38453],[27.0335662,38.3850725],[27.0337325,38.3852785],[27.0337754,38.3855476],[27.0338559,38.3859008],[27.0340383,38.386418],[27.0344192,38.3871076],[27.034167,38.3872464],[27.0330187,38.388396],[27.0326613,38.3887059],[27.0323381,38.3888401],[27.0320668,38.388982],[27.0317852,38.3891175],[27.0315385,38.3895254],[27.031222,38.3901014],[27.0310557,38.3904083],[27.0310396,38.3905597],[27.0310342,38.3907321],[27.0309591,38.390854],[27.030884,38.3909549],[27.0306319,38.3911441],[27.0304173,38.3913502],[27.0299613,38.3916108],[27.0295966,38.3919388],[27.028985,38.3923592],[27.028529,38.3928007],[27.027955,38.3927503],[27.027650526452021,38.392720253529419],[27.027252203959062,38.393332966795661],[27.026556628465702,38.393878132974663],[27.025680152211851,38.394228149040885],[27.025505225549118,38.394249863501997],[27.025481113285938,38.394262149313732],[27.025063281697911,38.394328327335955],[27.024969483656104,38.394365784874381],[27.024973992261419,38.394388095508994],[27.024905653148096,38.394726265036688],[27.024988698898422,38.395137209012994],[27.024834815520276,38.395898678215815],[27.024388228563062,38.396585602626949],[27.023997916147447,38.396891501207257],[27.0240498,38.3972699],[27.0241839,38.3975264],[27.0241996,38.3975709],[27.0242697,38.3977702],[27.0242482,38.3979805],[27.0241409,38.398342],[27.0240122,38.3985816],[27.0239639,38.3988087],[27.0239586,38.3990147],[27.0239907,38.3992375],[27.0241141,38.399578],[27.0242107,38.3998429],[27.0242429,38.3999942],[27.0241678,38.4001077],[27.0239317,38.4002591],[27.0237762,38.4003558],[27.0237064,38.4004651],[27.0236152,38.400608],[27.0235026,38.4007299],[27.023406,38.4008897],[27.0232451,38.400999],[27.0229715,38.4011671],[27.0227945,38.401268],[27.0226926,38.4013647],[27.0226926,38.4014824],[27.0226282,38.4017725],[27.0225263,38.4019659],[27.0224512,38.4020121],[27.0222419,38.402029],[27.0220113,38.4020794],[27.0219094,38.4021046],[27.0218867,38.402142],[27.0218986,38.4022181],[27.0219684,38.4024073],[27.0220488,38.4025965],[27.0220917,38.4027562],[27.0220542,38.4028824],[27.0220005,38.4030043],[27.021904,38.4031934],[27.0218611,38.403328],[27.0218611,38.4040347],[27.0218611,38.4041171],[27.0218611,38.4042066],[27.021845,38.4044882],[27.021786,38.4046732],[27.0215177,38.4052239],[27.0212763,38.4057956],[27.0212388,38.4060436],[27.0212281,38.406216],[27.0212549,38.4065186],[27.0212924,38.4068844],[27.0212656,38.4071744],[27.0209652,38.407145],[27.0202088,38.4070273],[27.0199192,38.4069978],[27.0197046,38.4071029],[27.0195597,38.4072585],[27.0194632,38.4074476],[27.0193237,38.407847],[27.0190448,38.4087718],[27.0189589,38.4090282],[27.0189393,38.409061],[27.0188785,38.4091627],[27.0187014,38.4094611],[27.0183635,38.4098731],[27.0181972,38.4101631],[27.017988,38.4106003],[27.0178486,38.4109446],[27.017358,38.4120286],[27.017194,38.4123909],[27.0172761,38.4127083],[27.017355,38.413013],[27.015263,38.4133195],[27.0153509,38.4134348],[27.0154791,38.4135465],[27.015586,38.4136153],[27.0156145,38.4136935],[27.0156382,38.4137921],[27.0158686,38.4140526],[27.0160681,38.4143335],[27.0163435,38.4147001],[27.0165359,38.4148564],[27.0168375,38.415035],[27.0169799,38.4151913],[27.0170916,38.4153867],[27.0171794,38.4156341],[27.0172507,38.4159318],[27.0173029,38.4163393],[27.0173741,38.4165738],[27.0174003,38.4166817],[27.0173789,38.416877],[27.0173266,38.4174966],[27.017348,38.4175487],[27.0173741,38.4176138],[27.0173694,38.4177515],[27.0173575,38.4178892],[27.0173219,38.4179655],[27.0173361,38.4180529],[27.0173718,38.4180808],[27.0174828,38.4181065],[27.0175712,38.4181181],[27.0176615,38.4181162],[27.0177921,38.4180083],[27.0180937,38.4177255],[27.0181548,38.4176995],[27.018655,38.417148],[27.018981,38.416635],[27.019145,38.416506],[27.019307,38.416378],[27.019471,38.416249],[27.019634,38.416121],[27.019797,38.415992],[27.01996,38.415864],[27.020124,38.415735],[27.020287,38.415607],[27.02045,38.415478],[27.0209587,38.4154116],[27.02143,38.41535],[27.0209762,38.4145716],[27.0216259,38.4141134],[27.0219668,38.4139673],[27.022082,38.413937],[27.0229627,38.4138787],[27.0235123,38.4139169],[27.024041,38.413936],[27.024512,38.4139847],[27.0245417,38.4141947],[27.0247569,38.4142206],[27.025081,38.4141357],[27.0253148,38.4142287],[27.0256608,38.4143332],[27.0263504,38.4144458],[27.0270092,38.4145],[27.0278434,38.4143878],[27.0282296,38.4142791],[27.0284668,38.4142345],[27.028581,38.4140047],[27.0292487,38.4137273],[27.0297519,38.4137836],[27.030181,38.4138315],[27.0305634,38.4137986],[27.0308669,38.4137962],[27.0311996,38.4138035],[27.0316318,38.4138724],[27.0320942,38.4140345],[27.0324027,38.414009],[27.0326484,38.4139597],[27.0327455,38.4139485],[27.032841,38.4139641],[27.033262,38.413846],[27.0337507,38.4137285],[27.0342095,38.4136641],[27.0344057,38.4136427],[27.0344924,38.4136195],[27.0345203,38.4135889],[27.0345234,38.4135553],[27.0345252,38.4135148],[27.0344641,38.4134861],[27.0343612,38.4134985],[27.0342616,38.4134986],[27.0339264,38.4135501],[27.0329961,38.4136223],[27.0329113,38.4136129],[27.0328494,38.4135739],[27.0328077,38.413441],[27.0328907,38.4131743],[27.0328785,38.4129574],[27.0328824,38.412709],[27.0329643,38.4125423],[27.0331668,38.4122717],[27.0334227,38.4119547],[27.0334273,38.411949],[27.0334699,38.4119171],[27.0339173,38.4114993],[27.0342026,38.4113166],[27.0348552,38.410972],[27.0354995,38.4108067],[27.0356455,38.4108051],[27.0357007,38.4108686],[27.0357346,38.4109413],[27.0358135,38.4110067],[27.0358731,38.41105],[27.035945,38.4110589],[27.0360525,38.4110542],[27.0361426,38.4110349],[27.0362406,38.4110083],[27.0363313,38.4109588],[27.0363932,38.4108639],[27.036458,38.4108235],[27.0374477,38.4108917],[27.0379797,38.4107333],[27.0402659,38.4110346],[27.0406091,38.4111377],[27.0407442,38.4112489],[27.0407864,38.4113415],[27.0407067,38.412322],[27.0396338,38.4122615],[27.0391617,38.4122279],[27.0384651,38.4119222],[27.0384015,38.4119561],[27.0384319,38.4120089],[27.038786,38.4122738],[27.0389389,38.4123559],[27.0390749,38.412394],[27.0392946,38.412412],[27.039661,38.4124389],[27.0399759,38.4124794],[27.0408739,38.4125624],[27.0413369,38.4125977],[27.04207,38.4126636],[27.0421048,38.4126115],[27.0420623,38.4125511],[27.0411155,38.4124658],[27.0408445,38.4123825],[27.0408834,38.4118498],[27.0409488,38.41135],[27.041124,38.4113341],[27.0413371,38.4114449],[27.0412613,38.4115046],[27.0412017,38.4115833],[27.0412103,38.411674],[27.0419193,38.4115198],[27.0426511,38.4116636],[27.0433539,38.411819],[27.0439508,38.4119766],[27.0443055,38.4120812],[27.0450554,38.4122872],[27.0457461,38.4125013],[27.045899,38.4124876],[27.0464891,38.4125479],[27.0472877,38.412649],[27.0481833,38.4127648],[27.0483913,38.4128257],[27.0485099,38.4128808],[27.0485353,38.4128734],[27.048521,38.4128327],[27.0485569,38.4128124],[27.0486055,38.4127924],[27.0486683,38.4127708],[27.048761,38.4126993],[27.0487536,38.4125563],[27.0486479,38.4124856],[27.0484689,38.4124205],[27.0479681,38.4123965],[27.047612,38.4123543],[27.047227,38.4123018],[27.0468465,38.4122682],[27.046456,38.4122037],[27.0463775,38.4121496],[27.0462495,38.4121057],[27.0461798,38.4121008],[27.0459089,38.4118986],[27.0457809,38.4117134],[27.0457541,38.411315],[27.0457636,38.4112673],[27.0457688,38.4112083],[27.0457327,38.4109954],[27.0457353,38.4107824],[27.0457542,38.4105372],[27.0457689,38.4102455],[27.0457569,38.409995],[27.045785,38.4097861],[27.0459027,38.4094825],[27.0459697,38.4090626],[27.0463819,38.408679],[27.046825,38.4082551],[27.0475205,38.4077262],[27.0478934,38.4076444],[27.0481055,38.4076329],[27.0482811,38.4076842],[27.0484355,38.4077023],[27.0486497,38.4076871],[27.0487528,38.4076401],[27.0487931,38.4075809],[27.048874,38.4074213],[27.0490456,38.40727],[27.0492307,38.4072832],[27.0493838,38.4073487],[27.049443,38.4073975],[27.0495303,38.4074026],[27.049578,38.4073871],[27.0496444,38.4073549],[27.0497604,38.407361],[27.0498891,38.4073392],[27.0501585,38.4073235],[27.0503226,38.4072552],[27.0506329,38.4072244],[27.0507042,38.407191],[27.0507635,38.4071376],[27.0508364,38.4070468],[27.0509357,38.4070245],[27.0510723,38.4070147],[27.0511238,38.4069678],[27.0511752,38.406879],[27.0512501,38.4067991],[27.0512942,38.4067276],[27.0513801,38.4066921],[27.0514783,38.4066595],[27.0515625,38.4065901],[27.051615,38.4064816],[27.05164,38.4063299],[27.0517258,38.4061892],[27.0518316,38.4061208],[27.052031,38.4061222],[27.0523772,38.4061188],[27.0525688,38.4060782],[27.0527257,38.4059767],[27.0528222,38.405861],[27.052912,38.4057433],[27.0530032,38.405708],[27.0532108,38.4056971],[27.0533964,38.4056672],[27.0536294,38.4056704],[27.0537869,38.4057639],[27.0538737,38.4058297],[27.0539264,38.405863],[27.0540537,38.4058796],[27.0544229,38.4058715],[27.0546284,38.4058672],[27.0547884,38.405944],[27.0549218,38.4060287],[27.0551221,38.4060611],[27.0554835,38.4062533],[27.0555694,38.4063206],[27.0556676,38.4063497],[27.0559146,38.4063162],[27.0560822,38.4062055],[27.0562264,38.4061471],[27.056566,38.4061222],[27.0570896,38.4061157],[27.0572685,38.4061315],[27.0574244,38.4061865],[27.0575348,38.4062997],[27.0575652,38.4063321],[27.0575139,38.4063792],[27.0578962,38.4068052],[27.0579471,38.4068435],[27.0580165,38.4068659],[27.0580719,38.4068659],[27.0581336,38.4068557],[27.0582045,38.4068154],[27.0582459,38.4067865],[27.0582827,38.4067285],[27.0583428,38.4065595],[27.0583671,38.406563],[27.0583009,38.406774],[27.0582402,38.4068536],[27.0581948,38.406893],[27.0581601,38.4069352],[27.058138,38.4070035],[27.0581392,38.4070641],[27.0581171,38.4072531],[27.0580302,38.4073634],[27.0580779,38.407602],[27.0580577,38.4077916],[27.0581014,38.4079317],[27.0580845,38.4081943],[27.0580615,38.4087071],[27.0579909,38.4096729],[27.0579202,38.4100259],[27.0578401,38.410623],[27.0577407,38.4110124],[27.0576897,38.411358],[27.0574559,38.4124312],[27.05715,38.4135277],[27.0570392,38.4136316],[27.0568937,38.4136883],[27.0567745,38.413696],[27.0566195,38.4136749],[27.0564616,38.4136352],[27.0563743,38.4135862],[27.0562041,38.4135882],[27.0560847,38.413536],[27.0560202,38.4135121],[27.0559053,38.4134996],[27.0558295,38.4134573],[27.0557145,38.4134103],[27.055562,38.4133786],[27.0553825,38.4133134],[27.0553397,38.4132778],[27.0552826,38.4132082],[27.0551058,38.4131278],[27.054991,38.4130973],[27.0548615,38.4130273],[27.0547581,38.4130078],[27.0546393,38.4129289],[27.0545366,38.4129162],[27.0544429,38.4129413],[27.0542801,38.412925],[27.054143,38.4128969],[27.0540917,38.4128672],[27.0539535,38.4128457],[27.0538375,38.4128033],[27.0536867,38.4127988],[27.0535264,38.4128184],[27.0533106,38.4127776],[27.0531475,38.4128007],[27.0526874,38.4127743],[27.0524007,38.4127367],[27.0522996,38.4127321],[27.0522108,38.4127709],[27.0521313,38.4128591],[27.0519752,38.4129582],[27.0519102,38.4130271],[27.0520662,38.4131823],[27.0522284,38.413268],[27.0526666,38.4133799],[27.0531025,38.413548],[27.0541297,38.4138989],[27.0551473,38.4142456],[27.0552406,38.4143381],[27.0561263,38.4145287],[27.0566591,38.4146972],[27.0572091,38.4149084],[27.0572949,38.4150196],[27.058192,38.415239],[27.0582764,38.4153342],[27.0587589,38.4152983],[27.0592696,38.4153799],[27.0595188,38.4152413],[27.0599113,38.4151034],[27.0601623,38.415074],[27.0613108,38.4142164],[27.0614766,38.4141815],[27.061746,38.413794],[27.062072,38.413281],[27.062235,38.413152],[27.062398,38.413024],[27.062724,38.412253],[27.0628424,38.4121472],[27.0629368,38.4119992],[27.0630656,38.4118445],[27.0632372,38.4115284],[27.0636406,38.4108693],[27.063865,38.410582],[27.0640011,38.4104389],[27.0641041,38.4102775],[27.0648251,38.4091543],[27.0652457,38.4088853],[27.0666029,38.4072333],[27.0666831,38.407178],[27.0668045,38.4071131],[27.0668651,38.4070937],[27.0674078,38.4066653],[27.067511,38.4067384],[27.0677236,38.4068872],[27.0677811,38.4069197],[27.067848,38.4069434],[27.0679319,38.4069608],[27.0680341,38.4069654],[27.0683109,38.4069505],[27.0684022,38.4069336],[27.0684861,38.4069088],[27.0685503,38.4068776],[27.0690099,38.4065688],[27.0690297,38.4065229],[27.0690264,38.4064731],[27.0690119,38.4064393],[27.0689746,38.4064153],[27.0689116,38.4064127],[27.0688498,38.4064188],[27.0683828,38.4067524],[27.0679407,38.4067869],[27.0675513,38.4065304],[27.0678985,38.4062189],[27.0685223,38.4056592],[27.0692292,38.4061162],[27.0692267,38.4061316],[27.069273,38.4061825],[27.0693386,38.4062228],[27.069363,38.4062451],[27.0694024,38.4062974],[27.0694231,38.4064183],[27.0693647,38.4066549],[27.0693128,38.4067271],[27.0693057,38.4067481],[27.069312,38.4067711],[27.0693377,38.4068003],[27.0693607,38.4068112],[27.0694005,38.4068127],[27.0694475,38.406787],[27.0694779,38.4067591],[27.0695119,38.4066611],[27.0695089,38.4066172],[27.0695639,38.4064349],[27.0695686,38.406379],[27.0695597,38.4063107],[27.0695429,38.4062619],[27.0695022,38.4061974],[27.0694568,38.4061439],[27.0693852,38.4060874],[27.0695564,38.4059572],[27.0697914,38.406132],[27.0700771,38.4058899],[27.0703952,38.4061313],[27.0704065,38.4061317],[27.070467,38.4060817],[27.0704672,38.4060734],[27.0701459,38.4058274],[27.0701896,38.4057914],[27.0705647,38.405475],[27.0711552,38.4059284],[27.071188,38.4059266],[27.0714674,38.405706],[27.071467,38.4056852],[27.0699145,38.4044995],[27.0705713,38.4041374],[27.0707164,38.4040566],[27.0711619,38.4038508],[27.0718841,38.4035823],[27.0722748,38.4033745],[27.0714712,38.4034877],[27.0708896,38.4033977],[27.070152,38.4031288],[27.0689177,38.4021677],[27.0689082,38.4017428],[27.0689057,38.4015087],[27.0688229,38.4014159],[27.0688039,38.4012772],[27.0688593,38.4011821],[27.0690679,38.4007215],[27.069143,38.4001246],[27.0692587,38.3992308],[27.069302444645768,38.398407009147952],[27.068563028837001,38.398524121106995],[27.067790486351065,38.398401762397732],[27.067766022707364,38.398389297548675],[27.067591447425151,38.398367627946797],[27.067090620097346,38.398167636704585],[27.067083367363058,38.398178792360525],[27.066387791869701,38.39872392200153],[27.065511315615851,38.39907391460882],[27.065336800288858,38.399095576556974],[27.065312276689937,38.399108071954736],[27.064539734204001,38.399230430663998],[27.063767191718064,38.399108071954736],[27.063742668119144,38.399095576556974],[27.063568152792151,38.39907391460882],[27.062691676538297,38.39872392200153],[27.062342573625475,38.398450326471846],[27.062303946141846,38.398465751245055],[27.062129379189091,38.398487419783613],[27.062104907215936,38.398499888876735],[27.061332364729999,38.398622247585998],[27.060559822244063,38.398499888876735],[27.060535350270911,38.398487419783613],[27.060360783318146,38.398465751245055],[27.059484307064295,38.398115755693439],[27.058788731570939,38.397570621466549],[27.058342144613722,38.396883706414386],[27.058290382381006,38.396627572129105],[27.057837839011064,38.396555896300733],[27.057813532051355,38.396543511286161],[27.057638800085154,38.396521821681723],[27.0567623238313,38.396171816719132],[27.05606674833794,38.395626667834371],[27.055620161380727,38.394939734312317],[27.05546627800258,38.394178255009997],[27.055588593569627,38.393572980062764],[27.055277403586999,38.393622267714001],[27.054504861101062,38.393499909004738],[27.054480813536596,38.393487656158648],[27.054415089406863,38.393479497430398],[27.054452276824271,38.393536700225084],[27.054606160202415,38.394298186283997],[27.054452276824271,38.395059664323234],[27.054005689867054,38.395746596705848],[27.053310114373698,38.39629174468633],[27.052433638119847,38.396641749068344],[27.052258916333745,38.396663437373142],[27.052234599193937,38.396675827574732],[27.051462056708001,38.396798186283995],[27.050689514222064,38.396675827574732],[27.05066519708226,38.396663437373142],[27.050490475296147,38.396641749068344],[27.049613999042297,38.39629174468633],[27.04891842354894,38.395746596705848],[27.048471836591723,38.395059664323234],[27.04831795321358,38.394298186283997],[27.048471836591723,38.393536700225084],[27.04891842354894,38.392849746846693],[27.049613999042297,38.392304572914007],[27.050490475296147,38.391954547536216],[27.050665397934118,38.391932832855716],[27.050689514222064,38.391920544993262],[27.051462056708001,38.391798186283999],[27.052234599193937,38.391920544993262],[27.05225871548188,38.391932832855716],[27.052324371226238,38.391940983278829],[27.052287183470725,38.39188377919988],[27.052133300092578,38.391122267713996],[27.052178450427817,38.390898833179534],[27.051633492468699,38.391325966017448],[27.051414528775208,38.391413411074218],[27.051014494130701,38.39172695266511],[27.050138017876847,38.392076979144591],[27.049962908619182,38.392098716918767],[27.049938978950937,38.392110909693734],[27.049166436465001,38.392233268402997],[27.048393893979064,38.392110909693734],[27.048369964310819,38.392098716918767],[27.048194855053151,38.392076979144591],[27.047318378799297,38.39172695266511],[27.046622803305944,38.391181770267124],[27.046613260178837,38.391167090266272],[27.045929387798292,38.390893978247384],[27.045233812304936,38.390348789569337],[27.044787225347719,38.389661805905064],[27.044779353746112,38.389622851085527],[27.044711529059697,38.389676012639192],[27.043835052805846,38.390026049046249],[27.043659769466572,38.390047809047779],[27.043636013879937,38.390059913123736],[27.042863471394,38.390182271832998],[27.042090928908063,38.390059913123736],[27.042067173321431,38.390047809047779],[27.041891889982146,38.390026049046249],[27.041219554734237,38.389757539986839],[27.041122712588269,38.390236786589156],[27.040676125631055,38.390923764791204],[27.039980550137699,38.391468949134364],[27.039104073883845,38.391818976862737],[27.038928942726866,38.391840717433027],[27.038905034957935,38.391852899049738],[27.038132492471998,38.391975257759],[27.037359949986062,38.391852899049738],[27.037336042217131,38.391840717433027],[27.037160911060148,38.391818976862737],[27.036284434806294,38.391468949134364],[27.035588859312938,38.390923764791204],[27.035142272355721,38.390236786589156],[27.034988388977578,38.389475257758995],[27.035142272355721,38.388713720909493],[27.035588859312938,38.388026721712507],[27.036284434806294,38.387481511418159],[27.037160911060148,38.387131462694839],[27.037336243074126,38.387109695743227],[27.037359949986062,38.387097616468267],[27.038132492471998,38.386975257759005],[27.038905034957935,38.387097616468267],[27.038928741869871,38.387109695743227],[27.039104073883845,38.387131462694839],[27.039776408838573,38.387399981084826],[27.039873251277722,38.3869207161028],[27.040319838234936,38.386233699873401],[27.041015413728296,38.385688476062121],[27.041891889982146,38.385338418660432],[27.042067374180355,38.38531663227549],[27.042090928908063,38.385304630542265],[27.042863471394,38.385182271833003],[27.043636013879937,38.385304630542265],[27.043659568607644,38.38531663227549],[27.043835052805846,38.385338418660432],[27.044711529059697,38.385688476062121],[27.045407104553053,38.386233699873401],[27.045853691510271,38.3869207161028],[27.045861563116677,38.386959672012388],[27.045929387798292,38.386906508827394],[27.046805864052146,38.386556457320992],[27.046981244869976,38.386534684137423],[27.047004902978063,38.386522629729264],[27.047777445464,38.386400271020001],[27.048549987949936,38.386522629729264],[27.048573646058024,38.386534684137423],[27.048749026875846,38.386556457320992],[27.049537819166556,38.386871489164001],[27.049785434802999,38.386832270700005],[27.050557977288936,38.386954629409267],[27.050581672064329,38.386966702500352],[27.050757016214845,38.386988471001715],[27.051633492468699,38.387338520417131],[27.052329067962056,38.387883731789451],[27.052775654919273,38.388570732344753],[27.052817030552884,38.388775492159276],[27.053429347330297,38.38829554762998],[27.054305823584151,38.38794550284674],[27.054481086505483,38.387923744717682],[27.054504862510065,38.387911630238264],[27.055277404996001,38.387789271529002],[27.056049947481938,38.387911630238264],[27.05607372348652,38.387923744717682],[27.056248986407851,38.38794550284674],[27.056510807443164,38.388050068243864],[27.056840543137106,38.387542821101235],[27.0565783400063,38.387438102369117],[27.05588276451294,38.386892887637323],[27.055698892634538,38.386610024443137],[27.055163348672298,38.386396135720581],[27.054467773178942,38.385850913133829],[27.054220760443584,38.385470910391938],[27.054161423415,38.385480308453999],[27.053388880929063,38.385357949744737],[27.053365524411451,38.385346049004603],[27.05318984200315,38.38532423804395],[27.052313365749296,38.384974178879375],[27.051617790255939,38.384428945573354],[27.051171203298722,38.383741905674832],[27.051017319920579,38.382980308453995],[27.051171203298722,38.382218703214235],[27.051617790255939,38.381531642321889],[27.052313365749296,38.380986383066066],[27.05318984200315,38.380636302907661],[27.053365725275388,38.380614465558111],[27.053388880929063,38.380602667163267],[27.054161423415,38.380480308454004],[27.054634550804192,38.380555244470742],[27.054717392882939,38.380427792425465],[27.055412968376292,38.379882524849258],[27.056289444630146,38.37953243934885],[27.056465421584985,38.379510590034442],[27.056488483556063,38.379498839373262],[27.05693390879955,38.379428290945363],[27.056881553407578,38.379169160801993],[27.057035436785725,38.378407515436322],[27.057482023742939,38.377720418346087],[27.058177599236295,38.377175130363604],[27.059054075490145,38.376825031761619],[27.059230282211317,38.376803153100653],[27.059253114416062,38.376791519511265],[27.060025656901999,38.376669160802003],[27.060798199387936,38.376791519511265],[27.060821031592681,38.376803153100653],[27.060997238313846,38.376825031761619],[27.061873714567696,38.377175130363604],[27.062569290061056,38.377720418346087],[27.06301587701827,38.378407515436322],[27.063169760396413,38.379169160801993],[27.06301587701827,38.37993079814899],[27.062569290061056,38.380617874246049],[27.061873714567696,38.381163136279554],[27.060997238313846,38.381513213888375],[27.060821232460647,38.381535066156012],[27.060798199387936,38.381546802092736],[27.060352772779911,38.381617350736754],[27.060382621882638,38.381765083261357],[27.060736455880701,38.381906409037285],[27.061112262717828,38.382200998987784],[27.061825967076938,38.382314038653263],[27.061849267978566,38.382325911055638],[27.062025006002848,38.382347729855248],[27.062901482256699,38.382697801731169],[27.063597057750059,38.383243048086683],[27.064043644707272,38.38393009272361],[27.064197528085419,38.384691679943991],[27.064043644707272,38.385453259145336],[27.063597057750059,38.386140282788141],[27.062901482256699,38.386685503193497],[27.062025006002848,38.387035554075297],[27.06184946884067,38.387057346488007],[27.061825967076938,38.387069321234733],[27.06155408043594,38.387112383848198],[27.061987019551061,38.387451735566728],[27.062433606508275,38.388138740225749],[27.062559090982621,38.388759741741197],[27.063151299472299,38.388295558437278],[27.064027775726153,38.387945513654103],[27.064203038646536,38.387923755525165],[27.064226814652063,38.387911641045264],[27.064999357137999,38.387789282336001],[27.065771899623936,38.387911641045264],[27.06579567562946,38.387923755525165],[27.065970938549849,38.387945513654103],[27.0668474148037,38.388295558437278],[27.067520792790027,38.388823363803006],[27.067707,38.3880671],[27.0666019,38.3868192],[27.0671904,38.386418],[27.0680487,38.3858798],[27.0693315,38.3850341],[27.0700121,38.3846015],[27.0704734,38.3842231],[27.0710751,38.3836673],[27.071428,38.3832453],[27.0716965,38.3828228],[27.0725065,38.3833821],[27.0724475,38.3834157],[27.0725012,38.3835082],[27.0725977,38.383483],[27.0727479,38.3837942],[27.0730644,38.3842693],[27.073140347593604,38.38437921985053],[27.073777232872999,38.384278347132003],[27.074549775358935,38.384400705841266],[27.074573253365102,38.384412668482909],[27.074626394689243,38.38441926606734],[27.074999404882938,38.383845419216847],[27.075386933706667,38.383541646411217],[27.0758546,38.3829492],[27.0757574,38.3815772],[27.0765567,38.3803544],[27.0760243,38.3792838],[27.0781874,38.3783695],[27.078917,38.3775537],[27.0792466,38.3775408],[27.0815769,38.3774496],[27.0831105,38.3773503],[27.0837557,38.3770743],[27.0844155,38.3764266],[27.0853242,38.3753924],[27.0855045,38.3753816],[27.0857325,38.3752197],[27.0860195,38.3750641],[27.0863217,38.3747861],[27.0864943,38.3746435],[27.0866686,38.3744543],[27.087113593397437,38.373958060469803],[27.086277446689298,38.373624056275851],[27.085581871195942,38.373078737420208],[27.085135284238724,38.372391589723414],[27.085011054373222,38.371776656738142],[27.084555953671298,38.371594858730219],[27.083860378177942,38.371049524582098],[27.083413791220725,38.370362357615754],[27.083259907842582,38.369600619539995],[27.083413791220725,38.368838873446194],[27.083860378177942,38.368151685488328],[27.084555953671298,38.367606325393261],[27.085432429925152,38.367256180492312],[27.085609448649127,38.367234198102558],[27.085631468851062,38.367222978249266],[27.086404011336999,38.367100619540004],[27.087176553822935,38.367222978249266],[27.087198574024871,38.367234198102558],[27.087375592748845,38.367256180492312],[27.088252069002699,38.367606325393261],[27.088947644496059,38.368151685488328],[27.089394231453273,38.368838873446194],[27.089518461499953,38.369453831045448],[27.089973562020699,38.369635634782689],[27.090669137514059,38.370180979585719],[27.091115724471273,38.37086814827439],[27.091269607849416,38.37162987300799],[27.091246014372189,38.371746659799371],[27.0919955,38.3713304],[27.0921317,38.3712112],[27.0926017,38.3707995],[27.0928538,38.3705304],[27.0932275,38.3701698],[27.0938837,38.3697313],[27.0943505,38.369134],[27.0946938,38.3687471],[27.0950224,38.3683573],[27.095106018896821,38.368144430449455],[27.094470337718064,38.368043748441735],[27.094448450493704,38.368032596343902],[27.094271298792147,38.368010597706828],[27.093394822538297,38.367660454761761],[27.092699247044941,38.367115090965058],[27.092252660087727,38.366427886639507],[27.092241605116069,38.36637316045168],[27.0920813,38.3663098],[27.0917889,38.3661541],[27.0915958,38.3659859],[27.0915154,38.3658786],[27.0914885,38.3657819],[27.0914429,38.36558],[27.091341,38.3651195],[27.0912579,38.364907],[27.0911828,38.3647661],[27.0910352,38.3645874],[27.0908475,38.364253],[27.0907536,38.3640427],[27.0906748,38.3639337],[27.0904264,38.3637651],[27.0901233,38.3636158],[27.0899355,38.363498],[27.0896673,38.3632793],[27.0895573,38.3631341],[27.0894232,38.3629596],[27.0892918,38.3628586],[27.0891765,38.3628103],[27.0889512,38.3627346],[27.0887607,38.3626694],[27.0886669,38.3626042],[27.0884094,38.3623981],[27.0882249,38.3622423],[27.088092281986889,38.362178495544157],[27.088050512515064,38.362171879909738],[27.088029123504985,38.362160981664765],[27.087851473589147,38.362138919369919],[27.087294509282039,38.3619164],[27.0871729,38.3619164],[27.0870388,38.3619669],[27.0867705,38.3621183],[27.0865399,38.3622319],[27.0863575,38.3623034],[27.0861958,38.3623273],[27.0859605,38.3623076],[27.0856762,38.3622614],[27.0854187,38.3622445],[27.0851397,38.3622572],[27.0850325,38.3622529],[27.084971947038902,38.362234470837926],[27.085055891287055,38.362300291938169],[27.085502478244269,38.362987535453215],[27.085656361622412,38.363749343133001],[27.085502478244269,38.364511142795124],[27.085055891287055,38.365198365319664],[27.084360315793695,38.365743743559243],[27.083483839539845,38.366093895777233],[27.083306525201156,38.366115915193667],[27.083284800613935,38.366126984423737],[27.082512258127998,38.366249343132999],[27.081739715642062,38.366126984423737],[27.081717991054841,38.366115915193667],[27.081540676716145,38.366093895777233],[27.080664200462294,38.365743743559243],[27.079968624968938,38.365198365319664],[27.079522038011721,38.364511142795124],[27.079368154633578,38.363749343133001],[27.079522038011721,38.362987535453215],[27.079968624968938,38.362300291938169],[27.080664200462294,38.361754887752895],[27.081425688681275,38.361450655012185],[27.0807141,38.3613023],[27.0802313,38.361193],[27.0799309,38.3610415],[27.079901910263715,38.36102388784046],[27.079450099195299,38.360843377121995],[27.078851715840027,38.360374172329834],[27.0785522,38.3601792],[27.0784342,38.3600194],[27.0784342,38.359805004065159],[27.078307936744725,38.359610692910195],[27.078154053366578,38.358848841674998],[27.078307936744725,38.358086982422464],[27.078754523701939,38.357399692383247],[27.079450099195299,38.35685425127636],[27.080326575449153,38.356504054362823],[27.080504506465576,38.356481955401328],[27.080525614375063,38.356471200384263],[27.080914033352347,38.356409680861937],[27.0809233,38.3563892],[27.0809014,38.356111],[27.0805364,38.3548199],[27.0803708,38.3542606],[27.080301,38.3539073],[27.0803547,38.3537053],[27.0806551,38.3534445],[27.080977,38.3531753],[27.0811701,38.3529145],[27.0822322,38.3513832],[27.0824146,38.3507942],[27.0825469,38.3502025],[27.0825755,38.3493302],[27.0825112,38.3489179],[27.0824253,38.3486571],[27.082243,38.3483457],[27.0820632,38.3481263],[27.0818674,38.3479839],[27.0816314,38.3478493],[27.081331,38.3477315],[27.0809662,38.3476474],[27.0804405,38.3475716],[27.079947,38.3475127],[27.0797217,38.3473697],[27.0793891,38.3469574],[27.0788956,38.34636],[27.0784235,38.3458972],[27.0780694,38.3456027],[27.0773828,38.3453587],[27.076688,38.3449848],[27.0762884,38.3447697],[27.0749117,38.3441079],[27.0738637,38.3438525],[27.072199,38.3428878],[27.0697812,38.3457453],[27.0759741,38.3482107],[27.0741856,38.3519638],[27.0750761,38.3541933],[27.0753121,38.3550515],[27.0752907,38.3558087],[27.0749688,38.3571043],[27.0745396,38.3578278],[27.0739603,38.3588037],[27.0734031,38.3591886],[27.0725721,38.3597473],[27.0719496,38.3599669],[27.0696473,38.3613612],[27.0696604,38.3608733],[27.0693537,38.3611521],[27.067372,38.3635648],[27.0670187,38.3660133],[27.0643579,38.3664003],[27.0593369,38.3681172],[27.0578885,38.3686125],[27.0558714,38.3670143],[27.0559197,38.3666484],[27.0554239,38.366436],[27.054525,38.3665096],[27.0537685,38.3664507],[27.0520681,38.3676494],[27.0507162,38.367111],[27.0502484,38.3671671],[27.0501767,38.3671757],[27.0497345,38.3672288],[27.0476478,38.3671194],[27.0460224,38.3677377],[27.0447011,38.3679532],[27.0434047,38.3689678],[27.042396,38.3693864],[27.0414734,38.3695715],[27.0395636,38.3699248],[27.0389487,38.3710651],[27.0386302,38.3726753],[27.0380904,38.373671],[27.0378792,38.3745426],[27.0374221,38.3754769],[27.0390179,38.3761112],[27.0377827,38.3767126],[27.0377827,38.3776462],[27.0383084,38.3778312],[27.0381904,38.3780583],[27.0378256,38.3781508],[27.0374071,38.3784536],[27.037214,38.3786387],[27.0371604,38.379076],[27.0375788,38.38006],[27.0367097,38.3797236],[27.0362699,38.3796395],[27.0357227,38.3796227],[27.0352935,38.3797489],[27.0349441,38.3799264],[27.0349878,38.3806025],[27.0350629,38.3807202]],[[27.044493003778559,38.390600834691121],[27.044668039475852,38.390622563806907],[27.045544515729702,38.390972595632235],[27.046240091223058,38.391517779607256],[27.046686678180272,38.392204745639788],[27.046840561558419,38.392966245725994],[27.046686678180272,38.393727737792616],[27.046240091223058,38.394414682829598],[27.045544515729702,38.394959840852692],[27.044668039475852,38.395309851682477],[27.044493204631866,38.395331554421013],[27.044469000549938,38.395343887016736],[27.043696458064002,38.395466245725999],[27.043485205378126,38.395432786587577],[27.043375691507276,38.395974699257167],[27.042929104550055,38.396661622946006],[27.042233529056702,38.397206764027032],[27.041357052802848,38.397556763979303],[27.041182408688794,38.397578442368257],[27.041158013876938,38.397590872145734],[27.040385471391001,38.397713230854997],[27.039612928905065,38.397590872145734],[27.039588534093213,38.397578442368257],[27.039413889979148,38.397556763979303],[27.038537413725297,38.397206764027032],[27.037841838231941,38.396661622946006],[27.037395251274724,38.395974699257167],[27.037241367896581,38.395213230854992],[27.037395251274724,38.394451754433085],[27.037841838231941,38.393764809748319],[27.038537413725297,38.39321964271489],[27.039413889979148,38.392869621766685],[27.039588734944111,38.392847917003095],[27.039612928905065,38.392835589564264],[27.040385471391001,38.392713230855001],[27.040596722288026,38.392746689710094],[27.040706237947727,38.392204745639788],[27.041152824904941,38.391517779607256],[27.041848400398301,38.390972595632235],[27.042724876652152,38.390622563806907],[27.042899912349444,38.390600834691121],[27.042923915578065,38.390588604435266],[27.043696458064002,38.390466245726003],[27.044469000549938,38.390588604435266],[27.044493003778559,38.390600834691121]]],[[[27.062104907215936,38.393744606295265],[27.06212917833918,38.393756973050245],[27.062303946141846,38.393778667962373],[27.0631804223957,38.394128684510086],[27.063529526116781,38.394402296000223],[27.063568152792151,38.394386870754211],[27.063742868968458,38.394365182433191],[27.063767191718064,38.394352789373265],[27.064539734204001,38.394230430664003],[27.065283237977713,38.394348190093083],[27.0654952,38.3938939],[27.0656636,38.3936525],[27.0658708,38.3930908],[27.0660639,38.3927671],[27.066109992283099,38.392699098720492],[27.066136734496716,38.392566763878833],[27.065970938549849,38.392632975056969],[27.065795876485563,38.392654706805537],[27.065771899623936,38.392666923626734],[27.064999357137999,38.392789282335997],[27.064226814652063,38.392666923626734],[27.064202837790432,38.392654706805537],[27.064027775726153,38.392632975056969],[27.063151299472299,38.392282951268868],[27.062455723978943,38.391737773062808],[27.062009137021725,38.391050802593931],[27.061883652667188,38.390429820138344],[27.061291444057701,38.39089399035705],[27.060956452598475,38.391027772911116],[27.060841379631267,38.391597228394559],[27.060459150055618,38.39218519551352],[27.061154014656058,38.392729813170192],[27.061600601613275,38.393416767688016],[27.061652367793542,38.393672931092127],[27.062104907215936,38.393744606295265]]]]}},
{"type":"Feature","properties":{"full_id":"r1269254","osm_id":"1269254","osm_type":"relation","boundary":"administrative","cuisine":null,"amenity":null,"shop":null,"building":null,"wikipedia_":null,"website":null,"industrial":null,"url":null,"short_name":null,"landuse":null,"wikimedia_":null,"place":null,"name_sk":null,"name_nl":null,"name_hu":null,"name_cs":null,"name_ca":null,"cg_ref":null,"name_os":null,"name_tg":null,"name_be":null,"old_name":null,"alt_name":null,"name_sq":null,"salb_id":null,"salb_adm2n":null,"salb_adm1n":null,"population":"31-12-2021","populati_1":"517963","name_sr":null,"name_ml":null,"name_kk":null,"name_hy":null,"name_grc":null,"name_fr":null,"name_bg":null,"name_ba":null,"name_az":null,"geonames_i":null,"name_zh":null,"name_ur":"بوجا","name_tt":"Буджа","name_ko":null,"name_ja":null,"name_fa":"بوجا","name_ce":"Буджа","name_bn":null,"wikipedia":"tr:Buca","wikidata":"Q2672826","type":"boundary","ref_nuts_3":null,"ref_nuts":null,"old_name_s":null,"network":"TR35-districts","name_uk":null,"name_tr_su":"İlçesi","name_tr":"Buca","name_ru":null,"name_ro":null,"name_lt":null,"name_en":"Buca","name_el":"Βουτζάς","name_de":"Buca","name_ar":null,"name":"Buca","admin_leve":"6","ISO3166-2":null,"dangerArea":191491503.1,"DangerAr_1":189344228},"geometry":{"type":"MultiPolygon","coordinates":[[[[27.3456573,38.3722295],[27.3491764,38.3726416],[27.3501313,38.3727174],[27.3519614,38.3729656],[27.3554206,38.3709678],[27.3563647,38.3707996],[27.3594408,38.3708794],[27.3629951,38.3697566],[27.3646688,38.3682088],[27.3669004,38.3658871],[27.3683488,38.363641],[27.3696685,38.3620679],[27.3674583,38.3613781],[27.3659992,38.3599647],[27.3641538,38.3591571],[27.3626518,38.3581476],[27.3606777,38.3559938],[27.3581779,38.3541933],[27.3572838,38.3533583],[27.3566407,38.3522524],[27.3559285,38.3502838],[27.3523307,38.3487244],[27.3508501,38.3474118],[27.3500991,38.3463011],[27.3491335,38.3449884],[27.3487801,38.3439335],[27.3485326,38.342868],[27.348082,38.3415132],[27.3474662,38.3402836],[27.350657,38.3388287],[27.3510754,38.3385258],[27.3515904,38.3380377],[27.352041,38.3376674],[27.3525667,38.3374907],[27.3529315,38.3372382],[27.3538112,38.3356814],[27.3532963,38.3352438],[27.3525238,38.3346378],[27.3518801,38.3344527],[27.350893,38.3339478],[27.3500561,38.3334765],[27.3494553,38.3330052],[27.3490584,38.3324076],[27.3484898,38.3320037],[27.3483393,38.3317369],[27.3482108,38.3313388],[27.3484039,38.3309601],[27.3485219,38.3308338],[27.3487472,38.3306319],[27.3487043,38.3304719],[27.348479,38.3300848],[27.3483288,38.3297566],[27.3478353,38.3295882],[27.3476957,38.3292516],[27.3477495,38.3288223],[27.3480499,38.3285194],[27.3482644,38.3284268],[27.3483825,38.3280817],[27.3483074,38.3278124],[27.3483073,38.3273958],[27.3482966,38.3270759],[27.3477334,38.3265036],[27.347669,38.3264278],[27.3475939,38.3262848],[27.3475349,38.326188],[27.3475832,38.3261248],[27.3476529,38.3260323],[27.3478246,38.3258513],[27.3478514,38.3258008],[27.3479372,38.325725],[27.3479533,38.325603],[27.3478085,38.325422],[27.3477012,38.3252116],[27.3474705,38.3250601],[27.3472345,38.3248076],[27.3471165,38.3246561],[27.3469555,38.3244289],[27.3469019,38.3241679],[27.3469382,38.323951],[27.3486614,38.3197489],[27.3496377,38.3191008],[27.3515367,38.31969],[27.3527706,38.3199678],[27.3554313,38.3206411],[27.355695,38.3202517],[27.3585748,38.317855],[27.3624265,38.3140164],[27.3628895,38.3128462],[27.3641324,38.3107501],[27.3643743,38.3094346],[27.3641539,38.308637],[27.3638368,38.3080739],[27.3631561,38.3073069],[27.3617077,38.3059682],[27.3603147,38.3045183],[27.3594224,38.3030973],[27.359095,38.3026334],[27.3589933,38.3016576],[27.3590791,38.3011019],[27.3593366,38.3002346],[27.35924,38.2997126],[27.3593473,38.2990643],[27.3592722,38.2989464],[27.358886,38.2988622],[27.3583174,38.2988117],[27.3584032,38.2985507],[27.3589396,38.2985844],[27.3594546,38.2988033],[27.3599803,38.2989127],[27.3603773,38.2990054],[27.361021,38.2990896],[27.3614931,38.2989801],[27.361815,38.2991148],[27.3624372,38.2987612],[27.3633063,38.2988917],[27.3643148,38.2991001],[27.3647171,38.2990432],[27.3651141,38.2990096],[27.3653716,38.2991274],[27.3655486,38.299018],[27.3658973,38.2990559],[27.366069,38.2988959],[27.3660368,38.298778],[27.3657846,38.2986096],[27.3659617,38.2984917],[27.3664874,38.2984117],[27.3666429,38.2986054],[27.3667499,38.298595],[27.366661,38.2982713],[27.367124,38.2981452],[27.3673564,38.2980665],[27.3671257,38.2977297],[27.3672599,38.2976708],[27.3671043,38.2973719],[27.3675013,38.2970898],[27.3678124,38.2973635],[27.3681557,38.2971993],[27.3677426,38.2966965],[27.3671472,38.2964372],[27.3667502,38.2961173],[27.3664015,38.2964078],[27.3657095,38.2962267],[27.3658705,38.2959657],[27.365731,38.2957889],[27.3655915,38.2959489],[27.3654306,38.2960584],[27.3652375,38.2960794],[27.3650283,38.2961173],[27.3647386,38.2960415],[27.3642236,38.2957047],[27.3640165,38.295619],[27.3638374,38.2955952],[27.3636281,38.2955784],[27.3633653,38.2956121],[27.3631775,38.2955573],[27.36314,38.2953974],[27.3631614,38.29525],[27.3631453,38.2951363],[27.3630273,38.2950563],[27.3628986,38.2950058],[27.3628127,38.2946522],[27.3621124,38.2935979],[27.3612785,38.2941764],[27.3609166,38.2939381],[27.3606187,38.2942943],[27.3604578,38.2940922],[27.3602593,38.2940838],[27.3600984,38.2939533],[27.3600125,38.2937006],[27.359696,38.2935786],[27.3596263,38.2937638],[27.3594439,38.2939406],[27.3592708,38.2939606],[27.3590308,38.2939827],[27.3586714,38.2940543],[27.3582584,38.2941385],[27.3578668,38.2940396],[27.3576093,38.2939154],[27.3572955,38.2939259],[27.3571747,38.2938059],[27.3571131,38.2936733],[27.357164,38.2935743],[27.3573625,38.2935449],[27.35762,38.2935743],[27.3578721,38.2933301],[27.3575449,38.2930649],[27.3574469,38.2928387],[27.3575824,38.2926818],[27.3575824,38.2925386],[27.3578078,38.2923281],[27.3577917,38.2920797],[27.3578775,38.2919281],[27.3578721,38.2917892],[27.3577166,38.2918102],[27.3574322,38.2916755],[27.357046,38.2918565],[27.3569602,38.291806],[27.3568362,38.2921246],[27.3570782,38.292286],[27.3570138,38.2923365],[27.3567831,38.2925891],[27.3566437,38.2926228],[27.3564452,38.2925176],[27.356217,38.2922575],[27.3558148,38.2922353],[27.3560484,38.2923871],[27.3563004,38.2925512],[27.3561153,38.2926797],[27.3560348,38.2926228],[27.35589,38.2925239],[27.3557532,38.2925912],[27.3555974,38.292609],[27.3553616,38.2918271],[27.3537576,38.2902229],[27.3530656,38.2896208],[27.3531139,38.2893977],[27.3529154,38.2891071],[27.3533821,38.2887408],[27.3533446,38.2877935],[27.3534679,38.2876798],[27.3539507,38.2880082],[27.3541975,38.2881598],[27.3544443,38.2882271],[27.3547983,38.2883619],[27.3552596,38.2883871],[27.3555279,38.2883282],[27.3559356,38.2879829],[27.3555869,38.2879913],[27.3552709,38.2879292],[27.3549861,38.2875829],[27.3546964,38.287305],[27.3543804,38.2872225],[27.3541117,38.2872503],[27.3536289,38.2873513],[27.3535323,38.2870482],[27.3537363,38.2868802],[27.3541546,38.2866103],[27.3538864,38.2864503],[27.3538569,38.2862639],[27.3538139,38.2861176],[27.3534894,38.286105],[27.3532319,38.2863408],[27.3528993,38.2864797],[27.3523736,38.2865261],[27.3519964,38.2861731],[27.3513436,38.2858945],[27.3506462,38.2855239],[27.3503244,38.2850439],[27.3488965,38.2848681],[27.3475134,38.2847828],[27.3462796,38.2850355],[27.3454339,38.2850205],[27.3439143,38.2845678],[27.3433614,38.2842439],[27.3427606,38.2840754],[27.342149,38.2837975],[27.3413028,38.2832766],[27.3406792,38.2835196],[27.3392126,38.2839698],[27.3379433,38.2845723],[27.3372567,38.2849934],[27.3360029,38.2847731],[27.3347193,38.2848544],[27.3339468,38.284926],[27.3330992,38.2851492],[27.3321386,38.2862045],[27.3315614,38.2863514],[27.3295802,38.2864461],[27.3288721,38.2865934],[27.3279748,38.2868378],[27.327413,38.2871577],[27.3268282,38.2874313],[27.3265225,38.2874524],[27.3262757,38.2875071],[27.3257156,38.2875273],[27.3250902,38.2875871],[27.3245645,38.2876503],[27.323792,38.2873766],[27.3232609,38.2871492],[27.3232984,38.2866145],[27.3232095,38.2864411],[27.3229551,38.286265],[27.3229766,38.2861134],[27.3227387,38.2859416],[27.3226144,38.2857055],[27.3226445,38.2853902],[27.3226064,38.2851155],[27.3216877,38.2849601],[27.3205358,38.2847618],[27.3201549,38.2848207],[27.3203158,38.2849218],[27.3204968,38.2850786],[27.3206645,38.285406],[27.3209166,38.2860081],[27.3210347,38.2864587],[27.3211312,38.2873471],[27.3209596,38.287444],[27.3205304,38.2874903],[27.320069,38.2875787],[27.3198545,38.2876082],[27.3195487,38.2876713],[27.3187172,38.287924],[27.3179769,38.2882861],[27.3170221,38.2889092],[27.3151962,38.2895146],[27.3097327,38.2919722],[27.3083045,38.2929394],[27.3064756,38.2924292],[27.3044908,38.2917302],[27.3039007,38.2915955],[27.3032033,38.2914524],[27.3026669,38.2912924],[27.3020768,38.2911324],[27.3015672,38.2909092],[27.3008537,38.2907282],[27.3004889,38.290684],[27.3001671,38.2908545],[27.3001248,38.2905304],[27.2998774,38.289684],[27.2996467,38.2896545],[27.2996253,38.2895661],[27.2990715,38.2895797],[27.2987616,38.2895282],[27.2983003,38.2904587],[27.2977316,38.290345],[27.2977006,38.2897539],[27.29757,38.2893843],[27.2968304,38.2896334],[27.2963905,38.2898566],[27.2961169,38.289945],[27.2956181,38.2900713],[27.2948509,38.290185],[27.2949636,38.2901134],[27.2948724,38.289305],[27.2949402,38.2890008],[27.2950441,38.2886482],[27.2950065,38.2883619],[27.2948831,38.2883029],[27.2945988,38.2883156],[27.2943306,38.2883156],[27.294039,38.2881931],[27.2936522,38.28795],[27.2934186,38.2882819],[27.292687,38.2878594],[27.2921419,38.2876713],[27.2921365,38.2875156],[27.2913963,38.2870692],[27.2908857,38.2874096],[27.2906506,38.2876545],[27.290613,38.2879871],[27.2904897,38.2881766],[27.2902751,38.2883956],[27.2898996,38.2886566],[27.2892344,38.288505],[27.288934,38.2883619],[27.288588,38.2881239],[27.2894224,38.2870323],[27.2892719,38.2869532],[27.2893348,38.2866895],[27.2884887,38.286265],[27.288537,38.286126],[27.2884995,38.2859618],[27.2883493,38.2857781],[27.2881787,38.2857206],[27.2869277,38.2859534],[27.2867951,38.2852414],[27.2851038,38.2851828],[27.285023604990126,38.285260872024899],[27.285199697060058,38.285399093247868],[27.285646284017272,38.286087066249863],[27.285800167395418,38.286849682576992],[27.285646284017272,38.287612290891587],[27.285199697060058,38.288300242916428],[27.284504121566698,38.288846200093687],[27.283627645312848,38.289196724013934],[27.283443809432704,38.289219577529011],[27.283428606386938,38.289227323867735],[27.282656063901001,38.289349682576997],[27.281883521415065,38.289227323867735],[27.281868318369302,38.289219577529011],[27.281684482489151,38.289196724013934],[27.280808006235297,38.288846200093687],[27.280112430741941,38.288300242916428],[27.279665843784723,38.287612290891587],[27.27951196040658,38.286849682576992],[27.279665843784723,38.286087066249863],[27.280112430741941,38.285399093247868],[27.280808006235297,38.284853110141434],[27.281684482489151,38.284502565244047],[27.281868519334015,38.284479685228355],[27.281883521415065,38.284472041286264],[27.282656063901001,38.284349682577002],[27.283051381110972,38.284412294672052],[27.2831028,38.2842373],[27.2832949,38.283343],[27.2827537,38.2831768],[27.2822285,38.2828753],[27.2815204,38.2829132],[27.2811554,38.2829481],[27.2811341,38.2837933],[27.2806728,38.2837554],[27.2805869,38.2841007],[27.2801363,38.2840417],[27.2800913,38.2841101],[27.2795463,38.2840038],[27.2792244,38.2838522],[27.2790152,38.283728],[27.2787255,38.2836712],[27.2785485,38.2835743],[27.2783071,38.2833301],[27.2781676,38.2832669],[27.2778833,38.2832501],[27.2776419,38.2831785],[27.2771484,38.2828627],[27.2774863,38.2822605],[27.2776687,38.2818774],[27.2779959,38.281191],[27.2776151,38.2809931],[27.277379,38.2809088],[27.2770196,38.280892],[27.2766656,38.2808836],[27.2763975,38.2808044],[27.2753275,38.2817633],[27.2742569,38.2822774],[27.274179,38.2822013],[27.2740585,38.2820837],[27.2735113,38.2813636],[27.273227,38.2809004],[27.2730607,38.2805509],[27.2729373,38.2803109],[27.2726301,38.2800425],[27.2724169,38.2798603],[27.271108,38.2806983],[27.2705448,38.2804246],[27.2701424,38.2801719],[27.270121,38.2799656],[27.2702444,38.2798434],[27.2704214,38.2796666],[27.2704697,38.2794687],[27.270166,38.2790444],[27.2698049,38.2789499],[27.2695738,38.2787022],[27.2695416,38.2782643],[27.2689944,38.2780285],[27.2687477,38.2778095],[27.2684902,38.2776579],[27.2680771,38.2775021],[27.2679645,38.2773673],[27.2680128,38.277161],[27.268199,38.2768253],[27.2681308,38.276664],[27.2676802,38.276344],[27.2673261,38.2762682],[27.2668765,38.2759359],[27.2666019,38.2755017],[27.2663947,38.2750423],[27.2662049,38.2749795],[27.2659796,38.2750469],[27.2656256,38.2751396],[27.2654186,38.2751429],[27.2649229,38.2746805],[27.2646761,38.2745416],[27.2644722,38.2745247],[27.2641418,38.2746498],[27.2639573,38.2745331],[27.2637534,38.2745753],[27.2631955,38.2748448],[27.2626305,38.2750879],[27.2623811,38.2753038],[27.261778,38.275739],[27.2587323,38.2751311],[27.2580698,38.2743889],[27.2574024,38.2734709],[27.2548792,38.2736722],[27.2560072,38.2751059],[27.2544837,38.2755775],[27.2544837,38.2758555],[27.2525411,38.2745833],[27.2530951,38.273943],[27.2506535,38.2732445],[27.2503638,38.2740446],[27.2491998,38.2738548],[27.2489691,38.2738172],[27.2477245,38.2733455],[27.2468285,38.2732192],[27.2458784,38.27283],[27.2442055,38.2720989],[27.243669,38.2720653],[27.2427892,38.2720989],[27.2414304,38.2717431],[27.2405791,38.2714083],[27.2398759,38.2713323],[27.2386587,38.2711387],[27.2377538,38.2711165],[27.2367918,38.2711808],[27.2358353,38.2713323],[27.2352469,38.2712819],[27.2343564,38.2711303],[27.2321677,38.2719894],[27.2301292,38.2718126],[27.2288867,38.2720376],[27.2285092,38.2722084],[27.2276509,38.272638],[27.2261274,38.2734803],[27.2250027,38.2739572],[27.2235203,38.2745331],[27.2201985,38.2755181],[27.2170991,38.2764493],[27.2159618,38.2768199],[27.2150424,38.2772323],[27.2144008,38.2775568],[27.2137943,38.277879],[27.2139823,38.2789044],[27.2151196,38.279157],[27.2151947,38.2792244],[27.2147387,38.2793129],[27.2128129,38.2797676],[27.211917,38.2799235],[27.2105873,38.2803156],[27.209762,38.2806616],[27.2090256,38.2810183],[27.2090578,38.2817931],[27.2084248,38.2817173],[27.2087094,38.2828222],[27.2094011,38.2828795],[27.2103023,38.2829806],[27.2109675,38.2831911],[27.2115469,38.2835112],[27.2121262,38.2837301],[27.2125769,38.2838396],[27.2135633,38.2838749],[27.2145784,38.2840382],[27.2153893,38.2846045],[27.2164929,38.2858018],[27.2177374,38.2872587],[27.2184777,38.288025],[27.218703,38.2887408],[27.2188381,38.2896343],[27.2189723,38.2902464],[27.2194004,38.2910313],[27.2195184,38.2912755],[27.2195506,38.2915955],[27.2195184,38.2922776],[27.2196793,38.2927576],[27.2198939,38.2933975],[27.2201085,38.2941469],[27.2202694,38.2952416],[27.2203767,38.2957721],[27.2205915,38.2962834],[27.2207415,38.2967656],[27.2210419,38.2972372],[27.2212565,38.2975403],[27.2215976,38.2978459],[27.225459,38.3026857],[27.227447,38.3048485],[27.2253187,38.3048348],[27.2248024,38.3047998],[27.2242606,38.3047222],[27.2231018,38.304377],[27.2219109,38.3038298],[27.2208445,38.3037322],[27.2197437,38.3040992],[27.2188854,38.3042171],[27.2172117,38.3044696],[27.2154736,38.3047896],[27.2143793,38.3051769],[27.2135854,38.3053284],[27.2128289,38.3052482],[27.2118688,38.3050927],[27.2118688,38.3063555],[27.2118258,38.3082414],[27.211622,38.3092937],[27.2113001,38.3104555],[27.2111285,38.3110279],[27.209959,38.3133261],[27.2090793,38.312981],[27.2083604,38.3127958],[27.2072554,38.3125853],[27.2066116,38.3121981],[27.2062039,38.3121055],[27.2054851,38.3120465],[27.2048505,38.3120997],[27.2043984,38.3122104],[27.2020239,38.3141343],[27.2015262,38.3143279],[27.2015691,38.3146225],[27.2021484,38.3178718],[27.2009897,38.3177034],[27.1999597,38.3176024],[27.19908,38.3177203],[27.1979642,38.3179896],[27.1969342,38.3177708],[27.1952431,38.3171492],[27.1948314,38.313183],[27.1941876,38.3134355],[27.1931354,38.313657],[27.1902683,38.3143974],[27.1891451,38.3144457],[27.1888983,38.3145467],[27.18804,38.3150266],[27.1868169,38.3157673],[27.1862376,38.3160451],[27.1857043,38.3162113],[27.1846926,38.3163313],[27.1836082,38.3162498],[27.1823269,38.3160914],[27.1828097,38.3167817],[27.1831369,38.3171352],[27.1832381,38.3174837],[27.1830672,38.3182295],[27.183064,38.319138],[27.182579,38.31953],[27.1815778,38.3212869],[27.1804755,38.323397],[27.1801007,38.327198],[27.1799928,38.3279995],[27.1797681,38.3297776],[27.1792155,38.3303246],[27.1790171,38.3306066],[27.1790224,38.3309727],[27.1795642,38.3313051],[27.1799895,38.3316641],[27.1801275,38.3318269],[27.1802167,38.3320116],[27.1807015,38.332576],[27.1815008,38.3336616],[27.1818012,38.3340235],[27.1821123,38.3343601],[27.1821767,38.3345831],[27.1823484,38.3349997],[27.1825576,38.33537],[27.1825898,38.3355173],[27.1825684,38.3356224],[27.182431,38.3359508],[27.1820533,38.3364598],[27.1816724,38.33691],[27.1812004,38.3372509],[27.1810663,38.3377642],[27.1810542,38.3379748],[27.1811119,38.3382544],[27.1810153,38.3384753],[27.1808732,38.3389297],[27.1808186,38.3392611],[27.1808517,38.3395903],[27.1809536,38.3399311],[27.1809643,38.3401625],[27.1809643,38.340394],[27.1808571,38.3403855],[27.1807444,38.3404655],[27.1806693,38.3405623],[27.1805459,38.3408736],[27.1803689,38.3410587],[27.1799948,38.341403],[27.1791549,38.3421366],[27.1776285,38.34361],[27.1757769,38.3451231],[27.1752727,38.3457373],[27.1746504,38.3464399],[27.1743554,38.3466208],[27.1742535,38.3476263],[27.1737331,38.347538],[27.1734917,38.3474791],[27.1732449,38.3473907],[27.1730304,38.3472267],[27.1725476,38.3469364],[27.1719682,38.3466587],[27.1716461,38.3464707],[27.1714479,38.3463726],[27.1711546,38.3462633],[27.1707559,38.3462674],[27.1705252,38.3463642],[27.1703267,38.3464778],[27.1698602,38.3468286],[27.1690232,38.3470079],[27.1687067,38.3473234],[27.1685082,38.3473276],[27.1681595,38.3472014],[27.1677357,38.3471425],[27.1673441,38.3471425],[27.1668381,38.347261],[27.1661425,38.3473865],[27.165606,38.3473192],[27.1651876,38.3471089],[27.1649429,38.3467921],[27.1645385,38.3462632],[27.1637618,38.3461643],[27.1629614,38.34628],[27.162205,38.3464273],[27.1614829,38.3467658],[27.1609497,38.3469364],[27.1604186,38.3470626],[27.1597964,38.3471467],[27.1595504,38.3470401],[27.1591097,38.3469321],[27.1586323,38.3468985],[27.1582782,38.3470163],[27.157774,38.3473276],[27.1573716,38.3474959],[27.1568888,38.3474076],[27.1567172,38.3474202],[27.1562183,38.347538],[27.1559018,38.3477399],[27.1555746,38.3479965],[27.1553868,38.3480807],[27.1551454,38.3480639],[27.1550059,38.3481101],[27.1548557,38.3482279],[27.1547323,38.34827],[27.154507,38.3481143],[27.1542388,38.3479082],[27.1541744,38.3476768],[27.1540993,38.347336],[27.1537399,38.3471341],[27.1536793,38.3469779],[27.1529083,38.346898],[27.1526506,38.3458574],[27.1515942,38.345792],[27.1512401,38.3454807],[27.1509021,38.3455101],[27.1505213,38.3454554],[27.1501833,38.3452451],[27.1497698,38.3454793],[27.1492821,38.3458172],[27.1488261,38.3460571],[27.1484291,38.3461412],[27.1481663,38.3461875],[27.1478122,38.3463389],[27.147680122154085,38.346327797581807],[27.147144610869848,38.346541792092644],[27.146965637718214,38.346564023508073],[27.146945571943938,38.346574247530732],[27.146173029458001,38.346696606239995],[27.145400486972065,38.346574247530732],[27.145380421197789,38.346564023508073],[27.145201448046155,38.346541792092644],[27.145071442115977,38.346489840702908],[27.1448672,38.3465998],[27.1445292,38.3466797],[27.1433973,38.3469364],[27.1422507,38.3466611],[27.1408653,38.3464441],[27.1397033,38.3463681],[27.136681,38.3462403],[27.1366382,38.3470415],[27.1369815,38.3472519],[27.136968968647587,38.34738616449016],[27.137185312666055,38.347555835452532],[27.137631899623269,38.348243218929881],[27.137785783001416,38.349005181759992],[27.137631899623269,38.349767136573419],[27.137331244942214,38.350229887996591],[27.1374003,38.3503149],[27.1374375,38.3504093],[27.1374267,38.3505207],[27.1373624,38.3506428],[27.1372873,38.3508068],[27.1372792,38.3509562],[27.137357,38.3510613],[27.1374723,38.3511476],[27.1376145,38.351217],[27.1378264,38.3512401],[27.1379417,38.3513285],[27.1379793,38.3515472],[27.1379927,38.3518039],[27.1379927,38.3519742],[27.137931,38.3521299],[27.1378157,38.3522561],[27.1376463,38.352363],[27.1373945,38.3525295],[27.1372417,38.3526095],[27.1370888,38.3527041],[27.1370003,38.3527988],[27.1369493,38.3528871],[27.13696,38.3529776],[27.1370217,38.3530554],[27.1371612,38.3531164],[27.1373838,38.353169],[27.1376547,38.3532068],[27.1378344,38.3532426],[27.13799,38.3532994],[27.1380586,38.3533589],[27.1381026,38.3534529],[27.138108,38.3535118],[27.1380919,38.35376],[27.1380973,38.3540335],[27.1381241,38.354147],[27.1382207,38.3542396],[27.1384567,38.3544457],[27.1385231,38.3545468],[27.1385586,38.3546813],[27.1385264,38.3547823],[27.1383762,38.3548916],[27.1380275,38.3549547],[27.1379042,38.3550178],[27.137872,38.3551104],[27.1379713,38.3553658],[27.137931,38.35551],[27.137813,38.3556194],[27.1375394,38.3557834],[27.137475,38.3558886],[27.1375092,38.3560077],[27.1377003,38.356242],[27.1379256,38.3564944],[27.1380597,38.3567383],[27.1382368,38.3570496],[27.138260237282918,38.357114729924184],[27.138819896408148,38.356891118788518],[27.138997794585329,38.356869024023766],[27.139018935334065,38.356858252274264],[27.139791477820001,38.356735893565002],[27.140564020305938,38.356858252274264],[27.140585161054677,38.356869024023766],[27.140763059231848,38.356891118788518],[27.141639535485702,38.357241313829881],[27.142335110979058,38.357786752020758],[27.142781697936275,38.358474038385587],[27.142935581314415,38.359235893564993],[27.142781697936275,38.359997740727053],[27.142335110979058,38.360685006102145],[27.141639535485702,38.361230418348299],[27.140763059231848,38.361580592399939],[27.140585361943728,38.361602660748147],[27.140564020305938,38.361613534855735],[27.139847092224311,38.361727085108697],[27.140007,38.3617608],[27.1403999,38.3619125],[27.140581,38.3620216],[27.1406561,38.3620721],[27.1407044,38.3622277],[27.1406454,38.3622908],[27.1405109,38.3623827],[27.1401036,38.3626609],[27.1400499,38.3630164],[27.140132997071518,38.363229189213271],[27.140793982142149,38.362965115574561],[27.140971364968316,38.362943086664224],[27.140993021068063,38.362932052330265],[27.141765563553999,38.362809693621003],[27.142538106039936,38.362932052330265],[27.142559762139687,38.362943086664224],[27.142737144965846,38.362965115574561],[27.1436136212197,38.363315281234698],[27.144016240898878,38.363630970511608],[27.144377394594152,38.363486685129864],[27.14455473316556,38.363464661874147],[27.144576433520065,38.363453604991264],[27.145348976006002,38.363331246282002],[27.146121518491938,38.363453604991264],[27.146143218846444,38.363464661874147],[27.146320557417852,38.363486685129864],[27.147165138797579,38.363824105868972],[27.147408901466999,38.363785497655002],[27.148181443952936,38.363907856364264],[27.148203182851766,38.363918932886463],[27.148380482878846,38.363940951217266],[27.149256959132696,38.3642911121567],[27.149952534626056,38.364836497232389],[27.15039912158327,38.36552371666783],[27.150553004961417,38.366285497654992],[27.150514849079457,38.366474381729724],[27.150608781981695,38.366511907702566],[27.151304357475052,38.367057276044427],[27.151750944432269,38.367744474393916],[27.151904827810412,38.368506232007],[27.151858447185241,38.368735824201238],[27.151967866867803,38.368722236617955],[27.151990013335062,38.368710952429268],[27.152762555820999,38.368588593720006],[27.153535098306936,38.368710952429268],[27.153557244774198,38.368722236617955],[27.153734137232846,38.368744202876293],[27.1546106134867,38.369094340578073],[27.155124049256724,38.369496887283447],[27.155293637437939,38.369235936514372],[27.155989212931296,38.36869058458975],[27.15686568918515,38.368340444934532],[27.157042615904697,38.368318474299151],[27.157064728111063,38.368307207567263],[27.157837270597,38.368184848858],[27.158609813082936,38.368307207567263],[27.158631925289306,38.368318474299151],[27.158808852008846,38.368340444934532],[27.1596853282627,38.36869058458975],[27.160064333974017,38.368987736367067],[27.16001464645958,38.368741775293998],[27.160168529837726,38.367980020160168],[27.160213322746767,38.367911094024997],[27.160041417423152,38.36788974684567],[27.159164941169298,38.367539603315926],[27.158469365675945,38.366994238608555],[27.158022778718724,38.366307033135513],[27.157868895340581,38.365545252375],[27.158022778718724,38.364783463596716],[27.158469365675945,38.364096237132856],[27.159164941169298,38.363550846479406],[27.160041417423152,38.363200681958844],[27.160218780261708,38.363178655602418],[27.160240456349065,38.363167611084265],[27.161012998835002,38.363045252375002],[27.161785541320938,38.363167611084265],[27.161807217408299,38.363178655602418],[27.161984580246848,38.363200681958844],[27.162861056500702,38.363550846479406],[27.163556631994055,38.364096237132856],[27.164003218951276,38.364783463596716],[27.164081861869189,38.365172779798904],[27.164274615426937,38.365203308963267],[27.164296464249325,38.365214441494317],[27.16447365435285,38.365236445780219],[27.165350130606701,38.365586600452431],[27.166045706100061,38.366131975766635],[27.166492293057274,38.366819182901843],[27.166566390083247,38.367185984670556],[27.167039862000294,38.36681475894985],[27.167916338254148,38.366464610219317],[27.168093424145358,38.36644261924814],[27.168115377180062,38.366431433618267],[27.168887919665998,38.366309074909005],[27.169660462151935,38.366431433618267],[27.169682415186642,38.36644261924814],[27.169859501077845,38.366464610219317],[27.170735977331699,38.36681475894985],[27.171431552825059,38.367360125009654],[27.171600521556776,38.367620129351003],[27.171671410220149,38.367591810056787],[27.171848400464654,38.367569831305566],[27.171870449146063,38.367558596941265],[27.172642991631999,38.367436238232003],[27.173415534117936,38.367558596941265],[27.173437582799345,38.367569831305573],[27.173614573043846,38.367591810056787],[27.1744910492977,38.367941953333954],[27.175186624791056,38.368487310899908],[27.175633211748274,38.369174495670897],[27.175669654714483,38.369354893052034],[27.175772758271659,38.369338563052835],[27.176395356884296,38.368850428256572],[27.177271833138146,38.368500289374701],[27.177448746294079,38.368478320472164],[27.177470872064063,38.368467046829267],[27.17824341455,38.368344688120004],[27.179015957035936,38.368467046829267],[27.179038082805921,38.368478320472164],[27.179214995961846,38.368500289374701],[27.180091472215697,38.368850428256572],[27.180539377267998,38.369201598395748],[27.181094563740302,38.368766316104683],[27.18150065211038,38.368604089812216],[27.181057471910727,38.367922141856972],[27.18090358853258,38.367160378095996],[27.181057471910727,38.366398606317155],[27.18150405886794,38.365711395188605],[27.182199634361297,38.365166016705281],[27.183076110615147,38.364815859998387],[27.183253336405841,38.364793851152797],[27.183275149541064,38.364782736805267],[27.184047692027001,38.364660378096005],[27.184820234512937,38.364782736805267],[27.184842047648164,38.364793851152797],[27.185019273438847,38.364815859998387],[27.185895749692698,38.365166016705281],[27.186591325186058,38.365711395188605],[27.187037912143271,38.366398606317155],[27.187191795521414,38.367160378095996],[27.187037912143271,38.367922141856972],[27.186591325186058,38.368609331994413],[27.185938686115701,38.369121021057786],[27.186176844196552,38.369216161022095],[27.186256903835943,38.369092970445998],[27.186952479329296,38.368547617444037],[27.18782895558315,38.368197477097119],[27.188005894434184,38.368175504911854],[27.188027994509063,38.368164244361267],[27.188800536995,38.368041885652005],[27.189573079480937,38.368164244361267],[27.189595179555813,38.368175504911854],[27.189631475477242,38.368180012122707],[27.189935081865297,38.367941973200502],[27.190285072366681,38.367802155583583],[27.190342775908299,38.36775691370292],[27.191219252162149,38.367406769530518],[27.191396258108085,38.367384788773286],[27.191418291088063,38.367373562409263],[27.192190833573999,38.3672512037],[27.192963376059936,38.367373562409263],[27.192985409039913,38.367384788773293],[27.193162414985846,38.367406769530518],[27.1940388912397,38.36775691370292],[27.194734466733056,38.368302272663236],[27.195181053690273,38.368989459191226],[27.195334937068417,38.369751203699991],[27.195181053690273,38.370512940190707],[27.194734466733056,38.371200105727148],[27.1940388912397,38.371745438740497],[27.193783118414835,38.371847611497174],[27.193893594730273,38.372017600023973],[27.194047478108416,38.372779312657997],[27.193893594730273,38.373541017273766],[27.193447007773059,38.374228154055238],[27.192751432279699,38.374773464248392],[27.191874956025849,38.375123572777724],[27.191698407914643,38.37514549430626],[27.191675917099936,38.375156953948732],[27.190903374613999,38.375279312657995],[27.190809404208302,38.375264429207881],[27.191082647586271,38.375684844072879],[27.191236530964417,38.376446518101993],[27.191082647586271,38.377208184112611],[27.190636060629057,38.37789528606767],[27.189940485135697,38.378440568622288],[27.189064008881846,38.378790659406526],[27.18888777197304,38.378812541184722],[27.188864969955937,38.378824159392735],[27.188781775904594,38.378837336035993],[27.18868342038806,38.378988659860539],[27.1879878448947,38.379533934174148],[27.187111368640849,38.379884019667323],[27.186935224521491,38.379905889594134],[27.186912329714936,38.379917555080738],[27.186139787228999,38.38003991379],[27.185367244743063,38.379917555080738],[27.185344349936507,38.379905889594134],[27.185168205817153,38.379884019667323],[27.185054973649422,38.379838792042378],[27.184815409106847,38.379934479760287],[27.184639269269873,38.379956349140151],[27.184616370180937,38.379968016808732],[27.183843827695,38.380090375517995],[27.183071285209063,38.379968016808732],[27.183048386120127,38.379956349140151],[27.18287224628315,38.379934479760287],[27.182275560853522,38.379696149553084],[27.182353092987416,38.380079889809998],[27.182199209609273,38.380841517568562],[27.181897696104397,38.381305391648944],[27.182004457920851,38.381318646878299],[27.182880934174701,38.381668723734521],[27.183576509668057,38.382213977847059],[27.184023096625271,38.382901032258467],[27.184176980003418,38.383662630314006],[27.184023096625271,38.38442422035056],[27.183576509668057,38.385111253768031],[27.182880934174701,38.385656481930624],[27.182004457920851,38.386006537792909],[27.181828833421591,38.386028341358468],[27.181805418994937,38.386040271604735],[27.181032876509001,38.386162630313997],[27.180260334023064,38.386040271604735],[27.18023691959641,38.386028341358468],[27.180061295097151,38.386006537792909],[27.179184818843297,38.385656481930624],[27.17848924334994,38.385111253768031],[27.178042656392723,38.38442422035056],[27.177888773014583,38.383662630314006],[27.178042656392723,38.382901032258467],[27.178344169048593,38.382437168285364],[27.178237408081149,38.382423913386056],[27.177455734372671,38.382111705249883],[27.177328339174274,38.382742216297629],[27.176881752217056,38.38342926569166],[27.1761861767237,38.383974506533399],[27.175309700469846,38.384324570536236],[27.175133933217307,38.384346392331899],[27.175110661543936,38.384358249841732],[27.174338119058,38.384480608550994],[27.173565576572063,38.384358249841732],[27.173542304898692,38.384346392331899],[27.17336653764615,38.384324570536236],[27.173084737369258,38.384212019702723],[27.172557141475998,38.384295582682995],[27.172464531033675,38.384280914629919],[27.172393096055274,38.384634455150923],[27.171946509098056,38.385321486571428],[27.171509392902998,38.385664119929565],[27.172034128018701,38.385873694279098],[27.172357037468256,38.386126804792049],[27.172520378923036,38.386152675536941],[27.172640254158299,38.38605871233856],[27.17351673041215,38.385708656728795],[27.17369218318678,38.385686874356594],[27.173715769338063,38.385674856612262],[27.174488311824,38.385552497902999],[27.175260854309936,38.385674856612262],[27.175284440461223,38.385686874356594],[27.175459893235846,38.385708656728795],[27.1763363694897,38.38605871233856],[27.177031944983057,38.386603933358828],[27.177478531940274,38.387290946071325],[27.177632415318417,38.388052497902997],[27.177478531940274,38.388814041715399],[27.177031944983057,38.389501033433206],[27.1763363694897,38.390046228502591],[27.175459893235846,38.390396263117651],[27.175284641319745,38.390418019106868],[27.175260854309936,38.390430139193732],[27.174488311824,38.390552497902995],[27.174203130402137,38.390507329603103],[27.174083324232701,38.390601233474328],[27.17320684797885,38.390951265402911],[27.173031643170731,38.390973015377156],[27.173007809052937,38.390985159466737],[27.172235266567,38.391107518176],[27.171462724081064,38.390985159466737],[27.171438889963266,38.390973015377156],[27.171263685155154,38.390951265402911],[27.1703872089013,38.390601233474328],[27.170064396554391,38.390348213707504],[27.169413527867064,38.390245126234738],[27.169389756560381,38.390233014149018],[27.169214488941151,38.390211256154728],[27.168338012687297,38.38986122064415],[27.167642437193944,38.389316024179969],[27.167195850236723,38.388629030704635],[27.167041966858584,38.387867484943996],[27.167195850236723,38.387105931164122],[27.167642437193944,38.386418916694112],[27.168079552921906,38.386076286318087],[27.167554818273295,38.385866713149213],[27.166859242779942,38.385321486571428],[27.166412655822722,38.384634455150923],[27.166258772444582,38.383872867328002],[27.166412655822722,38.383111271486094],[27.166859242779942,38.382424219071616],[27.167554818273295,38.381878966543837],[27.168431294527149,38.381528890705084],[27.168607102046302,38.381507063030242],[27.168630333453063,38.381495226037266],[27.169402875938999,38.381372867328004],[27.169495483245868,38.381387534884475],[27.169566921359728,38.381033964969411],[27.170013508316941,38.380346892824328],[27.170709083810301,38.37980162463834],[27.171585560064152,38.37945153874643],[27.17176154388482,38.37942968855512],[27.171784598990062,38.379417941392262],[27.172557141475998,38.379295582683],[27.173329683961935,38.379417941392262],[27.173352739067177,38.37942968855512],[27.173528722887848,38.37945153874643],[27.173810657464646,38.379564150260258],[27.174338119058,38.379480608550999],[27.175110661543936,38.379602967260261],[27.175133732352364,38.379614722424293],[27.175309700469846,38.37963657061001],[27.176091373995241,38.379948789192298],[27.176218769376725,38.37931825403269],[27.176665356333938,38.378631165592182],[27.177360931827298,38.378085884474139],[27.178237408081149,38.377735790279367],[27.178413537510973,38.377713921490553],[27.178436447007062,38.377702248519263],[27.179208989492999,38.377579889810001],[27.179981531978935,38.377702248519263],[27.180004441475024,38.377713921490553],[27.180180570904845,38.377735790279367],[27.180777256694107,38.377974126720318],[27.180699724200579,38.377590375517997],[27.180853607578722,38.376828713530983],[27.18130019453594,38.376141601446484],[27.181776513257567,38.375768189005797],[27.181740923227064,38.375762552098735],[27.181718381021764,38.375751066271448],[27.181541884301147,38.375729151307375],[27.180665408047297,38.375379045708343],[27.17996983255394,38.374833740079232],[27.179878155274231,38.374692682883854],[27.179515399107849,38.374837586444393],[27.179338826727463,38.374859511073034],[27.179316360181936,38.374870958349739],[27.178543817695999,38.374993317059001],[27.177771275210063,38.374870958349739],[27.177748808664532,38.374859511073026],[27.177572236284153,38.374837586444393],[27.176695760030302,38.374487476531236],[27.176382606434082,38.374241972592941],[27.176312232185001,38.374253118778995],[27.175539689699065,38.374130760069733],[27.175517285965419,38.374119344797279],[27.175340650773151,38.374097412145055],[27.174474901074412,38.373751583434675],[27.174451415592845,38.373760964889364],[27.174274751849577,38.37378290118874],[27.174252376666935,38.373794301913733],[27.174153649340148,38.373809938786131],[27.174104809912698,38.373848227912802],[27.173228333658848,38.374198340919129],[27.173051707031451,38.374220272477267],[27.173029294732938,38.374231692113739],[27.172256752247002,38.374354050823001],[27.171484209761065,38.374231692113739],[27.171461797462555,38.374220272477267],[27.171285170835148,38.374198340919129],[27.170408694581297,38.373848227912802],[27.169713119087941,38.373302910746609],[27.169266532130724,38.372615765178637],[27.169208135108018,38.372326703091112],[27.169142700848298,38.37230056447607],[27.168447125354945,38.371755235646219],[27.168068295545009,38.371172332835549],[27.167916338254148,38.371153463651169],[27.167039862000294,38.370803335912015],[27.166344286506941,38.370257995798994],[27.166001466477837,38.369730490075206],[27.165702383113057,38.370190697531399],[27.165006807619701,38.370736038151577],[27.164130331365847,38.371086166216337],[27.16395344064291,38.371108131511654],[27.163931292439937,38.371119416584733],[27.163158749954,38.371241775293996],[27.162386207468064,38.371119416584733],[27.162364059265091,38.371108131511662],[27.16218716854215,38.371086166216337],[27.1613106922883,38.370736038151577],[27.160931686753131,38.370438892671942],[27.160981374091417,38.370684848857998],[27.16082749071327,38.371446575521048],[27.160380903756053,38.372133732191799],[27.1596853282627,38.37267905816924],[27.158808852008846,38.373029176832752],[27.158632126166275,38.373051121064918],[27.158609813082936,38.373062490148733],[27.157837270597,38.373184848857996],[27.157064728111063,38.373062490148733],[27.157042415027728,38.373051121064918],[27.15686568918515,38.373029176832752],[27.155989212931296,38.37267905816924],[27.155475776841559,38.372276528120146],[27.155306188980056,38.372537468969938],[27.1546106134867,38.373082791904736],[27.154307423440059,38.373203904029758],[27.154415354097416,38.373738146629002],[27.154261470719273,38.374499841151298],[27.153814883762056,38.375186968827272],[27.153454952810129,38.375469140091006],[27.153492675578416,38.375655857898003],[27.153362438137375,38.376300492278908],[27.154041975434701,38.376571928088211],[27.154652342712666,38.377050422111751],[27.155079049754942,38.376393899259654],[27.155774625248295,38.375848601279252],[27.155895538093365,38.375800303114893],[27.156001726318941,38.375636922342579],[27.156697301812301,38.375091618657024],[27.157573778066151,38.374741509973056],[27.157750161601506,38.374719608727318],[27.157772816992065,38.374708065229264],[27.158545359478001,38.374585706520001],[27.159317901963938,38.374708065229264],[27.159340557354497,38.374719608727318],[27.159516940889851,38.374741509973056],[27.160393417143702,38.375091618657024],[27.161088992637058,38.375636922342579],[27.161535579594275,38.37632403921998],[27.161689462972419,38.377085706519999],[27.161535579594275,38.377847365801472],[27.161088992637058,38.378534461686066],[27.160860865310745,38.37871329598002],[27.16132884556815,38.378526370914685],[27.161504907904746,38.378504510695265],[27.161527884494063,38.378492803538265],[27.16230042698,38.378370444829002],[27.162856296114192,38.378458485850715],[27.162718284466578,38.37777539160399],[27.162872167844721,38.37701373156478],[27.163318754801939,38.376326621237425],[27.164014330295295,38.375781322749965],[27.164890806549149,38.375431217403381],[27.165067131554313,38.375409323633939],[27.165089845475062,38.375397750313262],[27.165862387960999,38.375275391603999],[27.166634930446936,38.375397750313262],[27.166657644367685,38.375409323633939],[27.166833969372846,38.375431217403381],[27.1677104456267,38.375781322749965],[27.168406021120052,38.376326621237425],[27.16885260807727,38.37701373156478],[27.169006491455416,38.37777539160399],[27.16885260807727,38.378537043624625],[27.168406021120052,38.379224132959045],[27.1677104456267,38.379769405497825],[27.166833969372846,38.380119489851474],[27.166657845237136,38.380141357225952],[27.166634930446936,38.380153032894732],[27.165862387960999,38.380275391603995],[27.165306514228011,38.380187349853905],[27.165444530474417,38.380870444829],[27.165290647096274,38.381632064264231],[27.164844060139057,38.382319124202752],[27.1641484846457,38.382864373412694],[27.163272008391846,38.383214442788258],[27.163096146921383,38.38323627661633],[27.163072969465937,38.383248086119735],[27.16265104970088,38.383314911645584],[27.1625820815567,38.383368974165258],[27.161705605302846,38.383719041098701],[27.161529786658118,38.383740869457526],[27.161506566376936,38.383752700781734],[27.160734023890999,38.383875059490997],[27.159961481405063,38.383752700781734],[27.15993826112388,38.383740869457526],[27.159762442479146,38.383719041098701],[27.158885966225295,38.383368974165258],[27.158190390731935,38.382823728758979],[27.157743803774721,38.38213667361331],[27.157589920396578,38.381375059491006],[27.157743803774721,38.380613437349865],[27.157953896138398,38.380290209257822],[27.157622682913999,38.380342668278999],[27.156850140428062,38.380220309569737],[27.15682721992847,38.380208630991881],[27.156651101502149,38.380186764346604],[27.155774625248295,38.379836680318519],[27.155164258041047,38.379358204336611],[27.154737550928061,38.380014700675289],[27.154041975434701,38.380559967255223],[27.153165499180851,38.380910047783047],[27.152989442137912,38.380931906588479],[27.152966460254937,38.380943616442735],[27.152193917769001,38.381065975151998],[27.151421375283064,38.380943616442735],[27.151398393400086,38.380931906588479],[27.151222336357154,38.380910047783047],[27.1503458601033,38.380559967255223],[27.149650284609944,38.380014700675289],[27.149203697652727,38.379327618849395],[27.149049814274584,38.378565975151986],[27.149180051575847,38.377921360605605],[27.148500514418298,38.377649930209998],[27.147804938924942,38.377104641696249],[27.14765556690956,38.376874821000044],[27.147430275118062,38.376839138285739],[27.147407641553531,38.376827605908602],[27.147231236192148,38.376805702614192],[27.146354759938298,38.376455602224524],[27.145659184444941,38.375910304709173],[27.145212597487728,38.375223183902584],[27.145058714109581,38.374461496994996],[27.145137708645613,38.37407048831038],[27.144775602575848,38.374215133433069],[27.144598977373484,38.374237064809172],[27.144576563649938,38.374248485171734],[27.143804021164001,38.374370843880996],[27.143031478678065,38.374248485171734],[27.143009064954523,38.374237064809172],[27.142832439752151,38.374215133433069],[27.141955963498301,38.373865020507992],[27.141260388004941,38.373319703468354],[27.140813801047727,38.372632558059841],[27.140659917669581,38.371870843880998],[27.140786366242054,38.371244923878471],[27.1407758018503,38.371240703725071],[27.14008022635694,38.370695366908031],[27.139633639399726,38.370008196578674],[27.139479756021579,38.369246454775002],[27.139633639399726,38.36848470495331],[27.14008022635694,38.367797513632489],[27.140442240606713,38.367513678026263],[27.139917505888295,38.36730405105272],[27.139221930394942,38.366758684570378],[27.139163826152569,38.366669273801264],[27.1391876,38.3668639],[27.1391621,38.3669386],[27.1390726,38.3670321],[27.1385908,38.3672204],[27.1373838,38.3682887],[27.137358111039138,38.368326993805461],[27.13739207333057,38.368495114418742],[27.137754,38.3688396],[27.1378666,38.3690037],[27.1378884,38.3691271],[27.1377271,38.3697145],[27.1376359,38.3697902],[27.1374965,38.3698406],[27.1374106,38.3698406],[27.1372256,38.3698511],[27.1371827,38.3698469],[27.137011,38.3698827],[27.136970139583358,38.369926453638691],[27.136910957463769,38.370017518789481],[27.1368688,38.3701224],[27.1368366,38.3702822],[27.136783,38.3706229],[27.1366811,38.3708164],[27.136197711404552,38.371261043020198],[27.136601896655272,38.371882958974673],[27.136755780033415,38.372644673026002],[27.136601896655272,38.37340637905907],[27.136430807227281,38.373669624672821],[27.1364558,38.3737435],[27.1366053,38.3739854],[27.1369171,38.374408],[27.1376681,38.375451],[27.1378077,38.3756925],[27.1379757,38.3770526],[27.1371469,38.3784979],[27.1370673,38.3787059],[27.13715591647615,38.378955476054166],[27.137460588750297,38.378716637004459],[27.138337065004151,38.378366545862008],[27.138513140904493,38.378344683910193],[27.138536103930065,38.378332983664265],[27.139308646416001,38.378210624955003],[27.139880984971484,38.37830127447679],[27.14009658558415,38.378215156886704],[27.140272674332245,38.378193293293933],[27.140295624510063,38.378181599594264],[27.140663614817441,38.378123315655387],[27.141162020359292,38.377732599678716],[27.142038496613146,38.377382503774363],[27.142214656024674,38.377360631156122],[27.142237535539063,38.377348973461267],[27.143010078025,38.377226614752004],[27.143782620510937,38.377348973461267],[27.14380550002533,38.377360631156122],[27.143981659436847,38.377382503774363],[27.144858135690697,38.377732599678716],[27.145553711184053,38.378277883459518],[27.146000298141267,38.378964975255307],[27.146154181519414,38.379726614751995],[27.146000298141267,38.380488246229966],[27.145553711184053,38.381175317032501],[27.144858135690697,38.38172057486419],[27.143981659436847,38.382070649775279],[27.143805700892717,38.382092496000837],[27.143782620510937,38.382104256042737],[27.143414542560183,38.382162553862962],[27.1429162246617,38.382553178046784],[27.142201025192108,38.382838833827833],[27.1424555,38.3832122],[27.1426517,38.3835419],[27.1426356,38.3839666],[27.1425122,38.3841306],[27.1422386,38.3845679],[27.1416934,38.385272],[27.1404523,38.3864559],[27.1402195,38.3869971],[27.140180503426375,38.387229399432712],[27.140444972896944,38.38682255069655],[27.141140548390297,38.386277331324344],[27.142017024644151,38.385927276772698],[27.142192458863565,38.385905496769958],[27.142216063570064,38.385893469571265],[27.142988606056001,38.385771110862002],[27.143761148541937,38.385893469571265],[27.14378475324844,38.385905496769958],[27.143960187467847,38.385927276772698],[27.144836663721701,38.386277331324344],[27.145440135454457,38.386750356154025],[27.145453518171301,38.386739866322394],[27.146329994425152,38.386389814009434],[27.146505389386849,38.386368039019757],[27.146529033351065,38.386355991818263],[27.147301575837002,38.386233633109001],[27.148074118322938,38.386355991818263],[27.148097762287154,38.386368039019757],[27.148273157248848,38.386389814009434],[27.148786842087578,38.386594972523582],[27.14879196606994,38.386587089978462],[27.149487541563296,38.386041868831221],[27.150364017817147,38.385691813139935],[27.150539472021379,38.385670030585182],[27.150563056743064,38.385658013569262],[27.151335599229,38.38553565486],[27.152108141714937,38.385658013569262],[27.152131726436625,38.385670030585182],[27.152307180640847,38.385691813139935],[27.153168901756235,38.386035975779158],[27.15304056990794,38.385935383764],[27.152593982950727,38.385248358174856],[27.15244009957258,38.384486776816004],[27.152593982950727,38.383725187438117],[27.15304056990794,38.383038140854879],[27.153736145401297,38.382492892954794],[27.154612621655151,38.382142820087182],[27.154788377070187,38.382120999066608],[27.154811660581064,38.382109135525262],[27.155584203067001,38.381986776815999],[27.156356745552937,38.382109135525262],[27.156380029063815,38.382120999066608],[27.156555784478847,38.382142820087182],[27.157432260732701,38.382492892954794],[27.158127836226058,38.383038140854879],[27.158574423183275,38.383725187438117],[27.158728306561414,38.384486776816004],[27.158724532186483,38.384505456504634],[27.158910121449999,38.384476062053004],[27.159682663935936,38.384598420762266],[27.159706158723278,38.384610391954347],[27.159881702861849,38.384632185993695],[27.1607581791157,38.384982246813486],[27.161099006837397,38.385249405742584],[27.161344644468944,38.384871516923674],[27.1620402199623,38.384326282843759],[27.162916696216151,38.38397621884922],[27.163092296028381,38.383954417700195],[27.163115735142064,38.383942474875262],[27.163888277628001,38.383820116166],[27.164660820113937,38.383942474875262],[27.16468425922762,38.383954417700195],[27.164859859039851,38.38397621884922],[27.165736335293701,38.384326282843759],[27.166431910787061,38.384871516923674],[27.166878497744275,38.385558546092369],[27.167032381122418,38.38632011616599],[27.166878497744275,38.387081678220454],[27.166431910787061,38.387768686394757],[27.165736335293701,38.38831389452416],[27.164859859039851,38.388663937524299],[27.164684460088004,38.388685712288321],[27.164660820113937,38.388697757456733],[27.164188626056845,38.388772545648187],[27.163846271634053,38.389299196294033],[27.163150696140701,38.389844392885074],[27.162274219886847,38.390194428477102],[27.162098950839329,38.390216186653767],[27.162075180960937,38.390228298011735],[27.161302638475,38.390350656720997],[27.160530095989063,38.390228298011735],[27.160506326110674,38.390216186653767],[27.16033105706315,38.390194428477102],[27.159454580809296,38.389844392885074],[27.158972125815485,38.389466241526272],[27.158910121449999,38.389476062052999],[27.158137578964062,38.389353703343737],[27.158113883317046,38.389341629808541],[27.157938540038149,38.389319862153428],[27.157062063784295,38.388969822328164],[27.156366488290939,38.38842461914372],[27.155919901333721,38.387737617200408],[27.155766017955582,38.386976062052995],[27.155769792423655,38.386957382349614],[27.155584203067001,38.386986776815995],[27.154811660581064,38.386864418106732],[27.154788176207909,38.386852452220943],[27.154612621655151,38.386830657587502],[27.153750902075341,38.386486499315055],[27.153879232388057,38.386587089978462],[27.154325819345274,38.387274102850967],[27.154479702723414,38.388035654859991],[27.154325819345274,38.388797198849758],[27.153879232388057,38.389484190727558],[27.153183656894701,38.390029385923931],[27.152307180640847,38.390379420620512],[27.152131927295187,38.390401176792267],[27.152108141714937,38.390413296150733],[27.151688669225951,38.390479734066133],[27.151808230768413,38.39107140622599],[27.15165434739027,38.391832918247495],[27.151517404573163,38.392043570735751],[27.151915855473053,38.392355868293429],[27.152362442430267,38.393042826363875],[27.152378673862213,38.393123147537715],[27.153138022113001,38.393002878590003],[27.153910564598938,38.393125237299266],[27.15393478314671,38.393137577265705],[27.154109603524851,38.393159278890224],[27.154986079778702,38.393509298436271],[27.155681655272058,38.394054463285784],[27.156128242229272,38.394741405218646],[27.156282125607419,38.395502878590008],[27.156128242229272,38.396264343941631],[27.155766772931933,38.396820340538412],[27.156153716533055,38.397123598916082],[27.156600303490272,38.397810511688938],[27.156754186868415,38.398571952735999],[27.156600303490272,38.399333385763114],[27.156153716533055,38.400020277539454],[27.155458141039698,38.400565393294464],[27.154581664785848,38.400915376986362],[27.154407305779309,38.400937018979725],[27.154382625859938,38.400949594026734],[27.153610083374002,38.401071952735997],[27.152837540888065,38.400949594026734],[27.152812860968698,38.400937018979725],[27.152638501962148,38.400915376986362],[27.15215844351777,38.400723685966838],[27.152587732805273,38.401383959881805],[27.152741616183416,38.402145363290003],[27.152587732805273,38.402906758678014],[27.152222501291039,38.403468490538131],[27.152507714042702,38.403582373975887],[27.152779441179543,38.403795313398852],[27.1528226,38.403782],[27.1529835,38.4037],[27.153241,38.4035781],[27.153056,38.4034373],[27.153417,38.403252],[27.1536863,38.4031157],[27.1538365,38.4030862],[27.1541972,38.4031217],[27.1561915,38.403597],[27.1561462,38.4037532],[27.1571716,38.4039501],[27.1592411,38.4043327],[27.1591593,38.4042307],[27.1591526,38.4040763],[27.1595925,38.4040847],[27.1596013,38.4042198],[27.1601853,38.4043075],[27.16038827114641,38.404343480219161],[27.160361589427723,38.404302444105149],[27.160207706049583,38.403541063418992],[27.160354006965484,38.402817191442331],[27.159746943876002,38.402913340790001],[27.158974401390065,38.402790982080738],[27.158949565157815,38.40277832738834],[27.158775362464155,38.402756705347819],[27.157898886210301,38.402406730571023],[27.157203310716945,38.401861628701575],[27.156756723759727,38.401174754421952],[27.156602840381584,38.400413340789996],[27.156756723759727,38.39965191913798],[27.157203310716945,38.398965023861535],[27.157898886210301,38.398419896038575],[27.158537346909743,38.398164944982639],[27.158190365387938,38.397893010933863],[27.157743778430724,38.397206098944864],[27.157589895052578,38.396444643511998],[27.157743778430724,38.395683180059315],[27.157908744171142,38.395429432369909],[27.157979812664728,38.395077760121069],[27.158426399621941,38.394390821383865],[27.159121975115301,38.393845659070429],[27.159998451369152,38.39349564115264],[27.160173243195981,38.393473943173326],[27.160197490295065,38.393461588659264],[27.160970032781002,38.393339229950001],[27.161742575266938,38.393461588659264],[27.161766822366026,38.393473943173326],[27.161941614192848,38.39349564115264],[27.162260131659512,38.393622840058455],[27.162877050183297,38.393139320989285],[27.163753526437151,38.392789299652264],[27.163928378219993,38.39276759401821],[27.163952565363065,38.392755270053264],[27.164725107849002,38.392632911344002],[27.165497650334938,38.392755270053264],[27.165521837478014,38.39276759401821],[27.165696689260848,38.392789299652264],[27.166573165514702,38.393139320989285],[27.167268741008058,38.39368448862831],[27.167715327965276,38.394371434076191],[27.167840371802217,38.394990201616004],[27.168513276698061,38.395517587466166],[27.168959863655274,38.396204515498063],[27.169113747033421,38.396965973460006],[27.168959863655274,38.397727423402081],[27.168513276698061,38.398414330437753],[27.167817701204701,38.39895945830267],[27.167648328694263,38.399027091547879],[27.167697883260058,38.399065927785095],[27.168144470217275,38.399752822102776],[27.168298353595418,38.400514242691997],[27.168144470217275,38.401275655261131],[27.167697883260058,38.401962528581976],[27.167002307766701,38.402507629690518],[27.166337694832194,38.402773007603159],[27.166342029660271,38.402779674712555],[27.166495913038418,38.403541063418992],[27.166342029660271,38.404302444105149],[27.165895442703057,38.404989288663764],[27.165295862975391,38.405459141169146],[27.165319,38.4058965],[27.1659762,38.406073],[27.1657991,38.4064745],[27.165783,38.4066111],[27.1663195,38.4065817],[27.1669364,38.4065817],[27.167081542603963,38.40659318879014],[27.167726438118297,38.40608783286563],[27.168602914372148,38.405737874217976],[27.168776666959801,38.405716308898135],[27.168801953298065,38.405703424865266],[27.169574495784001,38.405581066156003],[27.170347038269938,38.405703424865266],[27.170372324608206,38.405716308898135],[27.170546077195848,38.405737874217976],[27.171422553449702,38.40608783286563],[27.172118128943058,38.406632902863322],[27.172298464844118,38.406910248039964],[27.1724296,38.4069516],[27.1726763,38.4070945],[27.1729148,38.4072862],[27.1733844,38.4076158],[27.1738887,38.4080361],[27.1740952,38.4081265],[27.1743178,38.4081875],[27.1745539,38.4081938],[27.1747947,38.4081612],[27.1749562,38.4081307],[27.1750474,38.408137],[27.1751359,38.4081728],[27.1752727,38.4082379],[27.1756723,38.4083304],[27.1759111,38.4083598],[27.176040380105526,38.408356118803773],[27.176151234856999,38.408338561136006],[27.176187181697031,38.408344254556148],[27.176249,38.4083388],[27.1764475,38.4083598],[27.176603,38.4083995],[27.177279,38.4084985],[27.1775365,38.4085069],[27.1776974,38.4084733],[27.1778422,38.4084229],[27.1782841,38.408067],[27.178858,38.4076048],[27.1793282,38.4073636],[27.1798432,38.4071534],[27.1810555,38.4062454],[27.1812594,38.4061193],[27.1817127,38.4059869],[27.181989,38.4059511],[27.1820208,38.4059538],[27.1822894,38.4059764],[27.1830089,38.4060861],[27.1843386,38.4063547],[27.184633300879351,38.40634975546282],[27.18502867970215,38.406191889954968],[27.185202393745332,38.40617032955452],[27.185227718628063,38.406157425882263],[27.186000261114,38.406035067173001],[27.186772803599936,38.406157425882263],[27.186798128482668,38.40617032955452],[27.186959988328372,38.406190418679302],[27.1880556,38.405342],[27.1883519,38.405187],[27.1889173,38.4049535],[27.1901429,38.4052869],[27.1916125,38.4060376],[27.192155,38.4062489],[27.1941339,38.407145],[27.1924223,38.4075853],[27.1905398,38.4080698],[27.1937584,38.4082211],[27.1951764,38.40856],[27.1954436,38.4086221],[27.1986937,38.4091123],[27.200211,38.4084864],[27.2024917,38.4079857],[27.2037041,38.408011],[27.2051203,38.4082883],[27.2066438,38.4082715],[27.2072194,38.408493],[27.2089795,38.4072527],[27.2091735,38.407033],[27.2106396,38.4066474],[27.2110462,38.4053728],[27.2115516,38.4049064],[27.2124806,38.4027973],[27.2111708,38.4014199],[27.2111828,38.4002749],[27.2112434,38.3989926],[27.2114456,38.3987149],[27.211132,38.3986556],[27.2107208,38.3983924],[27.2103882,38.3979636],[27.2109869,38.3968951],[27.2126949,38.3964922],[27.2128907,38.3954684],[27.2133198,38.3952435],[27.2142934,38.3941335],[27.2151613,38.3940262],[27.2158395,38.3929523],[27.2162893,38.3914499],[27.2162418,38.3907349],[27.2159685,38.3904851],[27.2162676,38.3897734],[27.217056,38.3895893],[27.2170529,38.3885524],[27.2168934,38.388203],[27.2168233,38.3877305],[27.215866,38.3873454],[27.215538,38.3867292],[27.2154069,38.3862405],[27.215142,38.385958],[27.2151349,38.385827],[27.2149586,38.3858294],[27.2146583,38.3854845],[27.2146636,38.385392],[27.2149372,38.3852575],[27.2150391,38.3852196],[27.2151571,38.3851271],[27.2152162,38.3849673],[27.2154146,38.3847781],[27.2158105,38.3846404],[27.2161587,38.3845753],[27.2166364,38.384182],[27.2169596,38.3840843],[27.2176784,38.383874],[27.2184241,38.3837899],[27.2194004,38.3835629],[27.2208353,38.3825149],[27.2218794,38.3833127],[27.2218757,38.3836452],[27.2225332,38.3839372],[27.2238335,38.3837148],[27.2244859,38.3839708],[27.2251012,38.3833714],[27.2257304,38.3831802],[27.2260523,38.3824402],[27.2255158,38.381986],[27.2254085,38.3817842],[27.2257519,38.3815487],[27.2257897,38.380939],[27.2260743,38.3803242],[27.2268604,38.3784231],[27.2273647,38.3780685],[27.2276182,38.3778579],[27.2277345,38.3774822],[27.2278011,38.3767294],[27.2282329,38.3755288],[27.2300177,38.3713911],[27.23382,38.3684359],[27.2349036,38.3681583],[27.2352294,38.367907],[27.2355688,38.3676452],[27.2366467,38.3664816],[27.2371888,38.3658366],[27.237339,38.3654076],[27.2372103,38.364743],[27.2373419,38.3642189],[27.2376339,38.3639661],[27.2381759,38.3637335],[27.2396826,38.3641579],[27.2401607,38.3640952],[27.2403217,38.364499],[27.2409439,38.3646421],[27.2402787,38.3648944],[27.2397208,38.3654748],[27.2395491,38.3661731],[27.240386,38.3662908],[27.2407615,38.3666778],[27.2409761,38.3665432],[27.2413248,38.3669512],[27.2419417,38.3671825],[27.241652,38.3674601],[27.2417807,38.3677125],[27.2428536,38.367805],[27.2431111,38.3677798],[27.2437656,38.3681331],[27.2454717,38.3683411],[27.246043,38.3678411],[27.2474245,38.3679297],[27.2475782,38.3688439],[27.2472417,38.3692855],[27.2466815,38.3692932],[27.2464156,38.3698406],[27.2457885,38.3702129],[27.2472509,38.3708019],[27.2487502,38.3709775],[27.2489087,38.370852],[27.2491672,38.3733899],[27.2509885,38.3747447],[27.2519891,38.3751358],[27.2525361,38.3757067],[27.2590422,38.3788746],[27.2574279,38.3803811],[27.260437,38.38532],[27.2608766,38.3873603],[27.2616131,38.3912105],[27.2619354,38.3918572],[27.2620044,38.3961637],[27.2626038,38.3977367],[27.2632599,38.3992081],[27.2646346,38.4010849],[27.2665214,38.4019155],[27.2711777,38.4030757],[27.2743749,38.4039838],[27.2795892,38.4056148],[27.2837305,38.4063547],[27.2882829,38.4065093],[27.2946047,38.4071407],[27.2972488,38.4078008],[27.2983861,38.4083388],[27.2993054,38.4089283],[27.3001657,38.4106169],[27.3006177,38.411483],[27.3010095,38.4124006],[27.3013326,38.4134279],[27.3018225,38.4149856],[27.3018027,38.4168899],[27.3086643,38.4158628],[27.3089325,38.4162327],[27.309308,38.4162747],[27.3098552,38.4161907],[27.3104775,38.4159973],[27.3112285,38.4156947],[27.3119366,38.4152828],[27.3124194,38.4151651],[27.3129988,38.4151062],[27.3134494,38.4150642],[27.3136854,38.4149717],[27.3139965,38.4147868],[27.3141682,38.4146607],[27.3144472,38.414501],[27.314769,38.4141899],[27.31552,38.4135426],[27.3156702,38.4132652],[27.3156166,38.4126936],[27.3158204,38.4123237],[27.3160994,38.4119874],[27.316196,38.4115419],[27.3163783,38.4111383],[27.3167109,38.4110038],[27.3171401,38.4108609],[27.3174727,38.4106087],[27.318052,38.4102052],[27.3191142,38.4099193],[27.3193502,38.4097512],[27.3194253,38.4094485],[27.319715,38.4091963],[27.3200905,38.4087928],[27.3204446,38.4082884],[27.3207557,38.407868],[27.3210883,38.4075485],[27.3215711,38.4068507],[27.3219788,38.4066994],[27.322365,38.4065733],[27.3226869,38.4066069],[27.323041,38.4066069],[27.3232233,38.406464],[27.3234379,38.4060941],[27.3235881,38.4054635],[27.3235023,38.4051945],[27.3232019,38.4049675],[27.3230195,38.40469],[27.3229444,38.4043537],[27.322998,38.403782],[27.323159,38.403412],[27.3235989,38.4028067],[27.3239314,38.4023779],[27.3242855,38.4021088],[27.324661,38.4018818],[27.3251974,38.4014782],[27.3254871,38.4011167],[27.3256481,38.4008308],[27.3257875,38.4006543],[27.3260343,38.4005113],[27.3263776,38.4003348],[27.326839,38.4000489],[27.3271501,38.3996369],[27.3273432,38.3992249],[27.32759,38.3987877],[27.3278689,38.3985354],[27.3279977,38.3983252],[27.3286521,38.397972],[27.3291242,38.3977618],[27.3294997,38.3975853],[27.3297465,38.3973498],[27.3299611,38.3970051],[27.3302507,38.396551],[27.330519,38.396181],[27.3309159,38.3958699],[27.3313022,38.3954915],[27.3316777,38.3951468],[27.3322356,38.3944909],[27.3325789,38.3941294],[27.3336116,38.393774],[27.3347354,38.3937089],[27.3369562,38.3932632],[27.3350143,38.3913881],[27.3368167,38.3890334],[27.3377609,38.3895716],[27.3381042,38.3891344],[27.3380398,38.3883607],[27.3393043,38.3860211],[27.3393488,38.3859387],[27.3406362,38.3821711],[27.3419666,38.3808254],[27.342997,38.3802275],[27.3439024,38.3802401],[27.3452496,38.3791769],[27.3466873,38.3767547],[27.3408067,38.3739121],[27.3403699,38.3724338],[27.3424386,38.3721958],[27.3456573,38.3722295]],[[27.150520262040999,38.355659056364004],[27.151292804526935,38.355781415073267],[27.151313853912253,38.355792140270779],[27.151491843452845,38.355814246711567],[27.152368319706699,38.356164446961586],[27.153063895200056,38.356709893265162],[27.153510482157273,38.357397189852627],[27.15366436553542,38.358159056364002],[27.153510482157273,38.358920914858082],[27.153063895200056,38.359608190456008],[27.152368319706699,38.360153610815082],[27.151491843452845,38.360503790075562],[27.151314054802462,38.360525870098549],[27.151292804526935,38.360536697654737],[27.150520262040999,38.360659056364],[27.149747719555062,38.360536697654737],[27.149726469279535,38.360525870098549],[27.149548680629152,38.360503790075562],[27.148672204375298,38.360153610815082],[27.147976628881942,38.359608190456008],[27.147530041924725,38.358920914858082],[27.147376158546578,38.358159056364002],[27.147530041924725,38.357397189852627],[27.147976628881942,38.356709893265162],[27.148672204375298,38.356164446961586],[27.149548680629152,38.355814246711567],[27.149726670169745,38.355792140270779],[27.149747719555062,38.355781415073267],[27.150520262040999,38.355659056364004]],[[27.182180912790937,38.389391752183265],[27.182204814428673,38.389403930675975],[27.18237995171685,38.389425672763217],[27.183256427970701,38.389775710382004],[27.183952003464057,38.390320903380584],[27.184398590421274,38.391007880783526],[27.184459484978674,38.391309225729302],[27.1847208548023,38.391104367477261],[27.185597331056151,38.390754336289774],[27.185772355568613,38.390732608602072],[27.185796369982064,38.390720372647266],[27.186568912468001,38.390598013938003],[27.187341454953938,38.390720372647266],[27.187365469367389,38.390732608602072],[27.187540493879848,38.390754336289774],[27.188416970133702,38.391104367477261],[27.189112545627058,38.391649550458808],[27.189296623607948,38.391932709399576],[27.189881398575299,38.391474372767547],[27.190757874829153,38.391124343371089],[27.190932867935402,38.391102619693342],[27.190956913755063,38.391090367736268],[27.191729456240999,38.390968009027006],[27.192501998726936,38.391090367736268],[27.192526044546597,38.391102619693342],[27.192701037652846,38.391124343371089],[27.1935775139067,38.391474372767547],[27.194273089400056,38.392019552959496],[27.194719676357273,38.392706514225047],[27.19487355973542,38.393468009027004],[27.194719676357273,38.394229495809327],[27.194273089400056,38.394916436079257],[27.1935775139067,38.395461590319172],[27.192701037652846,38.395811598720002],[27.192526245399328,38.395833296021088],[27.192501998726936,38.395845650317739],[27.19201706235723,38.395922456693249],[27.192091119061271,38.396036368986124],[27.192245002439417,38.396797828718995],[27.192091119061271,38.397559280432034],[27.191644532104057,38.398246189065304],[27.190948956610697,38.3987913181981],[27.190072480356847,38.399141310479109],[27.189897970750959,38.399162971696924],[27.189873441430937,38.399175470009737],[27.189100898945,38.399297828719],[27.189089632504245,38.399296044290089],[27.189450488988058,38.399578847869314],[27.189897075945272,38.400265737313326],[27.190050959323418,38.401027152499992],[27.189897075945272,38.401788559666549],[27.189450488988058,38.402475428113618],[27.188754913494698,38.403020525354314],[27.187878437240848,38.403370497159251],[27.187704286653663,38.403392112548758],[27.187679398314938,38.403404793790735],[27.186906855829001,38.403527152499997],[27.186134313343064,38.403404793790735],[27.186109425004343,38.403392112548758],[27.185935274417151,38.403370497159251],[27.185058798163297,38.403020525354314],[27.184363222669941,38.402475428113618],[27.183916635712723,38.401788559666549],[27.18376275233458,38.401027152499992],[27.183916635712723,38.400265737313326],[27.184363222669941,38.399578847869314],[27.185058798163297,38.399033724674993],[27.185935274417151,38.398683731873128],[27.186109625849017,38.398662090115764],[27.186134313343064,38.398649511209264],[27.186906855829001,38.398527152500002],[27.18691802824436,38.398528922036753],[27.18655726578594,38.398246189065304],[27.186362324118782,38.397946343510057],[27.185927887232701,38.398286818207495],[27.185051410978847,38.398636812930953],[27.184876858547113,38.398658479615783],[27.184852372052937,38.398670956107736],[27.184079829567001,38.398793314816999],[27.183307287081064,38.398670956107736],[27.183282800586888,38.398658479615783],[27.183108248155154,38.398636812930953],[27.182719450541907,38.39848155816788],[27.182810717836276,38.398621938368379],[27.182964601214415,38.399383370869003],[27.182810717836276,38.400144795349625],[27.182364130879055,38.400831679416029],[27.181668555385702,38.401376789052357],[27.180792079131848,38.401726768815806],[27.180617789004998,38.401748402016771],[27.180593040205938,38.401761012159739],[27.179820497720002,38.401883370869001],[27.179047955234065,38.401761012159739],[27.179023206435009,38.401748402016771],[27.178848916308148,38.401726768815806],[27.177972440054297,38.401376789052357],[27.177276864560941,38.400831679416029],[27.176830277603724,38.400144795349625],[27.176782381457755,38.399907802254546],[27.176502599500296,38.399796081983688],[27.175807024006939,38.399250960427459],[27.175360437049722,38.39856406134119],[27.175340160075002,38.39846372742123],[27.174745789166,38.398557866524996],[27.173973246680063,38.398435507815734],[27.173948780171912,38.398423041507172],[27.173774207754146,38.398401372270961],[27.173619264067856,38.398339499916737],[27.173464326248848,38.398401369928031],[27.173289753830908,38.398423039164264],[27.173265287322938,38.398435505472733],[27.172492744837001,38.398557864181996],[27.171720202351064,38.398435505472733],[27.171695735843098,38.398423039164264],[27.171521163425147,38.398401369928031],[27.170644687171293,38.398051374064714],[27.169949111677941,38.397506239352367],[27.169502524720723,38.396819323688483],[27.16934864134258,38.396057864181998],[27.169502524720723,38.395296396655716],[27.169949111677941,38.394609459995763],[27.170644687171293,38.394064299330836],[27.171521163425147,38.393714282471443],[27.171695936693059,38.393692586861562],[27.171720202351064,38.393680222891263],[27.172492744837001,38.393557864182],[27.173265287322938,38.393680222891263],[27.173289552980943,38.393692586861569],[27.173464326248848,38.393714282471443],[27.173541191917522,38.39374497843135],[27.174034983633295,38.393357962999637],[27.174911459887145,38.39300794272102],[27.175086293111093,38.392986239456441],[27.175110498813062,38.392973906035266],[27.175883041298999,38.392851547326003],[27.176655583784935,38.392973906035266],[27.176679789486911,38.392986239456448],[27.176768296867692,38.392997226493456],[27.176922823420938,38.392759528843456],[27.177618398914298,38.392214354230561],[27.178299239109279,38.391942456797238],[27.178264266810583,38.391769393474],[27.178418150188723,38.391007880783526],[27.17886473714594,38.390320903380584],[27.179560312639296,38.389775710382004],[27.18043678889315,38.389425672763217],[27.180611926181328,38.389403930675975],[27.180635827819064,38.389391752183265],[27.181408370305,38.389269393474002],[27.182180912790937,38.389391752183265]],[[27.340591465814999,38.298159229083005],[27.341364008300935,38.298281587792268],[27.341380181039579,38.298289828214195],[27.341563047226845,38.298312558364358],[27.342439523480699,38.298663036560811],[27.343135098974056,38.299208915777712],[27.343581685931273,38.299896757870606],[27.343735569309413,38.300659229083003],[27.343581685931273,38.30142169228192],[27.343135098974056,38.302109513395251],[27.342439523480699,38.302655366680007],[27.341563047226845,38.303005823896903],[27.341380381989989,38.303028527562461],[27.341364008300935,38.303036870373738],[27.340591465814999,38.303159229083001],[27.339818923329062,38.303036870373738],[27.339802549640012,38.303028527562468],[27.339619884403145,38.303005823896903],[27.338743408149295,38.302655366680007],[27.338047832655938,38.302109513395251],[27.337601245698725,38.30142169228192],[27.337447362320578,38.300659229083003],[27.337601245698725,38.299896757870606],[27.338047832655938,38.299208915777712],[27.338743408149295,38.298663036560811],[27.339619884403145,38.298312558364358],[27.339802750590422,38.298289828214195],[27.339818923329062,38.298281587792268],[27.340591465814999,38.298159229083005]],[[27.277248720187998,38.307117085215005],[27.278021262673935,38.307239443924267],[27.278038194898695,38.307248071323698],[27.278220301599845,38.307270704275126],[27.279096777853695,38.307621139193706],[27.279792353347055,38.308166951003514],[27.280238940304269,38.308854708158044],[27.280392823682416,38.309617085215002],[27.280238940304269,38.310379454257877],[27.279792353347055,38.311067190431295],[27.279096777853695,38.311612976307011],[27.278220301599845,38.311963390244486],[27.278038395839801,38.311985996721695],[27.278021262673935,38.311994726505738],[27.277248720187998,38.312117085215],[27.276476177702062,38.311994726505738],[27.276459044536196,38.311985996721702],[27.276277138776148,38.311963390244486],[27.275400662522298,38.311612976307011],[27.274705087028938,38.311067190431295],[27.274258500071724,38.310379454257877],[27.274104616693577,38.309617085215002],[27.274258500071724,38.308854708158044],[27.274705087028938,38.308166951003514],[27.275400662522298,38.307621139193706],[27.276277138776148,38.307270704275126],[27.276459245477302,38.307248071323698],[27.276476177702062,38.307239443924267],[27.277248720187998,38.307117085215005]],[[27.314069889083999,38.314525093306003],[27.314842431569936,38.314647452015265],[27.31485999194577,38.314656399473655],[27.315041470495849,38.314678952051999],[27.3159179467497,38.315029351173997],[27.31661352224306,38.31557510722908],[27.317060109200273,38.316262794128214],[27.317213992578417,38.317025093305993],[27.317060109200273,38.317787384469199],[27.31661352224306,38.318475050385935],[27.3159179467497,38.319020780505348],[27.315041470495849,38.319371158644934],[27.314860192879177,38.319393684757664],[27.314842431569936,38.319402734596736],[27.314069889083999,38.319525093305998],[27.313297346598063,38.319402734596736],[27.313279585288821,38.319393684757664],[27.313098307672149,38.319371158644934],[27.312221831418299,38.319020780505348],[27.311526255924942,38.318475050385935],[27.311079668967725,38.317787384469199],[27.310925785589582,38.317025093305993],[27.311079668967725,38.316262794128214],[27.311526255924942,38.31557510722908],[27.312221831418299,38.315029351173997],[27.313098307672149,38.314678952051999],[27.313279786222228,38.314656399473655],[27.313297346598063,38.314647452015265],[27.314069889083999,38.314525093306003]],[[27.321365530816937,38.314916825128265],[27.321383114035047,38.314925784225373],[27.321564569742851,38.314948333881304],[27.322441045996701,38.315298731701539],[27.323136621490058,38.31584448572908],[27.323583208447275,38.316532170073344],[27.323737091825421,38.317294466419],[27.323583208447275,38.318056754750081],[27.323136621490058,38.318744418111891],[27.322441045996701,38.319290146203699],[27.321564569742851,38.319640523041485],[27.321383314968099,38.319663046232122],[27.321365530816937,38.319672107709735],[27.320592988331001,38.319794466418998],[27.319820445845064,38.319672107709735],[27.319802661693902,38.319663046232122],[27.319621406919154,38.319640523041485],[27.3187449306653,38.319290146203699],[27.318049355171944,38.318744418111891],[27.317602768214726,38.318056754750081],[27.317448884836583,38.317294466419],[27.317602768214726,38.316532170073344],[27.318049355171944,38.31584448572908],[27.3187449306653,38.315298731701539],[27.319621406919154,38.314948333881304],[27.319802862626954,38.314925784225373],[27.319820445845064,38.314916825128265],[27.320592988331001,38.314794466419002],[27.321365530816937,38.314916825128265]],[[27.228754559489001,38.346034093623004],[27.229527101974938,38.346156452332266],[27.229547334795296,38.346166761469156],[27.229726140900848,38.346188972279911],[27.230602617154702,38.346539219080299],[27.231298192648058,38.347084737888032],[27.231744779605275,38.347772125836535],[27.231898662983422,38.348534093623002],[27.231744779605275,38.349296053392806],[27.231298192648058,38.349983420353446],[27.230602617154702,38.350528913218746],[27.229726140900848,38.350879139031242],[27.229547535695652,38.350901323413005],[27.229527101974938,38.350911734913737],[27.228754559489001,38.351034093622999],[27.227982017003065,38.350911734913737],[27.227961583282351,38.350901323413005],[27.227782978077155,38.350879139031242],[27.226906501823301,38.350528913218746],[27.226210926329944,38.349983420353446],[27.225764339372727,38.349296053392806],[27.22561045599458,38.348534093623002],[27.225764339372727,38.347772125836535],[27.226210926329944,38.347084737888032],[27.226906501823301,38.346539219080299],[27.227782978077155,38.346188972279911],[27.227961784182707,38.346166761469156],[27.227982017003065,38.346156452332266],[27.228754559489001,38.346034093623004]],[[27.234161852530999,38.354043840388002],[27.234934395016936,38.354166199097264],[27.234955307362963,38.35417685446977],[27.235133433942845,38.354198978424492],[27.236009910196699,38.354549186487056],[27.236705485690052,38.35509464495901],[27.23715207264727,38.355781956879625],[27.237305956025416,38.356543840387999],[27.23715207264727,38.3573057158792],[27.236705485690052,38.357993006810538],[27.236009910196699,38.358538439338339],[27.235133433942845,38.358888626411655],[27.234955508254842,38.3589107239467],[27.234934395016936,38.358921481678735],[27.234161852530999,38.359043840387997],[27.233389310045062,38.358921481678735],[27.233368196807156,38.3589107239467],[27.233190271119149,38.358888626411655],[27.232313794865295,38.358538439338339],[27.231618219371938,38.357993006810538],[27.231171632414721,38.3573057158792],[27.231017749036578,38.356543840387999],[27.231171632414721,38.355781956879625],[27.231618219371938,38.35509464495901],[27.232313794865295,38.354549186487056],[27.233190271119149,38.354198978424492],[27.233368397699035,38.35417685446977],[27.233389310045062,38.354166199097264],[27.234161852530999,38.354043840388002]],[[27.285917489671998,38.35976459474],[27.286690032157935,38.359886953449262],[27.286711429881393,38.359897856133927],[27.286889071083849,38.359919918059688],[27.287765547337699,38.360270098450592],[27.288461122831055,38.36081551382275],[27.288907709788269,38.361502771434175],[27.289061593166416,38.362264594739997],[27.288907709788269,38.363026410028269],[27.288461122831055,38.36371364664943],[27.287765547337699,38.36425903607622],[27.286889071083849,38.364609195476874],[27.286711630767233,38.364631230989623],[27.286690032157935,38.364642236030733],[27.285917489671998,38.364764594739995],[27.285144947186062,38.364642236030733],[27.285123348576764,38.364631230989623],[27.284945908260148,38.364609195476874],[27.284069432006298,38.36425903607622],[27.28404788052368,38.364242137909358],[27.284083434541422,38.364418148299997],[27.283929551163276,38.365179940923149],[27.283482964206058,38.365867157097718],[27.282787388712702,38.3664125302979],[27.281910912458848,38.366762679280384],[27.281733654867715,38.366784691446341],[27.281711873532938,38.366795789590732],[27.280939331047001,38.366918148299995],[27.280166788561065,38.366795789590732],[27.280145007226288,38.366784691446341],[27.279967749635155,38.366762679280384],[27.279091273381301,38.3664125302979],[27.278395697887944,38.365867157097718],[27.277949110930727,38.365179940923149],[27.277795227552581,38.364418148299997],[27.277949110930727,38.363656347659131],[27.278395697887944,38.36296911049395],[27.279091273381301,38.36242371134793],[27.279967749635155,38.362073541374819],[27.280145208109875,38.362051502798352],[27.280166788561065,38.362040507009262],[27.280939331047001,38.361918148299999],[27.281711873532938,38.362040507009262],[27.281733453984128,38.362051502798352],[27.281910912458848,38.362073541374819],[27.282787388712702,38.36242371134793],[27.282808940507593,38.36244061006078],[27.282773386177581,38.362264594739997],[27.282927269555724,38.361502771434175],[27.283373856512938,38.36081551382275],[27.284069432006298,38.360270098450592],[27.284945908260148,38.359919918059688],[27.285123549462604,38.359897856133927],[27.285144947186062,38.359886953449262],[27.285917489671998,38.35976459474]],[[27.273300435138999,38.363600563598006],[27.274072977624936,38.363722922307268],[27.274094700831636,38.363733990833929],[27.274272016550849,38.363756011169748],[27.2751484928047,38.364106173003861],[27.275844068298056,38.364651559473032],[27.27629065525527,38.365338780664374],[27.276444538633417,38.366100563598003],[27.27629065525527,38.366862338513812],[27.275844068298056,38.367549538714236],[27.2751484928047,38.368094899237221],[27.274272016550849,38.368445040080417],[27.274094901713447,38.368467034007686],[27.274072977624936,38.368478204888739],[27.273300435138999,38.368600563598001],[27.272527892653063,38.368478204888739],[27.272505968564552,38.368467034007686],[27.272328853727149,38.368445040080417],[27.271452377473295,38.368094899237221],[27.270756801979939,38.367549538714236],[27.270310215022722,38.366862338513812],[27.270156331644582,38.366100563598003],[27.270310215022722,38.365338780664374],[27.270756801979939,38.364651559473032],[27.271452377473295,38.364106173003861],[27.272328853727149,38.363756011169748],[27.272506169446363,38.363733990833929],[27.272527892653063,38.363722922307268],[27.273300435138999,38.363600563598006]],[[27.200709437623001,38.396702617128],[27.201481980108937,38.396824975837262],[27.201506512717501,38.39683747582567],[27.201681019034847,38.396859137355221],[27.202557495288701,38.397209138990412],[27.203253070782054,38.397754275943008],[27.203699657739271,38.398441182723531],[27.203853541117418,38.39920261712799],[27.203699657739271,38.399964043512469],[27.203253070782054,38.400650929296376],[27.202557495288701,38.401196040295716],[27.201681019034847,38.401546020934283],[27.201506713564129,38.40156765609386],[27.201481980108937,38.401580258418733],[27.200709437623001,38.401702617127995],[27.199936895137064,38.401580258418733],[27.199912161681876,38.40156765609386],[27.199737856211151,38.401546020934283],[27.198861379957297,38.401196040295716],[27.198357354893506,38.400801044197031],[27.198217247299272,38.401494292304164],[27.197770660342059,38.402181163547461],[27.197075084848699,38.402726263007253],[27.196198608594848,38.403076236236949],[27.196024433027002,38.403097854815044],[27.195999569668938,38.403110523328735],[27.195227027183002,38.403232882037997],[27.194454484697065,38.403110523328735],[27.194429621339001,38.403097854815044],[27.194255445771152,38.403076236236949],[27.193378969517301,38.402726263007253],[27.192683394023941,38.402181163547461],[27.192236807066728,38.401494292304164],[27.192082923688581,38.400732882037993],[27.192236807066728,38.399971463751726],[27.192683394023941,38.399284571511551],[27.193378969517301,38.398739446098183],[27.194255445771152,38.398389451871608],[27.194429822183999,38.398367806925322],[27.194454484697065,38.398355240747264],[27.195227027183002,38.398232882038002],[27.195999569668938,38.398355240747264],[27.196024232182005,38.398367806925322],[27.196198608594848,38.398389451871608],[27.197075084848699,38.398739446098183],[27.19757910994155,38.399134452664271],[27.197719217506723,38.398441182723531],[27.19816580446394,38.397754275943008],[27.198861379957297,38.397209138990412],[27.199737856211151,38.396859137355221],[27.199912362528501,38.39683747582567],[27.199936895137064,38.396824975837262],[27.200709437623001,38.396702617128]]],[[[27.1393456,38.3887496],[27.1389725,38.3890765],[27.138242,38.3897509],[27.1376574,38.3902906],[27.137624329922584,38.390354393246106],[27.138011065330502,38.390949302068016],[27.138328,38.3911652],[27.1383762,38.3913628],[27.1383333,38.3916739],[27.138133740813302,38.392072739399701],[27.138043051441276,38.392521523343703],[27.137615415103301,38.39317932930026],[27.1376252,38.3932969],[27.1384025,38.3943525],[27.1384862,38.3946381],[27.1386062,38.3948801],[27.1386446,38.3951415],[27.1386605,38.3952855],[27.1388027,38.3954705],[27.139001,38.3956657],[27.1391782,38.39579],[27.13931,38.3958736],[27.1394505,38.3958996],[27.1398434,38.3968138],[27.1403584,38.3978522],[27.1406874,38.3982734],[27.1409136,38.3986195],[27.1412194,38.3992039],[27.14145,38.3995066],[27.1416539,38.3996327],[27.142404,38.3999468],[27.1426356,38.4000825],[27.1430111,38.4003474],[27.1436709,38.40102],[27.1441173,38.4014866],[27.1441595,38.4016325],[27.1441538,38.4021761],[27.1441675,38.4024159],[27.144145,38.4025283],[27.1441537,38.4028277],[27.1441215,38.4032397],[27.1441269,38.4036727],[27.1441269,38.403900257853053],[27.144160041130249,38.404064233101074],[27.1442691,38.4044951],[27.1442985,38.4047026],[27.1443629,38.4048792],[27.1451472,38.4050728],[27.14521,38.4054399],[27.1453929,38.4058797],[27.14543121914096,38.405982039200708],[27.145462357091088,38.406006439823088],[27.1461332,38.4058229],[27.1466616,38.4056148],[27.1471149,38.4054341],[27.1472597,38.4054004],[27.1472731,38.4052869],[27.147600944819867,38.405153183517292],[27.147669436260731,38.404814309090199],[27.148034667465019,38.404252587193568],[27.147749455023298,38.404138705307531],[27.147053879529942,38.403593616499442],[27.146607292572725,38.402906758678014],[27.146453409194578,38.402145363290003],[27.146607292572725,38.401383959881805],[27.147053879529942,38.400697081063257],[27.147749455023298,38.400151966301287],[27.148625931277149,38.399801978913317],[27.148800187781834,38.399780349273584],[27.148824970203062,38.399767721999268],[27.149597512688999,38.399645363290006],[27.150370055174935,38.399767721999268],[27.150394837596163,38.399780349273584],[27.150569094100845,38.399801978913317],[27.151049152390019,38.39999367189526],[27.150619863257724,38.399333385763114],[27.150465979879581,38.398571952735999],[27.150619863257724,38.397810511688938],[27.150981332558402,38.397254521695011],[27.150594388953941,38.396951264878503],[27.150147801996727,38.396264343941631],[27.15013157510306,38.396184047957497],[27.149372222314,38.396304317624001],[27.148599679828063,38.396181958914738],[27.148575404609097,38.39616959007288],[27.148400640902146,38.396147896416245],[27.148323636741075,38.396117146036197],[27.148467888823269,38.396339030291784],[27.148621772201412,38.397100486836997],[27.148467888823269,38.397861935362343],[27.148021301866052,38.39854884111994],[27.147325726372699,38.399093967970579],[27.146449250118845,38.399443958786343],[27.146274766204328,38.399465616724513],[27.146250211192935,38.399478128127733],[27.145477668706999,38.399600486836995],[27.144705126221062,38.399478128127733],[27.144680571209673,38.39946561672452],[27.144506087295145,38.399443958786343],[27.143629611041295,38.399093967970579],[27.142934035547935,38.39854884111994],[27.142487448590721,38.397861935362343],[27.142333565212578,38.397100486836997],[27.142487448590721,38.396339030291784],[27.142934035547935,38.395652103537934],[27.143629611041295,38.395106950734494],[27.144506087295145,38.39475693892247],[27.14468077205855,38.394735254611859],[27.144705126221062,38.394722845546262],[27.145477668706999,38.394600486837],[27.146250211192935,38.394722845546262],[27.146274565355448,38.394735254611867],[27.146449250118845,38.39475693892247],[27.146526255413878,38.394787690198079],[27.146382002197722,38.394565800864484],[27.146228118819579,38.393804317624003],[27.146382002197722,38.393042826363875],[27.146518944850399,38.392832175652011],[27.146120494114939,38.392519881286134],[27.145673907157718,38.391832918247495],[27.145520023779579,38.39107140622599],[27.145579391546292,38.390777613974443],[27.145453518171301,38.390727344930447],[27.144850046690276,38.390254345837967],[27.144836663721701,38.390264835434699],[27.143960187467847,38.390614868991612],[27.143784954106746,38.390636622611623],[27.143761148541937,38.390648752152735],[27.142988606056001,38.390771110861998],[27.142216063570064,38.390648752152735],[27.142192258005256,38.39063662261163],[27.142017024644151,38.390614868991612],[27.141140548390297,38.390264835434699],[27.140444972896944,38.389719642013425],[27.139998385939727,38.389032652372343],[27.139869460864535,38.388394625070958],[27.1393456,38.3887496]]],[[[27.183586462358502,38.393871456506197],[27.183578692351727,38.39385950461692],[27.183517797960668,38.393558169204681],[27.183256427970701,38.393763021599483],[27.182575587984136,38.394034911810039],[27.182599437677105,38.394152931258176],[27.183108248155154,38.393949740738385],[27.183283001436585,38.393928047680184],[27.183307287081064,38.393915673526266],[27.183586462358502,38.393871456506197]]],[[[27.163475564952343,38.39845316673734],[27.163426010379943,38.398414330437753],[27.16315139799708,38.397991941976052],[27.162582056212695,38.398438142729795],[27.161943596098574,38.39869309225336],[27.162290577035062,38.398965023861535],[27.162483398389067,38.399261602333262],[27.16261061694194,38.399065927785095],[27.163306192435297,38.398520800723013],[27.163475564952343,38.39845316673734]]],[[[27.180946848493296,38.396348351595556],[27.180902078126241,38.396366229825723],[27.180972285150631,38.396474219130418],[27.180946848493296,38.396348351595556]]]]}},
{"type":"Feature","properties":{"full_id":"r1269255","osm_id":"1269255","osm_type":"relation","boundary":"administrative","cuisine":null,"amenity":null,"shop":null,"building":null,"wikipedia_":null,"website":null,"industrial":null,"url":null,"short_name":null,"landuse":null,"wikimedia_":null,"place":null,"name_sk":null,"name_nl":null,"name_hu":null,"name_cs":null,"name_ca":null,"cg_ref":null,"name_os":null,"name_tg":null,"name_be":null,"old_name":null,"alt_name":null,"name_sq":null,"salb_id":null,"salb_adm2n":null,"salb_adm1n":null,"population":null,"populati_1":null,"name_sr":null,"name_ml":null,"name_kk":null,"name_hy":null,"name_grc":null,"name_fr":null,"name_bg":null,"name_ba":null,"name_az":null,"geonames_i":null,"name_zh":null,"name_ur":null,"name_tt":null,"name_ko":null,"name_ja":null,"name_fa":null,"name_ce":null,"name_bn":null,"wikipedia":"tr:Konak, İzmir","wikidata":"Q2279529","type":"boundary","ref_nuts_3":null,"ref_nuts":null,"old_name_s":null,"network":"TR35-districts","name_uk":null,"name_tr_su":"İlçesi","name_tr":"Konak","name_ru":null,"name_ro":null,"name_lt":null,"name_en":"Konak","name_el":null,"name_de":"Konak","name_ar":null,"name":"Konak","admin_leve":"6","ISO3166-2":null,"dangerArea":14997049.4,"DangerAr_1":13277856},"geometry":{"type":"MultiPolygon","coordinates":[[[[27.1601853,38.4043075],[27.1596013,38.4042198],[27.1595925,38.4040847],[27.1591526,38.4040763],[27.1591593,38.4042307],[27.1592411,38.4043327],[27.1571716,38.4039501],[27.1561462,38.4037532],[27.1561915,38.403597],[27.1541972,38.4031217],[27.1538365,38.4030862],[27.1536863,38.4031157],[27.153417,38.403252],[27.153056,38.4034373],[27.153241,38.4035781],[27.1529835,38.4037],[27.1528226,38.403782],[27.152779441179543,38.403795313398852],[27.153203289536062,38.404127462868765],[27.153649876493276,38.404814309090199],[27.153803759871419,38.405575676363995],[27.153649876493276,38.406337035617391],[27.153203289536062,38.407023860841107],[27.152507714042702,38.40756892377938],[27.151631237788852,38.407918873560725],[27.151457473338823,38.407940439666049],[27.151432198862938,38.407953317654737],[27.150659656377002,38.408075676364],[27.149887113891065,38.407953317654737],[27.14986183941518,38.407940439666049],[27.149688074965152,38.407918873560725],[27.148811598711301,38.40756892377938],[27.148116023217945,38.407023860841107],[27.147669436260731,38.406337035617391],[27.147515552882584,38.405575676363995],[27.147600944819867,38.405153183517292],[27.1472731,38.4052869],[27.1472597,38.4054004],[27.1471149,38.4054341],[27.1466616,38.4056148],[27.1461332,38.4058229],[27.145462357091088,38.406006439823088],[27.145650223212058,38.406153657294261],[27.146096810169276,38.406840484260684],[27.146250693547419,38.407601830190004],[27.146096810169276,38.408363168098774],[27.145650223212058,38.409049974067131],[27.144954647718702,38.409595021724179],[27.144078171464852,38.409944961694343],[27.143904579028192,38.40996650584686],[27.143879132538938,38.409979471480739],[27.143106590053002,38.410101830190001],[27.142334047567065,38.409979471480739],[27.142308601077811,38.40996650584686],[27.142135008641151,38.409944961694343],[27.141258532387301,38.409595021724179],[27.140562956893945,38.409049974067131],[27.140116369936727,38.408363168098774],[27.139962486558584,38.407601830190004],[27.140116369936727,38.406840484260684],[27.1403067368583,38.406547710069376],[27.140263398342064,38.406540845922734],[27.140238243777389,38.406528029031861],[27.140064359416147,38.406506447622441],[27.139187883162297,38.406156491001781],[27.13849230766894,38.405611417411073],[27.138045720711723,38.404924578764565],[27.13789183733358,38.404163204631992],[27.138045720711723,38.403401822479097],[27.13849230766894,38.40271496283512],[27.139187883162297,38.402169863290105],[27.140064359416147,38.401819885671969],[27.140238444618753,38.401798277898351],[27.140263398342064,38.401785563341264],[27.141035940828001,38.401663204632001],[27.141808483313937,38.401785563341264],[27.141833437037253,38.401798277898351],[27.142007522239847,38.401819885671969],[27.142883998493701,38.402169863290105],[27.143579573987054,38.40271496283512],[27.144026160944275,38.403401822479097],[27.1441269,38.403900257853053],[27.1441269,38.4036727],[27.1441215,38.4032397],[27.1441537,38.4028277],[27.144145,38.4025283],[27.1441675,38.4024159],[27.1441538,38.4021761],[27.1441595,38.4016325],[27.1441173,38.4014866],[27.1436709,38.40102],[27.1430111,38.4003474],[27.1426356,38.4000825],[27.142404,38.3999468],[27.1416539,38.3996327],[27.14145,38.3995066],[27.1412194,38.3992039],[27.1409136,38.3986195],[27.1406874,38.3982734],[27.1403584,38.3978522],[27.1398434,38.3968138],[27.1394505,38.3958996],[27.13931,38.3958736],[27.1391782,38.39579],[27.139001,38.3956657],[27.1388027,38.3954705],[27.1386605,38.3952855],[27.1386446,38.3951415],[27.1386062,38.3948801],[27.1384862,38.3946381],[27.1384025,38.3943525],[27.1371535,38.3945698],[27.1368152,38.3945687],[27.1364117,38.3946711],[27.1361121,38.3947786],[27.1358442,38.3949176],[27.1357233,38.3949855],[27.1350379,38.3953633],[27.133873673886207,38.395997545952788],[27.134219033795059,38.396268217245719],[27.134665620752273,38.396955138145799],[27.134819504130416,38.397716588202009],[27.134665620752273,38.398478030238323],[27.134219033795059,38.399164930142042],[27.133523458301699,38.39971005234699],[27.133364494469074,38.399773528575885],[27.132958088099059,38.400398615645493],[27.132262512605699,38.400943728547503],[27.131386036351849,38.401293710407678],[27.131211709462232,38.401315348301338],[27.131186997425935,38.401327939712736],[27.130414454939999,38.401450298421999],[27.129895118613987,38.401368043628665],[27.12999291658727,38.401518462780558],[27.130146799965413,38.402279864771991],[27.12999291658727,38.403041258743229],[27.129546329630053,38.403728115286555],[27.1288507541367,38.404273203080336],[27.127974277882846,38.40462316881996],[27.127800233639675,38.404644770635777],[27.127775238956936,38.404657506062733],[27.127002696470999,38.404779864771996],[27.126230153985063,38.404657506062733],[27.126205159302323,38.404644770635777],[27.126031115059146,38.40462316881996],[27.125154638805295,38.404273203080336],[27.124596740591819,38.403836006098494],[27.124562526350847,38.403849667552798],[27.124533396167724,38.403853283136819],[27.124612878951702,38.40388501991832],[27.125308454445054,38.404430106528814],[27.125755041402272,38.405116949874262],[27.125908924780418,38.405878313959995],[27.125755041402272,38.406639670025292],[27.125308454445054,38.407326492372974],[27.124612878951702,38.407871553028805],[27.124170879540948,38.408048028944442],[27.124760437123935,38.408141405692263],[27.124785930448233,38.408154395189783],[27.124959476049845,38.40817593409291],[27.125835952303699,38.40852588093491],[27.126531527797056,38.409070932544815],[27.126978114754273,38.409757731786712],[27.127131998132416,38.410519046982998],[27.126978114754273,38.411280354158549],[27.126531527797056,38.411967132401884],[27.125835952303699,38.412512158056131],[27.124959476049845,38.412862083899583],[27.124786131282708,38.412883596445937],[27.124760437123935,38.412896688273733],[27.123987894637999,38.413019046982996],[27.123215352152062,38.412896688273733],[27.12318965799329,38.412883596445937],[27.123016313226149,38.412862083899583],[27.122139836972295,38.412512158056131],[27.121444261478938,38.411967132401884],[27.120997674521721,38.411280354158549],[27.120843791143578,38.410519046982998],[27.120997674521721,38.409757731786712],[27.121444261478938,38.409070932544815],[27.122139836972295,38.40852588093491],[27.122581968659553,38.408349352949095],[27.122153001216102,38.408281411180653],[27.121966153352847,38.408356013285484],[27.121792426015247,38.408377574654324],[27.121767114426937,38.408390471552735],[27.120994571941001,38.408512830261998],[27.120222029455064,38.408390471552735],[27.120196717866758,38.408377574654324],[27.120022990529147,38.408356013285484],[27.119146514275297,38.408006065620917],[27.11845093878194,38.407461005979606],[27.118344495327573,38.407297303018801],[27.118249833643794,38.407309051691662],[27.118224612771936,38.407321902367734],[27.117452070285999,38.407444261076996],[27.116679527800063,38.407321902367734],[27.116654306928208,38.407309051691662],[27.116480488874146,38.407287478745005],[27.115604012620295,38.406937525906258],[27.115167828401283,38.406595722706733],[27.114954270571999,38.406629546943996],[27.114916647729956,38.406623588071213],[27.114568943425052,38.407158336430491],[27.113873367931696,38.407703398354549],[27.112996891677845,38.408053347484731],[27.112823138644405,38.40807491213301],[27.112797852751935,38.408087795938734],[27.112025310265999,38.408210154647996],[27.111252767780062,38.408087795938734],[27.111227481887592,38.40807491213301],[27.111053728854145,38.408053347484731],[27.110460587640546,38.407816525037049],[27.110380693381273,38.408211802658386],[27.10993410642406,38.408898610065279],[27.1092385309307,38.409443658863957],[27.109203343413178,38.409457707783787],[27.1094761,38.4095252],[27.1095267,38.409497],[27.1097908,38.4096096],[27.1099505,38.4096777],[27.1104129,38.4099111],[27.1104704,38.4099366],[27.1107806,38.4100629],[27.111243,38.4101541],[27.1125016,38.4100948],[27.1125673,38.4100903],[27.1132645,38.4100567],[27.1139315,38.4100281],[27.1146156,38.4100385],[27.1161217,38.4101969],[27.1175474,38.4104136],[27.1179651,38.4104846],[27.1183454,38.4105849],[27.1188671,38.4107921],[27.1192239,38.4109883],[27.1195461,38.4111918],[27.1196182,38.4112597],[27.1199238,38.4115477],[27.1200412,38.4117503],[27.1203403,38.4123644],[27.1203614,38.4124077],[27.1205933,38.412884],[27.1208651,38.4136747],[27.1210932,38.4141022],[27.1214516,38.4144939],[27.1225513,38.4153909],[27.1227505,38.4156732],[27.1228915,38.4171168],[27.1237785,38.4176544],[27.124305235844243,38.417601400663557],[27.124119740025723,38.417316162036649],[27.12396585664758,38.416554918456001],[27.124119740025723,38.415793666854213],[27.12456632698294,38.415106924981394],[27.125261902476296,38.414561918899643],[27.12613837873015,38.414212001288391],[27.126311411854257,38.41419052778312],[27.126337417656064,38.414177277165265],[27.127109960142,38.414054918456003],[27.127882502627937,38.414177277165265],[27.127908508429744,38.41419052778312],[27.128081541553847,38.414212001288391],[27.128958017807701,38.414561918899643],[27.129653593301054,38.415106924981394],[27.130100180258275,38.415793666854213],[27.130254063636418,38.416554918456001],[27.130100180258275,38.417316162036649],[27.129653593301054,38.418002882909867],[27.128958017807701,38.418547863034689],[27.128081541553847,38.418897759646342],[27.127908709257792,38.418919206801881],[27.127882502627937,38.418932559746736],[27.127109960142,38.419054918455998],[27.126337417656064,38.418932559746736],[27.126311211026209,38.418919206801881],[27.126232274957204,38.418909411444254],[27.126496,38.4192874],[27.1270936,38.4202004],[27.127332,38.4202071],[27.1275099,38.4204583],[27.1276258,38.4205891],[27.1283543,38.4213001],[27.1286104,38.4215571],[27.1292421,38.422129],[27.1286523,38.4224936],[27.1290422,38.4228794],[27.1280438,38.423475],[27.1284287,38.423873],[27.1294059,38.4232839],[27.1299836,38.4229258],[27.1303837,38.4226868],[27.1304489,38.4227774],[27.1302201,38.4229211],[27.1302831,38.4229859],[27.1304961,38.4228578],[27.1310345,38.4239173],[27.131342954357958,38.42447405690973],[27.132010290824301,38.423951244983897],[27.13203126512116,38.423942872455875],[27.131898096520725,38.423738116077942],[27.131744213142582,38.422976940170003],[27.131898096520725,38.422215756240504],[27.132344683477942,38.421529075415393],[27.133040258971299,38.420984117781117],[27.133916735225153,38.420634231274946],[27.134089223041041,38.420612827345536],[27.134115774151063,38.420599298879267],[27.134888316636999,38.420476940170005],[27.135660859122936,38.420599298879267],[27.135687410232958,38.420612827345536],[27.135859898048849,38.420634231274946],[27.1367363743027,38.420984117781117],[27.13743194979606,38.421529075415393],[27.137878536753274,38.422215756240504],[27.13803242013142,38.422976940170003],[27.137878536753274,38.423738116077942],[27.13743194979606,38.424424775902359],[27.1367363743027,38.424969707578342],[27.136715400690782,38.424978079674339],[27.136848568606272,38.425182832850084],[27.137002451984419,38.425943985510997],[27.136848568606272,38.426705130150154],[27.136401981649058,38.427391761766451],[27.135706406155702,38.427936671056216],[27.134829929901851,38.428286522188792],[27.134657894857831,38.428307867636676],[27.134630890975938,38.428321626801733],[27.133858348490001,38.428443985510995],[27.133085806004065,38.428321626801733],[27.133058802122171,38.428307867636676],[27.132886767078151,38.428286522188792],[27.132822069552244,38.428260697755313],[27.1329954,38.4284483],[27.1324572,38.428763],[27.1324106,38.4287178],[27.1323386,38.428761],[27.1322558,38.4288107],[27.1322862,38.4288446],[27.1320031,38.4290155],[27.1320142,38.4290376],[27.1316995,38.4292225],[27.1316097,38.429252],[27.1316572,38.4292944],[27.1320792,38.4290619],[27.1320942,38.4290636],[27.1321257,38.4290985],[27.1328274,38.4287388],[27.1332204,38.4286866],[27.1337904,38.4292859],[27.134261,38.4297806],[27.1342363,38.4298895],[27.1336822,38.430466],[27.133771,38.4306465],[27.133954,38.4308292],[27.1342245,38.4310161],[27.1350375,38.4315564],[27.135250291946782,38.431725435837755],[27.135084531871726,38.431470594992597],[27.134930648493579,38.430709500579994],[27.135084531871726,38.429948398145335],[27.13553111882894,38.42926179083733],[27.1362266943223,38.42871689154628],[27.13710317057615,38.428367042498628],[27.137275001742236,38.428345722335322],[27.137302209502064,38.428331859289266],[27.138074751988,38.428209500580003],[27.13862911711351,38.428297303390146],[27.138723622680384,38.428223268827104],[27.138621354764581,38.427717439247999],[27.138775238142724,38.426956305277834],[27.139221825099941,38.426269669521396],[27.139917400593298,38.425724747653653],[27.140793876847148,38.42537488411093],[27.140965962107263,38.425353531535947],[27.140992915773065,38.425339797957264],[27.141765458259002,38.425217439248001],[27.142538000744938,38.425339797957264],[27.142564954410744,38.425353531535947],[27.142737039670848,38.42537488411093],[27.143613515924702,38.425724747653653],[27.144309091418059,38.426269669521396],[27.144755678375276,38.426956305277834],[27.144909561753416,38.427717439247999],[27.144755678375276,38.428478565196308],[27.144309091418059,38.429165179951234],[27.144280075867641,38.429187909985359],[27.144726595666,38.429117188197004],[27.145499138151937,38.429239546906267],[27.145526422997058,38.429253449229243],[27.145698177077847,38.429274759560229],[27.146574653331701,38.429624604210382],[27.147270228825054,38.430169496652162],[27.147716815782271,38.430856095329531],[27.147870699160414,38.431617188197002],[27.147716815782271,38.432378273042353],[27.14746617223512,38.432763609562194],[27.148202715269001,38.432646952606],[27.148975257754937,38.432769311315262],[27.149002842373648,38.432783366380512],[27.149174296680851,38.432804638477293],[27.150050772934701,38.433154466025897],[27.150746348428058,38.433699331831292],[27.151192935385275,38.434385896944697],[27.151346818763418,38.435146952605997],[27.151192935385275,38.435908000244943],[27.150746348428058,38.436594544355565],[27.150050772934701,38.437139384200094],[27.149720819872918,38.437271070301477],[27.1500400369837,38.43739847178523],[27.15026525159935,38.437574878991818],[27.150498666490002,38.437537909705],[27.151271208975938,38.437660268414263],[27.15129920899362,38.437674535135855],[27.151470247901848,38.437695754257113],[27.152346724155699,38.438045558107071],[27.153042299649059,38.438590387000794],[27.153488886606272,38.439276905602554],[27.153642769984415,38.440037909704998],[27.153488886606272,38.440798905784774],[27.153042299649059,38.441485403382913],[27.152346724155699,38.44203020631474],[27.151470247901848,38.442379989161076],[27.151299409796344,38.442401181960044],[27.151271208975938,38.442415550995733],[27.150498666490002,38.442537909704996],[27.149726124004065,38.442415550995733],[27.149697923183663,38.442401181960044],[27.149527085078148,38.442379989161076],[27.148650608824298,38.44203020631474],[27.148481652664824,38.441897872999505],[27.148312701886699,38.442030202099858],[27.147671977486695,38.442285901445253],[27.1514411,38.4426557],[27.1519161,38.4433626],[27.1546545,38.4474381],[27.1592003,38.4455358],[27.1572408,38.4426458],[27.1579867,38.4423424],[27.1592917,38.4418204],[27.1623315,38.446493],[27.1623974,38.4465435],[27.1627759,38.4463894],[27.1627617,38.4463703],[27.1627352,38.446336],[27.162601,38.4463913],[27.1625114,38.4462647],[27.1625591,38.4462496],[27.1621617,38.445609],[27.1625959,38.4452801],[27.1628119,38.4451421],[27.163654,38.4447404],[27.1635855,38.4445846],[27.1633135,38.444166],[27.1631522,38.4434772],[27.1629879,38.442897],[27.1626544,38.4417193],[27.1632511,38.4414047],[27.1637583,38.441218],[27.1640021,38.4411896],[27.164252,38.4411372],[27.1649127,38.4409083],[27.1650532,38.4408546],[27.1651135,38.4408587],[27.1652281,38.4408237],[27.1652415,38.4407632],[27.1655949,38.4405939],[27.1657616,38.4405038],[27.1658697,38.440413],[27.1658528,38.4402855],[27.1658853,38.4401918],[27.1658661,38.4401037],[27.1659422,38.4399512],[27.1659632,38.4398736],[27.1660263,38.4398874],[27.1660893,38.4399451],[27.166157,38.4399553],[27.166227,38.4399301],[27.1662597,38.4399054],[27.1663951,38.4398816],[27.1664463,38.4398596],[27.1671141,38.4403059],[27.1677916,38.4408183],[27.1681152,38.4411729],[27.168179,38.4415102],[27.1675342,38.4416385],[27.1676744,38.4419935],[27.16791,38.442714],[27.1681704,38.4437314],[27.1679101,38.4440672],[27.1681922,38.4442065],[27.1685875,38.444462],[27.168417,38.4446848],[27.1684513,38.4447815],[27.1683237,38.4449379],[27.1681656,38.4450228],[27.1680313,38.4450053],[27.1670434,38.4461378],[27.1671353,38.4461964],[27.1661145,38.4477345],[27.1658698,38.4483398],[27.165762,38.4485693],[27.1657349,38.4486299],[27.1657235,38.448714],[27.1658378,38.4487445],[27.1659361,38.4486818],[27.1659731,38.4485714],[27.1661096,38.4484994],[27.1663345,38.4483429],[27.1694098,38.4472047],[27.1698071,38.4470807],[27.1702343,38.4469879],[27.1711585,38.4470967],[27.1711751,38.4471379],[27.1723941,38.4471441],[27.1734273,38.4470812],[27.1732141,38.4484403],[27.1730706,38.4491713],[27.1735963,38.4492553],[27.1743661,38.4494507],[27.175101,38.4496775],[27.1760613,38.4499359],[27.1768981,38.4501439],[27.1777591,38.450377],[27.1782204,38.4505073],[27.178905444572205,38.45071347009106],[27.179009450886724,38.450199202365617],[27.179456037843941,38.449512787648821],[27.180151613337298,38.448968041198263],[27.180342190153755,38.448891993026642],[27.1805808,38.4482869],[27.1808204,38.4479919],[27.181213,38.4458379],[27.180481880332913,38.444265656826175],[27.179858603162845,38.444514386001394],[27.179687946347933,38.444535555684872],[27.179659564236935,38.444550017092737],[27.178887021750999,38.444672375802],[27.178114479265062,38.444550017092737],[27.178086097154068,38.444535555684872],[27.177915440339149,38.444514386001394],[27.177038964085295,38.444164613498579],[27.176343388591942,38.443619826677093],[27.175896801634721,38.442933349379068],[27.175742918256578,38.442172375802002],[27.175896801634721,38.441411394202142],[27.176343388591942,38.440724895900125],[27.176487569060349,38.440611965868641],[27.175990187059064,38.440533188298737],[27.175962146112681,38.440518900722928],[27.17579114813315,38.440497687538105],[27.174914671879296,38.440147895570348],[27.17421909638594,38.43960307843161],[27.174176728912624,38.43953794906173],[27.174172356734847,38.439539693972627],[27.174001277389298,38.439560917532987],[27.173973317808937,38.439575163650737],[27.173200775323,38.439697522359999],[27.172428232837063,38.439575163650737],[27.172400273256702,38.439560917532987],[27.172229193911146,38.439539693972627],[27.171352717657296,38.439189897362681],[27.17065714216394,38.438645072993587],[27.170210555206722,38.437958548383058],[27.170056671828579,38.437197522359995],[27.170210555206722,38.436436488314449],[27.17065714216394,38.435749942700788],[27.171352717657296,38.435205092370396],[27.172229193911146,38.434855274757325],[27.17240047406251,38.43483402487135],[27.172428232837063,38.434819881069267],[27.173200775323,38.434697522360004],[27.173973317808937,38.434819881069267],[27.174001076583494,38.43483402487135],[27.174172356734847,38.434855274757325],[27.175048832988697,38.435205092370396],[27.175744408482053,38.435749942700788],[27.17578677624055,38.435815075365966],[27.17579114813315,38.435813330487271],[27.175962346917405,38.435792090977955],[27.175990187059064,38.435777905717266],[27.176762729545,38.435655547008004],[27.177535272030937,38.435777905717266],[27.177563112172596,38.435792090977962],[27.177734310956847,38.435813330487271],[27.178610787210701,38.436163143458323],[27.179306362704054,38.436707986558567],[27.179752949661275,38.437394523061656],[27.179906833039418,38.438155547008002],[27.179752949661275,38.438916562931809],[27.179306362704054,38.43960307843161],[27.179162237908862,38.439715965759135],[27.179659564236935,38.439794734511267],[27.179687745547525,38.439809093606215],[27.179858603162845,38.439830289609489],[27.180290240704899,38.440002552130963],[27.1802991,38.439937],[27.1803434,38.4395314],[27.1806033,38.4371534],[27.1806869,38.4363881],[27.1807211,38.4355038],[27.1806488,38.4331198],[27.1807129,38.43221],[27.1804723,38.4306312],[27.1801929,38.4290948],[27.1801341,38.4285996],[27.1801521,38.4273659],[27.1801579,38.4269697],[27.1799075,38.4262354],[27.1798741,38.4261527],[27.1798373,38.4261033],[27.1794035,38.4259026],[27.1793888,38.425524],[27.1787011,38.4243499],[27.1787167,38.4241274],[27.1788132,38.4240669],[27.1790117,38.4240962],[27.1789848,38.4238315],[27.1787971,38.4236424],[27.1787113,38.4230708],[27.1787167,38.422743],[27.1789688,38.422348],[27.1791918,38.4220861],[27.179296,38.4218646],[27.1793497,38.42152],[27.1794891,38.4210661],[27.1793711,38.4208938],[27.179178,38.4207173],[27.179141,38.4206998],[27.1786608,38.4204726],[27.179017,38.420293],[27.1795428,38.4199565],[27.1802697,38.4194622],[27.1806738,38.4192447],[27.1814793,38.4189899],[27.181790516298438,38.418889451835661],[27.181936683061075,38.418664693701061],[27.18191737971722,38.418667089105583],[27.181891194494938,38.418680431142732],[27.181118652009001,38.418802789851995],[27.180346109523065,38.418680431142732],[27.18031992430079,38.418667089105583],[27.180147070597151,38.418645639218667],[27.179270594343297,38.418295741385883],[27.178575018849941,38.417750759359095],[27.178128431892723,38.417064036089279],[27.17797454851458,38.41630278985199],[27.178128431892723,38.41554153559359],[27.178575018849941,38.414854791324217],[27.179270594343297,38.414309783340549],[27.180147070597151,38.4139598645082],[27.180320125129139,38.413938388271255],[27.180346109523065,38.413925148561262],[27.181118652009001,38.413802789851999],[27.181891194494938,38.413925148561262],[27.181917178888863,38.413938388271255],[27.182090233420848,38.4139598645082],[27.182966709674702,38.414309783340549],[27.183662285168054,38.414854791324217],[27.184108872125272,38.41554153559359],[27.184262755503418,38.41630278985199],[27.184108872125272,38.417064036089279],[27.183736352268021,38.417636865300494],[27.183755543236625,38.417634483804328],[27.183781841454064,38.417621084193264],[27.18455438394,38.417498725484002],[27.185326926425937,38.417621084193264],[27.185338165962811,38.417626811023339],[27.1864736,38.4174642],[27.1864294,38.4172418],[27.1868407,38.4171373],[27.186774,38.4168211],[27.1860444,38.4166446],[27.1860364,38.4157073],[27.1860605,38.415432],[27.186115302579367,38.415172659424947],[27.18589406793194,38.414999315913633],[27.185447480974727,38.414312566490402],[27.18529359759658,38.413551291262003],[27.185447480974727,38.412790008012671],[27.18589406793194,38.412103237590351],[27.186204805258726,38.411859754640062],[27.1861786,38.4118403],[27.1861625,38.411441],[27.1860722,38.4112475],[27.186029613880688,38.411030418151469],[27.186000261114,38.411035067172996],[27.185227718628063,38.410912708463734],[27.185202192908715,38.410899702460107],[27.18502867970215,38.410878168418748],[27.184152203448296,38.410528232967721],[27.183456627954939,38.409983192349358],[27.183010040997722,38.40929639525023],[27.182856157619579,38.408535067172998],[27.183010040997722,38.407773731075167],[27.183456627954939,38.407086912977817],[27.184152203448296,38.406541846404224],[27.184633300879351,38.40634975546282],[27.1843386,38.4063547],[27.1830089,38.4060861],[27.1822894,38.4059764],[27.1820208,38.4059538],[27.181989,38.4059511],[27.1817127,38.4059869],[27.1812594,38.4061193],[27.1810555,38.4062454],[27.1798432,38.4071534],[27.1793282,38.4073636],[27.178858,38.4076048],[27.1782841,38.408067],[27.1778422,38.4084229],[27.1776974,38.4084733],[27.1775365,38.4085069],[27.177279,38.4084985],[27.176603,38.4083995],[27.1764475,38.4083598],[27.176249,38.4083388],[27.176187181697031,38.408344254556148],[27.176923777342935,38.408460919845268],[27.176949297794664,38.408473923164905],[27.177122816268845,38.408495458606005],[27.177999292522699,38.408845403900749],[27.178694868016056,38.40939045310072],[27.179141454973273,38.410077249305935],[27.179295338351416,38.410838561136003],[27.179141454973273,38.411599864945309],[27.178694868016056,38.412286640151898],[27.177999292522699,38.412831663396162],[27.177122816268845,38.413181587692286],[27.176949498628829,38.413203096776982],[27.176923777342935,38.413216202426739],[27.176151234856999,38.413338561136001],[27.175378692371062,38.413216202426739],[27.175352971085168,38.413203096776982],[27.175179653445149,38.413181587692286],[27.174303177191298,38.412831663396162],[27.173607601697938,38.412286640151898],[27.173161014740725,38.411599864945309],[27.173007131362578,38.410838561136003],[27.173161014740725,38.410077249305935],[27.173607601697938,38.40939045310072],[27.174303177191298,38.408845403900749],[27.175179653445149,38.408495458606005],[27.175353171919333,38.408473923164905],[27.175378692371062,38.408460919845268],[27.176040380105526,38.408356118803773],[27.1759111,38.4083598],[27.1756723,38.4083304],[27.1752727,38.4082379],[27.1751359,38.4081728],[27.1750474,38.408137],[27.1749562,38.4081307],[27.1747947,38.4081612],[27.1745539,38.4081938],[27.1743178,38.4081875],[27.1740952,38.4081265],[27.1738887,38.4080361],[27.1733844,38.4076158],[27.1729148,38.4072862],[27.1726763,38.4070945],[27.1724296,38.4069516],[27.172298464844118,38.406910248039964],[27.172564715900275,38.407319725275315],[27.172718599278415,38.408081066155994],[27.172564715900275,38.408842399016095],[27.172118128943058,38.409529200429951],[27.171422553449702,38.410074244472511],[27.170546077195848,38.410424182122014],[27.170372525445341,38.410445721082233],[27.170347038269938,38.410458707446736],[27.169574495784001,38.410581066155999],[27.168801953298065,38.410458707446736],[27.168776466122665,38.410445721082233],[27.168602914372148,38.410424182122014],[27.167726438118297,38.410074244472511],[27.167030862624941,38.409529200429951],[27.166584275667727,38.408842399016095],[27.16643039228958,38.408081066155994],[27.166584275667727,38.407319725275315],[27.167030862624941,38.406632902863322],[27.167081542603963,38.40659318879014],[27.1669364,38.4065817],[27.1663195,38.4065817],[27.165783,38.4066111],[27.1657991,38.4064745],[27.1659762,38.406073],[27.165319,38.4058965],[27.165295862975391,38.405459141169146],[27.165199867209701,38.405534366946362],[27.16432339095585,38.405884326579418],[27.16414945377889,38.405905914729814],[27.164124352029937,38.405918704709734],[27.163351809544,38.406041063418996],[27.162579267058064,38.405918704709734],[27.16255416530911,38.405905914729814],[27.16238022813215,38.405884326579418],[27.161823861947202,38.405662180565685],[27.162227806828273,38.40628343107737],[27.162381690206413,38.407044782874991],[27.162227806828273,38.407806126652105],[27.161781219871056,38.408492937914396],[27.1610856443777,38.409037989772749],[27.160209168123846,38.409387932440332],[27.160035528395372,38.409409482628242],[27.160010129197936,38.409422424165733],[27.159237586711999,38.409544782874995],[27.158465044226062,38.409422424165733],[27.158439645028626,38.409409482628242],[27.158266005300145,38.409387932440332],[27.157389529046295,38.409037989772749],[27.156693953552939,38.408492937914396],[27.156247366595725,38.407806126652105],[27.156093483217578,38.407044782874991],[27.156247366595725,38.40628343107737],[27.156693953552939,38.405596598817112],[27.157389529046295,38.405051521003841],[27.158266005300145,38.404701557338292],[27.15843984586688,38.404679980789552],[27.158465044226062,38.404667141584262],[27.159237586711999,38.404544782875],[27.160010129197936,38.404667141584262],[27.160035327557118,38.404679980789552],[27.160209168123846,38.404701557338292],[27.160765534458847,38.404923705971676],[27.16038827114641,38.404343480219161],[27.1601853,38.4043075]],[[27.131020608444,38.409881148250001],[27.131793150929937,38.410003506959264],[27.131818802352196,38.410016577011717],[27.131992189855847,38.410038095738656],[27.132868666109697,38.410388033563216],[27.133564241603057,38.410933071128063],[27.134010828560271,38.411619852672082],[27.134164711938418,38.412381148249999],[27.134010828560271,38.413142435807053],[27.133564241603057,38.413829196352197],[27.132868666109697,38.414374207960996],[27.131992189855847,38.414724124786673],[27.131819003184692,38.414745617159006],[27.131793150929937,38.414758789540734],[27.131020608444,38.414881148249997],[27.130248065958064,38.414758789540734],[27.130222213703309,38.414745617159006],[27.13004902703215,38.414724124786673],[27.129172550778296,38.414374207960996],[27.12847697528494,38.413829196352197],[27.128030388327723,38.413142435807053],[27.12787650494958,38.412381148249999],[27.128030388327723,38.411619852672082],[27.12847697528494,38.410933071128063],[27.129172550778296,38.410388033563216],[27.13004902703215,38.410038095738656],[27.130222414535805,38.410016577011717],[27.130248065958064,38.410003506959264],[27.131020608444,38.409881148250001]],[[27.139496406969936,38.415820673063266],[27.139522552311806,38.415833994780336],[27.13969544589585,38.415855450480556],[27.1405719221497,38.41620536013243],[27.14126749764306,38.416750353817129],[27.141714084600274,38.417437080068652],[27.14186796797842,38.418198314353994],[27.141852890403428,38.418272899707027],[27.142344894466937,38.418350825495267],[27.142371254648868,38.418364256678814],[27.142543933392847,38.418385684967376],[27.143420409646701,38.418735582364526],[27.144115985140058,38.419280556961979],[27.144562572097275,38.41996725916205],[27.144716455475418,38.420728466786009],[27.144562572097275,38.421489666388553],[27.144115985140058,38.422176347588312],[27.143420409646701,38.422721296227948],[27.142543933392847,38.423071172624795],[27.142371455472365,38.423092574568507],[27.142344894466937,38.423106108076738],[27.141572351981001,38.423228466786],[27.140799809495064,38.423106108076738],[27.140773248489637,38.423092574568507],[27.140600770569151,38.423071172624795],[27.1397242943153,38.422721296227948],[27.13902871882194,38.422176347588312],[27.138582131864727,38.421489666388553],[27.13842824848658,38.420728466786009],[27.138443326419335,38.420653881489635],[27.137951321998063,38.420575955644736],[27.137924975829925,38.420562531601576],[27.137752283072153,38.42054110224916],[27.136875806818303,38.420191213597171],[27.136180231324943,38.419646245869757],[27.135733644367729,38.418959540618111],[27.135579760989582,38.418198314353994],[27.135733644367729,38.417437080068652],[27.136180231324943,38.416750353817129],[27.136875806818303,38.41620536013243],[27.137752283072153,38.415855450480556],[27.137925176656189,38.415833994780336],[27.137951321998063,38.415820673063266],[27.138723864484,38.415698314354003],[27.139496406969936,38.415820673063266]],[[27.148631888369,38.419737275262001],[27.149404430854936,38.419859633971264],[27.149430919156028,38.419873130434787],[27.14960346978085,38.419894542377378],[27.1504799460347,38.420244432466333],[27.15117552152806,38.42078939568097],[27.151622108485274,38.421476083537776],[27.151775991863421,38.422237275261999],[27.151622108485274,38.42299845896472],[27.15117552152806,38.42368512582096],[27.1504799460347,38.424230063077459],[27.14960346978085,38.424579932165834],[27.149431119977947,38.424601317765337],[27.149404430854936,38.424614916552734],[27.148631888369,38.424737275261997],[27.147859345883063,38.424614916552734],[27.147832656760052,38.424601317765337],[27.147660306957153,38.424579932165834],[27.146783830703303,38.424230063077459],[27.146088255209943,38.42368512582096],[27.145641668252729,38.42299845896472],[27.145487784874582,38.422237275261999],[27.145641668252729,38.421476083537776],[27.146088255209943,38.42078939568097],[27.146783830703303,38.420244432466333],[27.147660306957153,38.419894542377378],[27.147832857581971,38.419873130434787],[27.147859345883063,38.419859633971264],[27.148631888369,38.419737275262001]],[[27.152183102654998,38.427293418645],[27.152955645140935,38.427415777354263],[27.152982775103538,38.427429600760654],[27.153154684066845,38.427450930847328],[27.154031160320695,38.427800784333044],[27.154726735814052,38.428345690536581],[27.155173322771265,38.429032306554866],[27.155327206149412,38.429793418644998],[27.155173322771265,38.430554522713138],[27.154726735814052,38.431241117729549],[27.154031160320695,38.43178599797335],[27.153154684066845,38.432135830457206],[27.152982975917311,38.432157134209618],[27.152955645140935,38.432171059935733],[27.152183102654998,38.432293418644996],[27.151410560169062,38.432171059935733],[27.151383229392689,38.432157134209618],[27.151211521243145,38.432135830457206],[27.150335044989294,38.43178599797335],[27.149639469495934,38.431241117729549],[27.149192882538721,38.430554522713138],[27.149038999160577,38.429793418644998],[27.149192882538721,38.429032306554866],[27.149639469495934,38.428345690536581],[27.150335044989294,38.427800784333044],[27.151211521243145,38.427450930847328],[27.151383430206462,38.427429600760654],[27.151410560169062,38.427415777354263],[27.152183102654998,38.427293418645]],[[27.162278983941938,38.411554546528265],[27.16230476705503,38.411567683680552],[27.162478022867848,38.411589185602097],[27.163354499121702,38.411939115915288],[27.164050074615059,38.412484141780851],[27.164496661572276,38.413170908582842],[27.164650544950419,38.413932187818993],[27.164496661572276,38.414693459034197],[27.164050074615059,38.415380204837035],[27.163354499121702,38.41592520474623],[27.162478022867848,38.416275114060269],[27.16230496788587,38.41629658962902],[27.162278983941938,38.416309829109736],[27.161506441456002,38.416432187818998],[27.160733898970065,38.416309829109736],[27.160707915026133,38.416296589629027],[27.160534860044152,38.416275114060269],[27.15967894064681,38.415933411512277],[27.159883279885275,38.416247633473539],[27.160037163263414,38.417008880292002],[27.159883279885275,38.41777011908929],[27.159436692928054,38.418456835647355],[27.158741117434701,38.419001812347645],[27.157864641180847,38.419351706760594],[27.15769184742971,38.419373148998268],[27.157665602254937,38.419386521582737],[27.156893059769001,38.419508880292],[27.156120517283064,38.419386521582737],[27.156094272108295,38.419373148998268],[27.155921478357151,38.419351706760594],[27.155045002103297,38.419001812347645],[27.15434942660994,38.418456835647355],[27.153902839652723,38.41777011908929],[27.153824453791692,38.417382355581012],[27.153775725173151,38.417376308607757],[27.152899248919301,38.417026404627101],[27.152203673425941,38.416481413024812],[27.151757086468727,38.415794677689227],[27.151603203090581,38.415033418077009],[27.151757086468727,38.414272150443757],[27.152203673425941,38.413585394108836],[27.152899248919301,38.413040376549937],[27.153775725173151,38.412690451569944],[27.153948887484507,38.412668961579932],[27.153974764099065,38.412655776786266],[27.154747306585001,38.412533418077004],[27.155519849070938,38.412655776786266],[27.155545725685496,38.412668961579932],[27.155718887996848,38.412690451569944],[27.156595364250702,38.413040376549937],[27.157290939744058,38.413585394108836],[27.157737526701275,38.414272150443757],[27.157815912975959,38.414659930686994],[27.157864641180847,38.414665977845857],[27.158720561967108,38.415007686903898],[27.158516221339728,38.414693459034197],[27.158362337961581,38.413932187818993],[27.158516221339728,38.413170908582842],[27.158962808296945,38.412484141780851],[27.159658383790301,38.411939115915288],[27.160534860044152,38.411589185602097],[27.160708115856973,38.411567683680552],[27.160733898970065,38.411554546528265],[27.161506441456002,38.411432187819003],[27.162278983941938,38.411554546528265]],[[27.174869206510937,38.413799048451267],[27.174895180197947,38.413812282705813],[27.175068245436851,38.413833760308982],[27.175944721690701,38.41418367975205],[27.176640297184058,38.414728688686935],[27.177086884141275,38.415415434154923],[27.177240767519418,38.416176689742002],[27.177086884141275,38.416937937307978],[27.176640297184058,38.417624661776436],[27.175944721690701,38.418169644754471],[27.175068245436851,38.418519543198002],[27.17489538102636,38.418540994451],[27.174869206510937,38.418554331032738],[27.174096664025001,38.418676689742],[27.173598362556064,38.418597766542732],[27.173852150186274,38.418988012795204],[27.174006033564417,38.419749230737999],[27.173852150186274,38.420510440659449],[27.173405563229061,38.421197131168086],[27.172709987735701,38.421742087195319],[27.17183351148185,38.422091968335309],[27.171660950412825,38.422113380886799],[27.171634472555937,38.422126872028734],[27.17086193007,38.422249230737997],[27.170089387584063,38.422126872028734],[27.170062909727175,38.422113380886799],[27.16989034865815,38.422091968335309],[27.169018441665759,38.421743911201851],[27.168953117368059,38.421844355633922],[27.168257541874702,38.422389306778257],[27.167381065620852,38.422739184783218],[27.167208559509728,38.422760590323357],[27.167182026694938,38.422774109467738],[27.166409484209002,38.422896468177001],[27.165636941723065,38.422774109467738],[27.165610408908275,38.422760590323357],[27.165437902797152,38.422739184783218],[27.164561426543298,38.422389306778257],[27.163934116168626,38.421897838188876],[27.163201579702999,38.422013860566999],[27.162429037217063,38.421891501857736],[27.162402579345709,38.421878020898944],[27.162229998291146,38.421856605797728],[27.161353522037295,38.421506723517687],[27.160657946543935,38.420961765714786],[27.160211359586722,38.420275072968678],[27.160057476208578,38.419513860567001],[27.160211359586722,38.418752640143992],[27.160657946543935,38.418065926397787],[27.161353522037295,38.417520942637324],[27.162229998291146,38.417171039357171],[27.162402780170563,38.417149597909685],[27.162429037217063,38.417136219276266],[27.163201579702999,38.417013860567003],[27.163974122188936,38.417136219276266],[27.164000379235436,38.417149597909685],[27.164173161114846,38.417171039357171],[27.1650496373687,38.417520942637324],[27.165677000736366,38.418012482161863],[27.166409484209002,38.417896468177005],[27.167182026694938,38.418018826886268],[27.167208358685794,38.418032243705746],[27.167381065620852,38.418053675591132],[27.1682529721969,38.418401750330474],[27.168318296910943,38.418301301286412],[27.169013872404296,38.417756319301574],[27.16989034865815,38.417406417161438],[27.170063110551791,38.417384978263946],[27.170089387584063,38.417371589447264],[27.17086193007,38.417249230738001],[27.171360204723129,38.417328149690064],[27.171106443908727,38.416937937307978],[27.170952560530583,38.416176689742002],[27.171106443908727,38.415415434154923],[27.17155303086594,38.414728688686935],[27.1722486063593,38.41418367975205],[27.173125082613151,38.413833760308982],[27.173298147852055,38.413812282705813],[27.173324121539064,38.413799048451267],[27.174096664025001,38.413676689742005],[27.174869206510937,38.413799048451267]],[[27.157536774737999,38.421620089634999],[27.158309317223935,38.421742448344261],[27.158335965406149,38.421756026271282],[27.158508356149849,38.421777417816507],[27.159384832403699,38.422127298785355],[27.160080407897059,38.422672247795042],[27.160526994854273,38.423358917752488],[27.160680878232419,38.424120089634997],[27.160526994854273,38.424881253495876],[27.16014741856015,38.425464870330359],[27.160573926626054,38.425799003848176],[27.161020513583274,38.42648564407942],[27.161174396961417,38.427246783009991],[27.161020513583274,38.428007913918734],[27.160573926626054,38.428694533148551],[27.159878351132701,38.42923943260832],[27.159001874878847,38.429589277429614],[27.158829950466775,38.429610608765884],[27.158802835952937,38.429624424300734],[27.158030293467,38.429746783009996],[27.157257750981064,38.429624424300734],[27.157230636467226,38.429610608765884],[27.15705871205515,38.429589277429614],[27.156182235801296,38.42923943260832],[27.155486660307943,38.428694533148551],[27.155040073350722,38.428007913918734],[27.154886189972579,38.427246783009991],[27.155040073350722,38.42648564407942],[27.155419649706307,38.425902034566512],[27.154993141578942,38.425567902452428],[27.154546554621728,38.424881253495876],[27.154392671243581,38.424120089634997],[27.154546554621728,38.423358917752488],[27.154993141578942,38.422672247795042],[27.155688717072302,38.422127298785355],[27.156565193326152,38.421777417816507],[27.156737584069848,38.421756026271282],[27.156764232252062,38.421742448344261],[27.157536774737999,38.421620089634999]],[[27.171913404627936,38.427045993331262],[27.171940503187322,38.427059800736913],[27.172112443553846,38.427081134829272],[27.1729889198077,38.427430990106423],[27.173684495301057,38.427975899100204],[27.174131082258274,38.428662518634411],[27.174284965636414,38.429423634622005],[27.174131082258274,38.43018474258762],[27.173684495301057,38.430871341120024],[27.1729889198077,38.431416224154141],[27.172112443553846,38.431766058429496],[27.171940704001475,38.431787366187159],[27.171913404627936,38.431801275912733],[27.171620673025696,38.431847640043721],[27.171382886038845,38.431942549443193],[27.17121116147494,38.431963855289155],[27.171183847112935,38.431977772651734],[27.170411304626999,38.432100131360997],[27.169833026917178,38.432008541169573],[27.169408789642848,38.432177869080476],[27.169237085063457,38.432199172377537],[27.169209750716938,38.432213099922734],[27.168437208231001,38.432335458631997],[27.167664665745065,38.432213099922734],[27.167637331398545,38.432199172377537],[27.167465626819155,38.432177869080476],[27.166589150565301,38.43182803680029],[27.165893575071944,38.431283156873725],[27.165865217228639,38.431239558774323],[27.165457314176699,38.431559091326776],[27.164580837922845,38.431908924909962],[27.164409110503382,38.431930231120134],[27.164381798996935,38.431944147027735],[27.163609256510998,38.432066505736998],[27.162836714025062,38.431944147027735],[27.162809402518615,38.431930231120134],[27.162637675099148,38.431908924909962],[27.161761198845294,38.431559091326776],[27.161065623351941,38.43101420937073],[27.160619036394724,38.43032761219677],[27.160465153016577,38.429566505736993],[27.160619036394724,38.428805391255231],[27.161065623351941,38.428118773079454],[27.161761198845294,38.427573865163716],[27.162637675099148,38.427224010578705],[27.162809603332661,38.427202678033993],[27.162836714025062,38.427188864446265],[27.163609256510998,38.427066505737002],[27.164381798996935,38.427188864446265],[27.164408909689335,38.427202678034],[27.164580837922845,38.427224010578705],[27.165457314176699,38.427573865163716],[27.166152889670059,38.428118773079454],[27.166181247250965,38.428162372271402],[27.166589150565301,38.42784282548007],[27.167465626819155,38.427492972198024],[27.167637532212296,38.427471642566744],[27.167664665745065,38.427457817341264],[27.168437208231001,38.427335458632001],[27.168683134999423,38.427374409605576],[27.169396808368145,38.427089538949858],[27.169568748021042,38.427068204948526],[27.169595847294062,38.427054397179262],[27.170368389779998,38.426932038469999],[27.17072809605698,38.426989010347363],[27.171140862142,38.426923634622],[27.171913404627936,38.427045993331262]],[[27.155820222155938,38.432122208571265],[27.155847751816879,38.432136235634133],[27.156019261081852,38.432157514740155],[27.156895737335702,38.432507345424057],[27.157591312829059,38.433052216112777],[27.158037899786276,38.433738787379575],[27.158191783164419,38.434499849862],[27.158037899786276,38.435260904322121],[27.157591312829059,38.435947454586241],[27.156895737335702,38.436492299314246],[27.156019261081852,38.436842108995457],[27.155847952625599,38.436863361772716],[27.155820222155938,38.436877491152735],[27.155047679670002,38.436999849861998],[27.154275137184065,38.436877491152735],[27.154247406714404,38.436863361772716],[27.154076098258152,38.436842108995457],[27.153199622004298,38.436492299314246],[27.152504046510941,38.435947454586241],[27.152057459553724,38.435260904322121],[27.151903576175584,38.434499849862],[27.152057459553724,38.433738787379575],[27.152504046510941,38.433052216112777],[27.153199622004298,38.432507345424057],[27.154076098258152,38.432157514740155],[27.154247607523125,38.432136235634133],[27.154275137184065,38.432122208571265],[27.155047679670002,38.431999849862002],[27.155820222155938,38.432122208571265]],[[27.161205996939,38.434344551575002],[27.161978539424936,38.434466910284264],[27.16200626822117,38.434481038811633],[27.162177578350846,38.434502292520776],[27.1630540546047,38.434852111844116],[27.163749630098057,38.435396964838318],[27.164196217055274,38.43608351380859],[27.164350100433417,38.436844551574993],[27.164196217055274,38.437605581318934],[27.163749630098057,38.438292109286131],[27.1630540546047,38.438836936319106],[27.162177578350846,38.439186734639378],[27.162006469027382,38.439207962022493],[27.161978539424936,38.439222192865735],[27.161205996939,38.439344551574997],[27.160433454453063,38.439222192865735],[27.160405524850621,38.439207962022493],[27.16023441552715,38.439186734639378],[27.159357939273296,38.438836936319106],[27.158662363779943,38.438292109286131],[27.158215776822722,38.437605581318934],[27.158061893444579,38.436844551574993],[27.158215776822722,38.43608351380859],[27.158662363779943,38.435396964838318],[27.159357939273296,38.434852111844116],[27.16023441552715,38.434502292520776],[27.16040572565683,38.434481038811626],[27.160433454453063,38.434466910284264],[27.161205996939,38.434344551575002]]],[[[27.1453929,38.4058797],[27.14521,38.4054399],[27.1451472,38.4050728],[27.1443629,38.4048792],[27.1442985,38.4047026],[27.1442691,38.4044951],[27.144160041130249,38.404064233101074],[27.144180044322415,38.404163204631992],[27.144026160944275,38.404924578764565],[27.143835813583514,38.405217327850757],[27.143879132538938,38.405224188899268],[27.143904378190566,38.405237052201258],[27.144078171464852,38.405258622713959],[27.144954647718702,38.405608583682188],[27.14543121914096,38.405982039200708],[27.1453929,38.4058797]]],[[[27.1377825,38.4343397],[27.138238,38.4348037],[27.1382827,38.4350215],[27.1386671,38.435355],[27.138637,38.4356056],[27.1389381,38.4358909],[27.1390518,38.4360207],[27.1394091,38.4364292],[27.1397291,38.4364716],[27.1399958,38.4368382],[27.1402258,38.4369537],[27.140621250534387,38.43766675945438],[27.140916954256937,38.437212178373279],[27.141612529750297,38.43666733907812],[27.142489006004148,38.43631752855007],[27.142660161966813,38.436296294501645],[27.142688044930065,38.436282087422263],[27.143460587416001,38.436159728713001],[27.144233129901938,38.436282087422263],[27.144261012865194,38.436296294501652],[27.144432168827848,38.43631752855007],[27.145308645081702,38.43666733907812],[27.146004220575055,38.437212178373279],[27.146199162349603,38.437511859560452],[27.146343921652299,38.43739847178523],[27.146673874707339,38.437266785521054],[27.1463546576033,38.437139384200094],[27.14565908210994,38.436594544355565],[27.145212495152727,38.435908000244943],[27.145058611774584,38.435146952605997],[27.145212495152727,38.434385896944697],[27.145463164976078,38.434000527079064],[27.144726595666,38.434117188197],[27.143954053180064,38.433994829487737],[27.143926567523124,38.433980824846032],[27.14375501425415,38.433959540847177],[27.142878538000296,38.433609717199204],[27.142182962506936,38.433064850717543],[27.141736375549723,38.432378273042353],[27.141709539301054,38.432245544852904],[27.141035897434001,38.432352239242995],[27.140481476463322,38.432264427587846],[27.139922809653697,38.432702054629701],[27.139046333399847,38.433051882675329],[27.138874703046586,38.433073176505438],[27.138847294473937,38.433087141870736],[27.138074751988,38.433209500579999],[27.137302209502064,38.433087141870736],[27.137274800929415,38.433073176505438],[27.13710317057615,38.433051882675329],[27.136283569602501,38.432724755265376],[27.1377825,38.4343397]]],[[[27.107210849223936,38.402211821035735],[27.106438306737999,38.402334179744997],[27.105665764252063,38.402211821035735],[27.105642491066583,38.402199962755446],[27.105132703680848,38.402403520578609],[27.104958471004583,38.402425146446234],[27.104933664754938,38.402437785861736],[27.104161122269002,38.402560144570998],[27.103388579783065,38.402437785861736],[27.103363773533424,38.402425146446234],[27.103189540857148,38.402403520578609],[27.102313064603294,38.402053544091778],[27.101720001430078,38.401588775814162],[27.1010802,38.4016113],[27.1007128,38.4016255],[27.1003371,38.401594],[27.0999427,38.4015061],[27.0995818,38.4013913],[27.0994222,38.401308],[27.0991091,38.4011395],[27.0987287,38.4007915],[27.0983625,38.4003308],[27.097991725529695,38.400037529520027],[27.097772762755845,38.400124963991381],[27.097605437233501,38.400145733193455],[27.097580607697694,38.40015564790292],[27.097573723829935,38.400159155408737],[27.097570574735013,38.400159654176377],[27.097236323345847,38.400293124469123],[27.097061911516288,38.400314773205395],[27.097037284419937,38.400327321337734],[27.096879521330806,38.400352308556307],[27.096973406929418,38.400816855991003],[27.096819523551272,38.40157826537267],[27.096372936594054,38.40226513581802],[27.095677361100702,38.402810234644562],[27.094927960793189,38.403109466643279],[27.0949897,38.4031546],[27.0955031,38.4035299],[27.0959707,38.404044],[27.0960042,38.4040832],[27.0962072,38.4043165],[27.0964424,38.4045698],[27.0972006,38.4052498],[27.0973936,38.4054332],[27.0986603,38.4063214],[27.0989527,38.4064957],[27.098964785134914,38.406500451013642],[27.098516863086939,38.40614944862233],[27.098070276129725,38.405462615088808],[27.097916392751582,38.404701246623993],[27.098070276129725,38.403939870138828],[27.098516863086939,38.403253015607746],[27.099212438580299,38.402707920120328],[27.100088914834149,38.402357945107333],[27.100262954359543,38.402336343164052],[27.100287953760063,38.402323605333265],[27.101060496245999,38.402201246624003],[27.101833038731936,38.402323605333265],[27.101858038132455,38.402336343164052],[27.102032077657849,38.402357945107333],[27.1029085539117,38.402707920120328],[27.103604129405056,38.403253015607746],[27.104050716362273,38.403939870138828],[27.104204599740417,38.404701246623993],[27.104050716362273,38.405462615088808],[27.103604129405056,38.40614944862233],[27.1029085539117,38.406694518155327],[27.102032077657849,38.407044472170767],[27.10185823897319,38.407066047750483],[27.101833038731936,38.407078887914736],[27.101060496245999,38.407201246623998],[27.100663460787445,38.407138362385105],[27.1009723,38.4072499],[27.1011388,38.4073062],[27.10118,38.4073749],[27.1019685,38.4077482],[27.1023609,38.4078752],[27.1035518,38.408212],[27.1040904,38.4083398],[27.1043744,38.4084047],[27.104538557209384,38.408424500883733],[27.104400253148729,38.408211802658386],[27.104246369770582,38.407450463155001],[27.104400253148729,38.406689115631075],[27.104846840105942,38.406002287226158],[27.105542415599302,38.405457212472477],[27.106418891853153,38.405107250771295],[27.106592697978289,38.40508567861842],[27.106617930779063,38.405072821864266],[27.107390473264999,38.404950463155004],[27.108163015750936,38.405072821864266],[27.108188248551709,38.40508567861842],[27.108362054676849,38.405107250771295],[27.108955195585324,38.405344081604369],[27.109035090149717,38.404948788790833],[27.10913559608268,38.404794211970511],[27.109099889154677,38.404617544364555],[27.108911261623298,38.404542228088118],[27.108215686129942,38.403997142323192],[27.107769099172728,38.403310288336357],[27.107615215794581,38.402548897198997],[27.107714877652715,38.402055780556132],[27.107409888149849,38.402177563077828],[27.107235636291595,38.402199191393947],[27.107210849223936,38.402211821035735]]],[[[27.093507451577,38.396480843604998],[27.092734909091064,38.396358484895735],[27.092710618888148,38.396346108419174],[27.09253587016515,38.396324416675476],[27.091769586969747,38.396018414485155],[27.091257113577697,38.39642005793231],[27.090380637323847,38.39677006169314],[27.090205926429668,38.396791748607427],[27.090181598397937,38.396804144358732],[27.089409055912,38.396926503067995],[27.088636513426064,38.396804144358732],[27.088612185394332,38.396791748607427],[27.088437474500147,38.39677006169314],[27.087560998246293,38.39642005793231],[27.08686542275294,38.395874910919332],[27.086418835795719,38.395187979755832],[27.086264952417579,38.39442650306799],[27.086332413186557,38.394092676604366],[27.086290092378722,38.394027578535841],[27.086278669978025,38.393971055007775],[27.085670706164848,38.394213842126611],[27.085495778287719,38.394235556742771],[27.085471667238938,38.394247841935737],[27.085143273305309,38.394299854425121],[27.084562356144701,38.394755150148505],[27.083685879890851,38.395105161969184],[27.083511027671975,38.395126866925963],[27.083486840964937,38.395139190668736],[27.082714298479001,38.395261549377999],[27.081941755993064,38.395139190668736],[27.081917569286027,38.395126866925963],[27.081742717067154,38.395105161969184],[27.080866240813304,38.394755150148505],[27.080449851693594,38.394428803814947],[27.0798685135927,38.394884428636992],[27.079319062758472,38.395103845811335],[27.079181414999272,38.39578497651933],[27.078734828042055,38.396471902010752],[27.078039252548699,38.397017044522315],[27.077162776294845,38.397367045393054],[27.076988116076233,38.397388725837942],[27.076963737368935,38.397401147409738],[27.076877371604251,38.397414826403043],[27.076878403106416,38.397419930531996],[27.076724519728273,38.398181375692843],[27.07627793277106,38.398868278415257],[27.0755823572777,38.399413402857149],[27.074705881023849,38.399763392126403],[27.074531424225665,38.399785046603057],[27.074506842097936,38.399797571822738],[27.073734299611999,38.399919930532],[27.072961757126063,38.399797571822738],[27.072937174998334,38.399785046603057],[27.072762718200149,38.399763392126403],[27.071886241946295,38.399413402857149],[27.071190666452942,38.398868278415257],[27.070744079495725,38.398181375692843],[27.070669982723075,38.3978147303173],[27.070411086502702,38.398017631920126],[27.069534610248851,38.398367627946797],[27.069360034966639,38.398389297548675],[27.069335571322938,38.398401762397732],[27.069302444645768,38.398407009147952],[27.0692587,38.3992308],[27.069143,38.4001246],[27.0690679,38.4007215],[27.0688593,38.4011821],[27.0688039,38.4012772],[27.0688229,38.4014159],[27.0689057,38.4015087],[27.0689082,38.4017428],[27.0689177,38.4021677],[27.070152,38.4031288],[27.0708896,38.4033977],[27.0714712,38.4034877],[27.0722748,38.4033745],[27.0744829,38.402022],[27.0748373,38.4018012],[27.0752293,38.401587],[27.0758283,38.4013203],[27.0761137,38.4012238],[27.0761755,38.4012029],[27.076441,38.4011131],[27.0770708,38.4009676],[27.0775876,38.4008799],[27.0781189,38.4008343],[27.0783987,38.4008225],[27.0786703,38.4008361],[27.0787388,38.4008377],[27.0790418,38.4008117],[27.079931,38.400637],[27.0816219,38.4002396],[27.081747383468937,38.400190076398836],[27.081402670922294,38.400052429057801],[27.080707095428941,38.399507309434618],[27.080260508471724,38.398820412784119],[27.080106625093581,38.398058974354001],[27.080260508471724,38.397297527903959],[27.080707095428941,38.396610610257028],[27.081402670922294,38.396065464680852],[27.082279147176148,38.395715457508999],[27.082453750575887,38.39569378358572],[27.082478186102062,38.395681333063266],[27.083250728587998,38.395558974354003],[27.084023271073935,38.395681333063266],[27.08404770660011,38.39569378358572],[27.084222309999848,38.395715457508999],[27.085098786253699,38.396065464680852],[27.085794361747059,38.396610610257028],[27.086240948704273,38.397297527903959],[27.086394832082416,38.398058974354001],[27.086290884740148,38.398573321660812],[27.0868051,38.3986554],[27.0875476,38.3988796],[27.0878088,38.3989373],[27.088913,38.3991703],[27.0891263,38.3992502],[27.0900998,38.3997707],[27.0903202,38.3999091],[27.0903663,38.3999381],[27.090806905511876,38.400214654889147],[27.090839083318723,38.400055438589241],[27.091285670275941,38.399368547146992],[27.091981245769297,38.398823422366853],[27.092857722023151,38.398473428546836],[27.093032091307354,38.398451784510549],[27.093056760949064,38.398439214700268],[27.093214521388276,38.398414227901398],[27.093120638439579,38.397949680046999],[27.093274521817722,38.397188232445821],[27.09372110877494,38.396501313760439],[27.093807956364067,38.396433248322481],[27.093507451577,38.396480843604998]]],[[[27.1252325,38.4186031],[27.1251206,38.4187284],[27.1251343,38.4187814],[27.125158,38.4188732],[27.1253195,38.4189493],[27.1256319,38.4189119],[27.1256463,38.4188796],[27.125989586021191,38.418838360359167],[27.125354735939645,38.418584922925511],[27.1252325,38.4186031]]],[[[27.1428713,38.4426398],[27.1430491,38.4427072],[27.143068,38.4426892],[27.1439682,38.4427977],[27.1443153,38.4431026],[27.1456793,38.4424432],[27.1458068,38.442615],[27.14589,38.442583],[27.1461799,38.442628],[27.1457705,38.4443256],[27.1470069,38.4455132],[27.1487875,38.4472236],[27.149457,38.446797],[27.1467512,38.4442033],[27.147153,38.4425209],[27.147303441574287,38.442396457066707],[27.147265387526989,38.442401177745225],[27.147237186706935,38.442415546780737],[27.146464644220998,38.442537905489999],[27.145692101735062,38.442415546780737],[27.145663900915007,38.442401177745225],[27.145493062809148,38.442379984946214],[27.144616586555294,38.442030202099858],[27.143921011061941,38.441485399167995],[27.143685934462791,38.441124037247114],[27.143460587416001,38.441159728712996],[27.142688044930065,38.441037370003734],[27.142659961162579,38.441023060609481],[27.142489006004148,38.441001852884966],[27.141816595479536,38.440733503164417],[27.1422344,38.4417899],[27.1428713,38.4426398]]],[[[27.1896253,38.4080865],[27.1891022,38.4075632],[27.188712713789098,38.407346545053791],[27.188990481230274,38.407773731075167],[27.18903382609043,38.407988179231232],[27.1896253,38.4080865]]]]}}
]
}
